date,open,close,high,low,volume,amount
2020-01-02,44.7098307600,45.5406135000,45.6473195400,44.5192842600,34622557,2050141335.8400
2020-01-03,45.6549414000,44.4049563600,45.7006725600,44.3439814800,27004255,1587220595.7700
2020-01-06,44.0543508000,43.5970392000,44.3592252000,42.6824160000,28842533,1656276948.2400
2020-01-07,43.7494764000,44.2448973000,44.3668470600,43.5970392000,22526507,1304633782.9000
2020-01-08,43.8333168600,44.4202000800,44.9537302800,43.7266108200,25321048,1471083460.8000
2020-01-09,44.8165368000,45.3119577000,45.5253697800,44.5878810000,29635395,1757281375.3800
2020-01-10,45.7082944200,45.7235381400,46.1046311400,45.3119577000,28070612,1683152339.9100
2020-01-13,46.1122530000,45.8150004600,46.2342027600,45.3500670000,27951167,1678723651.4900
2020-01-14,46.1122530000,45.6396976800,46.3409088000,45.5177479200,16250035,976486535.5000
2020-01-15,45.6549414000,45.3500670000,45.7311600000,44.8775116800,21489973,1272651578.1400
2020-01-16,45.7311600000,45.4720167600,45.7768911600,45.1442767800,19981398,1192330868.2200
2020-01-17,45.7235381400,45.9674376600,46.4933460000,45.3424451400,21713278,1312054699.0800
2020-01-20,46.3409088000,45.8835972000,46.4628585600,45.6015883800,20191079,1217493005.3700
2020-01-21,45.5025042000,44.2830066000,45.5482353600,44.2296535800,27643206,1617441935.6500
2020-01-22,43.8409387200,43.8104512800,44.1763005600,42.6824160000,41160619,2335993233.5100
2020-01-23,42.7586346000,41.9964486000,43.2464336400,41.9202300000,59653651,3313820978.9400
2020-02-03,37.7968037400,38.2541153400,40.0833617400,37.7968037400,70506720,3565939364.3800
2020-02-04,38.3379558000,40.2357989400,40.2586645200,38.3379558000,40413099,2097010018.9300
2020-02-05,40.3348831200,40.2967738200,40.7540854200,39.9766557000,34895006,1848774201.6800
2020-02-06,40.2967738200,40.9979849400,41.1275565600,39.9080589600,39366799,2086495959.9400
2020-02-07,40.7769510000,40.2662863800,40.7998165800,39.7861092000,34409001,1811882957.4300
2020-02-10,39.8623278000,39.8623278000,40.2281770800,39.4202599200,34604769,1804543411.4900
2020-02-11,40.5406733400,41.6763304800,41.9126081400,40.2434208000,49388233,2684341234.5500
2020-02-12,41.5924900200,41.8363895400,42.1946169600,41.1732877200,23433771,1284759463.6500
2020-02-13,41.5848681600,41.0056068000,41.6001118800,40.7769510000,31930659,1723256903.7200
2020-02-14,40.7769510000,40.9598756400,41.1275565600,40.5330514800,21004387,1125281556.4700
2020-02-17,40.6550012400,41.4629184000,41.4781621200,40.5787826400,32505251,1751927715.3400
2020-02-18,41.4629184000,40.7998165800,41.4629184000,40.6397575200,33203504,1783036933.7100
2020-02-19,40.6702449600,40.8074384400,41.0589598200,40.5254296200,23732854,1270519685.5800
2020-02-20,40.9293882000,41.8135239600,41.9049862800,40.6397575200,37041152,2013322150.7300
2020-02-21,41.5391370000,41.3714560800,41.7830365200,41.1732877200,29779869,1616397369.1800
2020-02-24,42.1946169600,41.8516332600,42.2022388200,41.5010277000,40782414,2243496137.5700
2020-02-25,41.1580440000,41.4857839800,41.5086495600,41.0056068000,31546203,1706738502.1400
2020-02-26,40.9293882000,41.3866998000,42.1641295200,40.5559170600,38724015,2107804633.1900
2020-02-27,41.3866998000,41.8516332600,42.0726672000,41.3181030600,28493463,1563743469.2300
2020-02-28,41.0665816800,40.4339673000,41.2952374800,40.2357989400,33405713,1788324822.8200
2020-03-02,40.4339673000,41.4171872400,41.7296835000,40.4339673000,31893449,1725854576.2700
2020-03-03,41.5467588600,41.5391370000,41.9202300000,41.1351784200,26499919,1441435067.4000
2020-03-04,41.1580440000,41.3485905000,41.4934058400,40.8607914600,23908427,1290728835.9400
2020-03-05,41.5772463000,43.0939964400,43.2921648000,41.4248091000,57571838,3214972954.9900
2020-03-06,42.5452225200,42.5299788000,42.9110718000,42.3318104400,28024324,1565437998.7500
2020-03-09,41.4629184000,41.0742035400,41.5162714200,41.0132286600,35634254,1925269108.3900
2020-03-10,41.0742035400,42.1641295200,42.4385164800,41.0742035400,37563181,2061033028.3000
2020-03-11,42.0116923200,41.5162714200,42.1641295200,41.5086495600,19260673,1053884394.6800
2020-03-12,41.0437161000,40.5254296200,41.0589598200,40.3043956800,34405501,1833239648.8500
2020-03-13,38.7724018200,39.5574534000,40.3653705600,38.1626530200,45208351,2323212180.3200
2020-03-16,39.7861092000,38.1855186000,39.8394622200,38.1093000000,39667900,2019157775.4600
2020-03-17,37.8196693200,37.3471140000,39.1001418000,37.0193740200,47708177,2365286578.8700
2020-03-18,37.8806442000,37.8806442000,39.5498315400,37.7891818800,58605924,2974941630.2900
2020-03-19,38.3760651000,37.0422396000,38.5666116000,36.2038350000,55486856,2708244368.9100
2020-03-20,37.5376605000,37.3852233000,37.9035097800,36.9660210000,36706699,1803574241.2800
2020-03-23,36.2038350000,35.4416490000,36.5696842800,35.2892118000,47703623,2237270202.0200
2020-03-24,36.0895071000,36.5773061400,36.7754745000,35.7541452600,41957601,2000208162.7500
2020-03-25,37.7282070000,37.7205851400,38.2312497600,37.2404079600,39011329,1934918463.9700
2020-03-26,37.6519884000,37.3471140000,37.9339972200,37.2251642400,23248406,1145809963.0900
2020-03-27,38.1093000000,37.6900977000,38.4522837000,37.6367446800,26015438,1296483242.8200
2020-03-30,37.1946768000,36.6535247400,37.1946768000,36.2038350000,37052228,1778812488.0000
2020-03-31,37.1641893600,36.9050461200,37.6138791000,36.8440712400,22525299,1098690179.9600
2020-04-01,37.3090047000,37.0269958800,37.5910135200,36.6230373000,23439135,1141225440.4200
2020-04-02,36.7144996200,37.3166265600,37.3471140000,36.4324908000,23514383,1135456594.0600
2020-04-03,37.1946768000,36.8745586800,37.3928451600,36.7449870600,19638219,953656658.3800
2020-04-07,37.5071730600,37.3242484200,37.6519884000,37.1184582000,40048598,1962977182.1600
2020-04-08,37.0422396000,36.7678526400,37.1413237800,36.6306591600,24426776,1182191602.5700
2020-04-09,36.9812647200,36.8135838000,37.0041303000,36.6687684600,17139926,828409215.1800
2020-04-10,36.8135838000,37.5605260800,38.5361241600,36.6154154400,41246137,2043406853.0300
2020-04-13,37.7968037400,38.0254595400,38.5513678800,37.5757698000,31076533,1555138946.5100
2020-04-14,38.6199646200,38.4751492800,38.6428302000,37.8044256000,30794169,1550039697.1900
2020-04-15,38.1093000000,38.2617372000,39.0848980800,37.4995512000,39591536,1989237126.5200
2020-04-16,38.2617372000,37.7205851400,38.2617372000,37.5529042200,27929419,1385041878.0400
2020-04-17,38.1093000000,38.1778967400,38.3455776600,37.8044256000,35249869,1761719075.0800
2020-04-20,38.3303339400,38.6656957800,38.8562422800,38.1169218600,20885741,1058635859.4200
2020-04-21,38.8638641400,38.2998465000,38.8714860000,38.1093000000,20971264,1056179837.5400
2020-04-22,38.2617372000,39.1763604000,39.2297134200,38.1016781400,20763713,1056618276.2400
2020-04-23,39.3973943400,39.6260501400,39.9309245400,39.1077636600,27116594,1408264470.6600
2020-04-24,39.6641594400,39.6412938600,39.8623278000,39.4126380600,13341557,693211313.5200
2020-04-27,39.0772762200,39.2525790000,39.8165966400,38.7571581000,21523478,1108515152.3100
2020-04-28,39.2525790000,39.4736129400,39.5879408400,38.6809395000,25183537,1297098144.2300
2020-04-29,39.1763604000,39.8242185000,40.2205552200,38.9858139000,20623516,1072765101.8300
2020-04-30,40.6245138000,40.9674975000,41.2799937600,40.6245138000,34032348,1831860874.7200
2020-05-06,40.3958580000,41.3104812000,41.3104812000,40.1672022000,32856535,1765766097.9200
2020-05-07,41.3028593400,41.1580440000,41.5010277000,41.0360942400,21375539,1156808782.2400
2020-05-08,41.5238932800,42.9339373800,43.0482652800,41.3333467800,40962101,2296022244.6700
2020-05-11,43.1321057400,43.3760052600,44.5878810000,43.0025341200,37959771,2188821583.9200
2020-05-12,43.8256950000,44.2067880000,44.4964186800,43.4674675800,28603367,1655218903.0200
2020-05-13,43.9019136000,44.0162415000,44.2067880000,43.3760052600,21938551,1260866631.6800
2020-05-14,44.0162415000,44.2067880000,44.4354438000,43.8333168600,18002002,1044096208.3800
2020-05-15,44.2067880000,43.4064927000,44.2830066000,43.3455178200,23361701,1338687939.4600
2020-05-18,43.8256950000,43.8180731400,44.3592252000,43.1625931800,26177546,1505218949.2800
2020-05-19,44.5116624000,44.7860493600,45.1214112000,44.2067880000,27855120,1638536811.4600
2020-05-20,44.6107465800,44.9918395800,45.0451926000,44.6031247200,19061535,1123661205.0300
2020-05-21,45.3881763000,44.7555619200,45.4567730400,44.4811749600,14913472,876854201.8000
2020-05-22,44.5421498400,43.5360643200,44.6259903000,43.1473494600,26086194,1493147025.2500
2020-05-25,44.4354438000,43.3226522400,44.5040405400,42.7891220400,15944517,905625786.8300
2020-05-26,43.6732578000,44.2067880000,44.3973345000,43.2692992200,18430786,1061005402.7800
2020-05-27,44.3973345000,44.3973345000,45.2586046800,44.1229475400,25806522,1517718678.5500
2020-05-28,45.0985456200,44.3211159000,45.2509828200,44.0772163800,20603063,1207714971.4400
2020-05-29,44.1991661400,44.9842177200,45.1595205000,44.1991661400,18254941,1073961447.9100
2020-06-01,45.1976298000,46.0512781200,46.0970092800,45.1976298000,29480294,1776563605.4200
2020-06-02,46.7009531000,45.9494795000,46.7009531000,45.8320617500,20680547,1218477896.6300
2020-06-03,46.3017327500,45.6598490500,46.4739454500,45.3310793500,18092904,1059003035.9300
2020-06-04,46.0668972500,46.0668972500,46.8888215000,45.9573073500,14025768,827157600.3500
2020-06-05,46.1764871500,46.1451757500,46.3252163000,45.8712010000,12725949,749286684.1400
2020-06-08,46.4974290000,47.0923456000,48.1882446000,46.2077985500,35943983,2180630902.5400
2020-06-09,47.3976317500,47.4837381000,48.0864825500,47.1862798000,24013535,1463794178.3700
2020-06-10,47.8125078000,47.2175912000,47.9142698500,47.1080013000,19014845,1153412205.5900
2020-06-11,47.2410747500,46.7009531000,47.4445988500,46.2625935000,20137719,1204181863.5200
2020-06-12,45.9494795000,46.9514443000,46.9671000000,45.7929225000,18519009,1097620789.3800
2020-06-15,46.2547656500,45.4015300000,46.5209125500,45.4015300000,32000406,1872474026.0400
2020-06-16,45.9416516500,46.1843150000,46.4191505000,45.8633731500,18308826,1077626691.3300
2020-06-17,46.0355858500,45.3232515000,46.0903808000,45.1275552500,22128310,1285597241.1100
2020-06-18,45.2841122500,45.2841122500,45.3937021500,44.7439906000,26722486,1537168004.7700
2020-06-19,45.2841122500,46.7870594500,46.9514443000,45.2841122500,32428005,1923447883.3300
2020-06-22,46.6539860000,46.2547656500,46.9279607500,46.1216922000,21979729,1306914551.6900
2020-06-23,46.0747251000,46.1843150000,46.5443961000,45.7772668000,18114636,1068928529.7300
2020-06-24,46.3408720000,46.7322645000,47.1080013000,46.2547656500,20031990,1194505230.8900
2020-06-29,46.7322645000,46.9279607500,46.9671000000,45.9573073500,26106135,1557837552.8200
2020-06-30,46.9671000000,46.8027151500,47.7498850000,46.5757075000,26125157,1577689211.5500
2020-07-01,46.7322645000,48.8770954000,48.9162346500,46.1216922000,44260978,2719438555.4300
2020-07-02,48.3839408500,49.2763157500,49.6442247000,48.2273838500,43526154,2715825420.7100
2020-07-03,49.3937335000,48.8379561500,50.0591007500,48.3995965500,34079825,2137708206.6100
2020-07-06,49.1667258500,50.1217235500,50.8731971500,48.9318903500,59925805,3811821943.8600
2020-07-07,50.2078299000,50.3956983000,52.8771267500,50.1765185000,49039047,3224341189.4200
2020-07-08,50.3330755000,50.0825843000,51.1158605000,49.5189791000,28482031,1818108347.2600
2020-07-09,50.0982400000,50.8653693000,50.8810250000,49.3154550000,31228061,1993727704.7500
2020-07-10,50.4896325000,49.6285690000,50.5052882000,49.4720120000,27329673,1741014720.4300
2020-07-13,49.2528322000,49.5111512500,50.1765185000,49.1902094000,34467867,2186339088.9900
2020-07-14,49.9886501000,48.4074244000,49.9964779500,47.8986141500,38295985,2377225465.5600
2020-07-15,48.4465636500,49.2997993000,50.0982400000,48.4152522500,43694916,2750957937.3900
2020-07-16,49.3154550000,47.8594749000,50.4818046500,47.8203356500,36958887,2326871245.2800
2020-07-17,47.5933280000,50.0199615000,50.4270097000,47.5307052000,36087627,2269485712.5000
2020-07-20,50.0199615000,52.7440533000,52.9788888000,49.5346348000,60069359,3970335086.3900
2020-07-21,52.4465950000,52.7205697500,53.1667572000,51.7186049500,32874716,2206459249.4200
2020-07-22,52.2900380000,52.7205697500,53.2137243000,51.9064733500,30389752,2045490786.3800
2020-07-23,52.0552025000,54.9436791500,55.1628589500,51.9456126000,48715945,3361999484.5600
2020-07-24,54.1452384500,52.0552025000,54.9123677500,51.6638100000,40925587,2781427887.4600
2020-07-27,52.9240938500,52.5874963000,53.0728230000,50.7244680000,27302925,1806012286.3800
2020-07-28,52.5874963000,52.5327013500,53.6520839000,52.1491367000,23410296,1580820575.4900
2020-07-29,52.7205697500,56.0708895500,56.3605200000,52.7205697500,46054192,3268094875.2400
2020-07-30,56.0474060000,55.5542514500,56.5953555000,54.9906462500,19480756,1385613240.3600
2020-07-31,55.2489653000,56.1648237500,57.7303937500,54.8497449500,29357548,2117686421.0600
2020-08-03,56.3605200000,56.7440846500,58.5053509000,56.2117908500,34330969,2510509104.7300
2020-08-04,56.3605200000,56.3996592500,56.5796998000,55.0532690500,29227141,2081709108.4100
2020-08-05,55.5777350000,55.8908490000,56.6736340000,55.4211780000,19111758,1362330037.3200
2020-08-06,55.5777350000,55.2646210000,56.2039630000,54.8262614000,21873467,1545541041.6500
2020-08-07,55.0924083000,55.2254817500,55.6638413500,53.8947472500,25414414,1782876109.8900
2020-08-10,54.9515070000,56.3605200000,56.6736340000,54.2470005000,24105482,1710556589.5000
2020-08-11,56.4779377500,55.8125705000,57.5268696500,55.7186363000,20568061,1492137506.9000
2020-08-12,55.3115881000,54.5288031000,56.0552338500,54.1452384500,28973831,2027499314.2200
2020-08-13,54.6462208500,54.8027778500,55.6403578000,54.6227373000,13064516,917532052.1200
2020-08-14,54.7949500000,56.3918314000,56.4153149500,54.5835980500,16119697,1148282707.4700
2020-08-17,56.6736340000,56.4622820500,57.7695330000,55.8908490000,24517214,1785517673.2500
2020-08-18,56.4701099000,56.2039630000,56.9397809000,55.6247021000,19301461,1382264209.0900
2020-08-19,56.1256845000,54.8888842000,56.5953555000,54.7949500000,25327310,1791352682.1800
2020-08-20,54.6383930000,54.0434764000,54.8654006500,53.7381902500,21907644,1513934316.8600
2020-08-21,54.1295827500,54.3096233000,54.7010158000,53.8947472500,12645605,876813908.7500
2020-08-24,54.2470005000,55.0845804500,55.1002361500,54.1374106000,17427938,1215646639.6300
2020-08-25,55.0689247500,54.7792943000,55.1080640000,54.4348689000,17931823,1254921571.1200
2020-08-26,54.7792943000,54.2391726500,55.8908490000,53.7381902500,23770209,1661357463.8800
2020-08-27,54.2470005000,53.2215521500,54.6775322500,52.5170456500,34293199,2327750659.0300
2020-08-28,52.7597090000,55.0141298000,55.2019982000,52.5248735000,32318623,2228514546.2100
2020-08-31,55.6012185500,55.2176539000,57.5268696500,55.2098260500,25868305,1852443294.0400
2020-09-01,55.2333096000,56.1256845000,56.5327327000,55.2254817500,20547663,1468837506.0000
2020-09-02,56.3605200000,55.5229400500,56.7440846500,55.0924083000,18310804,1304982310.8200
2020-09-03,55.5777350000,55.5229400500,57.1276493000,55.3585552000,32530873,2340687057.6600
2020-09-04,54.4035575000,53.8477801500,54.7010158000,53.3859370000,35933576,2474691327.8600
2020-09-07,53.3076585000,52.2117595000,53.7538459500,52.0473746500,44222648,2971282423.0300
2020-09-08,52.2117595000,52.3526608000,52.4465950000,51.3820074000,26350941,1747654428.8200
2020-09-09,51.6638100000,50.7714351000,52.1178253000,50.6696730500,28454172,1861646756.0900
2020-09-10,51.2802453500,51.5855315000,51.8281948500,50.8105743500,21030173,1381763382.2900
2020-09-11,51.2724175000,51.8047113000,52.2900380000,50.5522553000,21512672,1421649986.5000
2020-09-14,51.8829898000,53.2293800000,53.4250762500,51.8203670000,21739269,1469293455.9600
2020-09-15,53.6364282000,55.1237197000,55.3976944500,53.5894611000,29001582,2033590884.1200
2020-09-16,55.0219576500,54.5288031000,56.3448643000,54.1687220000,29121345,2060063617.4500
2020-09-17,54.6383930000,55.2646210000,55.5777350000,54.2548283500,27443479,1932446433.5500
2020-09-18,55.6716692000,55.0141298000,55.8360540500,54.8262614000,21751479,1538451545.1400
2020-09-21,54.9906462500,54.8184335500,55.7029806000,54.3331068500,16561025,1164163889.7400
2020-09-22,54.4035575000,54.7088436500,55.2333096000,54.3722461000,13996729,978793363.2000
2020-09-23,54.8027778500,55.6325299500,55.8595376000,54.3879018000,17144539,1211864648.9700
2020-09-24,55.2333096000,55.1550311000,55.5385957500,54.5366309500,20075766,1410207324.6200
2020-09-25,55.3037602500,55.0297855000,56.1804794500,54.8575728000,12081513,855869344.0000
2020-09-28,55.0297855000,55.4994565000,55.9691275000,54.7636386000,17393725,1235538585.7600
2020-09-29,55.5777350000,56.7127732500,57.0650265000,55.5777350000,23391359,1692268567.9200
2020-09-30,57.0650265000,56.8301910000,57.6364595500,56.5796998000,22133662,1618394621.2800
2020-10-09,57.1902721000,57.4485911500,58.0513356000,57.1511328500,25158747,1853607137.6500
2020-10-12,56.8301910000,57.9104343000,57.9104343000,56.5953555000,26325624,1930035640.9800
2020-10-13,57.9104343000,59.4055536500,59.4525207500,57.4877304000,25577466,1920061020.4500
2020-10-14,58.7871535000,58.9045712500,59.8595689500,58.5523180000,19613367,1478023724.2200
2020-10-15,58.7323585500,59.5699385000,60.2431336000,58.5366623000,19211037,1462783204.5100
2020-10-16,59.2568245000,58.5523180000,59.7891183000,58.4740395000,14591721,1096650311.7000
2020-10-19,58.5679737000,58.7088750000,60.3918627500,58.3253103500,17779197,1345916770.5700
2020-10-20,58.3253103500,59.7264955000,60.2587893000,58.3253103500,15435375,1175374815.3800
2020-10-21,59.3977258000,60.6658375000,61.0963692500,59.3977258000,21388893,1651445121.0600
2020-10-22,60.5092805000,61.3703440000,61.4955896000,59.6482170000,15650185,1213225342.9000
2020-10-23,60.8615337500,58.7949813500,61.2529262500,58.7871535000,18123307,1388457539.6300
2020-10-26,58.6932193000,60.0082981000,60.1178880000,57.6129760000,16590543,1253614089.6400
2020-10-27,59.5699385000,59.2646523500,60.1100601500,59.0141611500,15692141,1194229494.2100
2020-10-28,59.3037916000,60.0474373500,60.6658375000,59.2020295500,18721616,1439052208.3800
2020-10-29,59.4916600000,63.5464863000,64.1022636500,59.3351030000,37779375,3012418003.1500
2020-10-30,64.2275092500,60.9554679500,64.5797625000,60.7049767500,32841662,2596624765.0800
2020-11-02,61.8478428500,65.2842690000,66.5367250000,61.8400150000,52225315,4312907451.2400
2020-11-03,65.2920968500,64.6189017500,65.3234082500,63.3273065000,35157480,2886059068.0300
2020-11-04,64.6580410000,67.0533631000,68.0083608000,64.3449270000,38958346,3330212465.5400
2020-11-05,67.3586492500,67.4056163500,69.2764725000,66.5680364000,35623998,3083809644.4500
2020-11-06,67.4212720500,70.5602399000,71.4682705000,66.6384870500,46803613,4177205857.0500
2020-11-09,70.8107311000,71.0142552000,73.9418711000,70.0044625500,47078602,4296715661.4300
2020-11-10,70.2158145000,70.1845031000,70.2314702000,67.7187303500,35238345,3113825058.1700
2020-11-11,69.0416370000,68.9633585000,70.2706094500,67.8518038000,34198027,3021631444.5200
2020-11-12,70.8420425000,70.9203210000,71.0690501500,69.0651205500,28223843,2536913939.5700
2020-11-13,70.6854855000,70.8576982000,70.8890096000,69.5034801500,21605166,1936924438.8000
2020-11-16,71.6248275000,69.9496676000,71.8596630000,68.1492621000,37272431,3320826097.2300
2020-11-17,70.2940930000,70.3880272000,71.6248275000,69.9574954500,28968907,2613751006.0000
2020-11-18,70.4819614000,69.8948726500,71.6639667500,69.0024977500,22952687,2060518096.8400
2020-11-19,70.4506500000,73.5817900000,74.6150662000,70.0670853500,41315578,3844141237.8300
2020-11-20,73.6835520500,71.6952781500,74.2001901500,71.5935161000,46160647,4276105442.5000
2020-11-23,70.8420425000,73.1669139500,73.3312988000,69.9966347000,45691390,4209477921.0300
2020-11-24,73.1277747000,70.9594602500,73.1512582500,69.6756928500,39966866,3622773270.2900
2020-11-25,70.9594602500,70.1062246000,71.5387211500,69.5504472500,29159518,2615178239.5100
2020-11-26,69.6678650000,68.1179507000,70.1062246000,67.3273378500,47509582,4132461362.0800
2020-11-27,68.4623761000,68.7285230000,69.5582751000,67.7422139000,23037330,2020721656.6900
2020-11-30,68.3449583500,67.9848772500,69.2764725000,67.5230341000,29926909,2612282346.9400
2020-12-01,67.5152062500,68.8224572000,68.8850800000,67.5152062500,23692498,2071081957.8000
2020-12-02,69.6678650000,70.3801993500,70.9124931500,69.3077839000,36607195,3286902392.1900
2020-12-03,70.2862651500,70.1375360000,70.5132728000,69.0494648500,25552024,2276665595.4200
2020-12-04,69.5269637000,69.1668826000,69.7148321000,68.2353684500,32722623,2876036668.1000
2020-12-07,69.5739308000,68.9320471000,69.6678650000,68.5093432000,20228496,1786091233.7600
2020-12-08,68.5093432000,67.8674595000,68.9868420500,66.8889782500,36690024,3164772039.4100
2020-12-09,67.3273378500,65.4095146000,67.8048367000,65.3625475000,46112571,3893407709.4000
2020-12-10,65.3625475000,66.6150035000,66.8889782500,65.3625475000,25300125,2144184257.3500
2020-12-11,67.2412315000,65.7539400000,67.2412315000,65.2920968500,22506139,1901113978.9600
2020-12-14,67.2255758000,66.0983654000,67.3195100000,65.2294740500,26247011,2213586002.9700
2020-12-15,66.4741022000,67.1081580500,67.6326240000,65.2842690000,32812014,2794791700.6900
2020-12-16,67.4056163500,68.9633585000,69.7226599500,67.2647150500,41302146,3638872835.8300
2020-12-17,69.4330295000,70.1923309500,71.0612223000,69.2373332500,31646076,2841397961.1600
2020-12-18,69.7539713500,69.9027005000,70.4428221500,69.1355712000,27477717,2446471117.5700
2020-12-21,70.2314702000,69.5191358500,70.2314702000,68.1336064000,28368934,2499704930.9800
2020-12-22,69.1433990500,70.2549537500,71.0612223000,68.4310647000,31071453,2775989183.6000
2020-12-23,70.4349943000,72.0162200000,73.1903975000,70.0827410500,39054660,3606420446.2200
2020-12-24,72.0162200000,72.7128986500,72.7128986500,70.8811817500,19778311,1823517285.8900
2020-12-25,72.5406859500,73.2530203000,73.7540027000,71.6248275000,21707194,2025214058.4300
2020-12-28,73.1747418000,74.9908030000,76.2041197500,73.1199468500,39478573,3781019562.4100
2020-12-29,74.9594916000,74.5133041500,74.9829751500,73.3939216000,21655220,2053512082.8700
2020-12-30,74.7559675000,75.1317043000,75.6170310000,73.7461748500,23164406,2212516055.1500
2020-12-31,75.1473600000,77.0573554000,77.4800593000,75.1317043000,26867176,2633031804.5800
2021-01-04,77.4174365000,77.5035428500,79.8049307500,76.7364135500,33882680,3379358338.8800
2021-01-05,76.7677249500,79.4839889000,79.7971029000,75.9301450000,35114801,3515823440.4300
2021-01-06,80.6268550000,79.0299736000,82.0358680000,78.0045252500,36020338,3662399226.2500
2021-01-07,79.8440700000,82.0515237000,82.7168909500,79.2178420000,45140052,4687111402.9500
2021-01-08,81.4096400000,80.6346828500,81.9575895000,79.2569812500,33069048,3409516335.0700
2021-01-11,80.7834120000,79.0612850000,81.6679590500,78.2785000000,34189187,3506431349.8000
2021-01-12,78.5211633500,81.4879185000,81.6288198000,78.5211633500,35529586,3670971677.7900
2021-01-13,82.1924250000,80.8930019000,82.7482023500,79.8753814000,34348739,3560584734.6100
2021-01-14,81.0965260000,77.9653860000,81.7149261500,77.8010011500,37381528,3780641251.0000
2021-01-15,77.5191985500,78.0358366500,78.4115734500,75.7579323000,35743823,3524028265.1800
2021-01-18,77.8010011500,77.5896492000,78.4976798000,76.3293653500,28677180,2849767542.5200
2021-01-19,78.0358366500,74.2471572500,78.3646063500,73.9575268000,42307807,4087923629.7800
2021-01-20,75.1473600000,75.3665398000,76.8068642000,74.7559675000,32202327,3113133925.4800
2021-01-21,76.1180134000,78.3567785000,79.0612850000,75.9223171500,40930171,4074982807.9600
2021-01-22,78.2785000000,78.7246874500,79.4761610500,76.7833806500,30775582,3069095083.2300
2021-01-25,79.0612850000,79.8284143000,80.5250929500,77.2608795000,37735992,3802697804.6700
2021-01-26,79.0612850000,76.6659629000,79.0612850000,76.0084235000,40767026,4006657956.9100
2021-01-27,76.0005956500,76.6737907500,78.1532544000,75.4448183000,28326851,2781047165.7400
2021-01-28,75.5622360500,74.4898206000,75.9223171500,73.9731825000,31057214,2959282874.7600
2021-01-29,74.6385497500,75.4056790500,76.5485451500,73.3312988000,37246508,3576339185.6200
2021-02-01,75.4056790500,76.8694870000,77.1121503500,74.0984281000,28606271,2784442679.9300
2021-02-02,76.2432590000,77.1669453000,78.4350570000,76.2432590000,31544355,3125263982.6300
2021-02-03,77.8871075000,76.4311274000,78.5916140000,75.3039170000,32395536,3178416761.8400
2021-02-04,75.3743676500,75.4604740000,76.3919881500,74.5446155500,36486402,3514921395.0800
2021-02-05,75.9144893000,76.1258412500,77.0025604500,74.3645750000,37262393,3600456019.7500
2021-02-08,76.1336691000,75.6639981000,76.3215375000,73.8949040000,37743563,3614401923.5000
2021-02-09,76.3919881500,79.7657915000,79.7657915000,75.8440386500,53712247,5347054458.8100
2021-02-10,80.5642322000,83.8441013500,84.5407800000,79.4526775000,53679907,5641813861.7300
2021-02-18,83.8519292000,76.9477655000,84.0397976000,75.9301450000,94042908,9433652348.1500
2021-02-19,74.3724028500,76.7051021500,76.9712490500,74.3724028500,69387709,6722204870.3500
2021-02-22,76.1493248000,70.7950754000,76.1493248000,70.7481083000,90398609,8324148676.5900
2021-02-23,69.7070042500,71.1864679000,72.0162200000,69.5347915500,60475531,5494666678.4100
2021-02-24,75.2256385000,74.3802307000,77.1826010000,72.8929392000,100354633,9587929017.3000
2021-02-25,74.2862965000,73.5348229000,74.9829751500,72.0944985000,41637020,3934052806.9400
2021-02-26,72.0162200000,72.8616278000,73.9653546500,71.2490907000,60112303,5569084604.8500
2021-03-01,73.1121190000,73.0573240500,74.5994105000,71.8831465500,37084402,3475175712.4700
2021-03-02,74.2628129500,73.2060532000,75.0221144000,72.5641695000,47339822,4469317460.6700
2021-03-03,72.5876530500,73.1825696500,73.3626102000,71.6248275000,33059187,3072269141.0500
2021-03-04,72.1884327000,70.3723715000,72.4702353000,70.0122904000,44634820,4041856217.0200
2021-03-05,68.5484824500,70.0592575000,70.6620019500,67.3429935500,40948709,3626107488.0500
2021-03-08,69.2764725000,66.9281175000,70.2236423500,66.8811504000,48829340,4260904988.1600
2021-03-09,66.2627502500,64.1805421500,66.4584465000,63.9535345000,56896333,4741767513.5500
2021-03-10,65.7539400000,65.4877931000,66.2705781000,64.2275092500,47316765,3942944036.0900
2021-03-11,66.2079553000,67.2803707500,67.7109025000,65.3625475000,40811644,3495579073.9000
2021-03-12,67.2960264500,67.2881986000,68.9085635500,66.7011098500,32364532,2806048361.2800
2021-03-15,66.3879958500,64.4232055000,66.4114794000,63.4055850000,49051385,4035896117.2700
2021-03-16,64.5093118500,64.6423853000,64.9946385500,63.8361167500,34926115,2877253721.9000
2021-03-17,64.1961978500,65.8087349500,65.9731198000,63.6873876000,37095228,3081574544.1900
2021-03-18,66.5210693000,67.8752873500,68.1022950000,66.3801680000,34703588,2986372291.6100
2021-03-19,66.5367250000,66.7793883500,67.7891810000,66.0592261500,30529185,2610073941.4200
2021-03-22,66.5288971500,65.2686133000,66.9516010500,64.4232055000,31409285,2620969353.4500
2021-03-23,65.2686133000,63.7734939500,65.3155804000,63.4603799500,36969597,3027477688.6700
2021-03-24,63.7969775000,63.9378788000,64.5641068000,63.6091091000,23536758,1923709265.3300
2021-03-25,63.4603799500,63.1550938000,63.7969775000,62.0748505000,24752483,1990607891.3500
2021-03-26,63.4838635000,64.1961978500,64.5797625000,62.5914886000,31083020,2533340710.0900
2021-03-29,64.1570586000,63.7734939500,64.5562789500,63.4055850000,29453524,2406536460.1700
2021-03-30,64.0787801000,64.5562789500,65.3547196500,63.4916913500,35197152,2898062093.1700
2021-03-31,64.8145980000,64.3684105500,64.9554993000,63.6012812500,27352508,2245618464.9500
2021-04-01,64.1883700000,66.8733225500,67.2255758000,64.0318130000,35204512,2987621061.1600
2021-04-02,66.9281175000,68.1884013500,69.2764725000,66.4584465000,29152538,2546245045.0000
2021-04-06,68.2275406000,66.0513983000,68.6502445000,65.7539400000,25766840,2190978643.5500
2021-04-07,66.0513983000,64.7519752000,66.1375046500,64.0944358000,29977466,2467818330.5200
2021-04-08,64.5875903500,64.7206638000,64.9085322000,64.1492307500,18211406,1502128962.6100
2021-04-09,64.9554993000,62.9750532500,64.9554993000,62.8106684000,32238556,2610503420.4600
2021-04-12,62.8576355000,62.0748505000,63.6091091000,61.8400150000,25277487,2012933376.3700
2021-04-13,61.8008757500,61.5973516500,62.4818987000,61.1511642000,21362828,1686748572.0200
2021-04-14,61.8165314500,62.7245620500,63.1159545500,61.7539086500,21069229,1685738018.4500
2021-04-15,62.7245620500,62.8419798000,63.4055850000,61.8087036000,17445281,1393503616.2300
2021-04-16,62.8576355000,62.5445215000,63.0924710000,61.7617365000,15347818,1222574469.1700
2021-04-19,62.6228000000,63.9300509500,64.2744763500,61.8400150000,26759356,2175802611.4500
2021-04-20,63.4682078000,63.3899293000,63.7969775000,62.6462835500,23153386,1866628041.9000
2021-04-21,62.6228000000,62.3096860000,63.0141925000,62.2314075000,25190606,2010416382.9000
2021-04-22,62.3253417000,62.8184962500,62.8498076500,61.8478428500,23096878,1841507581.1300
2021-04-23,62.9515697000,65.6443501000,65.7539400000,62.8263241000,45141558,3741273480.1900
2021-04-26,65.9418084000,62.6462835500,66.5367250000,62.5523493500,41802919,3424838078.7700
2021-04-27,62.5993164500,63.1864052000,63.8987395500,61.9965720000,19000053,1531692781.3900
2021-04-28,63.4055850000,63.8361167500,63.9535345000,62.6854228000,17902575,1452688936.6600
2021-04-29,64.2353371000,65.3077525500,65.9496362500,64.0866079500,29815963,2474034002.3200
2021-04-30,66.3018895000,62.7558734500,66.3018895000,62.4662430000,58237700,4702118111.4200
2021-05-06,61.2998933500,60.7128046000,62.4427594500,60.6580096500,49115946,3841342540.1400
2021-05-07,60.5875590000,58.7714978000,60.7049767500,58.7088750000,43729514,3308412782.7600
2021-05-10,59.3585865500,61.0572300000,61.9965720000,59.3585865500,54943986,4265793301.1900
2021-05-11,60.3996906000,61.3233769000,61.8400150000,59.9535031500,27333464,2127125363.0500
2021-05-12,61.7617365000,60.4857969500,61.7617365000,59.8439132500,27341035,2106351405.0400
2021-05-13,59.5855942000,58.8262927500,59.8830525000,58.7088750000,32950762,2482149422.1300
2021-05-14,58.9437105000,59.8360854000,59.9378474500,57.6286317000,30481113,2297770135.7600
2021-05-17,60.2744450000,61.3703440000,62.1139897500,60.1805108000,41809230,3276114961.4600
2021-05-18,62.4662430000,60.9319844000,62.6228000000,60.4310020000,26855515,2106345388.9600
2021-05-19,60.3135842500,60.5327640500,60.8693616000,59.8830525000,22505269,1736145799.3300
2021-05-20,61.8400150000,63.1707495000,63.2959951000,60.7206324500,73533093,5884598445.6700
2021-05-21,63.4838635000,63.8361167500,65.0494335000,63.3038229500,50222428,4119754982.1800
2021-05-24,64.6815245500,64.3449270000,64.9711550000,63.3664457500,36014944,2956298659.6600
2021-05-25,64.9476714500,65.1903348000,65.9104970000,64.4545169000,41746744,3478155176.2200
2021-05-26,65.6756615000,66.0122590500,66.5288971500,64.5406232500,36038191,3021930596.6700
2021-05-27,66.5288971500,65.6756615000,66.5602085500,65.3077525500,29615660,2486863194.8800
2021-05-28,65.1903348000,64.6032460500,65.1981626500,64.1883700000,38741514,3196831619.4000
2021-05-31,64.7363195000,63.4055850000,64.7363195000,62.4192759000,52395101,4208270644.4100
2021-06-01,63.3351343500,62.7558734500,63.3351343500,62.0905062000,47337082,3776569523.8100
2021-06-02,63.3946274000,63.4744695000,63.4744695000,62.6760485000,34284654,2706286214.9900
2021-06-03,63.4744695000,62.2209485300,63.7459326400,61.8616590800,41669046,3262957927.4900
2021-06-04,61.8057696100,62.0612643300,62.6760485000,61.1031591300,28306603,2194930977.7400
2021-06-07,62.0772327500,61.3027643800,62.0932011700,60.7997591500,27727499,2124176470.2000
2021-06-08,61.3985749000,60.6959644200,61.7179433000,60.3845802300,32089344,2446270922.4100
2021-06-09,60.8955696700,60.3526433900,61.1750170200,60.0412592000,25138005,1900479893.7600
2021-06-10,60.4404697000,60.2009434000,60.6320907400,59.8017329000,32075563,2419455653.0400
2021-06-11,60.2009434000,59.0831540000,60.3606276000,58.6919277100,46521367,3444045477.5600
2021-06-15,58.9793592700,58.4763540400,59.4823645000,57.4863120000,44590030,3245305091.7600
2021-06-16,59.0033119000,59.8815750000,60.0891644600,58.4444172000,44970185,3359892667.4900
2021-06-17,60.0412592000,58.6520066600,60.1450539300,58.5242593000,29929238,2214198276.4900
2021-06-18,58.5482119300,58.9234698000,59.2508224100,57.6140593600,38817863,2831313013.0900
2021-06-21,58.9394382200,57.4863120000,58.9474224300,56.8236225700,47738643,3450150410.8600
2021-06-22,57.4064699000,56.9114488800,58.1889224800,56.5920804800,41034169,2942649258.1600
2021-06-23,56.8555594100,58.4204645700,58.5162750900,56.4483647000,43404358,3139531924.1900
2021-06-24,59.4823645000,58.4444172000,59.4823645000,58.0531909100,28702816,2103271900.9800
2021-06-25,58.7398329700,58.4204645700,58.9075013800,57.9493961800,41255201,3019079359.1400
2021-06-28,58.4284487800,58.4524014100,59.0033119000,57.8855225000,30684568,2240502743.8600
2021-06-29,58.9075013800,57.0551646600,58.9234698000,56.8795120400,34979911,2518377824.4500
2021-06-30,56.7677331000,56.9833067700,57.4064699000,56.5681278500,28444413,2022265551.9700
2021-07-01,56.9274173000,58.4763540400,58.5961171900,56.3365857600,44641783,3221962175.5900
2021-07-02,57.9893172300,56.7677331000,58.0851277500,56.4164278600,40318436,2873257072.7400
2021-07-05,56.1130278800,54.4523122000,56.1848857700,53.3185543800,78081102,5309270148.3400
2021-07-06,54.0211648600,54.7796648100,55.3704963500,53.3425070100,41063662,2802133748.8400
2021-07-07,55.0511279500,56.2008541900,57.4463909500,54.7796648100,55959761,3961973980.3500
2021-07-08,55.8894700000,55.8894700000,56.5202225900,54.9792700600,35977037,2508845301.0700
2021-07-09,55.5301805500,55.2507332000,56.3525541800,54.8595069100,29079830,2016604915.1500
2021-07-12,55.6020384400,56.4483647000,57.0871015000,55.0271753200,40495549,2860148826.0300
2021-07-13,56.5122383800,58.1250488000,58.5482119300,56.3525541800,47453241,3430086441.0800
2021-07-14,57.8456014500,57.4863120000,58.1250488000,57.1350067600,33405515,2405155834.6200
2021-07-15,57.4863120000,56.8236225700,57.7657593500,56.3765068100,31970243,2276242685.6200
2021-07-16,56.9274173000,55.6499437000,56.9274173000,54.9313648000,45691025,3180537683.8200
2021-07-19,55.7218015900,56.0012489400,56.1289963000,54.7716806000,30561168,2124892125.3100
2021-07-20,55.6180068600,55.5780858100,56.0651226200,55.0990332100,23094780,1603201065.8300
2021-07-21,55.6659121200,54.2846437900,55.8255963200,54.1409280100,51518657,3525935836.9000
2021-07-22,54.2846437900,54.5321543000,55.8016436900,53.4782385800,42883759,2952043815.8900
2021-07-23,54.5321543000,53.4622701600,54.9952384800,53.1029807100,42451336,2851914803.8200
2021-07-26,52.3604491800,51.6418702800,52.7516754700,50.9951492700,57012881,3709400702.3500
2021-07-27,51.6338860700,49.0230494000,51.8813965800,49.0230494000,61869875,3893777293.8200
2021-07-28,49.0230494000,50.5240808800,50.9392598000,48.7915073100,47782907,2994650503.6500
2021-07-29,51.4981545000,50.5400493000,51.4981545000,50.0051072300,39271265,2485962571.3900
2021-07-30,50.3723808900,50.7077177100,51.1628176800,49.4701651600,41977874,2648623981.4800
2021-08-02,50.6997335000,52.7596596800,53.2227438600,49.9651861800,54445260,3553099532.1500
2021-08-03,52.2965755000,56.6240173200,57.6939014600,52.0410807800,89992768,6224743064.1000
2021-08-04,56.2088384000,55.8814857900,57.2308172800,55.6738963300,42636229,3000695827.1400
2021-08-05,55.4503384500,55.8096279000,57.1749278100,55.1629068900,45338268,3201066025.9800
2021-08-06,55.8894700000,56.1689173500,56.7278120500,54.3325490500,34481766,2410493994.3100
2021-08-09,55.5701016000,57.8615698700,58.6839435000,55.3864647700,51361921,3711851356.3400
2021-08-10,57.5661541000,58.1649698500,58.1649698500,56.5521594300,32371545,2326129708.8200
2021-08-11,57.7577751400,57.4304225300,58.7238645500,57.3825172700,28560714,2073013760.9400
2021-08-12,57.0871015000,56.6240173200,57.8615698700,56.3685226000,30539265,2176736608.6000
2021-08-13,56.6240173200,57.1749278100,57.4703435800,55.7297858000,30301304,2153012741.9700
2021-08-16,57.1749278100,59.8735907900,60.2408644500,57.0471804500,66305582,4925830244.8200
2021-08-17,59.8656065800,58.6041014000,60.2807855000,58.3725593100,41410311,3078533153.8800
2021-08-18,58.5961171900,59.4823645000,59.8815750000,58.0452067000,32617317,2419424671.3600
2021-08-19,59.8496381600,57.4384067400,60.1051328800,57.3825172700,32866221,2403024430.9200
2021-08-20,56.6799067900,57.4863120000,57.8775382900,55.7218015900,30129822,2143875729.9200
2021-08-23,57.2467857000,56.3765068100,57.9254435500,55.9932647300,24216401,1715542962.4900
2021-08-24,56.0491542000,56.2886805000,56.8076541500,54.4363437800,38744022,2700934790.1300
2021-08-25,55.9693121000,55.2108121500,56.4483647000,55.0910490000,25351879,1761336902.7000
2021-08-26,55.2028279400,54.2367385300,55.6100226500,53.9014017100,30560914,2082846695.5200
2021-08-27,54.2367385300,54.1329438000,55.0750805800,53.7976069800,24556080,1670326402.7500
2021-08-30,54.2527069500,52.6798175800,54.3804543100,52.1448755100,45344420,2990768858.7800
2021-08-31,52.6159439000,52.6957860000,54.2048016900,52.1049544600,31964102,2120020156.6900
2021-09-01,53.1029807100,55.2108121500,55.7697068500,52.0410807800,54120472,3688604134.0300
2021-09-02,55.5541331800,55.2427489900,55.5541331800,54.1728648500,42761283,2930294690.1000
2021-09-03,55.0670963700,55.9214068400,55.9932647300,54.4523122000,28680784,1995822443.4500
2021-09-06,55.9852805200,57.5821225200,58.4763540400,55.9772963100,39610616,2853865986.3200
2021-09-07,58.0452067000,58.3007014200,59.0272645300,57.3346120100,38937022,2852011278.2900
2021-09-08,58.2847330000,58.0611751200,58.8037066500,57.6539804100,26682359,1945966049.8800
2021-09-09,58.0611751200,57.5022804200,58.5641803500,56.8715278300,22350846,1611240093.7500
2021-09-10,57.5022804200,57.8056804000,58.2847330000,56.7677331000,21079581,1520883789.1400
2021-09-13,57.7418067200,56.6719225800,58.0372224900,56.4723173300,21293772,1519720223.6700
2021-09-14,56.6878910000,54.6359490300,57.0072594000,54.4602964100,30703335,2132022305.3400
2021-09-15,54.3006122100,53.1109649200,54.6279648200,52.5361018000,39630658,2652852006.2300
2021-09-16,53.1109649200,52.6558649500,53.6379227800,52.5361018000,29466222,1952956773.6000
2021-09-17,52.9832175600,54.5002174600,54.5161858800,52.7676438900,26097737,1757915165.9200
2021-09-22,53.4942070000,52.7596596800,53.7337333000,52.5999754800,23967787,1589166507.2300
2021-09-23,53.3025859600,53.3265385900,53.5740491000,52.6957860000,19943038,1327533718.7400
2021-09-24,53.0949965000,53.6538912000,54.4523122000,52.7676438900,27372409,1841748628.1800
2021-09-27,53.6459069900,54.8515227000,56.2008541900,53.3105701700,33266460,2292141631.4400
2021-09-28,54.3485174700,56.1050436700,56.2886805000,53.7417175100,34751438,2424145960.2500
2021-09-29,55.8495489500,56.1050436700,56.6080489000,55.3146068800,29530820,2075477390.5300
2021-09-30,56.1050436700,55.5701016000,56.7916857300,55.4902595000,21879116,1537243044.6700
2021-10-08,56.0491542000,57.8855225000,57.9493961800,55.6898647500,41613373,2987690472.0600
2021-10-11,58.0452067000,56.7517646800,58.3645751000,56.7517646800,23449247,1683573325.4600
2021-10-12,56.7757173100,57.1829120200,57.9493961800,55.9533436800,21599019,1548732744.3100
2021-10-13,57.4863120000,56.6878910000,57.6619646200,56.0890752500,16055890,1139319628.4800
2021-10-14,56.7118436300,55.9932647300,57.1829120200,55.6100226500,16233358,1143450650.2900
2021-10-15,56.6878910000,56.6878910000,57.3106593800,56.1769015600,20425107,1447693569.0100
2021-10-18,56.6878910000,55.5860700200,56.6878910000,55.0910490000,21901873,1524555399.5600
2021-10-19,55.3385595100,55.7936594800,56.2567436600,55.1309700500,18104497,1265164859.5300
2021-10-20,55.8894700000,54.3485174700,56.2886805000,54.3085964200,30276609,2074541249.5200
2021-10-21,54.5161858800,55.6339752800,55.7218015900,54.3245648400,20597302,1416973726.5100
2021-10-22,55.8655173700,59.4823645000,59.8815750000,55.8495489500,81947936,6030294050.9700
2021-10-25,59.0751697900,57.8056804000,59.3226803000,57.1669436000,43058106,3124400474.3800
2021-10-26,57.2867067500,55.9054384200,57.4703435800,55.9054384200,39644810,2798221885.2800
2021-10-27,55.1389542600,53.4942070000,55.4503384500,53.4942070000,67849700,4597497865.1300
2021-10-28,53.0949965000,54.3884385200,54.5720753500,52.7277228400,27797860,1876958742.7100
2021-10-29,53.8375280300,54.9074121700,55.4902595000,53.7337333000,28202116,1933712606.8600
2021-11-01,56.9034646700,58.1330330100,59.0192803200,56.4084436500,74811069,5437920545.9800
2021-11-02,58.1330330100,56.5361910100,58.5961171900,56.1928699800,33979598,2430850401.6300
2021-11-03,55.9134226300,55.3465437200,57.0871015000,55.3465437200,22136290,1550205587.7700
2021-11-04,55.8894700000,56.4643331200,56.8795120400,55.4822752900,23674066,1667235035.0700
2021-11-05,56.1369805100,56.4882857500,57.3346120100,55.7218015900,18630632,1321929414.4600
2021-11-08,56.3924752300,56.2407752400,56.6559541600,55.7297858000,14960996,1051451981.8800
2021-11-09,56.1689173500,55.0910490000,56.1689173500,54.5880437700,22767037,1571550505.3300
2021-11-10,54.8435384900,55.5541331800,55.7297858000,54.3085964200,23735791,1632341271.7300
2021-11-11,55.2427489900,57.5182488400,57.7737435600,55.0112069000,36332028,2604623041.1000
2021-11-12,57.3905014800,57.6220435700,58.9873434800,57.1669436000,26614392,1929374935.2200
2021-11-15,57.4863120000,57.8695540800,58.2847330000,57.0871015000,21497317,1553116114.9500
2021-11-16,58.2847330000,58.0691593300,58.6839435000,57.7976961900,21140190,1540309641.4000
2021-11-17,57.6859172500,57.5741383100,58.4444172000,57.1030699200,14390330,1039576297.6700
2021-11-18,57.3505804300,56.0651226200,57.3585646400,55.8735015800,19413431,1370784033.7800
2021-11-19,56.0651226200,55.8894700000,56.2886805000,55.3385595100,25102995,1750975581.0000
2021-11-22,55.6738963300,55.8495489500,56.1130278800,55.4902595000,22966239,1602179694.3000
2021-11-23,55.8415647400,55.4663068700,55.8415647400,55.1070174200,22415718,1554230541.7600
2021-11-24,56.0092331500,56.0092331500,56.1848857700,55.1070174200,25270993,1761908032.9600
2021-11-25,55.8894700000,55.2028279400,55.8894700000,55.1549226800,18110345,1254877493.1500
2021-11-26,55.0910490000,54.9393490100,55.4503384500,54.7557121800,14048378,969361339.8100
2021-11-29,54.2846437900,54.4283595700,54.7557121800,54.0690701200,20002100,1361366065.6500
2021-11-30,54.1808490600,54.1169753800,55.2108121500,54.0291490700,19543671,1332560745.2500
2021-12-01,54.0291490700,54.4203753600,54.4523122000,53.6538912000,18010101,1220013294.8000
2021-12-02,53.7976069800,54.0850385400,54.2686753700,53.5820333100,17292840,1169569317.6300
2021-12-03,54.0610859100,53.6219543600,54.0610859100,53.2387122800,21709179,1455435330.1600
2021-12-06,53.6219543600,54.7477279700,54.9153963800,53.5820333100,28156018,1927815523.4100
2021-12-07,55.1708911000,56.0731068300,56.2088384000,55.1708911000,45996100,3221759578.8000
2021-12-08,56.2008541900,55.8814857900,56.2487594500,55.0910490000,24448618,1705575366.7200
2021-12-09,57.0871015000,57.6619646200,58.0851277500,56.5920804800,58720574,4231464731.4400
2021-12-10,57.2148488600,57.4064699000,57.8056804000,56.4483647000,29774271,2133466230.3500
2021-12-13,58.0851277500,58.2448119500,60.0971486700,57.9014909200,54392976,4021351648.6400
2021-12-14,57.6859172500,56.7278120500,57.8695540800,56.7278120500,25330123,1813446503.1100
2021-12-15,56.6799067900,56.1689173500,57.0152436100,56.0331857800,16566927,1169764120.5000
2021-12-16,56.2487594500,56.2088384000,56.5920804800,55.7457542200,15360353,1077897221.6400
2021-12-17,55.9613278900,54.8515227000,56.0970594600,54.8515227000,20467841,1419353357.9200
2021-12-20,54.9952384800,55.5860700200,56.1609331400,54.9393490100,20657979,1440391946.1800
2021-12-21,55.5780858100,57.2068646500,57.5901067300,55.4902595000,31759660,2268444039.9800
2021-12-22,57.0471804500,57.1110541300,57.4064699000,55.9134226300,22483108,1595253317.7800
2021-12-23,56.7597488900,57.3825172700,58.1809382700,56.6878910000,19654181,1412656991.4200
2021-12-24,56.9513699300,57.6140593600,57.6859172500,56.5521594300,16377482,1174612543.6200
2021-12-27,57.6459962000,58.3246540500,59.0831540000,57.4064699000,27562336,2020201843.7100
2021-12-28,58.3246540500,60.0252907800,60.2488486600,58.3246540500,51272047,3839791457.8200
2021-12-29,59.8815750000,59.0911382100,60.3207065500,58.8835487500,21584258,1603790662.9000
2021-12-30,59.0831540000,59.0512171600,59.4823645000,58.4284487800,21829008,1615514267.9200
2021-12-31,59.0033119000,58.9314540100,59.4344592400,58.1090803800,21673393,1593276844.8100
2022-01-04,59.0831540000,60.1690065600,60.2807855000,58.7637856000,31040801,2323005428.6700
2022-01-05,60.2009434000,60.8955696700,63.7379484300,59.6739855400,61369922,4743653586.4000
2022-01-06,60.5282960100,59.8656065800,62.4285379900,59.7218908000,34188949,2599839611.8100
2022-01-07,60.2648170800,62.1011853800,62.6600800800,59.8895592100,43722085,3393184312.8100
2022-01-10,62.4365222000,62.1171538000,64.5762904800,61.4784170000,35252163,2760629556.2300
2022-01-11,61.4943854200,60.3606276000,62.9315432200,60.2807855000,33694529,2592315666.6000
2022-01-12,60.7518538900,59.3067118800,60.9354907200,58.3086856300,38464129,2852050497.6500
2022-01-13,59.5462381800,57.7418067200,60.1690065600,57.6459962000,26732585,1957650624.9500
2022-01-14,57.5661541000,57.4863120000,58.1649698500,57.0072594000,20996990,1516106943.2400
2022-01-17,57.5661541000,58.3086856300,58.6360382400,57.2627541200,20381136,1481637501.3600
2022-01-18,58.1330330100,58.5242593000,58.8276592800,57.5022804200,21307718,1554810615.2200
2022-01-19,58.8436277000,60.0652118300,60.8316959900,58.6520066600,40401059,3035602735.5300
2022-01-20,60.0332749900,62.7718590200,62.9155748000,59.9694013100,50662197,3941616640.8300
2022-01-21,62.3726485200,61.8057696100,62.9315432200,61.1830012300,30226221,2345227569.0300
2022-01-24,61.3187328000,61.5422906800,63.0992116300,61.0792065000,16913071,1307756734.7800
2022-01-25,61.3187328000,60.5602328500,62.9155748000,60.0572276200,25185151,1938021218.8700
2022-01-26,61.0552538700,61.0871907100,61.9015801300,60.3127223400,17996504,1376378669.1400
2022-01-27,60.4803907500,59.7378592200,61.2947801700,59.4903487100,25896559,1951701429.5700
2022-01-28,59.7458434300,58.4444172000,60.6799960000,58.3086856300,26921924,1996946181.7000
2022-02-07,59.4823645000,59.6420487000,60.3925644400,58.5881329800,21295784,1582887131.5200
2022-02-08,59.4025224000,59.3226803000,59.8017329000,58.2847330000,25222789,1858705327.5100
2022-02-09,59.5622066000,61.1510643900,61.5343064700,59.0033119000,30821130,2329350901.6200
2022-02-10,60.7598381000,58.8037066500,61.1670328100,58.6839435000,40093808,2986309640.2600
2022-02-11,58.4044961500,59.1949329400,59.5622066000,57.8695540800,26315615,1943208565.5200
2022-02-14,58.6839435000,58.2847330000,58.7078961300,57.1669436000,19833640,1443390305.3300
2022-02-15,58.0611751200,57.5102646300,58.5242593000,57.4064699000,22662561,1639397266.1400
2022-02-16,57.6300277800,58.5242593000,58.6759592900,57.3266278000,18939258,1380576750.9200
2022-02-17,58.2927172100,57.7018856700,58.9234698000,57.5741383100,17712319,1288420221.9800
2022-02-18,57.3186435900,58.2847330000,58.3965119400,56.9354015100,15392511,1114787733.7700
2022-02-21,58.1250488000,58.0452067000,58.1410172200,57.4863120000,10709058,776053567.5300
2022-02-22,57.5661541000,56.0252015700,57.6060751500,55.2906542500,36301446,2550080183.9400
2022-02-23,55.9293910500,56.2727120800,56.4004594400,55.6499437000,19598560,1377756703.2900
2022-02-24,55.5062279200,54.5321543000,55.6978489600,53.8614806600,41899669,2867573788.8400
2022-02-25,54.8914437500,54.3884385200,55.0511279500,54.1409280100,22417097,1528873766.1600
2022-02-28,53.8934175000,53.2706491200,53.9892280200,52.2965755000,48362395,3207726544.0000
2022-03-01,53.1828228100,54.5561069300,54.6040121900,52.4402912800,40633496,2724504800.0000
2022-03-02,53.8934175000,53.4303333200,53.8934175000,52.8554702000,24786934,1658320784.0000
2022-03-03,53.6938122500,53.2307280700,53.6938122500,52.6558649500,26230556,1743964880.0000
2022-03-04,52.6558649500,52.3764176000,52.9592649300,51.9692228900,30520427,2001514128.0000
2022-03-07,51.5620281800,49.9092967100,51.5620281800,49.5340388400,47645242,2998946560.0000
2022-03-08,49.4222599000,47.7136389600,50.3005230000,47.6657337000,57768670,3513393056.0000
2022-03-09,47.3303968800,47.5220179200,47.9132442100,45.1986128100,56275807,3289964736.0000
2022-03-10,48.8713494100,47.0030442700,49.0150651900,46.4042285200,47362869,2809518528.0000
2022-03-11,46.5479443000,47.4102389800,47.6417810700,45.7734759300,35638996,2080976816.0000
2022-03-14,46.3243864200,45.2624864900,47.1786968900,45.2624864900,31918608,1851362816.0000
2022-03-15,44.8712602000,43.4341024000,45.6936338300,43.3382918800,49926766,2779415600.0000
2022-03-16,44.8712602000,45.5020127900,45.7575075100,43.3143392500,52945781,2962039200.0000
2022-03-17,47.4581442400,46.8673127000,47.6497652800,45.9970338100,52266437,3071637072.0000
2022-03-18,46.8673127000,47.0269969000,47.1148232100,46.0289706500,36839305,2148265062.6500
2022-03-21,47.1307916300,46.6677074500,47.5459705500,46.3084180000,30641715,1798629636.1200
2022-03-22,46.3882601000,46.7715021800,47.0589337400,46.3243864200,19403969,1134303592.5900
2022-03-23,46.8912653300,46.3084180000,46.9950600600,46.2525285300,24373729,1418165962.6000
2022-03-24,45.9092075000,45.9730811800,46.1647022200,45.5978233100,23678670,1361843502.7400
2022-03-25,45.9810653900,44.7834338900,46.2445443200,44.7514970500,25216369,1430819628.2500
2022-03-28,44.6077812700,44.5518918000,44.8393233600,43.7534708000,21585282,1198968556.1100
2022-03-29,44.7994023100,43.6337076500,44.8952128300,43.4820076600,25242958,1391082042.4500
2022-03-30,43.9051707900,45.5099970000,45.5099970000,43.8732339500,33900253,1899860141.3300
2022-03-31,45.4301549000,45.5099970000,45.6696812000,44.8872286200,25133597,1428403894.1200
2022-04-01,45.1107865000,46.7874706000,47.2984600400,44.5598760100,45775170,2655473470.4700
2022-04-06,46.3483390500,46.6357706100,47.2505547800,46.2285759000,30753172,1798592443.7000
2022-04-07,46.0289706500,46.0688917000,47.2026495200,45.9970338100,26942029,1567998977.9800
2022-04-08,46.0688917000,45.7734759300,46.2445443200,45.3822496400,22682729,1297780224.0200
2022-04-11,45.8692864500,44.2005865600,45.8852548700,44.1287286700,33812428,1894585190.9500
2022-04-12,44.5039865400,45.8613022400,45.9092075000,44.1446970900,29717487,1671057316.7500
2022-04-13,45.4940285800,45.1666759700,45.8692864500,45.0548970300,21198659,1206396766.4100
2022-04-14,45.5259654200,46.8832811200,47.1707126800,45.5259654200,42741664,2497101925.1600
2022-04-15,46.5639127200,46.8273916500,47.3463653000,46.4361653600,21242110,1246877156.8300
2022-04-18,46.7076285000,45.9650969700,46.7076285000,45.9331601300,15468205,893259008.2300
2022-04-19,46.0289706500,45.7495233000,46.4281811500,45.5579022600,16849454,971057233.5400
2022-04-20,46.1088127500,45.9571127600,47.0190126900,45.5099970000,21662822,1255101325.9900
2022-04-21,45.5898391000,44.7355286300,46.3004337900,44.3922076000,27999954,1586256607.6700
2022-04-22,44.3922076000,45.4860443700,45.9251759200,43.6576602800,24469829,1373768018.0700
2022-04-25,45.1507075500,43.9690444700,45.9012232900,43.9371076300,32560068,1837475014.7100
2022-04-26,43.9690444700,41.3502235900,44.2884128700,41.1266657100,63204589,3336916857.5400
2022-04-27,40.5038973300,42.3961551000,42.5957603500,40.3202605000,37571041,1983750318.7000
2022-04-28,42.7155235000,42.5398708800,42.8752077000,41.5737814700,25258916,1335819842.6200
2022-04-29,43.1147340000,45.5818548900,45.7415390900,42.5398708800,57524101,3198610308.2000
2022-05-05,46.3483390500,46.8673127000,47.4102389800,46.1886548500,46790722,2748594256.4100
2022-05-06,45.9890496000,46.4681022000,46.7076285000,45.8213811900,21216998,1232140905.6500
2022-05-09,45.7096022500,44.9990075600,45.9251759200,44.5279391700,21529684,1216418056.8300
2022-05-10,44.0967918300,45.1906286000,45.4221706900,43.9131550000,30057137,1689113755.7800
2022-05-11,45.0948180800,45.2545022800,45.9092075000,44.7115760000,35911506,2038556236.5800
2022-05-12,45.1746601800,44.5039865400,45.1746601800,44.1367128800,22579089,1261668407.4500
2022-05-13,45.1267549200,45.5179812100,45.6457285700,44.8712602000,24432011,1386786846.1400
2022-05-16,45.9251759200,44.8712602000,46.9072337500,44.3522865500,28664501,1624257210.9800
2022-05-17,44.7115760000,45.8213811900,45.9092075000,44.4720497000,22831367,1301041283.0200
2022-05-18,45.9092075000,45.2145812300,46.0449390700,44.6477023200,22269749,1258738706.5500
2022-05-19,44.5439075900,44.5678602200,44.8632759900,44.1766339300,20195890,1125169384.4600
2022-05-20,44.6317339000,45.4301549000,45.6058075200,44.2005865600,26608469,1502431004.3700
2022-05-23,44.9910233500,43.3622445100,45.1107865000,43.1865918900,55783104,3054327109.6900
2022-05-24,43.1626392600,42.9470655900,43.6656444900,42.7554445500,26346272,1425290685.5700
2022-05-25,42.7155235000,42.6356814000,42.9550498000,42.3163130000,22197439,1182899111.1100
2022-05-26,42.6356814000,42.9710182200,43.1786076800,41.3582078000,42382765,2242918333.9000
2022-05-27,43.4580550300,42.4121235200,43.7454865900,42.3242972100,35255705,1897823156.8900
2022-05-30,42.4360761500,42.6356814000,42.9550498000,42.3242972100,21638531,1152606788.1700
2022-05-31,42.7075392900,43.4979760800,43.4979760800,42.3961551000,35509917,1910341885.8200
2022-06-01,43.3542603000,43.3303076700,43.7295181700,42.9949708500,29205803,1584914302.7200
2022-06-02,43.4621052000,43.2973512000,43.4785806000,42.9019416000,27584641,1445923345.9500
2022-06-06,43.3138266000,43.4868183000,43.6021461000,42.4900566000,36520890,1916117643.1800
2022-06-07,43.2479250000,43.6598100000,43.7669001000,42.9184170000,29169548,1540591783.4200
2022-06-08,43.6680477000,43.6515723000,44.3188260000,43.2726381000,36297664,1921801464.7200
2022-06-09,43.5362445000,43.1490726000,43.7833755000,42.9925563000,28683558,1507868963.7800
2022-06-10,42.9266547000,43.0419825000,43.1161218000,42.6300975000,30034887,1563195288.9100
2022-06-13,42.6712860000,42.0616962000,42.7124745000,41.7321882000,40426293,2064281835.6700
2022-06-14,41.4356310000,42.3664911000,42.4735812000,41.2873524000,34842410,1764306397.6800
2022-06-15,42.1111224000,44.8460388000,45.3073500000,42.1111224000,91507776,4906858801.3300
2022-06-16,44.8707519000,44.3435391000,45.2496861000,44.0634573000,35938169,1942251730.4400
2022-06-17,43.6845231000,45.1096452000,45.6450957000,43.2644004000,53813436,2909185799.3000
2022-06-20,45.4391532000,47.0043162000,47.4079635000,45.4391532000,76530884,4349794664.6000
2022-06-21,47.0372670000,47.1937833000,48.0999303000,46.6665705000,53707727,3093973214.4000
2022-06-22,47.1773079000,46.1311200000,47.1773079000,46.1311200000,29721130,1674082885.3700
2022-06-23,46.0981692000,46.1228823000,46.5182919000,45.5544810000,30453200,1698132572.2400
2022-06-24,46.1228823000,47.6139060000,48.5612415000,45.9334152000,73201062,4236370540.3000
2022-06-27,48.0257910000,48.6848070000,49.4921016000,48.0257910000,58158368,3454900578.8300
2022-06-28,49.0966920000,48.6848070000,49.0966920000,48.1493565000,32252221,1902451600.1000
2022-06-29,48.9978396000,48.8248479000,49.9534128000,48.7754217000,42072308,2520771106.3400
2022-06-30,48.8989872000,49.7474703000,49.9698882000,48.6024300000,37053894,2223920748.1800
2022-07-01,49.5827163000,48.4294383000,49.5827163000,47.9104632000,33785737,1992141898.9400
2022-07-04,47.3997258000,49.4014869000,49.4756262000,47.3997258000,31375014,1867732491.5800
2022-07-05,49.2202575000,49.0472658000,50.6536173000,48.5200530000,28384693,1695670009.8100
2022-07-06,49.4673885000,48.8330856000,50.2746831000,48.3305859000,30764043,1828885011.6100
2022-07-07,48.6189054000,48.3552990000,49.2614460000,48.1905450000,19747189,1165987948.6000
2022-07-08,48.7012824000,48.2564466000,48.7012824000,47.6962830000,22725014,1326085878.5500
2022-07-11,47.9928402000,48.5200530000,48.7671840000,47.5480044000,27354736,1600533212.1800
2022-07-12,48.6436185000,49.5085770000,50.1511176000,48.6436185000,40810385,2451083764.0000
2022-07-13,49.4921016000,48.0257910000,49.6321425000,47.8033731000,38790065,2277523772.2900
2022-07-14,48.6024300000,46.2958740000,48.7589463000,46.0075545000,54519966,3101127518.6400
2022-07-15,45.9663660000,45.4721040000,46.6089066000,45.4309155000,30267863,1686983213.6100
2022-07-18,45.4721040000,45.5462433000,46.0322676000,44.4835800000,23549370,1297826116.9800
2022-07-19,45.3897270000,45.3320631000,45.8510382000,45.1096452000,19709717,1084831637.0100
2022-07-20,45.6945219000,45.6615711000,46.4194395000,45.3897270000,21705190,1207951153.9300
2022-07-21,45.7192350000,45.2167353000,46.0487430000,45.1425960000,16384697,902059283.7600
2022-07-22,45.0190305000,45.3814893000,45.6945219000,44.7307110000,18646088,1022770982.7700
2022-07-25,45.3897270000,46.5018165000,46.7242344000,45.3155877000,36027403,2023496096.0200
2022-07-26,46.5430050000,47.2843980000,47.6633322000,46.4359149000,26304234,1507831169.3000
2022-07-27,47.1196440000,46.0652184000,47.1608325000,45.9416529000,24440950,1372601234.9800
2022-07-28,46.1311200000,45.9251775000,46.2464478000,45.7274727000,14614702,815071057.2100
2022-07-29,46.0899315000,45.2908746000,46.2958740000,45.1261206000,23747370,1312270361.9000
2022-08-01,45.5132925000,44.9860797000,45.5544810000,44.5494816000,18646747,1017042233.7300
2022-08-02,44.5494816000,44.1540720000,44.5659570000,43.5774330000,26048594,1393045271.3600
2022-08-03,43.8328017000,43.0419825000,44.4918177000,42.9019416000,31878019,1682530015.5200
2022-08-04,43.1655480000,43.2479250000,43.4703429000,42.9184170000,13529107,709252637.1100
2022-08-05,43.4456298000,43.6350969000,43.6350969000,42.9019416000,19819083,1039336001.8100
2022-08-08,43.2891135000,43.1902611000,43.6350969000,43.1078841000,21808178,1144520138.2900
2022-08-09,43.2067365000,43.3797282000,43.7092362000,43.0419825000,16051580,846230165.4100
2022-08-10,43.3550151000,42.6959991000,43.3550151000,42.6465729000,16302356,847521283.4100
2022-08-11,43.0831710000,43.5939084000,43.6433346000,42.7371876000,22953884,1206195923.6700
2022-08-12,43.4209167000,43.7916132000,44.0387442000,43.1902611000,16987856,899862140.6200
2022-08-15,43.7998509000,43.4950560000,44.1540720000,43.2644004000,18323472,969855783.8300
2022-08-16,43.5115314000,43.3303020000,43.5691953000,43.0831710000,16335748,858701197.2400
2022-08-17,43.3797282000,44.0140311000,44.3847276000,42.9266547000,23843481,1266823797.0600
2022-08-18,43.7421870000,43.3467774000,43.8657525000,43.1737857000,14088456,742672219.8200
2022-08-19,43.3962036000,43.3385397000,43.5032937000,43.0419825000,13215250,695288655.0500
2022-08-22,43.2149742000,43.6927608000,44.1128835000,43.0749333000,23817591,1266026527.7300
2022-08-23,43.6186215000,42.9348924000,43.7421870000,42.8360400000,22034863,1151798157.2200
2022-08-24,42.9184170000,42.3335403000,42.9843186000,42.2676387000,21584197,1113905675.4400
2022-08-25,42.3335403000,43.0255071000,43.1737857000,41.9875569000,20989258,1083006133.7000
2022-08-26,43.2314496000,43.0255071000,43.3797282000,42.7454253000,16040627,837907693.5800
2022-08-29,42.5065320000,43.0666956000,43.5527199000,42.4323927000,16456070,857943931.6700
2022-08-30,43.2396873000,43.0831710000,43.8328017000,42.9019416000,20270847,1065091301.3000
2022-08-31,42.9184170000,43.8575148000,44.1952605000,42.9101793000,46283836,2459353193.9500
2022-09-01,43.8492771000,45.3979647000,45.7192350000,43.8492771000,64210545,3521209361.9000
2022-09-02,45.3979647000,44.1952605000,45.3979647000,43.7998509000,36746048,1976289177.9200
2022-09-05,43.7421870000,44.3188260000,44.4835800000,43.5609576000,19027545,1017336571.6600
2022-09-06,44.3270637000,44.0387442000,44.6565717000,43.9893180000,17796217,953823605.2000
2022-09-07,44.2117359000,43.7009985000,44.2282113000,43.6433346000,20995308,1116835915.4900
2022-09-08,43.7009985000,43.9646049000,44.2776375000,43.7009985000,15365677,822398889.2700
2022-09-09,43.9646049000,45.6698088000,45.8263251000,43.8739902000,52388062,2884912064.8300
2022-09-13,45.6698088000,46.5347673000,46.8725130000,45.3650139000,34602446,1947119368.5900
2022-09-14,45.7192350000,46.0734561000,46.3370625000,45.6368580000,18747266,1046314871.3500
2022-09-15,46.0405053000,46.4112018000,47.1196440000,45.8757513000,28969848,1636891138.7600
2022-09-16,46.1228823000,45.4062024000,46.2134970000,45.2249730000,25993997,1439024736.0500
2022-09-19,45.0355059000,45.2908746000,45.6698088000,44.5824324000,20360049,1115777266.4100
2022-09-20,45.1837845000,44.0881704000,45.3897270000,43.9069410000,35065981,1883992924.3700
2022-09-21,44.8378011000,43.5362445000,44.8625142000,43.1161218000,26775169,1414578652.9700
2022-09-22,43.4456298000,42.4241550000,43.4538675000,42.2511633000,40143184,2075058537.0900
2022-09-23,42.1028847000,42.2923518000,42.7454253000,42.0122700000,17517602,899511431.7000
2022-09-26,42.0122700000,42.0534585000,42.8360400000,41.9216553000,20553286,1055235704.3000
2022-09-27,42.1358355000,42.5724336000,42.7371876000,41.4356310000,24764967,1268264653.2300
2022-09-28,42.4241550000,42.1523109000,42.6465729000,42.0946470000,13557668,697308166.1100
2022-09-29,42.3994419000,41.6003850000,42.6383352000,41.4356310000,25319493,1286757815.6500
2022-09-30,41.2955901000,40.6200987000,41.6580489000,40.6200987000,35563830,1767860147.8200
2022-10-10,40.6200987000,40.1175990000,41.1802623000,39.9198942000,26014496,1282724398.3500
2022-10-11,40.1093613000,39.8457549000,40.2411645000,39.5409600000,22003690,1061344409.9400
2022-10-12,39.5821485000,39.7633779000,39.7880910000,38.7171900000,24097124,1147459230.8000
2022-10-13,39.5327223000,38.7666162000,39.5409600000,38.7254277000,27745374,1314811925.4200
2022-10-14,38.9231325000,39.5327223000,39.7469025000,38.7995670000,31338771,1498957703.4100
2022-10-17,39.3020667000,39.2691159000,39.4173945000,38.9643210000,23501711,1116822628.2400
2022-10-18,39.5244846000,39.0796488000,39.6645255000,38.9890341000,27008601,1286487096.9900
2022-10-19,39.0137472000,37.2508794000,39.0137472000,37.2096909000,55654921,2560635750.1500
2022-10-20,36.9048960000,36.5589126000,37.3003056000,36.1305522000,36647844,1635034406.2800
2022-10-21,36.5671503000,36.2458800000,36.8884206000,36.0564129000,27243190,1202555594.6700
2022-10-24,35.9987490000,34.9196103000,36.5094864000,34.8454710000,45916936,1972598642.7900
2022-10-25,35.2573560000,34.6148154000,35.3809215000,34.5818646000,41440111,1755695125.4100
2022-10-26,34.7630940000,34.9772742000,35.5951017000,34.7301432000,36281405,1546847300.8700
2022-10-27,35.1749790000,35.0761266000,35.4221100000,34.8454710000,22640281,965896178.5500
2022-10-28,34.7713317000,33.5768652000,34.9113726000,33.4615374000,40175030,1664548587.2600
2022-10-31,33.5521521000,33.0990786000,33.6098160000,33.0331770000,34553505,1396541435.6500
2022-11-01,33.4285866000,34.2688320000,34.2688320000,33.0249393000,48067142,1965965682.2000
2022-11-02,34.1040780000,34.6642416000,35.0926020000,33.9557994000,38019949,1594625960.3700
2022-11-03,34.4335860000,34.2523566000,34.4912499000,33.9393240000,28853488,1197662698.1300
2022-11-04,34.2935451000,35.4962493000,35.7104295000,34.2523566000,45749125,1955851185.0200
2022-11-07,35.4221100000,35.4715362000,35.6362902000,35.0184627000,33159614,1424760638.2300
2022-11-08,35.5209624000,35.4221100000,35.6610033000,35.0761266000,30558188,1312592117.0800
2022-11-09,35.7433803000,35.4550608000,36.1223145000,35.3809215000,22990425,995215199.8500
2022-11-10,35.2161675000,35.3973969000,35.4056346000,35.0349381000,22305399,954033824.3600
2022-11-11,36.6824781000,37.5886251000,38.0581740000,36.0069867000,82883508,3734773539.5000
2022-11-14,39.4750584000,39.3762060000,40.4553447000,38.9643210000,100020407,4791202404.2500
2022-11-15,39.9528450000,40.4223939000,40.8425166000,39.2938290000,51228792,2501777032.0000
2022-11-16,40.6942380000,39.9198942000,40.6942380000,39.6727632000,25992649,1264627973.1200
2022-11-17,39.8622303000,39.5080092000,40.4471070000,39.2773536000,19284595,927024366.1800
2022-11-18,39.8375172000,39.5162469000,39.9857958000,39.2773536000,16067621,772609930.3700
2022-11-21,39.1043619000,38.1735018000,39.1043619000,38.0911248000,34523382,1604372657.9400
2022-11-22,38.2229280000,38.1405510000,38.7501408000,37.8110430000,23569157,1092152104.1800
2022-11-23,38.0828871000,38.1240756000,38.3382558000,37.9098954000,14255219,659509321.9400
2022-11-24,38.5112475000,37.8192807000,38.8819440000,37.7121906000,21379992,987544043.1900
2022-11-25,37.8192807000,38.4618213000,38.7913293000,37.7533791000,24697464,1150838919.3100
2022-11-28,37.6298136000,38.1323133000,38.2641165000,37.2591171000,22655140,1036165229.6700
2022-11-29,39.5409600000,39.8869434000,40.1835006000,38.6512884000,38928672,1868785966.5800
2022-11-30,39.6892386000,39.4338699000,40.3482546000,39.1208373000,27287554,1310967680.2100
2022-12-01,40.2082137000,39.7963287000,40.6365741000,39.7633779000,27604487,1344223507.9600
2022-12-02,39.5739108000,39.5739108000,40.0352220000,39.3432552000,17015014,818020497.8200
2022-12-05,39.9446073000,40.9413690000,41.1885000000,39.8704680000,36106842,1785930108.0900
2022-12-06,40.9331313000,41.1885000000,41.7321882000,40.3812054000,32526956,1629245814.1200
2022-12-07,41.1885000000,42.2182125000,42.5724336000,40.7766150000,43656379,2229128244.8600
2022-12-08,42.3005895000,42.6300975000,43.2314496000,41.8804668000,39078018,2028801619.2100
2022-12-09,42.8030892000,44.7307110000,44.7554241000,42.6795237000,69940581,3745342825.9300
2022-12-12,44.2364490000,44.8378011000,45.2826369000,43.9069410000,46663287,2533376174.8200
2022-12-13,44.6565717000,44.4423915000,44.8130880000,44.1952605000,30619330,1650838607.4300
2022-12-14,44.0305065000,45.2167353000,45.3567762000,44.0305065000,26085029,1420701035.0100
2022-12-15,45.2249730000,44.1787851000,45.9663660000,43.8657525000,27804272,1498675160.0200
2022-12-16,43.8904656000,44.4835800000,44.6071455000,43.4703429000,19744959,1058833012.7400
2022-12-19,44.4835800000,44.2199736000,44.7966126000,43.8904656000,16076366,864239616.6900
2022-12-20,43.6598100000,42.4818189000,43.7339493000,42.4653435000,27245386,1417537680.6500
2022-12-21,42.2511633000,42.5724336000,43.2396873000,42.2511633000,13074160,679672974.1300
2022-12-22,42.7866138000,43.0007940000,43.8904656000,42.6465729000,22812320,1199123081.9400
2022-12-23,42.8195646000,43.1490726000,43.7833755000,42.3664911000,16343914,860296627.1800
2022-12-26,43.3962036000,42.4241550000,43.5609576000,42.3088272000,15387918,795665124.7000
2022-12-27,42.6630483000,43.6103838000,43.6845231000,42.3500157000,17339127,911438654.3100
2022-12-28,43.1902611000,42.8772285000,43.4538675000,42.7536630000,16322911,852152449.3900
2022-12-29,42.5230074000,42.6136221000,42.9925563000,42.0287454000,11995050,619844870.0000
2022-12-30,42.6712860000,42.6712860000,43.2479250000,42.5889090000,12773275,665300212.6500
2023-01-03,42.8360400000,42.7371876000,43.0255071000,42.2017371000,16362802,846525405.0200
2023-01-04,42.5806713000,44.2776375000,44.3435391000,42.5477205000,26134113,1390708574.9500
2023-01-05,44.4835800000,45.2332107000,45.2991123000,44.4423915000,29421668,1608128838.0600
2023-01-06,45.2826369000,44.4918177000,45.4391532000,44.4094407000,19500149,1058139217.1600
2023-01-09,44.5659570000,44.5741947000,44.8542765000,43.9893180000,20427678,1101325466.4800
2023-01-10,44.4753423000,44.0716950000,44.8130880000,44.0140311000,15434014,829875435.2500
2023-01-11,44.0305065000,44.8954650000,45.4556286000,43.9893180000,21461041,1171606255.1800
2023-01-12,44.7307110000,45.1178829000,45.3073500000,44.4918177000,14581825,797908669.9100
2023-01-13,45.2002599000,46.0899315000,46.1311200000,44.8954650000,26580330,1471250757.1800
2023-01-16,46.1558331000,47.5315290000,48.0752172000,46.1475954000,33018079,1899010907.4500
2023-01-17,47.5232913000,47.7786600000,47.9269386000,47.0784555000,18811356,1087194816.9900
2023-01-18,47.7786600000,47.4491520000,48.1905450000,47.2596849000,13035753,751785488.0900
2023-01-19,47.3338242000,47.2679226000,47.4079635000,46.7077590000,19467945,1110365666.9100
2023-01-20,47.3338242000,47.0207916000,47.6468568000,46.9219392000,10860828,621198692.3100
2023-01-30,47.3173488000,45.8428005000,47.8445616000,45.7933743000,25619569,1445902234.0700
2023-01-31,45.6368580000,45.4721040000,46.2546855000,45.3073500000,23259835,1290578245.2000
2023-02-01,45.5462433000,45.7192350000,46.1228823000,44.8542765000,26724709,1474820029.1100
2023-02-02,45.6780465000,44.4506292000,45.8016120000,44.1705474000,36767804,1990832646.7200
2023-02-03,44.2364490000,43.9151787000,44.4423915000,43.5444822000,20830020,1109569943.1800
2023-02-06,43.5032937000,42.2182125000,43.5032937000,42.0781716000,42185653,2172641978.9300
2023-02-07,42.3088272000,42.4241550000,42.5889090000,42.0946470000,20900869,1075310677.2400
2023-02-08,42.3335403000,42.0205077000,42.4241550000,41.8969422000,19101762,976761616.3500
2023-02-09,41.8475160000,42.4488681000,42.6136221000,41.5921473000,22738253,1167989708.8600
2023-02-10,42.3005895000,42.5230074000,42.6300975000,42.2511633000,13988866,720948239.0800
2023-02-13,42.4241550000,43.1984988000,43.3138266000,42.0369831000,30639111,1588991528.5600
2023-02-14,43.2067365000,43.0090317000,43.3714905000,42.6795237000,21437513,1116499049.9300
2023-02-15,43.0007940000,42.3005895000,43.0090317000,42.1605486000,17948800,924114015.3900
2023-02-16,42.0946470000,42.2429256000,42.6300975000,41.8475160000,21698675,1115558778.3400
2023-02-17,42.0534585000,42.3253026000,42.4241550000,42.0287454000,15806609,811189152.4700
2023-02-20,42.4241550000,43.9069410000,44.2282113000,42.1028847000,38313606,2019572888.9600
2023-02-21,43.9069410000,44.1046458000,44.3188260000,43.4373921000,25649338,1369820913.5700
2023-02-22,43.6598100000,43.4785806000,43.8080886000,43.1737857000,22911545,1208465937.5100
2023-02-23,43.4868183000,43.9646049000,44.3847276000,43.4868183000,24010720,1283774546.6200
2023-02-24,43.8080886000,43.6433346000,43.9810803000,43.5115314000,16927779,898514540.1800
2023-02-27,43.3303020000,43.1655480000,43.6433346000,42.7207122000,16947143,888727920.6800
2023-02-28,42.8525154000,43.2149742000,43.7751378000,42.8525154000,19404536,1019960547.4900
2023-03-01,43.2561627000,44.9943174000,45.2991123000,43.2561627000,43297470,2350199969.1500
2023-03-02,44.9778420000,45.1837845000,45.8675136000,44.6071455000,25548979,1408679946.1000
2023-03-03,45.5132925000,45.4721040000,45.9993168000,45.0272682000,19741500,1090871927.3400
2023-03-06,45.1755468000,44.3435391000,45.3073500000,44.3270637000,25935684,1403695330.0500
2023-03-07,44.3517768000,43.5444822000,44.7883749000,43.4126790000,19473791,1041648711.5100
2023-03-08,43.3714905000,43.0749333000,43.4950560000,42.8937039000,14494798,759112018.2000
2023-03-09,43.0749333000,43.4126790000,43.8657525000,43.0584579000,13013102,688042449.6600
2023-03-10,43.0337448000,42.1358355000,43.2479250000,42.0287454000,19213389,991798893.8300
2023-03-13,42.0205077000,42.8854662000,43.0337448000,42.0122700000,19483658,1009855801.3600
2023-03-14,42.6053844000,42.1358355000,42.7619007000,41.7651390000,16501073,844706514.8900
2023-03-15,42.4241550000,41.5674342000,42.5312451000,41.5180080000,20945617,1067097770.9800
2023-03-16,41.2544016000,41.2214508000,41.5097703000,40.9001805000,12181953,610120756.0600
2023-03-17,41.6003850000,41.4603441000,42.1605486000,41.2379262000,20123077,1018389815.2900
2023-03-20,41.3367786000,41.5509588000,42.1193601000,41.2708770000,16301524,826038622.5000
2023-03-21,41.6415735000,42.9184170000,42.9513678000,41.6415735000,23146646,1191368462.3700
2023-03-22,43.0007940000,42.5889090000,43.0584579000,42.2594010000,13554248,700825341.2900
2023-03-23,42.4076796000,42.6877614000,42.8360400000,42.3335403000,12379007,641022828.9500
2023-03-24,42.6877614000,42.9101793000,42.9760809000,42.5394828000,13277563,689957504.0000
2023-03-27,42.9101793000,42.7124745000,43.2149742000,42.5889090000,12768345,663222019.6900
2023-03-28,42.5889090000,42.0864093000,42.9019416000,42.0616962000,12867893,660858734.1500
2023-03-29,42.3253026000,42.3417780000,42.4818189000,42.0946470000,12803042,656903324.5700
2023-03-30,42.3005895000,44.8707519000,45.1425960000,42.2594010000,57157412,3061435505.4700
2023-03-31,44.5741947000,44.3270637000,44.9943174000,43.9563672000,27788750,1500198904.1400
2023-04-03,45.3073500000,45.0519813000,45.6368580000,44.6483340000,37391478,2056019794.5900
2023-04-04,44.8954650000,45.0025551000,45.0766944000,44.2776375000,17989125,975597257.0400
2023-04-06,44.8295634000,44.5000554000,45.3073500000,44.2776375000,15243479,827518348.1800
2023-04-07,44.4094407000,45.0437436000,45.5297679000,44.4094407000,15864067,869954355.7900
2023-04-10,44.8130880000,45.1096452000,45.3567762000,44.4918177000,15649255,853817627.0300
2023-04-11,44.8213257000,45.9993168000,46.4359149000,44.8130880000,32436552,1815026842.8400
2023-04-12,45.9993168000,45.7192350000,46.7489475000,45.6368580000,22302460,1251325789.3100
2023-04-13,45.3485385000,44.5989078000,45.5462433000,44.5989078000,18259494,994810155.1900
2023-04-14,44.6318586000,44.4341538000,45.0190305000,44.3435391000,14212447,771635251.9000
2023-04-17,44.4094407000,45.6533334000,45.7851366000,44.3929653000,26228048,1444699532.0600
2023-04-18,45.4721040000,46.7736606000,47.2843980000,45.4473909000,38706349,2197663192.0600
2023-04-19,46.7736606000,46.1970216000,47.1608325000,46.1723085000,19188658,1084909580.8800
2023-04-20,46.2793986000,46.9878408000,47.8116108000,46.2793986000,36794925,2114956905.2800
2023-04-21,47.2843980000,46.8313245000,48.2729220000,46.7489475000,39892402,2311553652.0700
2023-04-24,46.2958740000,46.9796031000,48.3964875000,46.1393577000,33992120,1960933653.8200
2023-04-25,46.9548900000,47.4903405000,47.8116108000,45.8428005000,42962096,2450369690.6100
2023-04-26,46.9713654000,46.7077590000,47.2432095000,46.1064069000,23934184,1357589706.8000
2023-04-27,46.2711609000,47.1690702000,47.5727175000,46.2711609000,15777059,898336282.7200
2023-04-28,47.1608325000,46.7736606000,47.2432095000,46.3041117000,15690551,891005834.7100
2023-05-04,47.1361194000,46.6089066000,48.1493565000,46.0075545000,26856562,1525949937.4800
2023-05-05,46.4606280000,45.5791941000,46.4606280000,44.5494816000,34212287,1879206731.1900
2023-05-08,45.5791941000,45.3155877000,46.1228823000,44.8707519000,20872170,1151128787.4200
2023-05-09,45.1425960000,45.1425960000,45.7686612000,44.4918177000,18139372,995439011.1300
2023-05-10,44.8954650000,45.6368580000,46.1311200000,44.3847276000,17462598,965082241.0100
2023-05-11,45.7604235000,45.6780465000,46.7242344000,45.5874318000,12622453,706491977.7600
2023-05-12,45.5791941000,45.9828414000,47.3585373000,45.5627187000,16559010,935578508.1500
2023-05-15,46.0157922000,46.6171443000,46.7407098000,45.3155877000,14066647,786956984.7500
2023-05-16,46.6171443000,45.5956695000,47.1525948000,45.3979647000,13612588,760273937.1100
2023-05-17,45.4885794000,45.3238254000,46.4606280000,45.1508337000,9076272,501402349.7000
2023-05-18,45.4309155000,45.3073500000,45.6533334000,44.9366535000,11069523,609452710.0300
2023-05-19,45.0272682000,45.9663660000,46.8395622000,45.0272682000,20384343,1140023138.6000
2023-05-22,45.9663660000,46.7159967000,46.9137015000,45.9663660000,15199783,860397294.0400
2023-05-23,46.6995213000,46.0899315000,46.9137015000,46.0322676000,15585136,878179041.7800
2023-05-24,45.9828414000,44.1540720000,46.0405053000,44.0716950000,26674242,1447402650.3400
2023-05-25,43.9893180000,44.4918177000,44.8872273000,43.3962036000,17143391,923732852.6800
2023-05-26,44.4918177000,44.6977602000,44.8542765000,44.0552196000,11166052,602101037.8700
2023-05-29,44.7059979000,44.0305065000,45.0519813000,43.7257116000,17433449,936727537.5800
2023-05-30,44.0305065000,43.1078841000,44.2034982000,42.6630483000,32084604,1678415610.0500
2023-05-31,43.3220643000,42.2841141000,43.4126790000,42.0946470000,28064959,1445385156.2200
2023-06-01,42.4052412000,42.2927834000,43.0799880000,41.9813618000,34893493,1711949689.1900
2023-06-02,43.2530000000,44.8101080000,45.0696260000,43.2443494000,49939227,2566107482.1700
2023-06-05,45.4243006000,46.6613364000,46.8429990000,44.6284454000,39939970,2119331989.1400
2023-06-06,46.6613364000,46.8949026000,47.8464686000,45.8914330000,34261827,1866611024.4000
2023-06-07,48.0108300000,47.7945650000,48.2443962000,47.1371194000,36908674,2035955381.2300
2023-06-08,48.1838420000,49.2132634000,49.4035766000,47.7513120000,47553147,2680031435.6100
2023-06-09,49.7409500000,48.5385166000,49.9658656000,48.2443962000,41065187,2319633365.1700
2023-06-12,48.5471672000,49.6111910000,50.0177692000,48.1838420000,39621001,2256003426.7600
2023-06-13,49.5333356000,48.9710466000,49.9745162000,48.6682756000,24850143,1409611781.9800
2023-06-14,49.5073838000,49.3776248000,50.1561788000,48.9796972000,36000680,2057761143.1300
2023-06-15,49.5333356000,50.1734800000,50.6752148000,49.3170706000,31276544,1814552067.0800
2023-06-16,50.5195040000,50.4762510000,51.0298894000,49.6544440000,30006082,1745695208.1700
2023-06-19,50.1734800000,49.1440586000,50.2945884000,49.0489020000,28911037,1651975820.2500
2023-06-20,49.2392152000,49.8101548000,50.9693352000,49.1354080000,24381022,1413907765.9900
2023-06-21,50.1734800000,50.4156968000,51.5575760000,49.6544440000,45130347,2649838248.0500
2023-06-26,51.7565398000,50.2945884000,51.8603470000,50.0004680000,33558138,1957482191.7300
2023-06-27,50.3637932000,51.6354314000,52.0333590000,50.0696728000,48123655,2851634264.5100
2023-06-28,51.4278170000,51.6440820000,52.3534312000,51.2202026000,32790073,1964640593.0300
2023-06-29,51.6613832000,51.1596484000,51.7219374000,50.3637932000,27678349,1635162204.3900
2023-06-30,51.2375038000,50.9693352000,51.7478892000,50.6579136000,26487591,1563113126.5900
2023-07-03,50.9347328000,51.0904436000,52.2323228000,50.4589498000,31876184,1892919808.1400
2023-07-04,51.2807568000,50.9520340000,51.5575760000,50.2772872000,21944569,1290009361.9700
2023-07-05,51.1163954000,51.1423472000,51.3240098000,50.5368052000,18701574,1103273063.5300
2023-07-06,51.1509978000,50.4935522000,51.6873350000,50.4329980000,16957694,995554522.9400
2023-07-07,50.2080824000,49.9572150000,50.6838654000,49.4814320000,29379608,1698410265.1700
2023-07-10,50.0177692000,48.9883478000,50.1129258000,48.4779624000,32085974,1818167155.9900
2023-07-11,49.1354080000,49.0142996000,49.3776248000,48.7893840000,15802795,896629010.3300
2023-07-12,49.2219140000,49.3862754000,50.2426848000,48.7893840000,18781502,1079865899.4000
2023-07-13,49.4814320000,50.0004680000,50.4502992000,49.4814320000,16930674,978559177.1600
2023-07-14,49.9572150000,49.7063476000,50.4070462000,49.3257212000,10500005,603243715.6300
2023-07-17,49.4814320000,49.4208778000,49.4814320000,48.7028780000,9042488,512387286.5300
2023-07-18,49.6544440000,49.0835044000,49.6544440000,48.1578902000,23988228,1351665336.2400
2023-07-19,49.2132634000,50.2859378000,50.4762510000,49.0229502000,27804425,1601948633.6600
2023-07-20,50.0869740000,49.7669018000,50.7357690000,49.6890464000,14051590,815686031.1000
2023-07-21,49.7842030000,49.4208778000,50.2426848000,49.2997694000,12070921,693513021.3100
2023-07-24,49.4208778000,49.1094562000,49.6198416000,48.5558178000,11588757,657937835.1900
2023-07-25,50.0523716000,51.0212388000,51.2807568000,50.0004680000,37648119,2216891658.7500
2023-07-26,50.8741786000,50.6752148000,51.5056724000,50.5887088000,18752582,1105031413.5400
2023-07-27,50.6492630000,50.5887088000,51.1423472000,50.4762510000,15197044,893501893.1900
2023-07-28,50.7790220000,51.6786844000,51.7478892000,50.2686366000,24004126,1424164599.2200
2023-07-31,52.7254070000,51.3153592000,53.0281780000,51.1682990000,32518268,1952524582.7800
2023-08-01,51.3153592000,50.3897450000,51.6354314000,50.2859378000,20418627,1197877268.8700
2023-08-02,50.2599860000,50.4329980000,50.8828292000,49.9745162000,23543608,1370719586.0200
2023-08-03,50.1561788000,50.1561788000,50.3464920000,49.2997694000,23362911,1344124458.1800
2023-08-04,50.4329980000,50.1042752000,51.0298894000,50.0091186000,19663692,1147020984.8400
2023-08-07,49.9918174000,50.0696728000,50.3378414000,49.6025404000,15370696,887391728.9300
2023-08-08,49.7409500000,49.3084200000,49.7842030000,49.2738176000,13635468,779253638.4500
2023-08-09,49.4727814000,49.7928536000,49.9139620000,49.3430224000,15143409,868904097.4600
2023-08-10,49.4900826000,48.7461310000,49.5679380000,48.0108300000,38530464,2159087492.3300
2023-08-11,48.6942274000,47.7340108000,48.8326370000,47.6994084000,25533312,1419423214.7600
2023-08-14,47.1457700000,47.9589264000,48.0713842000,46.9554568000,19516687,1073370152.4900
2023-08-15,47.8464686000,47.7167096000,48.0627336000,47.2322760000,16370434,901353362.1100
2023-08-16,47.4052880000,47.7772638000,47.8897216000,47.0246616000,15358726,843256905.3600
2023-08-17,47.4917940000,48.3049504000,48.3914564000,47.1717218000,15216504,842880581.3500
2023-08-18,48.2530468000,47.3966374000,48.3136010000,47.2582278000,13463834,741138398.9900
2023-08-21,47.2409266000,47.0419628000,47.8897216000,47.0160110000,13117158,718680500.6100
2023-08-22,46.9727580000,47.0333122000,47.3014808000,46.2028546000,23054276,1249497364.1100
2023-08-23,46.8170472000,46.4710232000,47.2841796000,46.3672160000,15798313,854634875.2000
2023-08-24,46.7045894000,47.6215530000,47.9675770000,46.2807100000,25583579,1398433374.7700
2023-08-25,47.5350470000,47.8032156000,48.4347094000,47.1630712000,16472788,907722077.9500
2023-08-28,49.5679380000,48.5817696000,50.1561788000,48.2530468000,28800377,1624044691.0300
2023-08-29,48.3395528000,48.4866130000,48.8672394000,48.0540830000,21787121,1221870560.3200
2023-08-30,48.4779624000,49.1527092000,49.4641308000,48.1924926000,23366421,1323189377.1600
2023-08-31,49.5679380000,48.8845406000,50.0004680000,48.8585888000,28083765,1596998959.6000
2023-09-01,49.3084200000,50.1129258000,50.6060100000,49.2997694000,26650564,1541478627.7900
2023-09-04,50.6060100000,50.3637932000,50.8655280000,49.8447572000,20090011,1169057319.8100
2023-09-05,50.3983956000,49.9831668000,50.5973594000,49.8361066000,15309015,887170819.8200
2023-09-06,49.7496006000,49.4641308000,50.1734800000,49.2046128000,20888335,1194824717.8400
2023-09-07,49.3862754000,48.9364442000,49.4122272000,48.8758900000,13639911,774015904.7900
2023-09-08,49.0835044000,48.5125648000,49.1613598000,48.2789986000,8400181,471931158.2600
2023-09-11,48.7115286000,48.8153358000,49.2046128000,48.4520106000,14072130,793322668.2400
2023-09-12,48.8066852000,49.4900826000,49.9312632000,48.7028780000,16403440,937947088.7400
2023-09-13,49.3949260000,49.3084200000,49.7755524000,49.0489020000,10743402,613122120.6600
2023-09-14,49.3170706000,48.9191430000,49.5333356000,48.6682756000,10289465,581688865.6700
2023-09-15,48.9969984000,48.2616974000,49.0402514000,47.8378180000,16451182,917665598.7000
2023-09-18,48.2703480000,48.5298660000,48.9537454000,47.7599626000,14427793,808841172.1900
2023-09-19,48.4347094000,48.4866130000,48.5731190000,47.9675770000,12366126,689874974.4100
2023-09-20,48.4693118000,49.2132634000,49.5160344000,48.2097938000,21380110,1210967114.2000
2023-09-21,49.2046128000,48.7201792000,49.2046128000,48.4606612000,16769142,946858135.1700
2023-09-22,48.9537454000,49.3516730000,49.4035766000,48.5904202000,22170248,1259327922.5700
2023-09-25,49.2132634000,48.9883478000,49.2132634000,48.6423238000,16643159,941423312.5300
2023-09-26,49.1008056000,48.4433600000,49.4814320000,48.4433600000,18934941,1067479335.2000
2023-09-27,48.4433600000,48.6077214000,49.0142996000,47.9502758000,18810949,1054884218.4100
2023-09-28,48.7807334000,47.9935288000,48.8758900000,47.9329746000,17097578,953613283.5500
2023-10-09,47.9762276000,48.2357456000,48.5385166000,47.4917940000,28659545,1591907095.8600
2023-10-10,48.0021794000,47.3793362000,48.2443962000,47.0765652000,21499637,1179223499.8700
2023-10-11,47.3620350000,47.3793362000,48.3482034000,47.1457700000,20418379,1123573120.5300
2023-10-12,47.5783000000,47.8205168000,47.9935288000,47.2409266000,17604242,970427691.7100
2023-10-13,47.7426614000,47.5696494000,47.9589264000,47.1717218000,12996004,712981553.9800
2023-10-16,47.4052880000,47.6475048000,47.9329746000,47.4052880000,15020214,826944834.7700
2023-10-17,47.6475048000,48.3395528000,48.4347094000,47.6215530000,16830158,936368372.2700
2023-10-18,48.1665408000,47.9848782000,48.3482034000,47.7599626000,10637084,590623193.2000
2023-10-19,47.8291674000,46.9122038000,47.8291674000,46.8689508000,20196084,1103206369.9500
2023-10-20,46.6613364000,46.0038908000,46.7651436000,45.7443728000,21089804,1123754128.3600
2023-10-23,45.8481800000,46.0644450000,46.3931678000,45.5973126000,16864366,897561652.6800
2023-10-24,45.8568306000,46.0038908000,46.2720594000,45.1561320000,25019782,1323069265.7500
2023-10-25,46.5315774000,45.3464452000,46.7218906000,45.1042284000,25856546,1364767551.4800
2023-10-26,45.1734332000,45.4243006000,45.6059632000,45.0090718000,15165512,794020501.0000
2023-10-27,45.2945416000,46.4883244000,46.7132400000,45.1647826000,25318794,1352282942.9800
2023-10-30,46.1336498000,47.1457700000,47.2668784000,46.1336498000,16488474,892765169.6000
2023-10-31,46.9727580000,45.7789752000,46.9727580000,45.5886620000,23807212,1263696549.7000
2023-11-01,45.6838186000,45.8568306000,46.2461076000,45.5886620000,18933823,1004719416.4300
2023-11-02,45.8481800000,46.0038908000,47.0679146000,45.6838186000,20085478,1072266180.2000
2023-11-03,45.9519872000,45.6751680000,46.1509510000,45.6059632000,17740644,939971081.1700
2023-11-06,45.8481800000,45.9692884000,46.1076980000,45.5886620000,24918224,1322403103.1200
2023-11-07,45.9346860000,45.9346860000,46.0903968000,45.4848548000,18898188,999762781.8200
2023-11-08,45.5454090000,45.7184210000,45.8395294000,45.4243006000,21385728,1128009345.2000
2023-11-09,45.7443728000,45.3723970000,46.1336498000,45.2858910000,14146893,743811714.1400
2023-11-10,45.2426380000,45.5886620000,45.7270716000,45.1993850000,13027077,685147777.4500
2023-11-13,45.5367584000,44.1699636000,45.5367584000,43.8412408000,38291558,1957444236.3600
2023-11-14,44.1353612000,44.1959154000,44.4813852000,43.9450480000,24802793,1266466646.1100
2023-11-15,44.4986864000,44.5851924000,44.7755056000,44.0748070000,19636284,1010107977.7100
2023-11-16,44.4640840000,44.7668550000,45.1474814000,44.3862286000,21605533,1121013154.6100
2023-11-17,44.6370960000,44.8620116000,44.9571682000,44.2997226000,13513422,697252679.6100
2023-11-20,44.5851924000,45.3550958000,45.7616740000,44.5851924000,18219075,955124720.2100
2023-11-21,45.5194572000,45.3723970000,46.0125414000,45.3723970000,15845902,836507593.7200
2023-11-22,45.3723970000,45.1128790000,45.5021560000,44.8966140000,9786906,511071755.3300
2023-11-23,45.1128790000,45.6405656000,45.7876258000,44.8533610000,10103351,529662622.9900
2023-11-24,45.6751680000,45.3983488000,45.7184210000,45.0436742000,15724530,822539515.1400
2023-11-27,45.3550958000,44.9571682000,45.3550958000,44.7668550000,15922506,827425455.6000
2023-11-28,45.1561320000,45.4416018000,45.6751680000,44.5765418000,21787637,1138681640.6500
2023-11-29,45.4416018000,44.9917706000,45.4848548000,44.7409032000,12426538,646048742.1600
2023-11-30,44.8187586000,44.6976502000,44.9831200000,44.4727346000,12861862,664815260.9300
2023-12-01,45.2426380000,43.7287830000,45.2945416000,43.5384698000,31604983,1604750726.7000
2023-12-04,43.6682288000,43.3308554000,43.9363974000,43.1145904000,22058672,1107559873.5000
2023-12-05,43.3308554000,42.5782532000,43.4173614000,42.5782532000,22510318,1120255577.3000
2023-12-06,42.4398436000,42.5436508000,42.9502290000,42.1716750000,19114114,942351431.4200
2023-12-07,42.6993616000,43.4433132000,43.6768794000,42.5782532000,25021860,1251685066.7400
2023-12-08,43.4087108000,43.5471204000,44.1872648000,43.3308554000,21811340,1102240031.3400
2023-12-11,43.1232410000,44.1353612000,44.4640840000,42.5782532000,25201467,1272635678.2100
2023-12-12,44.5505900000,44.1180600000,44.5938430000,43.8758432000,17204815,879672020.1000
2023-12-13,44.0315540000,43.8498914000,44.1094094000,43.6941806000,12858695,652164458.2000
2023-12-14,44.0402046000,44.0229034000,44.5246382000,43.7547348000,16563410,847402712.7700
2023-12-15,43.6941806000,43.5384698000,44.2045660000,43.5125180000,20470155,1034871741.9700
2023-12-18,43.2789518000,44.1959154000,44.2737708000,43.0367350000,22307469,1133044739.9600
2023-12-19,44.1872648000,43.9017950000,44.1872648000,43.6509276000,16954533,859776399.6200
2023-12-20,43.9017950000,44.1440118000,44.4640840000,43.7028312000,25417029,1298397555.6700
2023-12-21,44.3083732000,45.0004212000,45.2253368000,44.0056022000,27421212,1422425462.3400
2023-12-22,44.9052646000,45.6492162000,45.8395294000,44.7236020000,22728114,1194539707.6000
2023-12-25,45.5194572000,45.5627102000,46.0644450000,45.3550958000,11314960,598032181.6300
2023-12-26,45.5194572000,45.6751680000,46.0471438000,45.4416018000,16152328,855413702.7800
2023-12-27,45.6578668000,46.3672160000,46.4537220000,45.6059632000,20306883,1081963246.6100
2023-12-28,46.2288064000,46.7564930000,46.8516496000,46.0644450000,24728048,1331261037.5600
2023-12-29,46.7737942000,47.2582278000,47.5609988000,46.4710232000,25937253,1410074986.8100
2024-01-02,47.2582278000,47.1976736000,47.6215530000,46.8862520000,23905697,1305162003.7600
2024-01-03,47.2236254000,47.1025170000,47.4052880000,46.7997460000,20689673,1126649739.0900
2024-01-04,47.2841796000,47.7945650000,47.8551192000,47.1025170000,26702502,1467886384.8500
2024-01-05,47.7513120000,48.0973360000,48.5125648000,47.4485410000,30042877,1669357551.2100
2024-01-08,48.0973360000,47.5783000000,48.0973360000,47.2495772000,27809739,1531117698.7500
2024-01-09,47.3274326000,47.7253602000,47.8637698000,46.8083966000,21607041,1184711711.5500
2024-01-10,47.7253602000,47.7686132000,48.2443962000,47.4398904000,17820813,984854746.1000
2024-01-11,47.7686132000,47.5783000000,48.0021794000,47.3447338000,21236920,1168392664.9400
2024-01-12,47.4917940000,47.5783000000,48.1924926000,47.2149748000,24361080,1343879865.4900
2024-01-15,47.4398904000,48.3395528000,48.4260588000,47.2841796000,19124097,1063527118.8300
2024-01-16,48.1059866000,49.2392152000,49.2651670000,47.6648060000,33730399,1903147107.1400
2024-01-17,48.9883478000,48.7634322000,49.5592874000,48.7634322000,26914126,1530395102.1500
2024-01-18,49.1267574000,48.7893840000,49.2997694000,47.6475048000,39023100,2175726535.6100
2024-01-19,48.4433600000,48.5644684000,48.9623960000,48.3222516000,29937004,1681993909.2200
2024-01-22,48.3395528000,47.8724204000,49.0142996000,47.6475048000,35980322,2017295148.7100
2024-01-23,48.0281312000,48.7720828000,49.0402514000,47.4052880000,28848518,1612570165.7700
2024-01-24,48.5731190000,49.4727814000,49.6890464000,48.4606612000,26463721,1503303922.9000
2024-01-25,49.5679380000,48.7461310000,49.7322994000,48.6509744000,24963629,1412367267.6500
2024-01-26,48.7461310000,49.7496006000,49.9572150000,48.7461310000,32745737,1874299632.7300
2024-01-29,50.0869740000,50.7703714000,51.4537688000,49.9053114000,37498736,2204469369.8700
2024-01-30,50.7790220000,50.3637932000,51.2115520000,50.1734800000,27373299,1604993046.2000
2024-01-31,50.0956246000,50.3897450000,50.9866364000,49.6717452000,25544153,1486711039.1000
2024-02-01,50.3724438000,50.8741786000,51.4364676000,50.1734800000,30340175,1785789270.8100
2024-02-02,50.6060100000,50.3897450000,50.9347328000,49.5765886000,28950504,1687829336.9900
2024-02-05,50.1734800000,51.4278170000,51.5575760000,50.0177692000,46160268,2724269122.1800
2024-02-06,51.2634556000,51.8603470000,52.5869974000,51.0558412000,37946385,2279549237.7600
2024-02-07,51.2894074000,52.8638166000,52.9157202000,51.0644918000,46195919,2791586567.0300
2024-02-08,53.0195274000,52.1544674000,53.9451416000,51.8862988000,34723180,2112587867.0500
2024-02-19,53.3742020000,52.4226360000,53.3742020000,51.7392386000,35695854,2157379733.2500
2024-02-20,52.1631180000,53.3742020000,53.4520574000,51.6181302000,29630917,1807531882.3200
2024-02-21,52.7686600000,53.3828526000,54.1095030000,52.4918408000,27797182,1719403865.9400
2024-02-22,52.9503226000,53.0714310000,53.4520574000,52.7946118000,19259055,1180530929.5200
2024-02-23,53.3569008000,51.5748772000,53.7202260000,51.3153592000,43093597,2580957128.9700
2024-02-26,51.7738410000,52.1631180000,53.2011900000,51.7738410000,34097731,2070387072.2000
2024-02-27,52.4139854000,53.5645152000,53.6250694000,51.9901060000,28014795,1720508594.6500
2024-02-28,53.6337200000,53.4780092000,53.9018886000,52.7254070000,25367364,1568616988.7900
2024-02-29,53.6337200000,54.1787078000,54.9140088000,53.4174550000,48920998,3071855395.6200
2024-03-01,54.9313100000,55.7704182000,55.8050206000,54.3949728000,32844906,2102800960.2500
2024-03-04,56.2289000000,55.8828760000,57.0939600000,54.9313100000,37384392,2415284580.1300
2024-03-05,55.9261290000,56.2635024000,56.5749240000,54.8880570000,35525326,2288367736.3400
2024-03-06,56.1423940000,55.8050206000,56.6873818000,55.6233580000,21923001,1422222516.4300
2024-03-07,55.7531170000,56.9209480000,57.6562490000,55.5368520000,30634033,2020641414.3900
2024-03-08,56.9815022000,57.1804660000,57.5178394000,56.1250928000,26125410,1714883400.9500
2024-03-11,57.1718154000,56.5922252000,57.1804660000,55.8482736000,28027002,1826293591.5800
2024-03-12,56.5316710000,55.4762978000,56.5316710000,54.5420330000,50739915,3241294650.7100
2024-03-13,55.0697196000,55.4243942000,55.6493098000,54.4987800000,32723164,2084900581.8800
2024-03-14,55.2427316000,55.7963700000,56.0126350000,55.0178160000,31531677,2026233407.1400
2024-03-15,55.7012134000,55.3811412000,55.7963700000,54.7582980000,25463904,1624685427.4400
2024-03-18,55.2600328000,53.9451416000,55.2686834000,53.9364910000,42501113,2667915013.6700
2024-03-19,53.8067320000,54.1527560000,54.6025872000,53.7807802000,29794618,1867932283.7300
2024-03-20,53.8067320000,53.5299128000,54.0662500000,53.1146840000,37790890,2337851554.3900
2024-03-21,53.5558646000,52.3793830000,53.6683224000,52.0160578000,39189153,2377326996.2000
2024-03-22,52.3880336000,54.1700572000,54.1960090000,52.3361300000,43156777,2671677604.6700
2024-03-25,53.7980814000,54.4122740000,55.0697196000,53.4434068000,26903326,1694247611.4800
2024-03-26,53.9018886000,54.2565632000,54.7150450000,53.9018886000,25353749,1591428438.3900
2024-03-27,54.0922018000,55.0783702000,56.1250928000,54.0749006000,34842794,2227887825.2500
2024-03-28,55.5628038000,55.8655748000,56.5662734000,54.6544908000,45185411,2915943394.0800
2024-03-29,55.8655748000,55.5541532000,56.8603938000,55.0697196000,25468858,1638381689.9500
2024-04-01,55.7963700000,57.2842732000,57.3361768000,55.4503460000,32771225,2146737286.0600
2024-04-02,57.0939600000,57.3102250000,57.5524418000,56.8776950000,22653632,1497277780.3300
2024-04-03,57.2669720000,57.7254538000,57.8725140000,57.0766588000,20626495,1370613982.6500
2024-04-08,57.7168032000,56.5057192000,57.8292610000,55.9434302000,32434492,2125546168.6500
2024-04-09,56.2289000000,56.2635024000,56.7479360000,56.0731892000,19478279,1270147986.3100
2024-04-10,56.1164422000,56.3759602000,57.2669720000,55.8482736000,18081970,1184377719.4100
2024-04-11,56.1856470000,56.2894542000,57.0507070000,55.8915266000,19004769,1239842457.9700
2024-04-12,56.2202494000,56.1337434000,56.7479360000,55.8655748000,21734388,1414407755.3800
2024-04-15,56.1337434000,57.8206104000,57.9590200000,55.9780326000,31783741,2102897320.7000
2024-04-16,57.7687068000,59.0922486000,59.4901762000,57.5870442000,39191380,2659237097.0900
2024-04-17,58.8240800000,59.3258148000,59.5161280000,57.9417188000,24549649,1664966380.0000
2024-04-18,59.3258148000,60.5542000000,61.7047298000,59.1528028000,39542136,2777734456.5400
2024-04-19,60.0611158000,60.5542000000,61.0559348000,60.0611158000,28812335,2017233099.5000
2024-04-22,60.7272120000,60.5368988000,61.5836214000,60.1216700000,28943754,2032072605.3900
2024-04-23,60.4071398000,59.1614534000,60.5542000000,58.4694054000,38217940,2605557574.8700
2024-04-24,59.1182004000,58.7375740000,59.3777184000,57.7427550000,30783047,2079963045.5300
2024-04-25,58.0714778000,59.0316944000,59.3085136000,58.0714778000,22033298,1500859467.9000
2024-04-26,59.0403450000,59.1441522000,59.3863690000,58.3223452000,24225747,1650078937.5000
2024-04-29,59.0835980000,58.9970920000,59.5853328000,58.1579838000,33226398,2264197665.4800
2024-04-30,57.8206104000,60.3638868000,61.5490190000,57.7860080000,57131843,3988190597.5500
2024-05-06,60.9867300000,61.4279106000,61.8171876000,60.2514290000,46179914,3263609833.4900
2024-05-07,61.2548986000,61.5057660000,62.5697898000,61.0905372000,30431457,2176139138.4500
2024-05-08,60.9867300000,61.2029950000,61.7133804000,60.8915734000,17661960,1252248295.4600
2024-05-09,61.4192600000,62.1545610000,62.5784404000,61.0905372000,28571831,2046734809.6100
2024-05-10,62.4573320000,62.1805128000,62.5697898000,61.7133804000,22487905,1616063316.0400
2024-05-13,62.1805128000,62.8985126000,63.1407294000,61.1597420000,27167410,1965130432.8500
2024-05-14,62.8725608000,61.2808504000,63.0542234000,60.7272120000,39923610,2827063811.3300
2024-05-15,61.8587880000,62.9966284800,63.3036648000,61.5065992800,30189455,2090761785.8200
2024-05-16,62.9966284800,62.6173483200,63.0327504000,62.1297024000,24600403,1703048548.2400
2024-05-17,62.1116414400,61.4343554400,62.7618360000,60.0707529600,41848256,2828611122.6600
2024-05-20,60.5132464800,60.1159053600,61.2988982400,59.7908080800,42643037,2846862348.5200
2024-05-21,59.8449909600,60.0978444000,60.7751304000,59.7817776000,24358794,1626841822.2800
2024-05-22,59.9082043200,59.0683696800,60.0888139200,58.9780648800,26105215,1715205331.7900
2024-05-23,59.0593392000,59.3663755200,59.7727471200,58.6981200000,24096149,1582459055.3800
2024-05-24,59.0593392000,60.1610577600,60.4861550400,58.7884248000,25926968,1724580966.8200
2024-05-27,60.0526920000,61.0370143200,61.6601174400,59.1857659200,30546219,2062139516.4200
2024-05-28,61.0460448000,60.5313074400,61.2085934400,60.0526920000,19173667,1284865352.1900
2024-05-29,60.1429968000,59.4657108000,60.6848256000,59.1496440000,24132098,1590410760.9100
2024-05-30,59.3392840800,58.8606686400,59.7727471200,58.8245467200,19358623,1269509292.1400
2024-05-31,58.8696991200,58.4813884800,59.2128573600,58.2917484000,26129419,1696172930.4700
2024-06-03,58.5897542400,58.7161809600,59.8720824000,58.0388949600,35755629,2337233616.3900
2024-06-04,58.6890895200,58.4091446400,58.6890895200,57.2532432000,30621198,1969401516.2500
2024-06-05,58.2917484000,57.7228281600,58.8787296000,57.6144624000,28331925,1825603149.5400
2024-06-06,57.6144624000,59.3844364800,59.6282594400,57.6144624000,43603719,2848032776.8700
2024-06-07,58.8787296000,58.8426076800,59.1044916000,57.5331880800,40064590,2591739293.2800
2024-06-11,58.2465960000,58.6981200000,60.0526920000,57.9576206400,33689664,2188026771.5800
2024-06-12,58.5536323200,58.8426076800,59.3663755200,58.2736874400,25707199,1675974671.3100
2024-06-13,58.9780648800,57.7228281600,59.1044916000,57.4880356800,27485047,1763239543.6300
2024-06-14,57.3525784800,59.2489792800,59.3844364800,57.3435480000,37924447,2468107111.3600
2024-06-17,59.3844364800,58.2736874400,59.3844364800,57.9576206400,25335808,1639603938.5100
2024-06-18,58.0659864000,58.5536323200,58.8696991200,57.4970661600,21867469,1409611739.3000
2024-06-19,58.4904189600,57.7950720000,58.7703638400,56.7114144000,34699957,2206055297.9100
2024-06-20,57.7047672000,58.2195045600,58.4723580000,57.3796699200,28085788,1806800937.9600
2024-06-21,58.2375655200,57.7499196000,58.4723580000,57.3435480000,24153669,1544527731.0000
2024-06-24,57.5331880800,58.5897542400,59.1947964000,57.4428832800,30799053,1993977958.3100
2024-06-25,58.5626628000,58.9600039200,59.4115279200,58.2646569600,25309206,1652171355.9400
2024-06-26,58.7071504800,58.0208340000,59.0503087200,57.7137976800,23831407,1531598024.3100
2024-06-27,57.8402244000,57.8853768000,58.2285350400,57.3164565600,27409461,1750926675.0900
2024-06-28,57.3435480000,58.2465960000,58.5084799200,57.3254870400,25195612,1624767678.9200
2024-07-01,58.0569559200,57.8763463200,59.0412782400,57.4338528000,19528313,1255074545.1100
2024-07-02,57.5241576000,56.8920240000,57.9756816000,56.7114144000,29181345,1843585721.5000
2024-07-03,56.9371764000,56.9191154400,57.5060966400,56.6572315200,18120842,1145370115.4600
2024-07-04,57.0726336000,58.3369008000,58.8787296000,57.0726336000,27753098,1794060145.6700
2024-07-05,58.2465960000,57.7950720000,58.8335772000,56.8920240000,26479582,1686503681.3500
2024-07-08,57.4338528000,58.0027730400,58.4452665600,57.0455421600,19443576,1247645531.3900
2024-07-09,57.6234928800,57.8853768000,58.4001141600,57.4519137600,21664464,1392889371.6000
2024-07-10,58.2827179200,57.6234928800,58.7523028800,57.6234928800,15846909,1016718370.0200
2024-07-11,57.6596148000,57.7047672000,58.2014436000,56.4585609600,27182655,1727208383.0500
2024-07-12,57.6054319200,58.6981200000,58.8787296000,57.4699747200,24574092,1588658353.0400
2024-07-15,58.4994494400,58.6439371200,58.8426076800,58.1201692800,17045913,1104204268.8300
2024-07-16,58.3639922400,58.0388949600,58.6619980800,57.5693100000,20406778,1313240364.4600
2024-07-17,57.8311939200,56.7385058400,58.1382302400,55.6819396800,46462849,2909157024.4700
2024-07-18,55.9980064800,57.7047672000,58.2104740800,55.9980064800,34532462,2193053870.9900
2024-07-19,57.2171212800,57.4338528000,57.5964014400,56.7926887200,21796963,1381064607.7300
2024-07-22,57.2983956000,57.4609442400,58.3730227200,57.1809993600,19930345,1273643438.9700
2024-07-23,57.4609442400,56.3321342400,57.6054319200,56.3321342400,18537845,1165932039.5800
2024-07-24,55.9980064800,54.2551238400,56.6391705600,53.8577827200,45547336,2757887293.7800
2024-07-25,53.7494169600,53.6410512000,54.2641543200,53.1895272000,30109151,1787253321.6700
2024-07-26,56.7385058400,56.7475363200,56.8829935200,55.4471472000,57740171,3598947643.1700
2024-07-29,56.2598904000,56.7836582400,57.0816640800,56.1334636800,20712828,1297587354.9200
2024-07-30,56.4495304800,55.1401108800,56.6843229600,54.7247088000,22575846,1381015833.5800
2024-07-31,54.8421050400,57.5783404800,57.6686452800,54.8421050400,40174739,2530147580.3300
2024-08-01,57.6144624000,57.4157918400,58.4001141600,57.2622736800,24406833,1561027258.8700
2024-08-02,57.1629384000,56.8829935200,58.0479254400,56.5037133600,20261524,1280021474.2100
2024-08-05,56.4766219200,55.6729092000,58.0659864000,55.5916348800,35476754,2214817314.9400
2024-08-06,55.6367872800,54.1106361600,56.2237684800,53.7494169600,38493182,2316733894.5400
2024-08-07,54.1106361600,54.8150136000,55.4290862400,53.4965635200,25298592,1535238304.1100
2024-08-08,54.5621601600,55.0498060800,55.5193910400,54.3725200800,14231910,867672449.7200
2024-08-09,54.9504708000,54.6344040000,55.7180616000,54.4808858400,13802375,839905714.1300
2024-08-12,54.6344040000,55.4290862400,56.1154027200,54.4628248800,16949235,1042597208.2900
2024-08-13,55.4290862400,55.4110252800,56.0883112800,55.0136841600,9835074,602892300.3500
2024-08-14,55.4110252800,54.9956232000,55.5284215200,54.7247088000,11227780,685993302.4200
2024-08-15,54.8150136000,55.0859280000,55.4019948000,54.4447639200,19163262,1166672167.2300
2024-08-16,54.9143488800,55.7541835200,55.8986712000,54.7879221600,18066988,1112521867.4200
2024-08-19,55.7090311200,56.3140732800,57.0274812000,55.6909701600,17275349,1075574307.6800
2024-08-20,57.3254870400,56.9100849600,57.3345175200,55.7722444800,25780974,1623775566.7100
2024-08-21,56.6301400800,57.0365116800,57.5241576000,56.2869818400,21187130,1337959064.9000
2024-08-22,57.0094202400,57.8763463200,58.2375655200,56.6391705600,24978743,1597113182.7600
2024-08-23,57.7950720000,59.1135220800,59.5650460800,57.6867062400,29047135,1895805009.0300
2024-08-26,59.5469851200,59.8901433600,60.1881492000,58.6078152000,33958151,2241141518.0300
2024-08-27,59.6011680000,59.5921375200,60.0346310400,59.1406135200,24113793,1590912374.3600
2024-08-28,59.5831070400,58.6349066400,59.7366252000,58.3098093600,26542959,1726057217.4500
2024-08-29,58.1743521600,57.7499196000,58.9780648800,57.7499196000,23285563,1500197087.6800
2024-08-30,57.3254870400,58.4723580000,59.4295888800,57.2351822400,33386334,2160911497.6000
2024-09-02,58.2465960000,58.9058210400,60.0707529600,58.1924131200,26075882,1706301995.3900
2024-09-03,58.7071504800,59.5740765600,60.0346310400,58.6981200000,24237888,1599193263.6100
2024-09-04,59.4747412800,59.1315830400,60.2333016000,59.0232172800,27499633,1814975103.8900
2024-09-05,58.6529676000,57.4248223200,59.0593392000,57.3254870400,43212322,2763225151.2500
2024-09-06,57.4338528000,56.9100849600,58.2917484000,56.8017192000,23320164,1480652836.8800
2024-09-09,55.4019948000,55.1672023200,56.1695856000,54.7969526400,54840638,3359451099.8700
2024-09-10,54.6163430400,54.8601660000,55.6638787200,54.6163430400,40111034,2451075854.1900
2024-09-11,54.6524649600,55.6819396800,56.0612198400,53.9119656000,41921762,2572399327.6700
2024-09-12,55.8083664000,56.3231037600,56.7565668000,55.6819396800,27616861,1719561913.2200
2024-09-13,56.0341284000,57.3525784800,57.5964014400,55.6187263200,32148994,2037679478.1500
2024-09-18,57.4519137600,58.9238820000,59.3392840800,57.2532432000,29502596,1915513518.3400
2024-09-19,56.2598904000,58.9509734400,59.3573450400,56.2598904000,47611503,3085181571.3400
2024-09-20,58.6168456800,59.6553508800,59.8720824000,58.4813884800,39801250,2608979308.8800
2024-09-23,60.0165700800,61.0460448000,61.3079287200,59.7817776000,39162141,2643088027.5700
2024-09-24,61.0460448000,61.4433859200,61.6330260000,59.7817776000,50090152,3378454556.7000
2024-09-25,61.5969040800,63.3126952800,64.5679320000,61.5969040800,62766129,4428074584.0100
2024-09-26,63.2133600000,66.4282108800,66.5365766400,63.0237199200,50134212,3592524657.6700
2024-09-27,67.5028380000,65.9225040000,68.9928672000,64.2518652000,85744787,6253333702.4500
2024-09-30,66.0669916800,68.6858308800,69.4443912000,65.0465474400,125166492,9344041944.3400
2024-10-08,75.5580261600,72.4154191200,75.5580261600,71.0969690400,135239267,11050056032.1800
2024-10-09,70.7989632000,67.7376304800,71.6297673600,66.8436129600,89550113,6896386875.1800
2024-10-10,68.5864956000,70.7086584000,71.6839502400,68.5142517600,67303399,5259062088.4700
2024-10-11,70.4377440000,69.3269949600,70.6454450400,68.5413432000,38060178,2930030641.5400
2024-10-14,69.5617874400,71.3407920000,71.6026759200,69.1734768000,46282832,3620244781.8800
2024-10-15,71.3407920000,68.6316480000,71.3407920000,68.6316480000,37583316,2905639305.5700
2024-10-16,67.4576856000,67.9453315200,68.1801240000,66.5817290400,34282949,2559503194.0100
2024-10-17,67.9453315200,65.9947478400,68.2072154400,65.8321992000,39437630,2920853670.0800
2024-10-18,65.9947478400,67.7376304800,68.8122576000,65.6064372000,42785106,3180240269.8100
2024-10-21,68.0446668000,66.8977958400,68.6135870400,66.1753574400,34322896,2547898012.7500
2024-10-22,67.1416188000,69.0831720000,69.4985740800,66.9519787200,40405973,3073890030.7100
2024-10-23,69.1734768000,68.9748062400,70.2390734400,68.6316480000,26831280,2053544727.9900
2024-10-24,68.7309832800,68.3065507200,69.0470500800,67.9995144000,17108673,1296926991.9300
2024-10-25,68.1078801600,67.9724229600,68.5052212800,67.5208989600,21057289,1583775153.4400
2024-10-28,68.1710935200,67.6112037600,68.2523678400,66.8345824800,28059096,2091524793.8400
2024-10-29,67.3764112800,66.8887653600,68.1801240000,66.6449424000,29727177,2214621305.6700
2024-10-30,66.5546376000,65.6967420000,67.1416188000,65.1278217600,40413734,2939634795.6300
2024-10-31,65.8954125600,64.4956881600,66.5456071200,64.2067128000,50046867,3595551676.8800
2024-11-01,64.5137491200,65.2452180000,65.9225040000,63.5565182400,41651482,3009423819.4600
2024-11-04,65.1458827200,65.7780163200,66.2566317600,64.7485416000,23231578,1680407655.6900
2024-11-05,65.4709800000,66.0399002400,66.3559670400,64.3060480800,41696728,3027068197.2600
2024-11-06,66.0489307200,64.2699261600,66.0489307200,64.0893165600,52593143,3768679119.0400
2024-11-07,63.5294268000,65.1097608000,65.1097608000,63.1140247200,54774602,3895318880.8500
2024-11-08,65.6154676800,65.5432238400,66.6088204800,64.2067128000,59337382,4283549293.3600
2024-11-11,64.3241090400,64.6582368000,64.8749683200,63.9538593600,44207913,3153791633.7100
2024-11-12,64.9381816800,65.3716447200,67.6292647200,64.8298159200,57547722,4231304808.8500
2024-11-13,65.4529190400,66.2837232000,67.0964664000,65.4348580800,45841657,3373337470.7100
2024-11-14,66.3559670400,66.5004547200,67.6292647200,65.3174618400,40843466,3020822981.1400
2024-11-15,66.0579612000,65.2452180000,66.9248872800,64.8839988000,34282515,2496870646.8500
2024-11-18,65.1729741600,64.1615604000,65.9044430400,63.9628898400,31938599,2292938836.9000
2024-11-19,64.1615604000,64.3963528800,64.7936940000,63.8454936000,22665163,1614053712.0200
2024-11-20,64.4595662400,64.5047186400,64.7033892000,63.8816155200,22637119,1610809493.0600
2024-11-21,64.4505357600,63.9719203200,64.4685967200,63.7100364000,21652845,1534662636.1200
2024-11-22,63.9628898400,63.5655487200,65.7599553600,63.4120305600,38845820,2781161792.3500
2024-11-25,63.3126952800,63.5655487200,65.3626142400,63.3126952800,38586774,2737579008.5900
2024-11-26,63.3126952800,63.7551888000,64.2970176000,62.6263788000,27418796,1932586725.1200
2024-11-27,63.5023353600,64.4053833600,64.5679320000,62.9785675200,26482499,1875798199.2800
2024-11-28,65.0194560000,63.3849391200,65.0194560000,62.9966284800,32328951,2275593420.1500
2024-11-29,62.9243846400,63.3307562400,63.9087069600,62.8069884000,27750141,1951115163.8000
2024-12-02,63.3488172000,63.2856038400,63.6919754400,62.5180130400,35790565,2500096040.2100
2024-12-03,63.2133600000,63.0779028000,63.2133600000,62.6715312000,31317422,2181594388.4300
2024-12-04,63.1049942400,64.5589015200,65.0104255200,62.8521408000,53195506,3779094533.9800
2024-12-05,64.6582368000,64.7666025600,65.8141382400,64.4956881600,36764463,2647263413.0200
2024-12-06,64.8207854400,65.7870468000,66.0399002400,64.5769624800,45677846,3318584661.9100
2024-12-09,65.0284864800,66.0399002400,66.7171862400,64.3963528800,41321923,3017126124.0200
2024-12-10,69.0922024800,66.6810643200,69.2276596800,66.6359119200,55513289,4164810150.8800
2024-12-11,66.5546376000,67.8189048000,68.0266058400,66.4643328000,33543390,2512587262.9700
2024-12-12,67.9092096000,68.2343068800,68.4058860000,67.1596797600,28639814,2153602253.5500
2024-12-13,67.9092096000,66.8255520000,67.9363010400,66.2205098400,37063334,2744782532.1400
2024-12-16,66.9158568000,66.1211745600,67.2319236000,65.6064372000,28047059,2054964896.1400
2024-12-17,66.1031136000,66.5275461600,67.4396246400,65.7509248800,27887305,2058385954.7600
2024-12-18,66.5185156800,66.9158568000,67.3493198400,66.4462718400,22578549,1675256402.9300
2024-12-19,66.6991252800,67.2228931200,67.9363010400,66.1392355200,25355278,1893593091.9400
2024-12-20,67.2138626400,66.8255520000,67.5389599200,66.5185156800,20939651,1552494957.1500
2024-12-23,66.8255520000,67.3764112800,67.9543620000,66.7803996000,22602881,1689849270.1800
2024-12-24,67.1867712000,68.8574100000,68.9748062400,67.1867712000,34414101,2606513925.5300
2024-12-25,68.9025624000,68.2162459200,69.1734768000,67.7647219200,22733866,1719267175.7200
2024-12-26,67.9633924800,68.6135870400,68.8483795200,67.4125332000,24214292,1829497500.4600
2024-12-27,68.6135870400,68.1078801600,68.6768004000,67.5479904000,19842117,1493951285.9800
2024-12-30,67.7286000000,68.0175753600,68.7941966400,67.6563561600,22182724,1676164968.7000
2024-12-31,67.8189048000,67.9272705600,68.6768004000,67.4486551200,30766003,2324365540.7000
2025-01-02,68.0898192000,68.0175753600,69.7153056000,67.7286000000,41367089,3143071622.1500
2025-01-03,67.7286000000,67.4486551200,68.6858308800,66.7352472000,29642200,2225340635.6100
2025-01-06,67.4396246400,68.0717582400,68.8845014400,67.0784054400,30681009,2308954916.0000
2025-01-07,67.7286000000,68.5684346400,69.3179644800,67.2770760000,25178525,1913943075.7100
2025-01-08,68.1891544800,70.0584638400,70.1307076800,68.1169106400,40692962,3129132561.5000
2025-01-09,70.1668296000,71.0969690400,71.3407920000,69.7153056000,34598694,2715146336.3500
2025-01-10,71.0969690400,68.9657757600,71.2414567200,68.9657757600,27109567,2093133228.5000
2025-01-13,68.2794592800,67.0964664000,68.6497089600,66.7623386400,25584606,1911136128.9900
2025-01-14,67.0964664000,67.3854417600,68.0446668000,66.3108146400,28858396,2150563704.4500
2025-01-15,67.4035027200,66.6630033600,68.4239469600,66.4643328000,25663453,1910565918.3000
2025-01-16,66.8165215200,66.9068263200,68.1349716000,66.7352472000,26233035,1953070087.8900
2025-01-17,66.8977958400,67.1416188000,67.6112037600,66.4914242400,15928751,1184446628.5300
2025-01-20,67.8189048000,67.6292647200,69.2999035200,67.6202342400,29699251,2245932515.6900
2025-01-21,67.9633924800,67.1867712000,67.9904839200,67.0242225600,16286277,1217315661.9700
2025-01-22,67.1687102400,65.9225040000,67.1687102400,65.2723094400,32217997,2351219471.2500
2025-01-23,66.2837232000,66.2927536800,66.7533081600,65.3806752000,27008672,1981526548.3600
2025-01-24,65.9315344800,65.7599553600,66.5004547200,65.5161324000,30486076,2224547325.1700
2025-01-27,65.7960772800,66.7171862400,67.0964664000,65.5793457600,28011516,2066038990.7900
2025-02-05,66.2837232000,65.2090960800,66.5456071200,64.7304806400,36351088,2623254186.0800
2025-02-06,65.1820046400,65.2632789600,65.5251628800,64.5047186400,28567493,2058313210.6100
2025-02-07,65.3806752000,66.3198451200,66.3198451200,64.7214501600,35534968,2588044042.9600
2025-02-10,66.2114793600,65.9315344800,66.2205098400,65.4709800000,31864987,2324957366.4900
2025-02-11,66.3198451200,66.5546376000,66.6991252800,65.5703152800,30044016,2200715457.0100
2025-02-12,66.3379060800,66.1753574400,66.4553023200,65.6335286400,22807278,1667138729.9000
2025-02-13,65.9225040000,65.1458827200,66.2746927200,65.1368522400,41066444,2979276852.2500
2025-02-14,65.1278217600,65.4619495200,65.6425591200,64.9291512000,23435076,1697819619.0600
2025-02-17,65.2452180000,65.0555779200,65.4438885600,64.3421700000,40235806,2886662764.1500
2025-02-18,65.0104255200,64.9291512000,65.6064372000,64.5950234400,29346513,2117878259.0400
2025-02-19,64.3873224000,64.5227796000,64.9923645600,64.1164080000,33715017,2408852125.2000
2025-02-20,64.4866576800,64.3241090400,64.7575720800,64.1705908800,31420228,2241810156.6500
2025-02-21,64.1344689600,63.7461583200,64.3241090400,63.3939696000,55339013,3903770927.1800
2025-02-24,63.8003412000,64.0170727200,64.5679320000,63.4662134400,46937741,3326317437.1800
2025-02-25,63.6648840000,62.3374034400,63.8184021600,62.2922510400,56599867,3932087507.7500
2025-02-26,62.0484280800,63.3217257600,63.3578476800,62.0393976000,40412376,2820753653.5700
2025-02-27,64.1164080000,65.4529190400,65.6606200800,63.7822802400,65248235,4700242778.0500
2025-02-28,65.6967420000,65.9676564000,66.3740280000,65.1097608000,50647934,3702978855.6200
2025-03-03,65.6515896000,64.1164080000,65.9134735200,63.9809508000,40591782,2908667198.7200
2025-03-04,64.3692614400,64.9923645600,65.4438885600,64.3692614400,30041994,2159097771.5500
2025-03-05,64.9291512000,64.7936940000,65.1549132000,64.2970176000,28618620,2050696435.8400
2025-03-06,64.9381816800,64.2428347200,64.9923645600,63.5926401600,40239881,2857881527.7000
2025-03-07,64.2247737600,63.9267679200,64.3331395200,63.4481524800,31482660,2228492957.3500
2025-03-10,63.9448288800,64.1796213600,64.3512004800,63.6739144800,27344026,1937259285.9000
2025-03-11,63.6648840000,64.0531946400,64.5137491200,63.4842744000,25282497,1788427242.0800
2025-03-12,64.0983470400,63.3036648000,64.0983470400,63.3036648000,30130110,2117631624.1500
2025-03-13,63.2223904800,63.2223904800,63.8003412000,63.0417808800,25262164,1774959974.2900
2025-03-14,63.2404514400,64.9020597600,65.1097608000,63.0508113600,42544964,3036261982.2300
2025-03-17,65.4890409600,64.9110902400,65.4890409600,64.6582368000,34733287,2497780791.3000
2025-03-18,65.0194560000,67.7105390400,68.7219528000,64.6672672800,77931396,5762238289.9700
2025-03-19,69.7423970400,69.0922024800,70.3835611200,67.7556914400,106626103,8164296254.9700
2025-03-20,68.9928672000,67.8821181600,69.3992388000,67.8189048000,58569319,4434498828.1500
2025-03-21,67.5208989600,67.9814534400,69.0199586400,67.5208989600,38452793,2903191224.5400
2025-03-24,67.6202342400,68.6858308800,69.0831720000,67.5660513600,38734811,2945134162.1000
2025-03-25,69.3631168800,69.4082692800,69.9862200000,68.9657757600,32418622,2493718323.2700
2025-03-26,69.0560805600,69.3450559200,69.8959152000,68.5142517600,23706858,1814277210.5300
2025-03-27,69.3450559200,69.0831720000,69.9862200000,68.9206233600,25721538,1974042919.3900
2025-03-28,68.8212880800,69.4172997600,69.6972446400,68.3426726400,24911431,1909917933.7700
2025-03-31,69.4443912000,70.8892680000,72.6953640000,69.4443912000,68968445,5458996643.2400
2025-04-01,70.5280488000,68.0807887200,71.1421214400,67.9092096000,55181654,4204786522.6900
2025-04-02,68.0446668000,68.5955260800,69.3450559200,67.9001791200,26853625,2036925144.2200
2025-04-03,67.3673808000,66.2476012800,67.5750818400,66.0579612000,56598874,4179850012.1200
2025-04-07,61.6059345600,60.6667646400,62.7347445600,59.6192289600,88089693,5986991841.1800
2025-04-08,61.4072640000,63.4210610400,63.6648840000,61.2176239200,74473332,5151771417.9800
2025-04-09,62.4818911200,62.9153541600,63.6648840000,61.7865441600,57883954,4027838482.3200
2025-04-10,63.7551888000,64.1976823200,64.6492063200,63.3307562400,45084852,3199356699.5600
2025-04-11,63.6829449600,63.6558535200,63.8816155200,62.8792322400,29562589,2075657472.1800
2025-04-14,63.8635545600,63.1411161600,64.0261032000,62.9514760800,34883505,2447104070.3500
2025-04-15,63.3036648000,64.5498710400,64.8659378400,62.9334151200,34366681,2441442777.2700
2025-04-16,64.2879871200,64.1164080000,64.5498710400,63.5474877600,26672943,1890971340.3800
2025-04-17,63.8816155200,64.0712556000,64.2699261600,63.5203963200,19591273,1388823325.3100
2025-04-18,64.0712556000,64.0441641600,64.4144138400,63.6377925600,15448383,1094653675.8900
2025-04-21,63.9177374400,64.4685967200,64.6672672800,63.6648840000,17751380,1262930781.7700
2025-04-22,64.3873224000,64.7666025600,65.2271570400,64.3060480800,22615500,1626765493.2600
2025-04-23,65.1097608000,64.8839988000,65.3987361600,64.8388464000,22586871,1627423196.7600
2025-04-24,65.3806752000,65.8773516000,66.0940831200,64.9833340800,23180750,1684714693.4500
2025-04-25,65.8773516000,65.6967420000,65.9225040000,65.3626142400,17097238,1244078507.6700
2025-04-28,66.2746927200,66.1302050400,66.4462718400,65.7418944000,23966015,1755320152.2000
2025-04-29,66.1572964800,67.0061616000,67.1596797600,65.7960772800,23497383,1733740167.9400
2025-04-30,67.7286000000,66.4823937600,67.8369657600,66.3288756000,47810026,3548715614.6800
2025-05-06,67.0332530400,66.8707044000,67.1687102400,66.0128088000,34641179,2556249632.3900
2025-05-07,67.5208989600,67.1506492800,67.8911486400,66.8255520000,30028102,2239595605.1100
2025-05-08,67.1416188000,67.7286000000,68.3065507200,66.7171862400,27707567,2081094568.8100
2025-05-09,67.7195695200,68.4510384000,68.6587394400,67.4667160800,24563898,1861536387.7200
2025-05-12,68.7219528000,69.1554158400,69.2999035200,68.5413432000,27223912,2078979154.0300
2025-05-13,69.5346960000,69.6340312800,69.7153056000,69.0289891200,25527841,1963341232.6100
2025-05-14,69.4443912000,69.6159703200,70.0313724000,68.7490442400,29249633,2248759305.8200
2025-05-15,69.2276596800,69.0831720000,69.5979093600,68.9206233600,20490185,1571335905.5300
2025-05-16,68.8212880800,69.1734768000,69.3902083200,68.2433373600,23865992,1819974355.5800
2025-05-19,69.0289891200,70.0584638400,70.1848905600,68.8935319200,26308625,2031022753.9500
2025-05-20,70.0133114400,71.0427861600,71.4310968000,69.9681590400,27799540,2184604654.8400
2025-05-21,70.8892680000,71.1601824000,71.7381331200,70.8621765600,20543826,1619842976.4000
2025-05-22,71.0969690400,71.6658892800,71.8464988800,70.7176888800,23403426,1850376659.3900
2025-05-23,71.6658892800,71.2414567200,72.6773030400,71.0879385600,29974589,2385953117.7200
2025-05-26,71.0879385600,70.6815669600,71.5123711200,70.0855552800,24168884,1893696279.0100
2025-05-27,70.6183536000,70.8712070400,71.2414567200,70.4558049600,20644898,1620472096.7500
2025-05-28,71.3227310400,71.6297673600,72.3341448000,71.0698776000,24044877,1911343091.9500
2025-05-29,71.4040053600,71.3227310400,71.7832855200,70.7628412800,25167731,1988440748.2100
2025-05-30,71.1059995200,71.3949748800,71.8013464800,70.7086584000,21573317,1703126097.3800
2025-06-03,71.3859444000,68.5503736800,71.3859444000,68.3336421600,56190781,4293054876.9600
2025-06-04,68.4329774400,68.2343068800,69.1554158400,68.1801240000,36755439,2790934593.4600
2025-06-05,68.1259411200,67.9543620000,68.5413432000,67.7737524000,23580308,1776718062.8700
2025-06-06,68.0627277600,68.3607336000,68.4781298400,67.8189048000,27555948,2081019011.1100
2025-06-09,67.9543620000,68.0898192000,68.2523678400,66.8887653600,46695588,3500234347.9300
2025-06-10,68.2975202400,67.7737524000,69.0831720000,67.7737524000,32107412,2433498302.1000
2025-06-11,67.9092096000,68.1710935200,68.4510384000,67.5750818400,26308346,1986827773.7600
2025-06-12,68.6444193900,68.3509458000,68.8053565200,67.7166641700,34702892,2510413457.6400
2025-06-13,67.7829324000,67.6693297200,68.3130782400,67.2149190000,30045204,2148718105.1300
2025-06-16,67.7829324000,67.4610581400,67.9722702000,67.0729156500,25020494,1784037773.8900
2025-06-17,67.9722702000,68.2184093400,69.1840321200,67.9722702000,32639478,2362020250.1800
2025-06-18,68.3414789100,68.2562769000,68.7674889600,68.1805417800,17528837,1265648158.8800
2025-06-19,68.3509458000,67.5273263700,68.5497504900,67.3379885700,21125341,1512893147.7800
2025-06-20,67.5462601500,68.5213498200,68.5213498200,67.4610581400,22986421,1655767156.0600
2025-06-23,68.1616080000,67.8965350800,68.4740153700,67.6503959400,21054495,1510951196.4500
2025-06-24,68.2562769000,68.9189592000,69.4301712600,68.1616080000,27050087,1971805636.0900
2025-06-25,68.9189592000,69.2787010200,69.4207043700,68.4456147000,24327543,1772058945.7500
2025-06-26,69.1082970000,69.2029659000,69.6668435100,68.8716247500,22672619,1658102064.5800
2025-06-27,69.1650983400,68.4266809200,69.2881679100,68.3698795800,22364021,1623349471.5500
2025-06-30,68.3982802500,68.3509458000,68.7106876200,68.1426742200,19302259,1394828332.7300
2025-07-01,68.4266809200,68.2657437900,68.4929491500,67.9722702000,18625209,1341760454.9400
2025-07-02,68.2657437900,68.6349525000,69.2029659000,67.9817370900,26615479,1929453681.1900
2025-07-03,68.9094923100,69.0041612100,69.0609625500,68.4834822600,17936923,1304399831.2700
2025-07-04,68.9946943200,69.5627077200,69.9035157600,68.7296214000,21146224,1548790546.5100
2025-07-07,69.2976348000,68.6822869500,69.5343070500,68.4740153700,21545334,1567324871.4000
2025-07-08,68.6822869500,68.3698795800,68.8242903000,68.2278762300,25686651,1856483046.7900
2025-07-09,68.2278762300,67.9722702000,68.4929491500,67.9722702000,27205267,1958489419.8500
2025-07-10,68.0101377600,67.8586675200,68.1332073300,67.5273263700,23151388,1656983409.3400
2025-07-11,67.9154688600,68.6160187200,68.9189592000,67.8681344100,32055369,2324470997.6900
2025-07-14,68.6065518300,69.2029659000,69.3071016900,68.1426742200,23373900,1702246964.0000
2025-07-15,69.2124327900,69.3071016900,69.5816415000,68.9284260900,24900978,1821265542.8400
2025-07-16,69.5532408300,69.0041612100,70.1401880100,68.9189592000,20688807,1514278423.7800
2025-07-17,68.8716247500,68.7580220700,69.5153732700,68.7296214000,24729994,1804135156.6200
2025-07-18,68.9852274300,68.9473598700,69.3733699200,68.6538862800,21951230,1596482224.0400
2025-07-21,68.7390882900,68.6822869500,69.0704294400,68.5402836000,30897062,2244011062.8300
2025-07-22,68.7106876200,69.2881679100,69.3165685800,68.4077471400,35720411,2602924270.5400
2025-07-23,69.2976348000,69.5816415000,69.9129826500,69.2787010200,36987240,2718700800.4500
2025-07-24,69.7709793000,69.5911083900,70.0076515500,69.1934990100,29069915,2134051794.1400
2025-07-25,69.4869726000,68.8810916400,69.4869726000,68.6822869500,24456208,1780421843.0300
2025-07-28,68.9378929800,68.1048066600,69.0325618800,67.9722702000,37773632,2725637108.0800
2025-07-29,68.1048066600,67.4421243600,68.2278762300,67.2338527800,39836931,2843589787.8800
2025-07-30,67.6787966100,68.2657437900,68.8621578600,67.4042568000,41132530,2964849147.8300
2025-07-31,68.1616080000,66.4481009100,68.1805417800,66.1546273200,69477714,4895784249.9400
2025-08-01,66.4575678000,67.0161143100,67.1865183300,66.3628989000,28644667,2019147913.1200
2025-08-04,66.7889089500,67.1581176600,67.2149190000,66.4575678000,19776642,1398398727.7300
2025-08-05,67.3190547900,67.5746608200,67.6977303900,66.9119785200,19174845,1365340860.1700
2025-08-06,67.5746608200,67.8776013000,67.9533364200,67.2054521100,22135849,1583549583.5700
2025-08-07,67.6977303900,67.6693297200,68.0953397700,67.4137236900,20361565,1456650768.7400
2025-08-08,67.5935946000,67.7639986200,68.0006708700,67.4894588100,20118405,1439938213.2000
2025-08-11,67.4989257000,67.9344026400,67.9912039800,67.3947899100,17912366,1282650770.4400
2025-08-12,67.9249357500,68.0953397700,68.5781511600,67.7829324000,24047589,1734351323.7500
2025-08-13,68.1426742200,67.9912039800,68.4361478100,67.7829324000,25384669,1827058280.0800
2025-08-14,67.9722702000,68.4740153700,69.1556314500,67.8965350800,45514924,3301054397.6900
2025-08-15,68.4740153700,68.4456147000,68.5402836000,67.9817370900,27469955,1980637245.3300
2025-08-18,68.4550815900,68.0101377600,68.6917538400,67.7923992900,54299761,3906936963.3600
2025-08-19,69.2976348000,68.8053565200,69.7047110700,68.3509458000,53760260,3916336802.0100
2025-08-20,68.3604126900,68.3698795800,68.4645484800,67.6977303900,40377028,2901846346.3200
2025-08-21,68.2468100100,68.0858728800,68.6349525000,67.8397337400,33801371,2436115382.3300
2025-08-22,68.1332073300,68.2468100100,68.3414789100,67.8302668500,39138892,2814332706.1500
2025-08-25,68.2752106800,69.6005752800,69.9129826500,68.2752106800,70023449,5110086585.8100
2025-08-26,69.6005752800,69.8656482000,70.3200589200,69.4017705900,46293790,3417986335.7900
2025-08-27,69.9508502100,68.8337571900,70.5756649500,68.8148234100,48841858,3605612809.6400
2025-08-28,68.8337571900,69.5816415000,70.0265853300,68.6444193900,43298746,3171280840.4800
2025-08-29,69.5816415000,69.7804461900,70.8502047600,69.4775057100,56766900,4210933505.4900
2025-09-01,71.0016750000,70.0833866700,71.7968937600,69.6005752800,77625858,5792738593.7700
2025-09-02,70.2537906900,72.0998342400,72.3270396000,70.0455191100,80590924,6106472167.2100
2025-09-03,72.4690429500,71.5886221800,73.0275894600,70.9543405500,50488071,3826685199.7400
2025-09-04,71.9294302200,71.5602215100,71.9483640000,70.4525953800,44353949,3328858300.1900
2025-09-05,71.7684930900,72.1566355800,72.6015794100,71.4182181600,46425167,3530971109.1300
2025-09-08,72.5826456300,72.9234536700,73.9174771200,72.4217085000,55029371,4245832273.7500
2025-09-09,72.9139867800,73.0654570200,73.4630664000,72.2797051500,38315019,2947171766.6100
2025-09-10,72.8950530000,72.9139867800,73.1506590300,72.3270396000,27154194,2087580321.3900
2025-09-11,72.8003841000,72.9139867800,73.1506590300,71.8536951000,45960511,3515566425.2000
2025-09-12,72.8477185500,71.5412877300,73.5482684100,71.3898174900,59117075,4507931248.7200
2025-09-15,71.1910128000,71.1626121300,71.9010295500,70.5283305000,48068047,3614905665.7200
2025-09-16,71.1247445700,70.4904629400,71.1910128000,70.1023204500,45602831,3396155195.7200
2025-09-17,70.4431284900,70.3863271500,71.4087512700,70.2159231300,57722675,4303710294.2800
2025-09-18,70.6229994000,69.8088468600,71.3330161500,69.2881679100,60084003,4452255640.8600
2025-09-19,69.4964394900,70.3863271500,70.6135325100,69.3071016900,38847838,2879645242.6900
2025-09-22,70.8218040900,69.3544361400,70.9070061000,69.0136281000,47973993,3520814681.2500
2025-09-23,69.3449692500,69.6100421700,69.7236448500,68.8432240800,42147721,3082692694.8800
2025-09-24,69.5911083900,70.1496549000,70.3863271500,69.0609625500,30628481,2260146501.2200
2025-09-25,69.3923037000,68.9568267600,69.8183137500,68.6822869500,47860729,3487388577.7400
2025-09-26,69.1461645600,70.2443238000,70.7176683000,69.0041612100,47698312,3524465565.6800
2025-09-29,70.4620622700,69.7993799700,70.5756649500,69.1556314500,46593907,3431995413.2100
2025-09-30,69.7709793000,68.7864227400,69.7804461900,68.6822869500,50610839,3690464285.4600
2025-10-09,68.4929491500,68.7580220700,69.0798963300,67.5746608200,61593908,4446685218.4200
2025-10-10,68.5876180500,68.9473598700,69.7993799700,68.2562769000,43330526,3168138018.8100
2025-10-13,67.5746608200,67.9817370900,68.2657437900,67.2338527800,48160457,3450611699.9500
2025-10-14,68.1616080000,68.7296214000,69.2503003500,67.8681344100,51909507,3767793738.6500
2025-10-15,68.9189592000,69.0325618800,69.5721746100,68.7296214000,37633251,2753955979.2400
2025-10-16,69.2976348000,69.2787010200,69.7615124100,68.6538862800,34678000,2535057433.0200
2025-10-17,68.8242903000,68.9189592000,69.6668435100,68.7674889600,27649108,2017092908.0000
2025-10-20,69.1934990100,68.9852274300,69.4869726000,68.5308167100,29755742,2166679567.6300
2025-10-21,69.0136281000,69.0230949900,69.3544361400,68.7106876200,28394659,2070032730.8900
2025-10-22,68.9189592000,69.9413833200,70.0455191100,68.7390882900,39329827,2894112406.4100
2025-10-23,69.8656482000,70.8975392100,70.9543405500,69.7520455200,34763341,2588236880.9700
2025-10-24,70.8975392100,70.6324662900,71.0016750000,70.4904629400,24483806,1829626026.2800
2025-10-27,70.7555358600,70.8880723200,71.3330161500,70.4052609300,34055264,2552508383.1600
2025-10-28,70.6324662900,70.4431284900,70.9259398800,70.1780555700,23365775,1740011911.8100
2025-10-29,70.2916582500,70.4336616000,70.4525953800,69.5816415000,27358650,2025139820.7700
2025-10-30,70.5283305000,71.2856817000,72.0430329000,70.5283305000,49965301,3777679276.1700
2025-10-31,71.1910128000,72.3270396000,72.7341158700,71.0963439000,50974159,3888018216.2700
2025-11-03,72.3175727100,71.3708837100,72.8477185500,71.1720790200,28196997,2132026191.4200
2025-11-04,71.1152776800,71.1531452400,71.7495593100,70.9070061000,30260649,2282008180.2400
2025-11-05,71.0016750000,71.8915626600,72.3175727100,70.3389927000,26615133,2015978787.0600
2025-11-06,71.8915626600,72.9234536700,73.3021292700,71.8915626600,35511147,2732619897.0600
2025-11-07,73.1506590300,72.1377018000,73.1506590300,72.0524997900,26441999,2021807279.7700
2025-11-10,72.1945031400,73.2074603700,73.4157319500,71.9010295500,39100815,3010493958.5800
2025-11-11,73.2074603700,73.1127914700,73.2642617100,72.5921125200,22770754,1755331383.5500
2025-11-12,73.1127914700,75.2523086100,76.2557989500,73.1127914700,73784703,5857421168.2700
2025-11-13,74.9777688000,75.3564444000,75.7351200000,74.4949574100,33337014,2639881173.7300
2025-11-14,75.2617755000,75.0061694700,76.1327293800,74.8357654500,27312749,2181244560.2700
2025-11-17,75.0061694700,74.2393513800,75.1576397100,73.7565399900,26109532,2050426784.0200
2025-11-18,74.5823421800,73.7344908000,74.9348197200,73.3534340000,23590408,1833005279.6700
2025-11-19,73.7154379600,73.7344908000,74.3918137800,73.3724868400,21441520,1661622967.5200
2025-11-20,73.8297550000,74.2489174800,75.1444009600,73.3820132600,26192879,2050174662.8000
2025-11-21,73.4486982000,75.0205575000,75.5349841800,73.4486982000,43949476,3442968264.8300
2025-11-24,74.8776612000,74.8395555200,75.7159861600,74.5442365000,36773938,2903024266.2600
2025-11-25,75.2491915800,74.9729254000,75.2587180000,73.9345456200,29101152,2280195508.5000
2025-11-26,74.9633989800,76.0208316000,76.2113600000,74.6966592200,32072777,2538706359.9100
2025-11-27,75.8303032000,76.0208316000,76.9067886600,75.2110859000,31646071,2524590682.3000
2025-11-28,76.0208316000,76.0779901200,76.2780449400,75.5730898600,18126661,1445017043.3100
2025-12-01,76.0208316000,76.2113600000,76.4018884000,75.4206671400,30352024,2419268736.4400
2025-12-02,76.3066242000,77.6974815200,77.7927457200,76.2208864200,37804931,3071966511.5300
2025-12-03,77.6879551000,78.2785931400,78.9549689600,77.4116889200,36866005,3038100688.7000
2025-12-04,78.2404874600,78.0118533800,79.2312351400,77.8975363400,28917966,2377656054.2200
2025-12-05,78.0118533800,78.3357516600,78.6787027800,77.8308514000,24616511,2020996777.5700
2025-12-08,79.0692860000,77.9356420200,79.1645502000,77.2021076800,27336529,2235419968.1600
2025-12-09,77.6403230000,76.4018884000,77.6974815200,76.1542014800,35647940,2872571866.5300
2025-12-10,76.1923071600,76.2780449400,76.8019980400,75.9255674000,24571972,1970629706.2600
2025-12-11,76.3256770400,75.5445106000,76.7448395200,75.4301935600,27294485,2178536617.3500
2025-12-12,75.5921427000,75.5635634400,76.1923071600,75.4492464000,32895862,2615339990.3900
2025-12-15,75.9160409800,76.6019432200,77.2592662000,75.6874069000,36554689,2945959174.7900
2025-12-16,76.4495205000,76.1732543200,77.0211057000,76.0589372800,21423089,1718619061.3600
2025-12-17,75.9350938200,76.6591017400,77.0877906400,75.6207219600,23028180,1850597015.6700
2025-12-18,76.4685733400,76.0494108600,76.7924716200,75.7445654200,21409792,1710070019.1900
2025-12-19,76.0684637000,75.6874069000,76.1160958000,75.0681896000,27801766,2205368623.6800
2025-12-22,75.5445106000,75.4111407200,76.0113051800,75.1634538000,24503713,1941379877.4100
2025-12-23,75.6207219600,75.8779353000,76.5066790200,75.2777708400,25468020,2029842283.1300
2025-12-24,75.6683540600,75.0681896000,76.1542014800,75.0300839200,21704738,1715476083.5500
2025-12-25,74.8014498400,74.8681347800,75.1444009600,74.4775515600,22675780,1780124524.5500
2025-12-26,74.8681347800,75.1348745400,75.3254029400,74.8300291000,21410712,1688269459.8900
2025-12-29,75.0586631800,74.6966592200,75.9446202400,74.5442365000,25697385,2026008965.1700
2025-12-30,74.4584987200,75.1158217000,75.6207219600,74.4203930400,21362222,1681118068.3600
2025-12-31,75.1348745400,74.4489723000,76.4780997600,74.1631797000,28775822,2256598465.5500
2026-01-05,76.2494656800,74.9538725600,76.6876810000,74.5442365000,44294709,3501427582.2900
2026-01-06,74.8586083600,75.1062952800,75.7255125800,73.7249643800,45452476,3572813822.2900
2026-01-07,75.2491915800,75.6111955400,75.8112503600,74.3632345200,40196784,3173707530.5200
2026-01-08,75.6111955400,75.2872972600,75.7159861600,74.6013950200,31253684,2464225428.8000
2026-01-09,75.8303032000,75.9922523400,76.1637279000,75.5445106000,34108097,2719435078.2600
2026-01-12,76.0017787600,74.8967140400,76.0113051800,74.1250740200,52501410,4117420886.9600
2026-01-13,74.2108118000,72.5913204000,74.3060760000,72.4960562000,94571232,7277543658.2700
2026-01-14,72.5913204000,73.4963303000,73.9535984600,72.3150542200,53968401,4151813691.0500
2026-01-15,73.7916493200,73.5630152400,74.3537081000,73.2486433800,36031372,2794124458.2000
2026-01-16,73.5915945000,73.6487530200,74.1631797000,73.4963303000,37186855,2882035810.5800
2026-01-19,73.7059115400,73.9440720400,74.4394458800,73.4010661000,33637393,2609235772.0700
2026-01-20,73.9821777200,75.2587180000,75.6111955400,73.5439624000,45535750,3580248040.9500
2026-01-21,75.2206123200,74.0964947600,75.2206123200,73.8773871000,36808644,2881638097.7900
2026-01-22,74.5442365000,73.8202285800,74.5537629200,73.7059115400,34404058,2673285096.0700
2026-01-23,73.8964399400,73.1438527600,74.1060211800,73.0771678200,37370740,2879013288.1100
2026-01-26,73.1629056000,72.7342167000,74.1822325400,72.4198448400,47313168,3631661682.1200
2026-01-27,72.7818488000,72.4960562000,73.4486982000,72.3245806400,32580654,2493849776.6500
2026-01-28,72.4865297800,71.7720482800,72.7437431200,71.4481500000,62893723,4759175491.8100
2026-01-29,72.1149994000,74.1917589600,74.3822873600,71.8958917400,62244106,4784027397.5900
2026-01-30,73.9250192000,73.9154927800,75.2587180000,73.7344908000,53250829,4168550768.0600
2026-02-02,73.9250192000,74.1631797000,74.7633441600,73.3534340000,34591579,2696447814.4400
2026-02-03,74.1155476000,74.2203382200,75.1539273800,73.7630700600,34503710,2691523349.8800
2026-02-04,74.4013402000,76.0303580200,76.0970429600,74.3156024200,38910259,3080223022.7800
2026-02-05,76.0494108600,76.6400489000,77.3164247200,75.8588824600,42919791,3456314702.7200
2026-02-06,76.6209960600,75.7731446800,76.9734736000,75.6397748000,31256590,2494058798.9600
2026-02-09,75.4301935600,75.4111407200,75.5826162800,74.6966592200,33466953,2637206616.1300
2026-02-10,75.4587728200,76.3923619800,76.4780997600,75.1444009600,30618408,2442130413.4500
2026-02-11,76.2113600000,75.9160409800,76.4114148200,75.8303032000,19806640,1581382077.1600
2026-02-12,75.6969333200,76.0208316000,76.2685185200,75.5445106000,18878441,1505278310.6100
2026-02-13,75.7445654200,75.3063501000,76.2113600000,75.1729802200,25510243,2024367757.8900
2026-02-24,76.4018884000,75.7540918400,76.7829452000,75.7540918400,25251393,2020103221.1300
2026-02-25,76.4780997600,75.9255674000,76.9448943400,75.5349841800,28552395,2280423704.0200
2026-02-26,76.3542563000,75.4968785000,76.4018884000,75.0205575000,25327062,2011764283.8400
2026-02-27,75.2872972600,74.9157668800,75.7350390000,74.7823970000,20160388,1590463839.3000
2026-03-02,74.3060760000,73.7821229000,74.3632345200,73.0676414000,27478559,2126756400.7200
2026-03-03,73.7916493200,72.9342715200,73.9631248800,72.8771130000,28800034,2219134173.1400
2026-03-04,72.4007920000,72.5532147200,72.8961658400,71.8006275400,28493355,2165428070.7400
2026-03-05,72.9723772000,72.6580053400,73.3439075800,72.5151090400,19687239,1505981137.0600
2026-03-06,72.6103732400,72.8961658400,73.0866942400,72.1721579200,20662879,1576695274.0600
2026-03-09,72.1435786600,71.8387332200,72.4960562000,71.4672028400,25947837,1958550800.9400
2026-03-10,72.1626315000,72.9723772000,73.2010112800,72.1626315000,20908556,1598535439.8000
2026-03-11,72.9723772000,73.7249643800,74.0393362400,72.4960562000,25135764,1941618421.1600
2026-03-12,73.6392266000,73.7344908000,74.0679155000,73.2867490600,19330478,1493891519.4400
2026-03-13,73.3058019000,73.2200641200,73.7916493200,73.0200093000,18729288,1443018565.5400
2026-03-16,72.8961658400,73.0104828800,73.2391169600,72.0959465600,20560029,1570261576.6100
2026-03-17,73.3343811600,72.9723772000,73.9250192000,72.9723772000,21407454,1649202285.1800
2026-03-18,73.1057470800,73.4105925200,73.6392266000,72.6865846000,20071638,1544837047.7000
2026-03-19,72.8104280600,72.4007920000,73.3343811600,72.3341070600,23272907,1777663109.8000
2026-03-20,72.3245806400,71.5624670400,72.5436883000,71.5624670400,21912595,1657477564.3400
2026-03-23,70.4478759000,69.8953435400,70.4669287400,68.9236487000,46200800,3377621417.8500
2026-03-24,70.2382946600,70.7146156600,70.8956176400,69.3523376000,26714723,1968463614.8800
2026-03-25,70.9718290000,71.2576216000,71.4195707400,70.4478759000,18496362,1376467587.7100
2026-03-26,71.3433593800,70.8003534400,71.9625766800,70.6669835600,17708533,1325335068.7500
2026-03-27,69.4476018000,71.2385687600,71.4005179000,69.3523376000,31912535,2367294086.5200
2026-03-30,69.8762907000,68.6854882000,70.4955080000,68.3711163400,45622715,3304801589.8700
2026-03-31,71.4957821000,72.7342167000,73.6582794400,70.7908270200,69491461,5310077351.8500
2026-04-01,72.8771130000,73.2010112800,73.7344908000,72.7246902800,27361577,2100652577.8700
2026-04-02,73.2105377000,73.7059115400,74.1536532800,72.9533243600,32631797,2523387317.6700
2026-04-03,73.6392266000,72.7342167000,73.6868587000,72.5913204000,17277260,1325461933.4400
2026-04-07,72.7342167000,72.5151090400,73.0676414000,72.0387880400,16382605,1246113299.9100
2026-04-08,73.3058019000,73.0962206600,73.5915945000,72.7342167000,28680412,2200099878.8600
2026-04-09,72.7818488000,72.8961658400,73.3724868400,72.3055278000,23502394,1796387350.5000
2026-04-10,72.8961658400,72.7913752200,73.1057470800,72.4579505200,25837267,1971065631.9600
2026-04-13,72.4293712600,72.1912107600,72.8485337400,72.0006823600,18237520,1384781817.9600
2026-04-14,72.4579505200,72.9247451000,72.9247451000,71.9244710000,19578158,1489302845.0900
2026-04-15,72.9247451000,73.8202285800,74.1917589600,72.5913204000,31845072,2461286852.7200
2026-04-16,74.0869683400,74.2108118000,74.7252384800,73.7344908000,23807803,1853913747.8700
2026-04-17,74.4775515600,74.9252933000,75.4968785000,74.1536532800,27735236,2181684922.9300
2026-04-20,74.6871328000,75.8112503600,76.1160958000,74.3537081000,27669979,2201771534.3600
2026-04-21,75.9731995000,75.7350390000,76.2875713600,75.4492464000,23879288,1903225381.9400
2026-04-22,75.7350390000,75.5445106000,75.8588824600,75.1348745400,20278160,1606990584.7900
2026-04-23,75.5349841800,76.0684637000,76.3542563000,75.0015046600,29943246,2388456633.0500
2026-04-24,75.7921975200,75.8874617200,76.4018884000,75.6969333200,21788011,1740580503.2600
2026-04-27,75.4873520800,75.7350390000,76.3542563000,75.2682444200,25851162,2060818397.1400
2026-04-28,75.6874069000,76.6400489000,76.9734736000,75.4301935600,30472906,2450034708.2300
2026-04-29,76.7353131000,77.4593210200,78.0594854800,76.6400489000,33110792,2684108095.6100
2026-04-30,77.1640020000,77.2592662000,78.2595403000,76.7924716200,35443269,2889837730.0400
2026-05-06,75.9255674000,76.6305224800,77.0496849600,75.4016143000,36041863,2885237850.3300
2026-05-07,76.2113600000,76.0303580200,77.1449491600,75.9922523400,37217647,2988466108.9400
2026-05-08,75.8779353000,76.5924168000,77.2497397800,75.5635634400,28242327,2273797150.1600
2026-05-11,76.3447298800,76.8496301400,78.5453329000,75.8112503600,43644407,3540579382.2600
2026-05-12,76.8401037200,76.2970977800,77.3259511400,75.9541466600,35775583,2875768678.5100
2026-05-13,76.1732543200,76.5733639600,77.1163699000,75.8588824600,32849685,2636662836.8300
2026-05-14,76.5828903800,77.9356420200,78.1928553600,76.5828903800,38926688,3174393394.8600
2026-05-15,77.5926909000,78.6596499400,79.3550786000,76.9258415000,42660857,3525964211.5800
2026-05-18,78.7644405600,78.9073368600,79.4884484800,78.1928553600,37735368,3123465723.8400
2026-05-19,78.9073368600,77.1640020000,78.9168632800,76.6876810000,33581768,2725821114.4300
2026-05-20,76.8972622400,77.6403230000,78.2690667200,76.2875713600,30159703,2454297430.4500
2026-05-21,78.2595403000,77.6403230000,79.2121823000,77.6403230000,31181254,2562761519.2800
2026-05-22,77.8022721400,76.4780997600,78.1166440000,76.1065693800,30984802,2493884551.6400
2026-05-25,76.2113600000,76.0303580200,76.3447298800,75.0586631800,23127455,1842662846.4100
2026-05-26,76.0208316000,75.7826711000,76.8782094000,75.6683540600,24495312,1954515554.5400
2026-05-27,75.7636182600,76.2399392600,76.4780997600,75.1348745400,25588779,2034009882.2300
2026-05-28,75.8303032000,75.2110859000,76.0017787600,74.8871876200,24199752,1913267192.5300
2026-05-29,75.1825066400,77.0211057000,77.4116889200,74.7823970000,42972944,3461222697.5700
2026-06-01,76.5162054400,77.8308514000,78.1166440000,76.4876261800,37671119,3058758976.7800
2026-06-02,77.4116889200,78.6882292000,78.8692311800,77.3735832400,26317746,2162929060.2600
2026-06-03,78.4024366000,78.6977556200,78.7834934000,77.6974815200,23032626,1895269952.1700
2026-06-04,78.1642761000,78.5167536400,79.5265541600,77.9261156000,24365847,2019048244.9900
2026-06-05,78.4024366000,77.8213249800,79.3550786000,77.7355872000,20949437,1725517859.2800
2026-06-08,77.5355323800,78.9263897000,79.7837675000,77.0496849600,36703053,3034363535.4300
2026-06-09,78.5929650000,78.4595951200,79.0597595800,77.8784835000,22099177,1819542340.7300
2026-06-10,78.5929650000,79.9266638000,80.8602529600,77.6117437400,38697291,3242378393.6600
2026-06-11,79.6980297200,81.3079947000,81.8319478000,79.4503428000,52143692,4432709136.5400
2026-06-12,80.4982490000,79.2883936600,80.6506717200,78.6405971000,42935287,3569548761.4600
2026-06-15,79.0216539000,77.0973170600,79.0502331600,76.6876810000,43292554,3514282135.4500
2026-06-16,77.1354227400,75.2206123200,77.1544755800,74.8395555200,41523880,3291473114.5800
2026-06-17,75.2301387400,75.4682992400,76.0684637000,74.8205026800,33447229,2647888308.2300
2026-06-18,75.4778256600,74.3060760000,75.7255125800,74.1155476000,36366779,2850857596.0600
2026-06-22,73.6678058600,74.5728157600,75.4016143000,73.2581698000,30670955,2398663377.2600
2026-06-23,74.4680251400,74.3727609400,75.8493560400,74.1346004400,36089100,2832542710.2400
2026-06-24,74.7823970000,73.0009564600,74.9729254000,72.4007920000,38487790,2950191887.1600
2026-06-25,73.0104828800,72.8771130000,74.6585535400,72.5913204000,41148953,3173689872.1600
2026-06-26,73.2391169600,74.8300291000,75.2015594800,72.9819036200,44953388,3512507556.1200
2026-06-29,75.7900000000,77.2700000000,77.9900000000,75.1400000000,74325828,5697834978.3700
2026-06-30,76.5200000000,75.5300000000,78.6600000000,75.3100000000,57750898,4402003722.5500
2026-07-01,76.0100000000,77.4000000000,77.6000000000,73.6200000000,50224160,3810029158.7300
2026-07-02,77.6100000000,77.0100000000,79.2600000000,76.9800000000,56146785,4362682503.1900
2026-07-03,77.5000000000,77.9600000000,79.9000000000,77.3100000000,55780335,4376620902.0100
2026-07-06,78.6000000000,80.0000000000,80.1500000000,78.0000000000,50383690,4006480144.8000
2026-07-07,79.4300000000,79.1200000000,80.3500000000,78.6500000000,34065422,2696340985.9300
2026-07-08,78.7500000000,79.4100000000,79.9600000000,78.3300000000,31545922,2505012479.5700
2026-07-09,79.0000000000,79.3300000000,79.5900000000,78.0000000000,30121549,2381427420.5900
2026-07-10,79.1400000000,78.9900000000,79.3000000000,77.8600000000,27961858,2201420876.3400
2026-07-13,78.5000000000,80.4000000000,80.6700000000,78.4200000000,47041628,3769459400.7800
2026-07-14,80.4300000000,81.1800000000,82.0000000000,79.9100000000,45750333,3706958309.3300
2026-07-15,81.1700000000,82.6700000000,82.7600000000,80.5800000000,33221104,2726356542.8900
2026-07-16,82.1500000000,81.8000000000,83.4500000000,81.8000000000,36238235,2982559446.2600
2026-07-17,82.3100000000,82.7100000000,83.4500000000,81.3400000000,46279515,3817607250.0800
2026-07-20,81.2300000000,84.3000000000,84.5000000000,81.1100000000,54704808,4571947510.8800
2026-07-21,84.1500000000,84.2700000000,85.7500000000,83.6100000000,45909911,3881820711.3500
2026-07-22,84.0400000000,84.8000000000,84.8000000000,83.5100000000,32691694,2751711197.1400
2026-07-23,84.6700000000,84.7700000000,85.1800000000,84.2700000000,19123849,1620699967.2100
2026-07-24,84.7500000000,84.5000000000,85.2000000000,84.1100000000,23791082,2014365070.1000
2026-07-27,84.0300000000,84.1300000000,84.5500000000,83.2000000000,22819203,1919459060.8900
2026-07-28,84.1200000000,85.3700000000,85.9200000000,84.0100000000,33671143,2871540848.1200
2026-07-29,85.3500000000,87.0100000000,87.5000000000,85.1000000000,47814431,4150483891.1700
2026-07-30,87.0100000000,88.9500000000,89.5000000000,86.5000000000,46149832,4071773623.8500
2026-07-31,87.0100000000,87.6000000000,87.7900000000,84.5100000000,47504454,4107738669.9000
