date,open,close,high,low,volume
2020-01-02,4.0553494500,4.0908448500,4.1440879500,4.0376017500,810319568
2020-01-03,4.0997187000,4.1973310500,4.2239526000,4.0730971500,994540560
2020-01-06,4.1440879500,4.1795833500,4.2594480000,4.1085925500,947278496
2020-01-07,4.1973310500,4.1529618000,4.2328264500,4.1263402500,653764720
2020-01-08,4.2771957000,4.4014296000,4.5522850500,4.2505741500,2182749328
2020-01-09,4.4901681000,4.4369250000,4.5434112000,4.3748080500,1096408480
2020-01-10,4.4635465500,4.3925557500,4.4812942500,4.3304388000,703093840
2020-01-13,4.3836819000,4.3836819000,4.3925557500,4.2771957000,786480608
2020-01-14,4.3659342000,4.4014296000,4.4546727000,4.3393126500,773166192
2020-01-15,4.3748080500,4.3304388000,4.3748080500,4.2771957000,715602208
2020-01-16,4.3481865000,4.3393126500,4.3748080500,4.2949434000,487349936
2020-01-17,4.3481865000,4.2860695500,4.3570603500,4.2683218500,491750784
2020-01-20,4.2683218500,4.4191773000,4.4369250000,4.2505741500,889641648
2020-01-21,4.4369250000,4.4103034500,4.4635465500,4.3748080500,803157408
2020-01-22,4.4103034500,4.3659342000,4.4191773000,4.2150787500,889572480
2020-01-23,4.2683218500,4.1884572000,4.4014296000,4.0908448500,1068219520
2020-02-03,3.7713862500,3.7713862500,3.7713862500,3.7713862500,154408900
2020-02-04,3.5761615500,3.9133678500,3.9488632500,3.5761615500,1489145696
2020-02-05,3.8956201500,3.9222417000,4.0464756000,3.8778724500,1067412768
2020-02-06,3.9044940000,4.1440879500,4.1707095000,3.8423770500,1349789776
2020-02-07,4.1263402500,4.1352141000,4.1707095000,4.0553494500,830338080
2020-02-10,4.0819710000,4.2150787500,4.3038172500,4.0642233000,863797776
2020-02-11,4.1973310500,4.2150787500,4.2683218500,4.1618356500,686205936
2020-02-12,4.1795833500,4.2239526000,4.2328264500,4.1352141000,706165392
2020-02-13,4.2062049000,4.1884572000,4.2594480000,4.1440879500,777005680
2020-02-14,4.1707095000,4.1529618000,4.2239526000,4.1174664000,718688736
2020-02-17,4.1529618000,4.3570603500,4.3836819000,4.1440879500,1308946336
2020-02-18,4.3659342000,4.4901681000,4.5345373500,4.3304388000,1578692832
2020-02-19,4.5167896500,4.4014296000,4.5522850500,4.4014296000,1054338928
2020-02-20,4.4457988500,4.7386359000,4.7918790000,4.4014296000,2017216208
2020-02-21,4.8362482500,4.7475097500,5.0137252500,4.7386359000,1918324688
2020-02-24,4.8717436500,5.1024637500,5.1202114500,4.8096267000,1960349328
2020-02-25,4.9693560000,5.1734545500,5.1912022500,4.8273744000,2040261488
2020-02-26,5.0403468000,4.7652574500,5.0758422000,4.6765189500,2022177920
2020-02-27,4.7830051500,4.6942666500,4.8539959500,4.6587712500,1060013600
2020-02-28,4.4369250000,4.3481865000,4.5167896500,4.3038172500,1869642976
2020-03-02,4.4369250000,4.5079158000,4.5877804500,4.3836819000,1574090304
2020-03-03,4.6055281500,4.5167896500,4.7120143500,4.4546727000,1471458736
2020-03-04,4.4369250000,4.4546727000,4.4901681000,4.3038172500,1135765392
2020-03-05,4.5700327500,4.5256635000,4.6055281500,4.4724204000,925822912
2020-03-06,4.4546727000,4.5789066000,4.6853928000,4.4191773000,1187413904
2020-03-09,4.4369250000,4.3481865000,4.4812942500,4.3215649500,1232650000
2020-03-10,4.2683218500,4.4635465500,4.4635465500,4.2328264500,1241466832
2020-03-11,4.4724204000,4.3304388000,4.4812942500,4.3215649500,970968768
2020-03-12,4.2062049000,4.0908448500,4.2417003000,4.0198540500,1346076096
2020-03-13,3.8157555000,3.9843586500,4.0819710000,3.7536385500,1311660624
2020-03-16,3.9932325000,3.6826477500,3.9932325000,3.6560262000,1339906928
2020-03-17,3.7181431500,3.7713862500,3.8157555000,3.6027831000,1163137200
2020-03-18,3.7891339500,3.6649000500,3.8601247500,3.6471523500,965009632
2020-03-19,3.6649000500,3.7092693000,3.7536385500,3.5584138500,1121111152
2020-03-20,3.7536385500,3.7270170000,3.7625124000,3.6294046500,878583904
2020-03-23,3.5584138500,3.4962969000,3.6116569500,3.4341799500,1187667056
2020-03-24,3.5672877000,3.5051707500,3.5761615500,3.3809368500,925028448
2020-03-25,3.5761615500,3.5939092500,3.6205308000,3.5406661500,944823264
2020-03-26,3.5672877000,3.5051707500,3.5761615500,3.4962969000,660027344
2020-03-27,3.5584138500,3.5051707500,3.5761615500,3.5051707500,533497216
2020-03-30,3.3898107000,3.3365676000,3.3986845500,3.2655768000,968307984
2020-03-31,3.3720630000,3.2921983500,3.3809368500,3.2833245000,614617984
2020-04-01,3.2833245000,3.3720630000,3.4608015000,3.2655768000,1032628912
2020-04-02,3.3365676000,3.4608015000,3.4608015000,3.3188199000,814194592
2020-04-03,3.4430538000,3.3898107000,3.4519276500,3.3720630000,547832976
2020-04-07,3.4785492000,3.4962969000,3.5140446000,3.4430538000,736266208
2020-04-08,3.4608015000,3.4962969000,3.5229184500,3.4608015000,521052928
2020-04-09,3.5140446000,3.4785492000,3.5229184500,3.4785492000,368235712
2020-04-10,3.4696753500,3.3720630000,3.4785492000,3.3631891500,551880144
2020-04-13,3.3454414500,3.3188199000,3.3543153000,3.3099460500,297099840
2020-04-14,3.3365676000,3.4075584000,3.4075584000,3.3276937500,378065536
2020-04-15,3.4075584000,3.4075584000,3.4519276500,3.3809368500,488859568
2020-04-16,3.3720630000,3.3809368500,3.4164322500,3.3365676000,374223600
2020-04-17,3.4164322500,3.4519276500,3.5140446000,3.4164322500,789678512
2020-04-20,3.4430538000,3.4164322500,3.4430538000,3.3543153000,576718368
2020-04-21,3.3898107000,3.3720630000,3.3898107000,3.3365676000,420931392
2020-04-22,3.3454414500,3.3809368500,3.3898107000,3.3276937500,327253184
2020-04-23,3.3986845500,3.3454414500,3.3986845500,3.3365676000,337746688
2020-04-24,3.3365676000,3.2833245000,3.3631891500,3.2655768000,521718112
2020-04-27,3.2833245000,3.2567029500,3.3099460500,3.2478291000,370390752
2020-04-28,3.2300814000,3.1413429000,3.2389552500,2.9727397500,928137472
2020-04-29,3.1147213500,3.1679644500,3.2212075500,3.0880998000,505944080
2020-04-30,3.1945860000,3.3365676000,3.3631891500,3.1857121500,906828576
2020-05-06,3.2833245000,3.3898107000,3.3986845500,3.2655768000,769871200
2020-05-07,3.4075584000,3.3454414500,3.4341799500,3.3365676000,516513264
2020-05-08,3.3720630000,3.4253061000,3.4430538000,3.3631891500,668395488
2020-05-11,3.4608015000,3.5051707500,3.5761615500,3.4430538000,1004690256
2020-05-12,3.5140446000,3.4785492000,3.5229184500,3.4164322500,516048016
2020-05-13,3.4430538000,3.4608015000,3.4962969000,3.4164322500,489992976
2020-05-14,3.4253061000,3.4253061000,3.4696753500,3.4164322500,441420960
2020-05-15,3.4430538000,3.4874230500,3.5406661500,3.3986845500,769228032
2020-05-18,3.4785492000,3.3720630000,3.4785492000,3.3543153000,853971840
2020-05-19,3.4075584000,3.4164322500,3.4341799500,3.3809368500,438434544
2020-05-20,3.4253061000,3.4696753500,3.5317923000,3.3986845500,845254608
2020-05-21,3.4962969000,3.4341799500,3.5051707500,3.4075584000,562786560
2020-05-22,3.4164322500,3.3454414500,3.4253061000,3.3276937500,548595440
2020-05-25,3.3276937500,3.2921983500,3.3365676000,3.2744506500,329049904
2020-05-26,3.3099460500,3.3454414500,3.3543153000,3.3010722000,278999216
2020-05-27,3.3543153000,3.2921983500,3.3543153000,3.2833245000,248960915
2020-05-28,3.2921983500,3.2833245000,3.3365676000,3.2389552500,333314656
2020-05-29,3.2744506500,3.2921983500,3.3543153000,3.2478291000,432431216
2020-06-01,3.3099460500,3.4874230500,3.4962969000,3.3010722000,1060086944
2020-06-02,3.5140446000,3.7713862500,3.8335032000,3.4962969000,2236567504
2020-06-03,3.8157555000,3.7536385500,3.8689986000,3.7181431500,1661517328
2020-06-04,3.8512509000,3.8423770500,3.9222417000,3.8246293500,1405775456
2020-06-05,3.8778724500,3.8512509000,3.9222417000,3.7802601000,1004476224
2020-06-08,3.9666109500,4.2062049000,4.2328264500,3.9577371000,2426070928
2020-06-09,4.1263402500,4.0819710000,4.1618356500,4.0198540500,1567739376
2020-06-10,4.0553494500,4.2594480000,4.3038172500,4.0109802000,1734440672
2020-06-11,4.2150787500,4.1263402500,4.2771957000,4.0730971500,1278418256
2020-06-12,3.9932325000,4.1085925500,4.1884572000,3.9932325000,1025448720
2020-06-15,3.9843586500,3.9222417000,4.1085925500,3.9044940000,1245596432
2020-06-16,4.0730971500,4.0287279000,4.0997187000,3.9843586500,798264304
2020-06-17,4.0198540500,3.9488632500,4.0198540500,3.9044940000,817586400
2020-06-18,3.9488632500,4.0376017500,4.0819710000,3.9399894000,1115449120
2020-06-19,4.0376017500,4.0730971500,4.0908448500,3.9932325000,1058526944
2020-06-22,4.1174664000,4.0819710000,4.1529618000,4.0464756000,990596352
2020-06-23,4.1618356500,4.0819710000,4.2417003000,4.0553494500,1143179680
2020-06-24,4.1085925500,4.0198540500,4.1174664000,3.9577371000,815947152
2020-06-29,4.0198540500,4.1085925500,4.1618356500,3.9932325000,990861040
2020-06-30,4.1174664000,4.1440879500,4.1618356500,4.0908448500,817576832
2020-07-01,4.1263402500,4.1263402500,4.1263402500,4.0376017500,781685136
2020-07-02,4.1263402500,4.3215649500,4.3215649500,4.0819710000,1503555920
2020-07-03,4.2949434000,4.2594480000,4.2949434000,4.1973310500,1084974224
2020-07-06,4.2683594200,4.4644009800,4.4822229400,4.2327155000,1652987088
2020-07-07,4.5713327400,4.6247986200,4.8119292000,4.5713327400,2095361984
2020-07-08,4.7406413600,4.7049974400,4.7941072400,4.5178668600,1429007360
2020-07-09,4.6426205800,4.7406413600,4.8743060600,4.6158876400,1612333520
2020-07-10,4.6515315600,4.5267778400,4.6782645000,4.4911339200,1552773920
2020-07-13,4.4911339200,4.6871754800,4.6960864600,4.4733119600,1390252880
2020-07-14,4.7139084200,4.6069766600,4.7941072400,4.5089558800,1308604832
2020-07-15,4.6158876400,4.4020241200,4.6337096000,4.3752911800,1095830352
2020-07-16,4.4198460800,4.1792496200,4.4911339200,4.1346947200,1313399104
2020-07-17,4.1881606000,4.1257837400,4.2327155000,4.0366739400,987903600
2020-07-20,4.1792496200,4.2950923600,4.2950923600,4.1436057000,889982672
2020-07-21,4.3218253000,4.4020241200,4.4822229400,4.2772704000,1106386048
2020-07-22,4.3842021600,4.4020241200,4.4911339200,4.3485582400,893935552
2020-07-23,4.3663802000,4.2594484400,4.3752911800,4.1436057000,1151037856
2020-07-24,4.2148935400,4.0277629600,4.2505374600,4.0099410000,932804640
2020-07-27,4.0277629600,3.9832080600,4.0723178600,3.9386531600,558384352
2020-07-28,4.0188519800,4.0901398200,4.1436057000,4.0188519800,621664864
2020-07-29,4.0634068800,4.1703386400,4.1703386400,4.0188519800,659823168
2020-07-30,4.1881606000,4.0901398200,4.2148935400,4.0812288400,588890528
2020-07-31,4.0990508000,4.1614276600,4.2238045200,4.0812288400,678047536
2020-08-03,4.2059825600,4.2772704000,4.2950923600,4.1881606000,841187216
2020-08-04,4.2950923600,4.2327155000,4.3040033400,4.1881606000,698983264
2020-08-05,4.2683594200,4.2505374600,4.2861813800,4.1436057000,871355808
2020-08-06,4.3218253000,4.3931131400,4.4020241200,4.2327155000,1558451120
2020-08-07,4.3485582400,4.2683594200,4.3574692200,4.1970715800,891789488
2020-08-10,4.2148935400,4.2772704000,4.3396472600,4.1792496200,712690800
2020-08-11,4.2594484400,4.1792496200,4.3574692200,4.1525166800,753383728
2020-08-12,4.1436057000,4.1792496200,4.1970715800,4.0723178600,657330208
2020-08-13,4.1970715800,4.3218253000,4.3752911800,4.1703386400,1145516768
2020-08-14,4.3129143200,4.4020241200,4.4733119600,4.2950923600,1151458432
2020-08-17,4.5535107800,4.6604425400,4.7762852800,4.5445998000,2025349808
2020-08-18,4.7049974400,4.6693535200,4.7228194000,4.5624217600,1268504320
2020-08-19,4.6515315600,4.5713327400,4.7406413600,4.5535107800,1066990800
2020-08-20,4.5267778400,4.6158876400,4.6604425400,4.4822229400,932314736
2020-08-21,4.7495523400,4.6247986200,4.8386621400,4.5980656800,919922688
2020-08-24,4.6515315600,4.8653950800,4.9723268400,4.6337096000,1702503008
2020-08-25,4.8653950800,4.7673743000,4.8832170400,4.7139084200,1051528848
2020-08-26,4.7139084200,4.5000449000,4.7495523400,4.4822229400,1136279792
2020-08-27,4.5089558800,4.5624217600,4.5802437200,4.4822229400,613368784
2020-08-28,4.5891547000,4.8386621400,4.8832170400,4.5713327400,1510006192
2020-08-31,5.0347037000,4.9010390000,5.0792586000,4.8832170400,1740936560
2020-09-01,4.9277719400,4.9634158600,4.9901488000,4.8921280200,738618080
2020-09-02,5.0079707600,5.1149025200,5.1683684000,4.9277719400,1416863008
2020-09-03,5.1505464400,5.0881695800,5.1505464400,4.9901488000,1136397568
2020-09-04,4.9455939000,5.0079707600,5.0614366400,4.9188609600,746424912
2020-09-07,5.0079707600,4.7941072400,5.0257927200,4.7139084200,944242576
2020-09-08,4.7941072400,4.9099499800,4.9188609600,4.7139084200,750693504
2020-09-09,4.8297511600,4.7228194000,4.8386621400,4.7049974400,714243136
2020-09-10,4.7851962600,4.5356888200,4.8030182200,4.5178668600,863872944
2020-09-11,4.5445998000,4.6693535200,4.6960864600,4.4644009800,602492768
2020-09-14,4.6871754800,4.6693535200,4.7584633200,4.6158876400,521062000
2020-09-15,4.6693535200,4.6515315600,4.6693535200,4.5713327400,401237232
2020-09-16,4.6247986200,4.5980656800,4.7049974400,4.5535107800,420433760
2020-09-17,4.5713327400,4.6604425400,4.7049974400,4.5445998000,567816720
2020-09-18,4.6693535200,4.6960864600,4.6960864600,4.5624217600,725082768
2020-09-21,4.6693535200,4.5713327400,4.7139084200,4.5624217600,621992816
2020-09-22,4.5089558800,4.5178668600,4.5891547000,4.5000449000,523093008
2020-09-23,4.5356888200,4.5624217600,4.5980656800,4.4733119600,467430336
2020-09-24,4.5445998000,4.3752911800,4.5445998000,4.3574692200,769789312
2020-09-25,4.3663802000,4.3307362800,4.4020241200,4.2861813800,435924672
2020-09-28,4.3752911800,4.3396472600,4.4020241200,4.3307362800,327042160
2020-09-29,4.3752911800,4.4733119600,4.5535107800,4.3574692200,584754432
2020-09-30,4.4822229400,4.3752911800,4.4911339200,4.3485582400,487004000
2020-10-09,4.5089558800,4.6337096000,4.6604425400,4.4554900000,784811568
2020-10-12,4.6515315600,4.6782645000,4.6871754800,4.5980656800,817117168
2020-10-13,4.6337096000,4.6069766600,4.6426205800,4.5802437200,556884192
2020-10-14,4.6069766600,4.5000449000,4.6069766600,4.4465790200,754901232
2020-10-15,4.4554900000,4.4287570600,4.4911339200,4.4109351000,520895344
2020-10-16,4.4198460800,4.3842021600,4.4376680400,4.3396472600,460342800
2020-10-19,4.4020241200,4.3218253000,4.4287570600,4.3129143200,450668560
2020-10-20,4.3396472600,4.3931131400,4.4020241200,4.2059825600,644063920
2020-10-21,4.3842021600,4.3129143200,4.3842021600,4.2683594200,461695776
2020-10-22,4.2772704000,4.3396472600,4.3842021600,4.2594484400,455064336
2020-10-23,4.3485582400,4.2683594200,4.3842021600,4.2505374600,392439152
2020-10-26,4.2505374600,4.2683594200,4.3040033400,4.2148935400,296018688
2020-10-27,4.2416264800,4.2327155000,4.2683594200,4.1614276600,373190784
2020-10-28,4.2238045200,4.2683594200,4.3040033400,4.1436057000,474953168
2020-10-29,4.1881606000,4.3218253000,4.3574692200,4.1614276600,646730528
2020-10-30,4.3931131400,4.2148935400,4.4198460800,4.2059825600,771878112
2020-11-02,4.2505374600,4.4287570600,4.4465790200,4.2059825600,1087027024
2020-11-03,4.4376680400,4.5089558800,4.5713327400,4.4109351000,937056432
2020-11-04,4.4733119600,4.4911339200,4.5178668600,4.4376680400,492012928
2020-11-05,4.5356888200,4.5535107800,4.5713327400,4.4822229400,779053952
2020-11-06,4.5713327400,4.6693535200,4.7406413600,4.5356888200,1347754672
2020-11-09,4.7228194000,4.7673743000,4.8297511600,4.6693535200,1291881472
2020-11-10,4.7317303800,4.8475731200,4.8653950800,4.6871754800,1093602016
2020-11-11,4.7673743000,4.6069766600,4.7851962600,4.5980656800,1183139744
2020-11-12,4.6247986200,4.7851962600,4.8208401800,4.5891547000,1126551760
2020-11-13,4.7495523400,4.7762852800,4.8208401800,4.7139084200,877614576
2020-11-16,4.8119292000,4.7941072400,4.8297511600,4.7139084200,663797360
2020-11-17,4.7406413600,4.6960864600,4.7584633200,4.5980656800,815975376
2020-11-18,4.7139084200,4.8475731200,4.9277719400,4.6960864600,1248650608
2020-11-19,4.8564841000,4.8030182200,4.8921280200,4.7406413600,745522960
2020-11-20,4.7228194000,4.8030182200,4.8297511600,4.6871754800,610105952
2020-11-23,4.7941072400,4.8208401800,4.8475731200,4.7406413600,742042464
2020-11-24,4.8119292000,4.8030182200,4.8743060600,4.7941072400,674086016
2020-11-25,4.8119292000,4.7673743000,4.9188609600,4.7584633200,903419264
2020-11-26,4.7495523400,4.6426205800,4.7673743000,4.6158876400,863891984
2020-11-27,4.6515315600,4.6693535200,4.6871754800,4.5980656800,531887872
2020-11-30,4.6871754800,4.8208401800,4.9099499800,4.6426205800,1360975568
2020-12-01,4.8743060600,4.9901488000,5.0347037000,4.8297511600,1325980672
2020-12-02,4.9990597800,5.1059915400,5.1951013400,4.9634158600,1768512848
2020-12-03,5.1059915400,4.8921280200,5.1149025200,4.8832170400,1186878304
2020-12-04,4.8564841000,4.7762852800,4.9010390000,4.7406413600,830751184
2020-12-07,4.7851962600,4.7049974400,4.8030182200,4.6871754800,686862064
2020-12-08,4.7049974400,4.6782645000,4.7406413600,4.6604425400,667842784
2020-12-09,4.6782645000,4.6069766600,4.6960864600,4.5980656800,655219888
2020-12-10,4.5891547000,4.6158876400,4.6337096000,4.4644009800,696977184
2020-12-11,4.5891547000,4.5267778400,4.6158876400,4.4465790200,758036880
2020-12-14,4.5000449000,4.6247986200,4.6426205800,4.4911339200,603001136
2020-12-15,4.6337096000,4.6960864600,4.7495523400,4.6158876400,643851008
2020-12-16,4.6604425400,4.6069766600,4.6960864600,4.5802437200,475172800
2020-12-17,4.5802437200,4.6782645000,4.6871754800,4.5089558800,469410288
2020-12-18,4.7049974400,4.6158876400,4.7049974400,4.5891547000,405024304
2020-12-21,4.6069766600,4.8119292000,4.8475731200,4.5802437200,1213856624
2020-12-22,4.8832170400,4.7584633200,4.9545048800,4.7495523400,1185791824
2020-12-23,4.8119292000,4.9723268400,4.9901488000,4.7941072400,1337286576
2020-12-24,4.9723268400,5.0703476200,5.0970805600,4.8475731200,1138182320
2020-12-25,5.0257927200,5.0703476200,5.1238135000,4.9455939000,827152336
2020-12-28,5.0792586000,5.0525256600,5.1059915400,4.9545048800,716055936
2020-12-29,5.0436146800,4.9812378200,5.2218342800,4.9634158600,1266377584
2020-12-30,4.9188609600,5.3109440800,5.3733209400,4.9010390000,1874198864
2020-12-31,5.2753001600,5.3465880000,5.3465880000,5.2396562400,1240815600
2021-01-04,5.3020331000,5.2753001600,5.3020331000,5.1416354600,1472368032
2021-01-05,5.2129233000,5.4891636800,5.5069856400,5.1772793800,1680283552
2021-01-06,5.4891636800,5.4713417200,5.5515405400,5.3911429000,1060686592
2021-01-07,5.4089648600,5.4980746600,5.5960954400,5.4000538800,1076377312
2021-01-08,5.5248076000,5.7297601400,5.7475821000,5.5248076000,1288730896
2021-01-11,5.8456028800,5.6941162200,5.9079797400,5.6139174000,1467336896
2021-01-12,5.8634248400,6.2020420800,6.2376860000,5.6228283800,1922723408
2021-01-13,6.2020420800,6.2555079600,6.5139263800,6.1574871800,1710930480
2021-01-14,6.3267958000,6.2555079600,6.6743240200,6.1663981600,1929809216
2021-01-15,6.2376860000,6.0594664000,6.3000628600,5.8277809200,2013886256
2021-01-18,5.9079797400,6.0951103200,6.1307542400,5.7297601400,1931019888
2021-01-19,6.0861993400,5.8099589600,6.1931311000,5.7832260200,1594534880
2021-01-20,5.8634248400,5.9792675800,6.1129322800,5.8366919000,1128330320
2021-01-21,6.0416444400,6.2198640400,6.3357067800,6.0416444400,1532860320
2021-01-22,6.2020420800,6.3535287400,6.3891726600,6.1396652200,1080822624
2021-01-25,6.3802616800,6.2822409000,6.4515495200,6.1931311000,1131113904
2021-01-26,6.1931311000,6.0238224800,6.2376860000,5.9347126800,1192722016
2021-01-27,6.0594664000,6.1753091400,6.2020420800,5.9614456200,958565520
2021-01-28,6.0505554200,5.6852052400,6.0951103200,5.6673832800,1503677088
2021-01-29,5.7030272000,5.5069856400,5.7208491600,5.3287660400,1696824560
2021-02-01,5.5693625000,5.5515405400,5.6050064200,5.3911429000,1156378032
2021-02-02,5.5604515200,5.6139174000,5.6406503400,5.4624307400,993427200
2021-02-03,5.5782734800,5.3287660400,5.5782734800,5.3287660400,1220714688
2021-02-04,5.3109440800,5.5069856400,5.5604515200,5.2040123200,1347822384
2021-02-05,5.5069856400,5.2485672200,5.5069856400,5.2485672200,1128165920
2021-02-08,5.2574782000,5.3287660400,5.4089648600,5.1951013400,716782560
2021-02-09,5.3465880000,5.4980746600,5.5515405400,5.3376770200,804767456
2021-02-10,5.4980746600,5.5158966200,5.5248076000,5.4535197600,682912576
2021-02-18,5.6139174000,5.4624307400,5.6495613200,5.4356978000,1031239904
2021-02-19,5.4000538800,5.5871844600,5.5960954400,5.3287660400,917026128
2021-02-22,5.5782734800,5.6406503400,5.7743150400,5.4891636800,1218420064
2021-02-23,5.6139174000,5.8099589600,5.9168907200,5.5782734800,1191922992
2021-02-24,5.7921370000,5.6317393600,5.7921370000,5.5337185800,1127113360
2021-02-25,5.6762942600,5.5871844600,5.7475821000,5.5693625000,831638576
2021-02-26,5.4000538800,5.4267868200,5.5515405400,5.3911429000,851793984
2021-03-01,5.4802527000,5.4980746600,5.5693625000,5.4267868200,640845264
2021-03-02,5.5158966200,5.4000538800,5.5248076000,5.3644099600,760807040
2021-03-03,5.4000538800,5.6584723000,5.6584723000,5.3822319200,989061088
2021-03-04,5.6139174000,5.6406503400,5.7030272000,5.5782734800,822000560
2021-03-05,5.5604515200,5.5515405400,5.6584723000,5.4356978000,1076804960
2021-03-08,5.6406503400,5.5871844600,5.8099589600,5.5693625000,1285882608
2021-03-09,5.5693625000,5.3020331000,5.5782734800,5.1683684000,1268573648
2021-03-10,5.3554989800,5.3020331000,5.4089648600,5.2040123200,887191856
2021-03-11,5.2574782000,5.2396562400,5.2574782000,5.0525256600,1049807376
2021-03-12,5.2485672200,5.4089648600,5.4535197600,5.1772793800,1043490192
2021-03-15,5.3822319200,5.4535197600,5.5069856400,5.3198550600,879350880
2021-03-16,5.4713417200,5.3644099600,5.4891636800,5.3109440800,627425840
2021-03-17,5.3198550600,5.5693625000,5.5871844600,5.2663891800,1080142080
2021-03-18,5.5515405400,5.5248076000,5.5871844600,5.4802527000,748760672
2021-03-19,5.4356978000,5.3644099600,5.4980746600,5.3287660400,680998336
2021-03-22,5.3465880000,5.6406503400,5.6584723000,5.3465880000,1265990384
2021-03-23,5.7030272000,5.6406503400,5.8099589600,5.5871844600,1012621216
2021-03-24,5.6139174000,5.5782734800,5.7119381800,5.5515405400,655710000
2021-03-25,5.5069856400,5.3822319200,5.5069856400,5.3644099600,854903760
2021-03-26,5.4089648600,5.6495613200,5.6495613200,5.3911429000,957008672
2021-03-29,5.6406503400,5.5871844600,5.7475821000,5.5693625000,672567008
2021-03-30,5.6228283800,5.6584723000,5.7386711200,5.5693625000,701244720
2021-03-31,5.6584723000,5.5871844600,5.6762942600,5.5426295600,466438864
2021-04-01,5.5871844600,5.5604515200,5.6050064200,5.4980746600,473919472
2021-04-02,5.5693625000,5.6762942600,5.7119381800,5.5158966200,873545424
2021-04-06,5.7475821000,5.6852052400,5.7475821000,5.6406503400,803647616
2021-04-07,5.7119381800,5.8456028800,5.8812468000,5.6852052400,1496761216
2021-04-08,5.7921370000,5.8010479800,5.8634248400,5.7119381800,851077744
2021-04-09,5.8099589600,5.8901577800,6.0060005200,5.7921370000,1251283680
2021-04-12,6.0060005200,5.7297601400,6.0149115000,5.7030272000,1402472064
2021-04-13,5.8723358200,5.8188699400,6.0060005200,5.6852052400,1771974160
2021-04-14,5.8277809200,6.2465969800,6.3000628600,5.8010479800,1898475360
2021-04-15,6.2376860000,6.2555079600,6.3000628600,6.1574871800,1090354048
2021-04-16,6.3089738400,6.2020420800,6.3089738400,6.0951103200,846898048
2021-04-19,6.2020420800,6.2911518800,6.3713507000,6.1842201200,1126666976
2021-04-20,6.2465969800,6.1931311000,6.2822409000,6.1574871800,731294192
2021-04-21,6.1753091400,6.3357067800,6.4248165800,6.1574871800,1006410272
2021-04-22,6.3267958000,6.3446177600,6.4159056000,6.3000628600,636837600
2021-04-23,6.3267958000,6.4871934400,6.5228373600,6.3267958000,910272672
2021-04-26,6.5317483400,6.4604605000,6.8168997000,6.4515495200,1421949776
2021-04-27,6.4248165800,6.5673922600,6.6297691200,6.3980836400,808728976
2021-04-28,6.5406593200,6.4515495200,6.5763032400,6.3535287400,914384384
2021-04-29,6.4426385400,6.4693714800,6.5941252000,6.4248165800,615649552
2021-04-30,6.5317483400,6.5317483400,6.6654130400,6.4337275600,877973888
2021-05-06,6.4159056000,6.2465969800,6.4159056000,6.2109530600,1169670992
2021-05-07,6.2376860000,5.8901577800,6.2376860000,5.8812468000,1429112912
2021-05-10,5.8812468000,5.9436236600,5.9614456200,5.8456028800,697614608
2021-05-11,5.8634248400,5.9525346400,6.0060005200,5.7654040600,697874752
2021-05-12,5.8901577800,5.8812468000,5.9168907200,5.8188699400,612700704
2021-05-13,5.8010479800,5.7208491600,5.8634248400,5.6673832800,793260736
2021-05-14,5.7654040600,5.8634248400,5.8723358200,5.7208491600,677117184
2021-05-17,5.8634248400,5.8188699400,5.9347126800,5.7743150400,742322816
2021-05-18,5.7921370000,5.8812468000,5.9168907200,5.7030272000,681328000
2021-05-19,5.8456028800,5.8812468000,5.9258017000,5.8188699400,506888720
2021-05-20,5.8634248400,5.8010479800,5.8723358200,5.7743150400,527293632
2021-05-21,5.8366919000,5.9079797400,6.0149115000,5.8366919000,822025616
2021-05-24,5.8634248400,5.7654040600,5.8723358200,5.7119381800,780888048
2021-05-25,5.7475821000,5.7921370000,5.8277809200,5.6139174000,868946800
2021-05-26,5.7654040600,5.7386711200,5.8188699400,5.7297601400,567790912
2021-05-27,5.7297601400,5.7654040600,5.8188699400,5.7030272000,569058560
2021-05-28,5.7743150400,5.6139174000,5.7832260200,5.5871844600,1150775776
2021-05-31,5.5960954400,5.6317393600,5.6673832800,5.5782734800,565001600
2021-06-01,5.6406503400,5.6673832800,5.6762942600,5.5871844600,514200960
2021-06-02,5.6584723000,5.5871844600,5.6673832800,5.5693625000,520623904
2021-06-03,5.5871844600,5.5782734800,5.6406503400,5.5515405400,432179136
2021-06-04,5.5963793400,5.5058230400,5.5963793400,5.4877117800,607995888
2021-06-07,5.4967674100,5.5329899300,5.5511011900,5.4605448900,445870464
2021-06-08,5.5239343000,5.4696005200,5.5239343000,5.4514892600,485860608
2021-06-09,5.4696005200,5.4877117800,5.5511011900,5.4514892600,496517264
2021-06-10,5.4605448900,5.3790442200,5.4786561500,5.3609329600,824985760
2021-06-11,5.3609329600,5.5420455600,5.5511011900,5.2703766600,1002002736
2021-06-15,5.5511011900,5.5329899300,5.5782680800,5.4696005200,606010112
2021-06-16,5.5239343000,5.4877117800,5.5873237100,5.4786561500,544484720
2021-06-17,5.4786561500,5.4877117800,5.5148786700,5.3971554800,510050816
2021-06-18,5.5058230400,5.7050469000,5.7412694200,5.5058230400,1332380976
2021-06-21,5.6869356400,5.6326018600,5.6959912700,5.5601568200,806138528
2021-06-22,5.6778800100,5.7412694200,5.8227700900,5.6688243800,817262544
2021-06-23,5.7050469000,5.7593806800,5.8046588300,5.6959912700,561192736
2021-06-24,5.7593806800,5.7865475700,5.7865475700,5.6869356400,549042912
2021-06-25,5.7503250500,5.7865475700,5.8046588300,5.7050469000,519760512
2021-06-28,5.7865475700,5.7322137900,5.8046588300,5.7141025300,469326416
2021-06-29,5.7141025300,5.6054349700,5.7231581600,5.5873237100,625383888
2021-06-30,5.6235462300,5.6507131200,5.7141025300,5.6235462300,412578816
2021-07-01,5.6507131200,5.4967674100,5.6688243800,5.4786561500,569841360
2021-07-02,5.4786561500,5.4605448900,5.5239343000,5.4243223700,422538672
2021-07-05,5.4514892600,5.4696005200,5.4877117800,5.3880998500,406545968
2021-07-06,5.4605448900,5.5782680800,5.5873237100,5.3880998500,635890704
2021-07-07,5.5511011900,5.5873237100,5.5963793400,5.4877117800,523619088
2021-07-08,5.6144906000,5.7050469000,5.7684363100,5.5963793400,905540592
2021-07-09,5.6326018600,5.7141025300,5.7503250500,5.6054349700,586385440
2021-07-12,5.7231581600,5.7593806800,5.7865475700,5.6688243800,848416256
2021-07-13,5.7503250500,5.7956032000,5.8046588300,5.7322137900,656963312
2021-07-14,6.1125502500,5.9223820200,6.1125502500,5.8861595000,1752596144
2021-07-15,5.9223820200,5.7231581600,5.9223820200,5.6416574900,1188780384
2021-07-16,5.6869356400,5.8680482400,5.9586045400,5.6597687500,1139430480
2021-07-19,5.8771038700,5.7684363100,5.9223820200,5.7322137900,743182944
2021-07-20,5.6959912700,5.6869356400,5.7322137900,5.6235462300,584106880
2021-07-21,5.6959912700,5.6144906000,5.7231581600,5.5782680800,814814880
2021-07-22,5.6144906000,5.6416574900,5.6778800100,5.5963793400,562162544
2021-07-23,5.6144906000,5.4967674100,5.6235462300,5.4605448900,1114287328
2021-07-26,5.4333780000,5.3790442200,5.4967674100,5.2794322900,963727744
2021-07-27,5.3518773300,5.3609329600,5.4967674100,5.3428217000,800809376
2021-07-28,5.2975435500,5.1435978400,5.2975435500,5.1254865800,831496816
2021-07-29,5.2069872500,5.1979316200,5.2432097700,5.1435978400,572596896
2021-07-30,5.1617091000,5.1979316200,5.1979316200,5.0439859100,631996464
2021-08-02,5.2069872500,5.3428217000,5.3790442200,5.1254865800,743112768
2021-08-03,5.2975435500,5.2613210300,5.3247104400,5.2250985100,486774736
2021-08-04,5.2613210300,5.2794322900,5.3247104400,5.2341541400,447593952
2021-08-05,5.2703766600,5.2522654000,5.3518773300,5.2069872500,458284208
2021-08-06,5.2250985100,5.2250985100,5.2432097700,5.1435978400,447756752
2021-08-09,5.2975435500,5.3156548100,5.3790442200,5.2703766600,563001840
2021-08-10,5.2884879200,5.3337660700,5.3609329600,5.2522654000,444536688
2021-08-11,5.3699885900,5.3247104400,5.3971554800,5.3156548100,424160352
2021-08-12,5.2975435500,5.3156548100,5.3609329600,5.2613210300,412060880
2021-08-13,5.3065991800,5.2341541400,5.3065991800,5.1979316200,517094192
2021-08-16,5.2069872500,5.2341541400,5.2975435500,5.1888759900,306735312
2021-08-17,5.2250985100,5.1073753200,5.2341541400,5.0892640600,513681760
2021-08-18,5.0983196900,5.1345422100,5.1345422100,5.0802084300,308691296
2021-08-19,5.2341541400,5.2341541400,5.3156548100,5.2069872500,712767472
2021-08-20,5.1888759900,5.1617091000,5.2160428800,5.1164309500,452921072
2021-08-23,5.1164309500,5.1435978400,5.1707647300,5.0983196900,413467296
2021-08-24,5.1435978400,5.0802084300,5.1435978400,5.0711528000,549530160
2021-08-25,5.0802084300,5.0892640600,5.1345422100,5.0530415400,387102272
2021-08-26,5.0802084300,5.0530415400,5.0983196900,5.0439859100,384854912
2021-08-27,5.0620971700,5.1617091000,5.1888759900,5.0439859100,608642976
2021-08-30,5.1888759900,5.2522654000,5.2522654000,5.1345422100,644535648
2021-08-31,5.3428217000,5.2703766600,5.3609329600,5.2341541400,762526592
2021-09-01,5.2703766600,5.2341541400,5.2703766600,5.1617091000,563627632
2021-09-02,5.2250985100,5.3156548100,5.3247104400,5.1979316200,720316416
2021-09-03,5.3337660700,5.2703766600,5.3428217000,5.2613210300,452277520
2021-09-06,5.2341541400,5.2613210300,5.2884879200,5.2069872500,428523648
2021-09-07,5.2432097700,5.2522654000,5.2703766600,5.2069872500,480685280
2021-09-08,5.2341541400,5.3971554800,5.4243223700,5.2250985100,1131123296
2021-09-09,5.3609329600,5.3609329600,5.3971554800,5.3156548100,609489584
2021-09-10,5.3518773300,5.3518773300,5.4243223700,5.3428217000,559999792
2021-09-13,5.3518773300,5.2703766600,5.3518773300,5.2341541400,570115344
2021-09-14,5.2613210300,5.1707647300,5.2794322900,5.1617091000,490830736
2021-09-15,5.1526534700,5.1254865800,5.1526534700,5.0983196900,392886912
2021-09-16,5.1164309500,5.1617091000,5.2069872500,5.0711528000,591430944
2021-09-17,5.1345422100,5.0802084300,5.1345422100,5.0530415400,548553696
2021-09-22,5.0349302800,4.9262627200,5.0349302800,4.9262627200,625750848
2021-09-23,4.8900402000,4.8990958300,4.9715408700,4.8809845700,512609824
2021-09-24,4.8990958300,4.7270388600,4.9172070900,4.7089276000,737005504
2021-09-27,4.7270388600,4.7813726400,4.8809845700,4.6727050800,552049696
2021-09-28,4.7542057500,4.7089276000,4.7813726400,4.6908163400,349447952
2021-09-29,4.6727050800,4.5549818900,4.6727050800,4.5459262600,546501424
2021-09-30,4.5640375200,4.5730931500,4.5912044100,4.5549818900,276040064
2021-10-08,4.7542057500,4.8085395300,4.8538176800,4.7270388600,853310112
2021-10-11,4.7723170100,4.7270388600,4.7813726400,4.7179832300,460123072
2021-10-12,4.6998719700,4.7360944900,4.8175951600,4.6727050800,582017312
2021-10-13,4.7089276000,4.7542057500,4.7632613800,4.6545938200,517339616
2021-10-14,4.7360944900,4.7089276000,4.7542057500,4.6817607100,371531360
2021-10-15,4.7179832300,4.6455381900,4.7360944900,4.6364825600,539061824
2021-10-18,4.6455381900,4.6093156700,4.6545938200,4.5640375200,452110864
2021-10-19,4.5912044100,4.6183713000,4.6455381900,4.5730931500,398781456
2021-10-20,4.6183713000,4.5730931500,4.6274269300,4.5549818900,474040064
2021-10-21,4.5459262600,4.5097037400,4.5549818900,4.5006481100,581508080
2021-10-22,4.5097037400,4.5006481100,4.5549818900,4.5006481100,415837184
2021-10-25,4.5097037400,4.4734812200,4.5187593700,4.4010361800,469398240
2021-10-26,4.4644255900,4.4825368500,4.5459262600,4.4463143300,385894816
2021-10-27,4.4825368500,4.3919805500,4.4915924800,4.3829249200,418550240
2021-10-28,4.3738692900,4.4100918100,4.4100918100,4.2833129900,522162656
2021-10-29,4.4282030700,4.4463143300,4.4644255900,4.3919805500,476294112
2021-11-01,4.4191474400,4.5097037400,4.5640375200,4.3919805500,681747280
2021-11-02,4.5006481100,4.4010361800,4.5549818900,4.3738692900,595655184
2021-11-03,4.4100918100,4.5640375200,4.6455381900,4.4010361800,932263072
2021-11-04,4.5640375200,4.5640375200,4.5730931500,4.5097037400,504069568
2021-11-05,4.5459262600,4.5368706300,4.5730931500,4.5097037400,389126096
2021-11-08,4.5278150000,4.5187593700,4.5459262600,4.4825368500,296967808
2021-11-09,4.5187593700,4.5368706300,4.5640375200,4.5187593700,268505504
2021-11-10,4.5278150000,4.5278150000,4.5640375200,4.5006481100,349031200
2021-11-11,4.5187593700,4.5730931500,4.5912044100,4.5006481100,482359936
2021-11-12,4.5640375200,4.5459262600,4.6093156700,4.5368706300,295736272
2021-11-15,4.5459262600,4.5278150000,4.5640375200,4.5187593700,266815817
2021-11-16,4.5278150000,4.5368706300,4.5912044100,4.5187593700,327674192
2021-11-17,4.5278150000,4.4915924800,4.5368706300,4.4644255900,373309856
2021-11-18,4.4825368500,4.4282030700,4.4825368500,4.4100918100,371353136
2021-11-19,4.4191474400,4.4644255900,4.4644255900,4.4100918100,253434991
2021-11-22,4.4644255900,4.5278150000,4.5459262600,4.4463143300,432659616
2021-11-23,4.5097037400,4.5278150000,4.5459262600,4.5006481100,272631904
2021-11-24,4.5278150000,4.5459262600,4.5459262600,4.5006481100,335339008
2021-11-25,4.5459262600,4.4915924800,4.5549818900,4.4825368500,304295728
2021-11-26,4.4825368500,4.4463143300,4.4825368500,4.4372587000,284271584
2021-11-29,4.3919805500,4.3829249200,4.4191474400,4.3738692900,330866368
2021-11-30,4.3829249200,4.3648136600,4.4100918100,4.3648136600,288592496
2021-12-01,4.3829249200,4.4191474400,4.4191474400,4.3648136600,257646358
2021-12-02,4.4100918100,4.3919805500,4.4100918100,4.3738692900,260586598
2021-12-03,4.3919805500,4.4100918100,4.4100918100,4.3648136600,270332528
2021-12-06,4.4100918100,4.4010361800,4.4372587000,4.3829249200,284039968
2021-12-07,4.4282030700,4.3919805500,4.4372587000,4.3738692900,283345040
2021-12-08,4.4010361800,4.4010361800,4.4100918100,4.3648136600,306999264
2021-12-09,4.4100918100,4.6093156700,4.6093156700,4.3919805500,1464727280
2021-12-10,4.6274269300,4.6727050800,4.7813726400,4.6274269300,1244373616
2021-12-13,4.6274269300,4.6636494500,4.7089276000,4.6093156700,712903248
2021-12-14,4.6636494500,4.6002600400,4.6636494500,4.5912044100,460814192
2021-12-15,4.6002600400,4.5912044100,4.6817607100,4.5640375200,507542336
2021-12-16,4.6002600400,4.6093156700,4.6545938200,4.5821487800,456585216
2021-12-17,4.6002600400,4.5730931500,4.6183713000,4.5640375200,360665152
2021-12-20,4.5549818900,4.5097037400,4.5821487800,4.4915924800,372685216
2021-12-21,4.4915924800,4.5368706300,4.5549818900,4.4915924800,251184148
2021-12-22,4.5549818900,4.5187593700,4.5730931500,4.5097037400,272444176
2021-12-23,4.5187593700,4.5278150000,4.5459262600,4.5006481100,271012576
2021-12-24,4.5278150000,4.4825368500,4.5368706300,4.4644255900,309873824
2021-12-27,4.4915924800,4.4825368500,4.4915924800,4.4644255900,250555268
2021-12-28,4.4915924800,4.4915924800,4.5006481100,4.4553699600,275577568
2021-12-29,4.4915924800,4.4644255900,4.5006481100,4.4553699600,198579273
2021-12-30,4.4734812200,4.5821487800,4.5912044100,4.4644255900,589630032
2021-12-31,4.5730931500,4.5730931500,4.6002600400,4.5459262600,351473216
2022-01-04,4.5730931500,4.6002600400,4.6002600400,4.5368706300,502901584
2022-01-05,4.6002600400,4.6364825600,4.6636494500,4.5730931500,551582560
2022-01-06,4.6183713000,4.5821487800,4.6183713000,4.5640375200,373105904
2022-01-07,4.6093156700,4.6636494500,4.6908163400,4.6002600400,615420064
2022-01-10,4.6817607100,4.6908163400,4.7270388600,4.6545938200,516083920
2022-01-11,4.6908163400,4.6002600400,4.7089276000,4.5821487800,495599984
2022-01-12,4.6093156700,4.6093156700,4.6274269300,4.5640375200,302008864
2022-01-13,4.6002600400,4.5549818900,4.6364825600,4.5459262600,403384544
2022-01-14,4.5278150000,4.5006481100,4.5368706300,4.4825368500,361373296
2022-01-17,4.5006481100,4.5278150000,4.5459262600,4.4915924800,238771607
2022-01-18,4.5278150000,4.5187593700,4.5368706300,4.4915924800,276790480
2022-01-19,4.4915924800,4.4915924800,4.5187593700,4.4734812200,295378976
2022-01-20,4.4915924800,4.4825368500,4.5187593700,4.4734812200,287594416
2022-01-21,4.5912044100,4.5187593700,4.6274269300,4.5097037400,546489888
2022-01-24,4.5006481100,4.5006481100,4.5278150000,4.4825368500,239497020
2022-01-25,4.4915924800,4.4100918100,4.5097037400,4.4100918100,400371968
2022-01-26,4.4100918100,4.4372587000,4.4915924800,4.4100918100,220714447
2022-01-27,4.4372587000,4.3648136600,4.4372587000,4.3467024000,307139120
2022-01-28,4.3829249200,4.3919805500,4.4191474400,4.3467024000,260815151
2022-02-07,4.4553699600,4.4644255900,4.4825368500,4.4282030700,261271885
2022-02-08,4.4553699600,4.5097037400,4.5097037400,4.4372587000,267963110
2022-02-09,4.5006481100,4.5368706300,4.5640375200,4.4915924800,313864688
2022-02-10,4.5368706300,4.5278150000,4.5459262600,4.5006481100,227395031
2022-02-11,4.5097037400,4.5278150000,4.5640375200,4.4825368500,315159008
2022-02-14,4.5006481100,4.4644255900,4.5006481100,4.4553699600,248353998
2022-02-15,4.4553699600,4.4553699600,4.4825368500,4.4372587000,169330857
2022-02-16,4.4734812200,4.4644255900,4.5006481100,4.4553699600,161374301
2022-02-17,4.4644255900,4.4463143300,4.4734812200,4.4463143300,159376582
2022-02-18,4.4191474400,4.4463143300,4.4644255900,4.4100918100,199931097
2022-02-21,4.4282030700,4.4915924800,4.5006481100,4.3919805500,510139120
2022-02-22,4.4734812200,4.4282030700,4.4825368500,4.4010361800,348839600
2022-02-23,4.4191474400,4.4463143300,4.4553699600,4.4100918100,300115184
2022-02-24,4.4282030700,4.3195355100,4.4372587000,4.2923686200,696671904
2022-02-25,4.3376467700,4.3376467700,4.3648136600,4.3195355100,343099376
2022-02-28,4.3195355100,4.2561461000,4.3285911400,4.2108679500,471934800
2022-03-01,4.2561461000,4.2561461000,4.2742573600,4.2289792100,309274848
2022-03-02,4.2289792100,4.2470904700,4.2561461000,4.2199235800,206072893
2022-03-03,4.2652017300,4.2561461000,4.2742573600,4.2470904700,212510153
2022-03-04,4.2470904700,4.2108679500,4.2470904700,4.2018123200,298842960
2022-03-07,4.1837010600,4.0840891300,4.1927566900,4.0569222400,531938656
2022-03-08,4.0569222400,3.9120321600,4.0840891300,3.8939209000,563727296
2022-03-09,3.9210877900,3.8395871200,3.9573103100,3.6584745200,565588592
2022-03-10,3.9301434200,3.9754215700,4.0206997200,3.9210877900,516729424
2022-03-11,3.9210877900,4.0206997200,4.0297553500,3.8667540100,376225552
2022-03-14,3.9844772000,3.9482546800,4.0478666100,3.9482546800,296777536
2022-03-15,3.9029765300,3.7309195600,3.9120321600,3.7218639300,489464944
2022-03-16,3.7852533400,3.8486427500,3.8576983800,3.6946970400,446128816
2022-03-17,3.9029765300,3.8576983800,3.9210877900,3.8576983800,365587536
2022-03-18,3.8395871200,3.8939209000,3.9029765300,3.8214758600,276274480
2022-03-21,3.9120321600,3.8848652700,3.9663659400,3.8395871200,358084480
2022-03-22,3.8576983800,3.9029765300,3.9301434200,3.8486427500,251187300
2022-03-23,3.9120321600,3.9029765300,3.9210877900,3.8848652700,214350564
2022-03-24,3.8939209000,3.8576983800,3.9029765300,3.8576983800,202164947
2022-03-25,3.8576983800,3.8305314900,3.8848652700,3.8124202300,220722518
2022-03-28,3.8033646000,3.8486427500,3.8576983800,3.7580864500,301244496
2022-03-29,3.8486427500,3.8124202300,3.8848652700,3.8033646000,243202945
2022-03-30,3.8395871200,3.9391990500,3.9391990500,3.8395871200,434658624
2022-03-31,3.9210877900,3.9029765300,3.9391990500,3.8848652700,339708128
2022-04-01,3.8939209000,3.9029765300,3.9029765300,3.8486427500,297129664
2022-04-06,3.9029765300,3.8939209000,3.9210877900,3.8667540100,299498304
2022-04-07,3.8758096400,3.7943089700,3.8758096400,3.7852533400,419947920
2022-04-08,3.7943089700,3.8033646000,3.8124202300,3.7309195600,347440160
2022-04-11,3.7943089700,3.6946970400,3.7943089700,3.6946970400,348681888
2022-04-12,3.6856414100,3.7852533400,3.7852533400,3.6765857800,309210304
2022-04-13,3.7852533400,3.7490308200,3.7943089700,3.7399751900,213845266
2022-04-14,3.7580864500,3.7490308200,3.7852533400,3.7490308200,216347407
2022-04-15,3.7309195600,3.7218639300,3.7490308200,3.7128083000,180252379
2022-04-18,3.7037526700,3.7309195600,3.7399751900,3.6765857800,154831824
2022-04-19,3.7309195600,3.7037526700,3.7490308200,3.6856414100,228337019
2022-04-20,3.7128083000,3.6765857800,3.7218639300,3.6675301500,213485304
2022-04-21,3.6675301500,3.5769738500,3.6765857800,3.5679182200,385420800
2022-04-22,3.5588625900,3.5860294800,3.6131963700,3.5135844400,268098046
2022-04-25,3.5407513300,3.3958612500,3.5588625900,3.3958612500,446712400
2022-04-26,3.4049168800,3.3234162100,3.4320837700,3.3143605800,351822832
2022-04-27,3.2690824300,3.4139725100,3.4411394000,3.2509711700,418737408
2022-04-28,3.4139725100,3.3868056200,3.4230281400,3.3415274700,376422592
2022-04-29,3.4049168800,3.4411394000,3.4592506600,3.3777499900,423926512
2022-05-05,3.4320837700,3.4230281400,3.4773619200,3.3958612500,381793856
2022-05-06,3.3596387300,3.3234162100,3.3686943600,3.3143605800,282929760
2022-05-09,3.3053049500,3.3324718400,3.3505831000,3.2871936900,157537327
2022-05-10,3.2871936900,3.3505831000,3.3686943600,3.2690824300,297617888
2022-05-11,3.3596387300,3.4683062900,3.5588625900,3.3415274700,620978016
2022-05-12,3.4411394000,3.4592506600,3.5135844400,3.4230281400,305680704
2022-05-13,3.4683062900,3.4592506600,3.4773619200,3.4320837700,199435732
2022-05-16,3.4773619200,3.4773619200,3.5045288100,3.4592506600,235929739
2022-05-17,3.4683062900,3.4773619200,3.4773619200,3.4320837700,194612699
2022-05-18,3.4773619200,3.4773619200,3.4954731800,3.4592506600,173592166
2022-05-19,3.4320837700,3.4864175500,3.4864175500,3.4139725100,227732693
2022-05-20,3.4954731800,3.5679182200,3.6131963700,3.4864175500,440653920
2022-05-23,3.5316957000,3.5407513300,3.5498069600,3.5045288100,285394368
2022-05-24,3.5588625900,3.4773619200,3.6041407400,3.4773619200,381091488
2022-05-25,3.4773619200,3.5135844400,3.5226400700,3.4683062900,170507928
2022-05-26,3.5226400700,3.5588625900,3.5679182200,3.4954731800,262832547
2022-05-27,3.5679182200,3.5588625900,3.5860294800,3.5407513300,275511216
2022-05-30,3.5971318400,3.5779981600,3.6066986800,3.5492976400,317369728
2022-05-31,3.5779981600,3.6258323600,3.6258323600,3.5492976400,320000336
2022-06-01,3.6162655200,3.6066986800,3.6258323600,3.5875650000,204951626
2022-06-02,3.6066986800,3.5971318400,3.6066986800,3.5779981600,163951418
2022-06-06,3.5875650000,3.6258323600,3.6449660400,3.5779981600,325821136
2022-06-07,3.6258323600,3.5971318400,3.6258323600,3.5779981600,238848151
2022-06-08,3.5971318400,3.5779981600,3.5971318400,3.5492976400,314362528
2022-06-09,3.5875650000,3.5205971200,3.5875650000,3.5014634400,357551328
2022-06-10,3.5014634400,3.5492976400,3.5588644800,3.4918966000,345690128
2022-06-13,3.5205971200,3.5014634400,3.5397308000,3.4823297600,331400080
2022-06-14,3.4727629200,3.5301639600,3.5301639600,3.4249287200,345657664
2022-06-15,3.5301639600,3.8458696800,3.8841370400,3.5205971200,1405806384
2022-06-16,3.8554365200,3.7310676000,3.8841370400,3.7023670800,1082834976
2022-06-17,3.6832334000,3.7119339200,3.7215007600,3.6449660400,550326448
2022-06-20,3.7310676000,3.7119339200,3.7406344400,3.6640997200,373899056
2022-06-21,3.7215007600,3.7119339200,3.7789018000,3.6832334000,395340176
2022-06-22,3.7119339200,3.6545328800,3.7215007600,3.6545328800,281989008
2022-06-23,3.6545328800,3.7023670800,3.7023670800,3.6449660400,283568016
2022-06-24,3.7023670800,3.7215007600,3.7502012800,3.6832334000,321779376
2022-06-27,3.7310676000,3.7310676000,3.7502012800,3.6928002400,318589808
2022-06-28,3.7215007600,3.8171691600,3.8363028400,3.6928002400,576132272
2022-06-29,3.7980354800,3.7502012800,3.8458696800,3.7406344400,431148688
2022-06-30,3.7406344400,3.7693349600,3.8267360000,3.7406344400,325107184
2022-07-01,3.7789018000,3.7597681200,3.7980354800,3.7502012800,223148103
2022-07-04,3.7406344400,3.7215007600,3.7502012800,3.7023670800,263650959
2022-07-05,3.7119339200,3.6928002400,3.7310676000,3.6640997200,274769168
2022-07-06,3.6832334000,3.6928002400,3.7406344400,3.6640997200,230368684
2022-07-07,3.7406344400,3.7597681200,3.8363028400,3.7406344400,515846912
2022-07-08,3.7597681200,3.7502012800,3.7980354800,3.7406344400,256902947
2022-07-11,3.7406344400,3.7023670800,3.7502012800,3.6832334000,258335720
2022-07-12,3.7023670800,3.6736665600,3.7215007600,3.6736665600,194938951
2022-07-13,3.6832334000,3.6832334000,3.7023670800,3.6545328800,197420877
2022-07-14,3.6832334000,3.6545328800,3.6928002400,3.6449660400,226961152
2022-07-15,3.6449660400,3.5779981600,3.6640997200,3.5301639600,350095272
2022-07-18,3.5779981600,3.6928002400,3.7023670800,3.5684313200,324051798
2022-07-19,3.6832334000,3.7215007600,3.7310676000,3.6640997200,281366577
2022-07-20,3.7502012800,3.7310676000,3.7597681200,3.7119339200,226819716
2022-07-21,3.7406344400,3.7215007600,3.7502012800,3.7023670800,212371463
2022-07-22,3.7406344400,3.7215007600,3.7884686400,3.7023670800,264175576
2022-07-25,3.7215007600,3.7119339200,3.7406344400,3.6928002400,167817417
2022-07-26,3.7119339200,3.6928002400,3.7310676000,3.6832334000,172428539
2022-07-27,3.6928002400,3.6928002400,3.7310676000,3.6640997200,134172343
2022-07-28,3.7023670800,3.7406344400,3.7884686400,3.6928002400,358139335
2022-07-29,3.7502012800,3.7215007600,3.7789018000,3.7119339200,207278035
2022-08-01,3.7119339200,3.7023670800,3.7310676000,3.6928002400,163248444
2022-08-02,3.6736665600,3.5875650000,3.6736665600,3.5301639600,543145171
2022-08-03,3.5684313200,3.5779981600,3.7119339200,3.5684313200,356500553
2022-08-04,3.6066986800,3.5875650000,3.6258323600,3.5684313200,195055519
2022-08-05,3.5971318400,3.6736665600,3.6928002400,3.5875650000,297128038
2022-08-08,3.6736665600,3.6928002400,3.7310676000,3.6640997200,188387786
2022-08-09,3.6928002400,3.6928002400,3.7119339200,3.6640997200,137904574
2022-08-10,3.6928002400,3.6928002400,3.7119339200,3.6736665600,174195452
2022-08-11,3.7023670800,3.7693349600,3.7789018000,3.6832334000,431267850
2022-08-12,3.7789018000,3.7789018000,3.8076023200,3.7597681200,285941969
2022-08-15,3.7693349600,3.7693349600,3.8076023200,3.7502012800,249509101
2022-08-16,3.7693349600,3.7406344400,3.7884686400,3.7310676000,218258883
2022-08-17,3.7502012800,3.7884686400,3.7980354800,3.7310676000,288261829
2022-08-18,3.7980354800,3.7884686400,3.7980354800,3.7502012800,239281106
2022-08-19,3.7884686400,3.7789018000,3.8554365200,3.7789018000,388354052
2022-08-22,3.7789018000,3.7789018000,3.8076023200,3.7597681200,203347592
2022-08-23,3.7789018000,3.7406344400,3.7789018000,3.7310676000,229761901
2022-08-24,3.7406344400,3.6736665600,3.7502012800,3.6736665600,270556991
2022-08-25,3.6832334000,3.6545328800,3.7023670800,3.6258323600,231120506
2022-08-26,3.6736665600,3.6258323600,3.6736665600,3.6162655200,219124375
2022-08-29,3.6066986800,3.6162655200,3.6449660400,3.5779981600,203387411
2022-08-30,3.5971318400,3.5684313200,3.6066986800,3.5492976400,318325403
2022-08-31,3.5588644800,3.5397308000,3.5684313200,3.5301639600,324257627
2022-09-01,3.5492976400,3.4631960800,3.5492976400,3.4536292400,412415048
2022-09-02,3.4631960800,3.4631960800,3.4918966000,3.4440624000,237189127
2022-09-05,3.4631960800,3.4344955600,3.4727629200,3.3962282000,279440984
2022-09-06,3.4440624000,3.5014634400,3.5110302800,3.4249287200,297589565
2022-09-07,3.4918966000,3.4536292400,3.4918966000,3.4440624000,266933552
2022-09-08,3.4727629200,3.4440624000,3.4727629200,3.4344955600,198895228
2022-09-09,3.4440624000,3.4631960800,3.4727629200,3.4249287200,212600811
2022-09-13,3.4727629200,3.4631960800,3.4823297600,3.4536292400,209172963
2022-09-14,3.4249287200,3.3962282000,3.4249287200,3.3675276800,332678046
2022-09-15,3.4057950400,3.4153618800,3.4153618800,3.3579608400,320559746
2022-09-16,3.3962282000,3.3005598000,3.4057950400,3.3005598000,362332575
2022-09-19,3.2814261200,3.2335919200,3.2909929600,3.2240250800,299272453
2022-09-20,3.2527256000,3.2335919200,3.2814261200,3.2335919200,160645143
2022-09-21,3.2240250800,3.2527256000,3.2622924400,3.1666240400,241966100
2022-09-22,3.2240250800,3.2622924400,3.2718592800,3.1953245600,152982457
2022-09-23,3.2431587600,3.2431587600,3.2909929600,3.2240250800,156709264
2022-09-26,3.2144582400,3.1761908800,3.2335919200,3.1761908800,214677510
2022-09-27,3.1953245600,3.2048914000,3.2144582400,3.1474903600,213246270
2022-09-28,3.1953245600,3.1474903600,3.1953245600,3.1474903600,221374643
2022-09-29,3.1666240400,3.0996561600,3.1857577200,3.0805224800,236550485
2022-09-30,3.0900893200,3.1283566800,3.1570572000,3.0900893200,230414600
2022-10-10,3.1761908800,3.1283566800,3.1953245600,3.1283566800,227421354
2022-10-11,3.1379235200,3.1187898400,3.1474903600,3.0805224800,207722940
2022-10-12,3.1187898400,3.3196934800,3.3483940000,3.0996561600,671206880
2022-10-13,3.3005598000,3.3292603200,3.3675276800,3.2622924400,381646051
2022-10-14,3.3483940000,3.3962282000,3.4344955600,3.3196934800,421522089
2022-10-17,3.3770945200,3.4918966000,3.5110302800,3.3675276800,493156362
2022-10-18,3.5110302800,3.4918966000,3.5205971200,3.4344955600,370144487
2022-10-19,3.4823297600,3.4344955600,3.4823297600,3.4249287200,289604835
2022-10-20,3.4153618800,3.4823297600,3.5110302800,3.4057950400,305101920
2022-10-21,3.4918966000,3.4440624000,3.5014634400,3.4249287200,223377138
2022-10-24,3.4536292400,3.4153618800,3.4918966000,3.3675276800,294618825
2022-10-25,3.3962282000,3.4153618800,3.4631960800,3.3579608400,205244945
2022-10-26,3.4249287200,3.4440624000,3.4727629200,3.4057950400,229314786
2022-10-27,3.4440624000,3.4344955600,3.4727629200,3.4344955600,157457181
2022-10-28,3.4344955600,3.3579608400,3.4440624000,3.3292603200,229729814
2022-10-31,3.2718592800,3.1953245600,3.3196934800,3.1570572000,490244320
2022-11-01,3.2048914000,3.3388271600,3.3483940000,3.2048914000,404159030
2022-11-02,3.3579608400,3.3675276800,3.4440624000,3.3483940000,278572636
2022-11-03,3.3483940000,3.3196934800,3.3675276800,3.2814261200,210623825
2022-11-04,3.3196934800,3.3866613600,3.3962282000,3.3101266400,248233460
2022-11-07,3.4153618800,3.4344955600,3.4536292400,3.4057950400,281691247
2022-11-08,3.4344955600,3.3866613600,3.4918966000,3.3770945200,269390646
2022-11-09,3.4057950400,3.3770945200,3.4153618800,3.3579608400,178094075
2022-11-10,3.3579608400,3.3292603200,3.3675276800,3.3101266400,217194287
2022-11-11,3.3962282000,3.3962282000,3.4249287200,3.3675276800,295088993
2022-11-14,3.4057950400,3.3675276800,3.4153618800,3.3483940000,258695377
2022-11-15,3.3579608400,3.5205971200,3.5397308000,3.3579608400,685482949
2022-11-16,3.5110302800,3.5205971200,3.6066986800,3.5014634400,473621125
2022-11-17,3.5397308000,3.5205971200,3.5588644800,3.4727629200,262121320
2022-11-18,3.5205971200,3.4631960800,3.5397308000,3.4631960800,260213518
2022-11-21,3.4536292400,3.4249287200,3.4631960800,3.3962282000,228880343
2022-11-22,3.4344955600,3.4631960800,3.5110302800,3.4344955600,349439234
2022-11-23,3.4536292400,3.4440624000,3.4631960800,3.4153618800,203340879
2022-11-24,3.4536292400,3.4153618800,3.4823297600,3.4057950400,166770542
2022-11-25,3.4057950400,3.4249287200,3.4344955600,3.3962282000,138711767
2022-11-28,3.3962282000,3.3770945200,3.3962282000,3.3292603200,235693114
2022-11-29,3.3866613600,3.4344955600,3.4440624000,3.3770945200,215456790
2022-11-30,3.4344955600,3.4249287200,3.4631960800,3.3962282000,233564714
2022-12-01,3.4536292400,3.4153618800,3.4727629200,3.4153618800,233646183
2022-12-02,3.4057950400,3.3962282000,3.4249287200,3.3866613600,186623810
2022-12-05,3.4057950400,3.4918966000,3.5014634400,3.4057950400,418953216
2022-12-06,3.4823297600,3.4918966000,3.5110302800,3.4536292400,280030336
2022-12-07,3.4823297600,3.4536292400,3.4823297600,3.4440624000,234931877
2022-12-08,3.4440624000,3.4440624000,3.4631960800,3.4344955600,175804429
2022-12-09,3.4440624000,3.4536292400,3.4631960800,3.4249287200,208315925
2022-12-12,3.4344955600,3.4249287200,3.4440624000,3.4057950400,159670061
2022-12-13,3.4249287200,3.4153618800,3.4344955600,3.4057950400,122791708
2022-12-14,3.4249287200,3.3770945200,3.4344955600,3.3675276800,212459789
2022-12-15,3.3675276800,3.3866613600,3.4153618800,3.3579608400,126637759
2022-12-16,3.3675276800,3.4344955600,3.4344955600,3.3579608400,223143800
2022-12-19,3.4249287200,3.3292603200,3.4344955600,3.3196934800,260260370
2022-12-20,3.3292603200,3.2909929600,3.3388271600,3.2814261200,176035220
2022-12-21,3.3005598000,3.2718592800,3.3101266400,3.2527256000,137158896
2022-12-22,3.2814261200,3.2527256000,3.2909929600,3.2335919200,133191609
2022-12-23,3.2335919200,3.2431587600,3.2718592800,3.2240250800,90156798
2022-12-26,3.2335919200,3.2622924400,3.2718592800,3.2335919200,102355683
2022-12-27,3.2718592800,3.2814261200,3.2814261200,3.2622924400,92390285
2022-12-28,3.2718592800,3.2431587600,3.2814261200,3.2335919200,130987569
2022-12-29,3.2335919200,3.2240250800,3.2335919200,3.2048914000,146636206
2022-12-30,3.2240250800,3.2335919200,3.2431587600,3.2144582400,107932196
2023-01-03,3.2431587600,3.3005598000,3.3101266400,3.2240250800,204666443
2023-01-04,3.3005598000,3.3579608400,3.3770945200,3.2718592800,326049925
2023-01-05,3.3770945200,3.3675276800,3.3866613600,3.3292603200,310613752
2023-01-06,3.3675276800,3.4631960800,3.5397308000,3.3483940000,667718011
2023-01-09,3.4727629200,3.4918966000,3.5110302800,3.4440624000,413362136
2023-01-10,3.4918966000,3.5110302800,3.5397308000,3.4727629200,314770936
2023-01-11,3.5205971200,3.5205971200,3.6066986800,3.5110302800,426913218
2023-01-12,3.5301639600,3.5684313200,3.5875650000,3.5014634400,460594250
2023-01-13,3.5779981600,3.5971318400,3.5971318400,3.5492976400,319669117
2023-01-16,3.5875650000,3.7023670800,3.7215007600,3.5875650000,550290234
2023-01-17,3.6928002400,3.7310676000,3.7693349600,3.6928002400,467021211
2023-01-18,3.7310676000,3.7597681200,3.7693349600,3.7023670800,330606243
2023-01-19,3.7502012800,3.8650033600,3.8745702000,3.7310676000,592131621
2023-01-20,3.8937038800,3.8554365200,3.9319712400,3.8171691600,441399679
2023-01-30,3.8937038800,3.9032707200,3.9511049200,3.8554365200,562858552
2023-01-31,3.8554365200,3.8076023200,3.8650033600,3.7789018000,640867469
2023-02-01,3.8267360000,3.8745702000,3.8937038800,3.8171691600,407487603
2023-02-02,3.8745702000,3.8363028400,3.8937038800,3.8267360000,303765163
2023-02-03,3.8267360000,3.8363028400,3.8554365200,3.7789018000,331273641
2023-02-06,3.8171691600,3.8554365200,3.8841370400,3.7980354800,355162498
2023-02-07,3.8650033600,3.8458696800,3.8937038800,3.8363028400,245750393
2023-02-08,3.8554365200,3.8171691600,3.8745702000,3.8076023200,227455472
2023-02-09,3.8171691600,3.9128375600,3.9224044000,3.8076023200,474463968
2023-02-10,3.9128375600,3.9032707200,3.9606717600,3.8937038800,305957338
2023-02-13,3.9128375600,3.8841370400,3.9128375600,3.8650033600,300686800
2023-02-14,3.8841370400,3.8841370400,3.9128375600,3.8554365200,235519136
2023-02-15,3.9128375600,4.0754738400,4.1233080400,3.9032707200,940652542
2023-02-16,4.1041743600,3.9989391200,4.1328748800,3.9798054400,614306242
2023-02-17,3.9989391200,3.9319712400,4.0372064800,3.9224044000,450774855
2023-02-20,3.9319712400,4.0085059600,4.0276396400,3.9224044000,396043097
2023-02-21,4.0085059600,4.0467733200,4.0850406800,4.0085059600,404291789
2023-02-22,4.0180728000,3.9989391200,4.0467733200,3.9606717600,324684109
2023-02-23,4.0085059600,3.9798054400,4.0276396400,3.9606717600,258435895
2023-02-24,3.9798054400,3.9606717600,3.9989391200,3.9224044000,249651348
2023-02-27,3.9415380800,3.9319712400,3.9893722800,3.9319712400,207586800
2023-02-28,3.9511049200,3.9893722800,3.9893722800,3.9415380800,234034673
2023-03-01,3.9893722800,4.0467733200,4.0946075200,3.9798054400,405045751
2023-03-02,4.0467733200,4.0467733200,4.0850406800,4.0372064800,280278874
2023-03-03,4.0754738400,4.0467733200,4.0754738400,4.0276396400,229000902
2023-03-06,4.0659070000,4.0276396400,4.0946075200,4.0085059600,322041050
2023-03-07,4.1041743600,3.9415380800,4.1807090800,3.9319712400,672384395
2023-03-08,3.9128375600,3.9415380800,3.9606717600,3.8745702000,322790070
2023-03-09,3.9415380800,3.9511049200,3.9798054400,3.9224044000,179975060
2023-03-10,3.9319712400,3.8937038800,3.9511049200,3.8841370400,235785565
2023-03-13,3.8841370400,3.9224044000,3.9319712400,3.8650033600,239051779
2023-03-14,3.9128375600,3.8841370400,3.9224044000,3.8554365200,248620559
2023-03-15,3.9032707200,3.9606717600,3.9989391200,3.8937038800,323651380
2023-03-16,3.9511049200,3.9128375600,3.9893722800,3.9032707200,243951955
2023-03-17,3.9798054400,3.9893722800,4.0276396400,3.9511049200,376697807
2023-03-20,4.0180728000,4.0467733200,4.0563401600,4.0085059600,363069097
2023-03-21,4.0850406800,4.0372064800,4.0946075200,4.0276396400,240252996
2023-03-22,4.0563401600,4.1711422400,4.1711422400,4.0467733200,706634085
2023-03-23,4.1615754000,4.2668106400,4.2859443200,4.1520085600,627122314
2023-03-24,4.2859443200,4.2955111600,4.3050780000,4.2476769600,492801174
2023-03-27,4.2955111600,4.2189764400,4.3433453600,4.1424417200,566496736
2023-03-28,4.2189764400,4.1424417200,4.2285432800,4.1233080400,408773264
2023-03-29,4.1328748800,4.1998427600,4.2189764400,4.1328748800,308059732
2023-03-30,4.1998427600,4.2381101200,4.2572438000,4.1328748800,338593302
2023-03-31,4.2381101200,4.2476769600,4.2572438000,4.1711422400,306349149
2023-04-03,4.2381101200,4.3050780000,4.3146448400,4.2189764400,414427407
2023-04-04,4.2955111600,4.2381101200,4.3242116800,4.2094096000,453454899
2023-04-06,4.2381101200,4.2859443200,4.3146448400,4.2189764400,400704088
2023-04-07,4.3146448400,4.2763774800,4.3337785200,4.2381101200,254119625
2023-04-10,4.2572438000,4.1902759200,4.3050780000,4.1615754000,348624956
2023-04-11,4.1807090800,4.2381101200,4.2763774800,4.1807090800,303780579
2023-04-12,4.2189764400,4.2955111600,4.3146448400,4.1902759200,442635324
2023-04-13,4.2859443200,4.2094096000,4.2955111600,4.1998427600,421961655
2023-04-14,4.1998427600,4.1615754000,4.2189764400,4.1233080400,365077813
2023-04-17,4.1711422400,4.1711422400,4.1998427600,4.1233080400,257888395
2023-04-18,4.1807090800,4.1520085600,4.1902759200,4.1328748800,236501123
2023-04-19,4.1520085600,4.0850406800,4.1615754000,4.0563401600,325525855
2023-04-20,4.0850406800,4.1615754000,4.1902759200,4.0754738400,303074197
2023-04-21,4.1711422400,3.9798054400,4.1711422400,3.9702386000,535806754
2023-04-24,3.9702386000,3.9032707200,3.9893722800,3.8745702000,347664103
2023-04-25,3.9032707200,3.8458696800,3.9128375600,3.8076023200,353750927
2023-04-26,3.8458696800,3.8554365200,3.8937038800,3.7789018000,298188980
2023-04-27,3.8458696800,3.8171691600,3.8745702000,3.8076023200,234792390
2023-04-28,3.8171691600,3.8458696800,3.8554365200,3.8076023200,178784104
2023-05-04,3.7980354800,3.8554365200,3.8841370400,3.7119339200,385499437
2023-05-05,3.8554365200,3.8171691600,3.8745702000,3.7980354800,243837943
2023-05-08,3.8458696800,3.8267360000,3.8554365200,3.7980354800,200904291
2023-05-09,3.8458696800,3.8745702000,3.9511049200,3.8076023200,400521629
2023-05-10,3.8650033600,3.8171691600,3.8745702000,3.7980354800,288049923
2023-05-11,3.8267360000,3.8171691600,3.8458696800,3.7980354800,170130483
2023-05-12,3.8076023200,3.7502012800,3.8171691600,3.7406344400,202543434
2023-05-15,3.7502012800,3.8076023200,3.8076023200,3.6928002400,215074140
2023-05-16,3.8076023200,3.7980354800,3.8171691600,3.7789018000,137575576
2023-05-17,3.7980354800,3.7502012800,3.8171691600,3.7406344400,162055137
2023-05-18,3.7597681200,3.7597681200,3.8076023200,3.7406344400,170831528
2023-05-19,3.7597681200,3.7884686400,3.8076023200,3.7502012800,138374570
2023-05-22,3.8076023200,3.7693349600,3.8363028400,3.7597681200,162177341
2023-05-23,3.7693349600,3.7502012800,3.8650033600,3.7502012800,334205189
2023-05-24,3.7215007600,3.5875650000,3.7310676000,3.5875650000,415071786
2023-05-25,3.5684313200,3.6449660400,3.6736665600,3.5588644800,302951672
2023-05-26,3.6258323600,3.6928002400,3.7023670800,3.6258323600,181086198
2023-05-29,3.7023670800,3.7406344400,3.8458696800,3.7023670800,332174749
2023-05-30,3.7310676000,3.7693349600,3.7789018000,3.6832334000,184496446
2023-05-31,3.7597681200,3.7980354800,3.8267360000,3.7502012800,243592487
2023-06-01,3.8171691600,3.7884686400,3.8171691600,3.7693349600,186310736
2023-06-02,3.7884686400,3.8076023200,3.8171691600,3.7789018000,143358517
2023-06-05,3.8076023200,3.8458696800,3.9319712400,3.7884686400,332554429
2023-06-06,3.8363028400,3.7597681200,3.8458696800,3.7502012800,208458118
2023-06-07,3.7791972400,3.8277730400,3.8569185200,3.7791972400,201301616
2023-06-08,3.8277730400,3.8180578800,3.8374882000,3.7694820800,184051153
2023-06-09,3.8180578800,3.8860640000,3.8860640000,3.7986275600,312283790
2023-06-12,3.8666336800,3.8472033600,3.9054943200,3.8472033600,238571214
2023-06-13,3.8472033600,3.8763488400,3.8860640000,3.7986275600,307616518
2023-06-14,3.8763488400,3.9152094800,3.9443549600,3.8666336800,338238305
2023-06-15,3.9152094800,3.9152094800,3.9249246400,3.8763488400,219503898
2023-06-16,3.9152094800,3.9249246400,3.9346398000,3.8860640000,248528639
2023-06-19,3.9249246400,3.9443549600,3.9735004400,3.9152094800,238195026
2023-06-20,3.9443549600,3.9152094800,3.9443549600,3.9054943200,186442783
2023-06-21,3.9054943200,3.8666336800,3.9152094800,3.8472033600,238797706
2023-06-26,3.8472033600,3.8763488400,3.9152094800,3.7986275600,373359285
2023-06-27,3.8666336800,3.9249246400,3.9540701200,3.8569185200,305374618
2023-06-28,3.9346398000,3.8860640000,3.9443549600,3.8666336800,261181373
2023-06-29,3.8763488400,3.8472033600,3.9152094800,3.8277730400,271570407
2023-06-30,3.8374882000,3.9735004400,3.9832156000,3.8277730400,479406427
2023-07-03,3.9929307600,4.0415065600,4.1580884800,3.9832156000,505715624
2023-07-04,4.0317914000,4.0415065600,4.0609368800,4.0123610800,196770748
2023-07-05,4.0317914000,4.0220762400,4.0706520400,4.0026459200,200285642
2023-07-06,4.0220762400,4.0997975200,4.1483733200,4.0123610800,468667507
2023-07-07,4.1483733200,4.1969491200,4.2163794400,4.1192278400,592119858
2023-07-10,4.2066642800,4.0900823600,4.2455249200,4.0803672000,422076677
2023-07-11,4.0997975200,4.1386581600,4.1483733200,4.0900823600,229315832
2023-07-12,4.1386581600,4.1386581600,4.2066642800,4.1192278400,370855722
2023-07-13,4.1386581600,4.1580884800,4.1872339600,4.1386581600,209281337
2023-07-14,4.1678036400,4.2455249200,4.2746704000,4.1580884800,494836060
2023-07-17,4.2260946000,4.2455249200,4.3038158800,4.2066642800,309013772
2023-07-18,4.2358097600,4.2066642800,4.2455249200,4.1775188000,210905217
2023-07-19,4.2066642800,4.1775188000,4.2163794400,4.1386581600,268873077
2023-07-20,4.1775188000,4.1095126800,4.2066642800,4.0900823600,246660051
2023-07-21,4.1095126800,4.0900823600,4.1678036400,4.0706520400,255187478
2023-07-24,4.0706520400,4.0609368800,4.1192278400,4.0512217200,179785254
2023-07-25,4.1095126800,4.0997975200,4.1386581600,4.0803672000,258969888
2023-07-26,4.0900823600,4.0512217200,4.0997975200,4.0123610800,292479783
2023-07-27,4.0415065600,4.0026459200,4.0706520400,3.9929307600,226638325
2023-07-28,3.9929307600,4.0803672000,4.0803672000,3.9832156000,290869252
2023-07-31,4.0803672000,4.1095126800,4.1386581600,4.0706520400,349483103
2023-08-01,4.0997975200,4.0997975200,4.1095126800,4.0706520400,197319322
2023-08-02,4.0803672000,4.0512217200,4.0997975200,4.0415065600,194657935
2023-08-03,4.0415065600,4.0706520400,4.0803672000,4.0123610800,181998521
2023-08-04,4.0803672000,4.0512217200,4.0997975200,4.0415065600,215952327
2023-08-07,4.0415065600,4.0123610800,4.0609368800,3.9929307600,220177184
2023-08-08,4.0026459200,3.9929307600,4.0317914000,3.9929307600,137709691
2023-08-09,4.0026459200,3.9443549600,4.0026459200,3.9443549600,238884699
2023-08-10,3.9443549600,3.9637852800,3.9832156000,3.9249246400,164692119
2023-08-11,3.9735004400,3.8472033600,3.9735004400,3.8472033600,321569979
2023-08-14,3.8180578800,3.8763488400,3.8763488400,3.7694820800,256580223
2023-08-15,3.8666336800,3.8666336800,3.8957791600,3.8277730400,206077586
2023-08-16,3.8472033600,3.8180578800,3.8666336800,3.8083427200,196257080
2023-08-17,3.7986275600,3.8277730400,3.8374882000,3.7889124000,173303092
2023-08-18,3.8374882000,3.7500517600,3.8374882000,3.7500517600,204404715
2023-08-21,3.7500517600,3.7014759600,3.7694820800,3.7014759600,193534088
2023-08-22,3.7209062800,3.7889124000,3.7986275600,3.7111911200,286163315
2023-08-23,3.7791972400,3.7111911200,3.7889124000,3.7014759600,257932961
2023-08-24,3.7306214400,3.7111911200,3.7500517600,3.6820456400,190696917
2023-08-25,3.6917608000,3.6626153200,3.7014759600,3.6237546800,300231878
2023-08-28,3.8277730400,3.7111911200,3.8472033600,3.7014759600,326835304
2023-08-29,3.7014759600,3.7694820800,3.7986275600,3.6917608000,295018767
2023-08-30,3.7986275600,3.8666336800,3.8957791600,3.7986275600,431947243
2023-08-31,3.8763488400,3.8957791600,3.9054943200,3.8472033600,297942039
2023-09-01,3.8957791600,3.8860640000,3.9152094800,3.8666336800,137521565
2023-09-04,3.9054943200,3.9540701200,3.9540701200,3.8860640000,240823737
2023-09-05,3.9540701200,3.9637852800,3.9929307600,3.9346398000,294230374
2023-09-06,3.9443549600,3.9443549600,3.9540701200,3.9152094800,180765925
2023-09-07,3.9249246400,3.8472033600,3.9346398000,3.8374882000,266621831
2023-09-08,3.8472033600,3.8569185200,3.8666336800,3.8083427200,152148899
2023-09-11,3.8666336800,3.8180578800,3.8763488400,3.8083427200,287678907
2023-09-12,3.8180578800,3.8472033600,3.8666336800,3.8083427200,203015170
2023-09-13,3.8374882000,3.7791972400,3.8374882000,3.7597669200,222742075
2023-09-14,3.7791972400,3.7694820800,3.7889124000,3.7403366000,182484357
2023-09-15,3.7889124000,3.7403366000,3.7889124000,3.7306214400,255727499
2023-09-18,3.7209062800,3.7306214400,3.7597669200,3.7014759600,196294652
2023-09-19,3.7209062800,3.7014759600,3.7306214400,3.6917608000,163435436
2023-09-20,3.7111911200,3.6820456400,3.7209062800,3.6820456400,170586750
2023-09-21,3.6820456400,3.6626153200,3.6820456400,3.6529001600,191543960
2023-09-22,3.6626153200,3.7791972400,3.7986275600,3.6529001600,305128707
2023-09-25,3.7889124000,3.7306214400,3.7889124000,3.7209062800,183006618
2023-09-26,3.7306214400,3.7111911200,3.7403366000,3.7014759600,139988343
2023-09-27,3.7111911200,3.6917608000,3.7306214400,3.6820456400,231307499
2023-09-28,3.7014759600,3.7500517600,3.7694820800,3.6917608000,252668905
2023-10-09,3.7403366000,3.8083427200,3.8277730400,3.7209062800,302446994
2023-10-10,3.8083427200,3.8472033600,3.8763488400,3.7986275600,312347940
2023-10-11,3.8569185200,3.8374882000,3.8666336800,3.8083427200,190281679
2023-10-12,3.8569185200,3.8569185200,3.8860640000,3.8374882000,159625514
2023-10-13,3.8374882000,3.8860640000,3.9054943200,3.8180578800,285685921
2023-10-16,3.8860640000,3.8277730400,3.8957791600,3.8180578800,297301352
2023-10-17,3.8472033600,3.8277730400,3.8763488400,3.7986275600,208540885
2023-10-18,3.8180578800,3.7986275600,3.8860640000,3.7986275600,204716455
2023-10-19,3.7791972400,3.7111911200,3.8180578800,3.7111911200,239935840
2023-10-20,3.7014759600,3.6626153200,3.7306214400,3.6431850000,288943859
2023-10-23,3.6529001600,3.5848940400,3.6626153200,3.5654637200,284564126
2023-10-24,3.6043243600,3.5946092000,3.6140395200,3.5557485600,322082829
2023-10-25,3.6334698400,3.6723304800,3.6917608000,3.6043243600,240619835
2023-10-26,3.6529001600,3.7014759600,3.7111911200,3.6431850000,258570491
2023-10-27,3.7014759600,3.7209062800,3.7306214400,3.6820456400,219096079
2023-10-30,3.7111911200,3.9054943200,3.9249246400,3.7014759600,587325963
2023-10-31,3.8860640000,3.8083427200,3.9152094800,3.7986275600,342075870
2023-11-01,3.7694820800,3.6431850000,3.7791972400,3.6334698400,669485427
2023-11-02,3.6529001600,3.6820456400,3.7111911200,3.6529001600,288637158
2023-11-03,3.6917608000,3.7403366000,3.7597669200,3.6626153200,418420911
2023-11-06,3.7694820800,3.8957791600,3.9152094800,3.7597669200,731418080
2023-11-07,3.8860640000,3.8860640000,3.9152094800,3.8666336800,360698478
2023-11-08,3.8860640000,3.8374882000,3.9054943200,3.8083427200,331942593
2023-11-09,3.8374882000,3.8374882000,3.9054943200,3.8180578800,253343822
2023-11-10,3.8277730400,3.8374882000,3.8472033600,3.7889124000,229563274
2023-11-13,3.8569185200,3.8374882000,3.8763488400,3.8180578800,190221699
2023-11-14,3.8277730400,3.8666336800,3.8957791600,3.8180578800,279019940
2023-11-15,3.9054943200,3.8763488400,3.9152094800,3.8569185200,228014011
2023-11-16,3.8666336800,3.8472033600,3.8957791600,3.8374882000,191655070
2023-11-17,3.8277730400,3.8666336800,3.8763488400,3.8277730400,211160786
2023-11-20,3.8666336800,3.8277730400,3.8860640000,3.8180578800,249755659
2023-11-21,3.8374882000,3.8277730400,3.8569185200,3.8083427200,232424551
2023-11-22,3.8180578800,3.7694820800,3.8277730400,3.7694820800,220593164
2023-11-23,3.7889124000,3.7986275600,3.8083427200,3.7597669200,165684532
2023-11-24,3.7889124000,3.7500517600,3.7986275600,3.7500517600,205494520
2023-11-27,3.7500517600,3.7889124000,3.8083427200,3.7306214400,300320065
2023-11-28,3.7986275600,3.8083427200,3.8472033600,3.7694820800,299075712
2023-11-29,3.8083427200,3.7986275600,3.8763488400,3.7986275600,283095185
2023-11-30,3.7889124000,3.7597669200,3.7986275600,3.7111911200,299796179
2023-12-01,3.7597669200,3.7597669200,3.7791972400,3.7111911200,216668162
2023-12-04,3.7694820800,3.7500517600,3.7791972400,3.7403366000,175228689
2023-12-05,3.7500517600,3.6820456400,3.7597669200,3.6723304800,312783964
2023-12-06,3.6820456400,3.7500517600,3.7694820800,3.6431850000,335125439
2023-12-07,3.7500517600,3.7209062800,3.7500517600,3.7014759600,192436700
2023-12-08,3.7306214400,3.7597669200,3.7791972400,3.7209062800,300537121
2023-12-11,3.7597669200,3.6723304800,3.7597669200,3.6334698400,526006036
2023-12-12,3.6529001600,3.6917608000,3.7014759600,3.6529001600,212753978
2023-12-13,3.6917608000,3.6431850000,3.7111911200,3.6431850000,225552194
2023-12-14,3.6529001600,3.6237546800,3.6723304800,3.6237546800,204960566
2023-12-15,3.6431850000,3.6237546800,3.6723304800,3.6140395200,211566807
2023-12-18,3.6237546800,3.5946092000,3.6237546800,3.5848940400,179124854
2023-12-19,3.5946092000,3.6140395200,3.6431850000,3.5751788800,163576745
2023-12-20,3.6140395200,3.5848940400,3.6431850000,3.5848940400,219501347
2023-12-21,3.5751788800,3.5751788800,3.5848940400,3.5363182400,273497373
2023-12-22,3.5848940400,3.6334698400,3.6626153200,3.5751788800,332825891
2023-12-25,3.6431850000,3.6529001600,3.6626153200,3.6140395200,186595578
2023-12-26,3.6431850000,3.5946092000,3.6529001600,3.5848940400,159864201
2023-12-27,3.6043243600,3.6820456400,3.7014759600,3.5946092000,303948933
2023-12-28,3.6820456400,3.7111911200,3.7209062800,3.6529001600,271693130
2023-12-29,3.7111911200,3.7889124000,3.8083427200,3.6917608000,483962097
2024-01-02,3.7791972400,3.7597669200,3.7889124000,3.7306214400,310637188
2024-01-03,3.7500517600,3.7403366000,3.7791972400,3.7111911200,264772115
2024-01-04,3.7306214400,3.6917608000,3.7403366000,3.6626153200,260849504
2024-01-05,3.6917608000,3.6820456400,3.7403366000,3.6626153200,282527220
2024-01-08,3.7111911200,3.7694820800,3.8569185200,3.7014759600,601705642
2024-01-09,3.7500517600,3.6723304800,3.8083427200,3.6529001600,438196798
2024-01-10,3.6626153200,3.6140395200,3.6723304800,3.6043243600,312938530
2024-01-11,3.6237546800,3.6529001600,3.6626153200,3.6043243600,228545185
2024-01-12,3.6431850000,3.6140395200,3.6626153200,3.6043243600,223497863
2024-01-15,3.5946092000,3.6140395200,3.6431850000,3.5848940400,193864016
2024-01-16,3.6237546800,3.6237546800,3.6334698400,3.5557485600,310656073
2024-01-17,3.6140395200,3.5751788800,3.6237546800,3.5751788800,222970600
2024-01-18,3.5751788800,3.5654637200,3.5848940400,3.4391666400,490711499
2024-01-19,3.5460334000,3.5460334000,3.5848940400,3.4974576000,306907539
2024-01-22,3.5460334000,3.4780272800,3.5654637200,3.4488818000,347503979
2024-01-23,3.4683121200,3.4780272800,3.5168879200,3.4294514800,282421057
2024-01-24,3.4877424400,3.5557485600,3.5654637200,3.4294514800,268791011
2024-01-25,3.5557485600,3.6334698400,3.6431850000,3.5363182400,309853817
2024-01-26,3.6237546800,3.6431850000,3.6723304800,3.6043243600,317946499
2024-01-29,3.6529001600,3.6334698400,3.6820456400,3.6334698400,245639573
2024-01-30,3.6237546800,3.5460334000,3.6431850000,3.5460334000,250552149
2024-01-31,3.5460334000,3.4974576000,3.5654637200,3.4780272800,291225241
2024-02-01,3.4780272800,3.5654637200,3.6334698400,3.4683121200,363587128
2024-02-02,3.5848940400,3.5460334000,3.6043243600,3.4488818000,389005710
2024-02-05,3.5266030800,3.5460334000,3.5946092000,3.4683121200,473843827
2024-02-06,3.5168879200,3.7111911200,3.7209062800,3.5071727600,552147844
2024-02-07,3.7306214400,3.7694820800,3.7791972400,3.7111911200,554487959
2024-02-08,3.7597669200,3.7694820800,3.7889124000,3.7209062800,467307383
2024-02-19,3.7889124000,3.8374882000,3.8374882000,3.7500517600,452831759
2024-02-20,3.8180578800,3.8472033600,3.8569185200,3.7986275600,317596246
2024-02-21,3.8374882000,3.8569185200,3.9152094800,3.8083427200,435794460
2024-02-22,3.8666336800,3.8666336800,3.8860640000,3.8277730400,322997628
2024-02-23,3.8763488400,3.8666336800,3.8860640000,3.8374882000,256257392
2024-02-26,3.8666336800,3.8180578800,3.8860640000,3.8180578800,283191515
2024-02-27,3.8180578800,3.8666336800,3.8763488400,3.8083427200,270750799
2024-02-28,3.8763488400,3.7889124000,3.8860640000,3.7889124000,409833790
2024-02-29,3.7694820800,3.8763488400,3.8763488400,3.7694820800,384614846
2024-03-01,3.8763488400,3.9929307600,3.9929307600,3.8763488400,696023332
2024-03-04,4.0123610800,3.9346398000,4.0220762400,3.9249246400,415197899
2024-03-05,3.9249246400,3.9540701200,3.9735004400,3.9152094800,379207883
2024-03-06,3.9540701200,3.9346398000,4.0026459200,3.9346398000,340575173
2024-03-07,3.9346398000,3.9152094800,3.9637852800,3.9054943200,265599207
2024-03-08,3.9249246400,3.9346398000,3.9443549600,3.9054943200,207941830
2024-03-11,3.9346398000,3.9637852800,3.9832156000,3.9152094800,343859419
2024-03-12,3.9735004400,3.9443549600,3.9735004400,3.9152094800,293267130
2024-03-13,3.9443549600,3.9443549600,3.9735004400,3.9249246400,307841234
2024-03-14,3.9346398000,3.8860640000,3.9540701200,3.8763488400,293655367
2024-03-15,3.8860640000,3.9249246400,3.9249246400,3.8666336800,258782166
2024-03-18,3.9249246400,3.9346398000,3.9443549600,3.8957791600,333099570
2024-03-19,3.9249246400,3.9249246400,3.9637852800,3.9152094800,276061225
2024-03-20,3.9152094800,3.8957791600,3.9346398000,3.8763488400,256162976
2024-03-21,3.9054943200,3.8860640000,3.9637852800,3.8860640000,323563653
2024-03-22,3.8860640000,3.8083427200,3.9054943200,3.8083427200,361396171
2024-03-25,3.8083427200,3.8180578800,3.8666336800,3.7889124000,286643070
2024-03-26,3.8180578800,3.8277730400,3.8472033600,3.7889124000,217522162
2024-03-27,3.8277730400,3.8374882000,3.8860640000,3.8083427200,356121558
2024-03-28,3.8374882000,3.9152094800,3.9540701200,3.8277730400,389520924
2024-03-29,3.9249246400,3.9443549600,3.9443549600,3.9054943200,195239200
2024-04-01,3.9637852800,4.2163794400,4.2649552400,3.9540701200,1193725057
2024-04-02,4.1872339600,4.1775188000,4.2163794400,4.1192278400,550133067
2024-04-03,4.1775188000,4.2163794400,4.2843855600,4.1580884800,557694455
2024-04-08,4.2358097600,4.2260946000,4.2941007200,4.1969491200,463667160
2024-04-09,4.2358097600,4.2066642800,4.2552400800,4.1483733200,361837761
2024-04-10,4.1969491200,4.1386581600,4.2066642800,4.0997975200,334414355
2024-04-11,4.1095126800,4.1192278400,4.1580884800,4.1095126800,293586296
2024-04-12,4.1678036400,4.1095126800,4.2163794400,4.0997975200,490164258
2024-04-15,4.1095126800,4.1775188000,4.1969491200,4.0997975200,458095539
2024-04-16,4.1775188000,4.0997975200,4.1872339600,4.0900823600,388150021
2024-04-17,4.0997975200,4.1580884800,4.1678036400,4.0997975200,377488510
2024-04-18,4.1483733200,4.1775188000,4.2843855600,4.1483733200,445087657
2024-04-19,4.1580884800,4.1192278400,4.1775188000,4.0900823600,375183476
2024-04-22,4.1095126800,4.0997975200,4.1192278400,4.0609368800,239121122
2024-04-23,4.1289430000,4.0900823600,4.1775188000,4.0803672000,339250615
2024-04-24,4.0900823600,4.1580884800,4.1678036400,4.0803672000,315782100
2024-04-25,4.1580884800,4.1969491200,4.2455249200,4.1386581600,353219525
2024-04-26,4.1969491200,4.2455249200,4.2455249200,4.1872339600,358244855
2024-04-29,4.2358097600,4.2163794400,4.2455249200,4.1969491200,358108711
2024-04-30,4.2358097600,4.2358097600,4.2941007200,4.2260946000,433288215
2024-05-06,4.3232462000,4.3912523200,4.4301129600,4.2843855600,746966432
2024-05-07,4.3815371600,4.3038158800,4.4009674800,4.2843855600,475016799
2024-05-08,4.3135310400,4.2941007200,4.3232462000,4.2455249200,405321919
2024-05-09,4.2746704000,4.2649552400,4.3329613600,4.2552400800,348873837
2024-05-10,4.2843855600,4.2552400800,4.2941007200,4.2163794400,318200703
2024-05-13,4.2358097600,4.2358097600,4.2746704000,4.2066642800,325762171
2024-05-14,4.2552400800,4.2552400800,4.3038158800,4.2358097600,268778006
2024-05-15,4.2455249200,4.2066642800,4.2552400800,4.1969491200,226047646
2024-05-16,4.2066642800,4.1775188000,4.2358097600,4.1483733200,280860019
2024-05-17,4.1678036400,4.2843855600,4.2843855600,4.1580884800,376993235
2024-05-20,4.2843855600,4.2163794400,4.3038158800,4.1969491200,408026792
2024-05-21,4.2163794400,4.2358097600,4.2843855600,4.1969491200,289661105
2024-05-22,4.2455249200,4.2455249200,4.2649552400,4.1969491200,328773010
2024-05-23,4.2358097600,4.1386581600,4.2455249200,4.1289430000,358452816
2024-05-24,4.1289430000,4.1095126800,4.1580884800,4.0997975200,292666254
2024-05-27,4.1095126800,4.1678036400,4.1775188000,4.0900823600,273622959
2024-05-28,4.1678036400,3.9735004400,4.1872339600,3.9540701200,645584662
2024-05-29,3.9832156000,3.9735004400,4.0317914000,3.9637852800,363857730
2024-05-30,3.9832156000,3.9929307600,4.0123610800,3.9443549600,274626183
2024-05-31,4.0026459200,3.9637852800,4.0415065600,3.9540701200,275525407
2024-06-03,3.9637852800,3.9735004400,3.9929307600,3.8957791600,330413355
2024-06-04,3.9735004400,4.0220762400,4.0609368800,3.9540701200,387898283
2024-06-05,4.0415065600,3.9929307600,4.0512217200,3.9929307600,236746450
2024-06-06,4.0026459200,3.9735004400,4.0415065600,3.9637852800,277030229
2024-06-07,3.9929307600,4.0220762400,4.0317914000,3.9637852800,277043449
2024-06-11,4.0123610800,4.0026459200,4.0220762400,3.9735004400,257640601
2024-06-12,4.0123610800,3.9637852800,4.0415065600,3.9540701200,314801560
2024-06-13,3.9735004400,3.9054943200,3.9832156000,3.8472033600,373162658
2024-06-14,3.9054943200,3.9540701200,3.9540701200,3.8957791600,277404300
2024-06-17,3.9346398000,3.9637852800,4.0026459200,3.8763488400,395935426
2024-06-18,3.9637852800,4.0220762400,4.0317914000,3.9540701200,345190175
2024-06-19,4.0318649600,4.0220788800,4.0514371200,4.0025067200,223969799
2024-06-20,4.0122928000,3.9437902400,4.0318649600,3.9340041600,313087971
2024-06-21,3.9437902400,3.9633624000,3.9731484800,3.9046459200,288415245
2024-06-24,3.9535763200,3.8752876800,3.9535763200,3.8655016000,366410233
2024-06-25,3.8752876800,3.8263572800,3.8850737600,3.7872129600,408393173
2024-06-26,3.8165712000,3.9046459200,3.9242180800,3.8067851200,301662185
2024-06-27,3.8948598400,3.9535763200,3.9731484800,3.8752876800,372424910
2024-06-28,3.9340041600,4.0025067200,4.0514371200,3.9340041600,372450916
2024-07-01,4.0025067200,4.0220788800,4.0318649600,3.9829345600,218273513
2024-07-02,4.0220788800,4.0122928000,4.0318649600,3.9829345600,205256019
2024-07-03,4.0025067200,4.0416510400,4.0514371200,3.9927206400,219490658
2024-07-04,4.0416510400,4.0025067200,4.0710092800,4.0025067200,236696421
2024-07-05,4.0122928000,3.9731484800,4.0122928000,3.9242180800,280849595
2024-07-08,3.9829345600,3.9437902400,4.0220788800,3.9340041600,254115140
2024-07-09,3.9340041600,4.0122928000,4.0220788800,3.9144320000,334220798
2024-07-10,4.0220788800,4.1003675200,4.1395118400,4.0220788800,420176026
2024-07-11,4.1395118400,4.2178004800,4.2275865600,4.1199396800,516657788
2024-07-12,4.1982283200,4.2080144000,4.2275865600,4.1590840000,349009635
2024-07-15,4.0612232000,3.8948598400,4.0710092800,3.8752876800,1120952624
2024-07-16,3.8948598400,4.0220788800,4.0220788800,3.8557155200,681219766
2024-07-17,4.0122928000,3.9829345600,4.0318649600,3.9731484800,359373938
2024-07-18,3.9633624000,3.9535763200,3.9731484800,3.8948598400,355429194
2024-07-19,3.9437902400,3.9829345600,4.0025067200,3.9340041600,321570232
2024-07-22,3.9927206400,3.9242180800,4.0025067200,3.8948598400,372392142
2024-07-23,3.9242180800,3.8165712000,3.9242180800,3.8165712000,447895687
2024-07-24,3.8165712000,3.7187104000,3.8263572800,3.6697800000,606184021
2024-07-25,3.6795660800,3.6991382400,3.7187104000,3.6697800000,368052324
2024-07-26,3.6991382400,3.7676408000,3.7774268800,3.6991382400,349519821
2024-07-29,3.7774268800,3.7578547200,3.7969990400,3.7480686400,208510173
2024-07-30,3.7480686400,3.7578547200,3.7774268800,3.7284964800,224353714
2024-07-31,3.7676408000,3.8557155200,3.8655016000,3.7676408000,345472418
2024-08-01,3.8557155200,3.8263572800,3.8850737600,3.8165712000,250998760
2024-08-02,3.8067851200,3.7872129600,3.8459294400,3.7872129600,238085900
2024-08-05,3.7676408000,3.6795660800,3.7969990400,3.6795660800,397857454
2024-08-06,3.6991382400,3.6893521600,3.7284964800,3.6502078400,308396945
2024-08-07,3.6893521600,3.6697800000,3.6991382400,3.6599939200,218457907
2024-08-08,3.6502078400,3.6599939200,3.6795660800,3.6208496000,241622902
2024-08-09,3.6697800000,3.6502078400,3.6991382400,3.6502078400,210866617
2024-08-12,3.6502078400,3.6208496000,3.6599939200,3.6110635200,200828780
2024-08-13,3.6208496000,3.6502078400,3.6502078400,3.6012774400,228006201
2024-08-14,3.6502078400,3.6404217600,3.6795660800,3.6404217600,172046055
2024-08-15,3.6502078400,3.7089243200,3.7382825600,3.6306356800,344577366
2024-08-16,3.7187104000,3.7187104000,3.7480686400,3.7089243200,232741061
2024-08-19,3.7187104000,3.7284964800,3.7480686400,3.7089243200,198053375
2024-08-20,3.7382825600,3.7187104000,3.7676408000,3.7089243200,277074010
2024-08-21,3.7187104000,3.7480686400,3.7969990400,3.7089243200,256238985
2024-08-22,3.7480686400,3.7676408000,3.7872129600,3.7284964800,228000740
2024-08-23,3.7578547200,3.7774268800,3.7872129600,3.7187104000,243248388
2024-08-26,3.7872129600,3.8165712000,3.8361433600,3.7774268800,230305968
2024-08-27,3.8067851200,3.7089243200,3.8067851200,3.6893521600,297459084
2024-08-28,3.7187104000,3.7382825600,3.7480686400,3.6795660800,223834810
2024-08-29,3.7382825600,3.7969990400,3.8165712000,3.7187104000,321524948
2024-08-30,3.8165712000,3.7774268800,3.8655016000,3.7774268800,466288584
2024-09-02,3.7774268800,3.7480686400,3.7969990400,3.7284964800,287400907
2024-09-03,3.7480686400,3.8067851200,3.8263572800,3.7382825600,297341214
2024-09-04,3.7969990400,3.8067851200,3.8165712000,3.7480686400,205891321
2024-09-05,3.7969990400,3.7676408000,3.8067851200,3.7578547200,243323014
2024-09-06,3.7774268800,3.7382825600,3.7969990400,3.7382825600,163738439
2024-09-09,3.7676408000,3.7089243200,3.7676408000,3.6893521600,240921491
2024-09-10,3.7089243200,3.7578547200,3.7676408000,3.6697800000,262065538
2024-09-11,3.7578547200,3.6795660800,3.7676408000,3.6599939200,248318767
2024-09-12,3.6795660800,3.6306356800,3.7089243200,3.6306356800,232112347
2024-09-13,3.6404217600,3.5719192000,3.6599939200,3.5621331200,296687777
2024-09-18,3.5817052800,3.5523470400,3.5914913600,3.5132027200,234219070
2024-09-19,3.5817052800,3.6599939200,3.6697800000,3.5719192000,343579574
2024-09-20,3.6697800000,3.6991382400,3.7187104000,3.6404217600,296515422
2024-09-23,3.7089243200,3.7187104000,3.7382825600,3.6697800000,214047225
2024-09-24,3.7284964800,3.7969990400,3.8067851200,3.7187104000,429881449
2024-09-25,3.8263572800,3.8067851200,3.8850737600,3.7872129600,465188951
2024-09-26,3.7774268800,3.8850737600,3.8948598400,3.7676408000,565378154
2024-09-27,3.9437902400,4.0612232000,4.1101536000,3.9340041600,896616844
2024-09-30,4.1688700800,4.3743777600,4.3939499200,4.1199396800,1517585680
2024-10-08,4.8147513600,4.6190297600,4.8147513600,4.4037360000,1827104882
2024-10-09,4.5505272000,4.2569448000,4.5505272000,4.2373726400,1221661350
2024-10-10,4.2667308800,4.2765169600,4.3743777600,4.2178004800,757922052
2024-10-11,4.2569448000,4.1003675200,4.2667308800,4.0416510400,659297535
2024-10-14,4.1199396800,4.1590840000,4.1884422400,4.0710092800,602350252
2024-10-15,4.1590840000,4.0612232000,4.1884422400,4.0612232000,550830402
2024-10-16,4.0122928000,4.0416510400,4.0710092800,3.9927206400,454688326
2024-10-17,4.0514371200,4.0025067200,4.1101536000,4.0025067200,462213740
2024-10-18,3.9927206400,4.0710092800,4.1492979200,3.9633624000,843399864
2024-10-21,4.1003675200,4.1395118400,4.1982283200,4.0905814400,945184801
2024-10-22,4.1395118400,4.1884422400,4.1982283200,4.0905814400,717453717
2024-10-23,4.1884422400,4.2471587200,4.3254473600,4.1688700800,943893003
2024-10-24,4.2178004800,4.1590840000,4.2275865600,4.1395118400,484610717
2024-10-25,4.1590840000,4.2765169600,4.2960891200,4.1492979200,704225468
2024-10-28,4.2765169600,4.2569448000,4.2765169600,4.1982283200,667338928
2024-10-29,4.2765169600,4.2178004800,4.2863030400,4.2080144000,565078058
2024-10-30,4.2178004800,4.4233081600,4.5211689600,4.1982283200,1756182506
2024-10-31,4.5113828800,4.5700993600,4.6483880000,4.3450195200,2057376082
2024-11-01,4.5994576000,4.3645916800,4.6288158400,4.3450195200,1422533931
2024-11-04,4.3548056000,4.4037360000,4.4624524800,4.3352334400,710848080
2024-11-05,4.4233081600,4.5211689600,4.5505272000,4.3939499200,1084820919
2024-11-06,4.5309550400,4.4722385600,4.5407411200,4.4233081600,932691539
2024-11-07,4.4428803200,4.5603132800,4.5603132800,4.4233081600,1028628512
2024-11-08,4.5798854400,4.5309550400,4.6092436800,4.5015968000,879021872
2024-11-11,4.5015968000,4.5603132800,4.6190297600,4.4722385600,958376289
2024-11-12,4.5505272000,4.4428803200,4.5798854400,4.4135220800,996253801
2024-11-13,4.4135220800,4.4526664000,4.4722385600,4.3743777600,662013028
2024-11-14,4.4624524800,4.3058752000,4.4722385600,4.3058752000,689238968
2024-11-15,4.2960891200,4.3156612800,4.4428803200,4.2863030400,778116803
2024-11-18,4.4037360000,4.3156612800,4.4428803200,4.3058752000,834495592
2024-11-19,4.3254473600,4.3058752000,4.3450195200,4.1982283200,742327636
2024-11-20,4.3156612800,4.3156612800,4.3352334400,4.2765169600,448523352
2024-11-21,4.3156612800,4.2765169600,4.3254473600,4.2569448000,436590523
2024-11-22,4.2667308800,4.1492979200,4.2960891200,4.1492979200,574991771
2024-11-25,4.1492979200,4.1101536000,4.1688700800,4.0710092800,539312222
2024-11-26,4.1003675200,4.1003675200,4.1492979200,4.0905814400,420739192
2024-11-27,4.1003675200,4.2080144000,4.2178004800,4.0612232000,569823478
2024-11-28,4.2080144000,4.1688700800,4.2178004800,4.1590840000,345027850
2024-11-29,4.1688700800,4.2080144000,4.2373726400,4.1590840000,427220739
2024-12-02,4.2178004800,4.2275865600,4.2471587200,4.2080144000,429943349
2024-12-03,4.2275865600,4.2178004800,4.2373726400,4.1884422400,395104973
2024-12-04,4.2178004800,4.1688700800,4.2275865600,4.1590840000,449792160
2024-12-05,4.1590840000,4.1688700800,4.1884422400,4.1492979200,335981608
2024-12-06,4.1688700800,4.2178004800,4.2275865600,4.1590840000,479284158
2024-12-09,4.2178004800,4.1982283200,4.2373726400,4.1688700800,429486729
2024-12-10,4.2667308800,4.2569448000,4.3156612800,4.2373726400,764678241
2024-12-11,4.2471587200,4.2960891200,4.3058752000,4.2178004800,580774532
2024-12-12,4.2960891200,4.2960891200,4.3254473600,4.2667308800,510124393
2024-12-13,4.2863030400,4.2667308800,4.3450195200,4.2471587200,700493864
2024-12-16,4.2569448000,4.2080144000,4.2863030400,4.1982283200,427209163
2024-12-17,4.2080144000,4.2373726400,4.2863030400,4.2080144000,462989745
2024-12-18,4.2373726400,4.2863030400,4.3352334400,4.2373726400,527338216
2024-12-19,4.2765169600,4.3352334400,4.3352334400,4.2471587200,490621906
2024-12-20,4.3254473600,4.2960891200,4.3450195200,4.2863030400,419387629
2024-12-23,4.3156612800,4.2667308800,4.4037360000,4.2667308800,639410313
2024-12-24,4.2765169600,4.3058752000,4.3156612800,4.2569448000,457997109
2024-12-25,4.3058752000,4.2863030400,4.3156612800,4.2471587200,317548389
2024-12-26,4.2765169600,4.2863030400,4.3058752000,4.2569448000,306241650
2024-12-27,4.2765169600,4.2471587200,4.2960891200,4.2471587200,435324047
2024-12-30,4.2667308800,4.3548056000,4.3645916800,4.2471587200,800319476
2024-12-31,4.3450195200,4.2960891200,4.3743777600,4.2863030400,721383487
2025-01-02,4.2960891200,4.1492979200,4.3058752000,4.1199396800,750407680
2025-01-03,4.1492979200,4.1101536000,4.1982283200,4.1101536000,485116223
2025-01-06,4.1101536000,4.0905814400,4.1297257600,4.0416510400,423502671
2025-01-07,4.1003675200,4.3352334400,4.3841638400,4.0905814400,1115358647
2025-01-08,4.2863030400,4.2275865600,4.2960891200,4.1492979200,754891654
2025-01-09,4.1982283200,4.2178004800,4.2569448000,4.1884422400,294551529
2025-01-10,4.2178004800,4.1101536000,4.2275865600,4.1101536000,385711346
2025-01-13,4.0905814400,4.0710092800,4.1003675200,4.0514371200,309247905
2025-01-14,4.0710092800,4.2275865600,4.2275865600,4.0710092800,506581933
2025-01-15,4.1982283200,4.1688700800,4.2080144000,4.1395118400,294990667
2025-01-16,4.1982283200,4.2178004800,4.2471587200,4.1688700800,355693814
2025-01-17,4.2080144000,4.2471587200,4.2667308800,4.1884422400,336883543
2025-01-20,4.2863030400,4.2960891200,4.3352334400,4.2765169600,403526798
2025-01-21,4.3548056000,4.4037360000,4.4233081600,4.3156612800,810609882
2025-01-22,4.3939499200,4.3939499200,4.4233081600,4.3548056000,385305787
2025-01-23,4.4037360000,4.3548056000,4.4233081600,4.3352334400,545024597
2025-01-24,4.3548056000,4.3841638400,4.4330942400,4.3450195200,443457750
2025-01-27,4.4037360000,4.3645916800,4.4135220800,4.3645916800,290540490
2025-02-05,4.3939499200,4.4135220800,4.4135220800,4.3352334400,418991454
2025-02-06,4.3939499200,4.4428803200,4.4624524800,4.3645916800,450537724
2025-02-07,4.4330942400,4.4428803200,4.4820246400,4.4037360000,470078994
2025-02-10,4.4428803200,4.4135220800,4.4526664000,4.3645916800,482324088
2025-02-11,4.4135220800,4.4037360000,4.4233081600,4.3841638400,289481236
2025-02-12,4.4135220800,4.4526664000,4.4526664000,4.3548056000,445959672
2025-02-13,4.4428803200,4.4135220800,4.4624524800,4.3645916800,446631391
2025-02-14,4.3939499200,4.4820246400,4.5015968000,4.3841638400,594290661
2025-02-17,4.4918107200,4.4918107200,4.5407411200,4.4722385600,526714509
2025-02-18,4.4820246400,4.4330942400,4.5798854400,4.4135220800,581605197
2025-02-19,4.4428803200,4.4037360000,4.4820246400,4.3645916800,561853183
2025-02-20,4.3939499200,4.4037360000,4.4428803200,4.3548056000,453911329
2025-02-21,4.3939499200,4.4428803200,4.4624524800,4.3743777600,521948561
2025-02-24,4.4624524800,4.4722385600,4.4918107200,4.4135220800,455067016
2025-02-25,4.4526664000,4.4526664000,4.4722385600,4.3841638400,492776760
2025-02-26,4.4526664000,4.3841638400,4.4722385600,4.3645916800,570347690
2025-02-27,4.3841638400,4.2863030400,4.3939499200,4.2569448000,635806040
2025-02-28,4.2765169600,4.2178004800,4.2863030400,4.1884422400,486167227
2025-03-03,4.2275865600,4.2471587200,4.2960891200,4.2080144000,410253444
2025-03-04,4.2471587200,4.2765169600,4.3058752000,4.2275865600,362436466
2025-03-05,4.2667308800,4.2863030400,4.3058752000,4.2373726400,305437029
2025-03-06,4.3058752000,4.3548056000,4.3743777600,4.2863030400,443892369
2025-03-07,4.3450195200,4.3254473600,4.3548056000,4.3156612800,288354711
2025-03-10,4.3254473600,4.3058752000,4.3548056000,4.2863030400,288904561
2025-03-11,4.2765169600,4.3058752000,4.3058752000,4.2667308800,271147984
2025-03-12,4.3058752000,4.2667308800,4.3254473600,4.2667308800,293082633
2025-03-13,4.2667308800,4.2178004800,4.2765169600,4.2080144000,337120878
2025-03-14,4.2275865600,4.3058752000,4.3058752000,4.2275865600,384594299
2025-03-17,4.3254473600,4.2863030400,4.3254473600,4.2765169600,287472046
2025-03-18,4.2960891200,4.3058752000,4.3254473600,4.2863030400,333044535
2025-03-19,4.3058752000,4.2569448000,4.3156612800,4.2471587200,328213275
2025-03-20,4.2765169600,4.2178004800,4.2863030400,4.2178004800,341959163
2025-03-21,4.2178004800,4.1590840000,4.2373726400,4.1395118400,471785492
2025-03-24,4.1590840000,4.1786561600,4.1982283200,4.1492979200,352417490
2025-03-25,4.1786561600,4.1297257600,4.1786561600,4.1297257600,312696773
2025-03-26,4.1395118400,4.1297257600,4.1590840000,4.1199396800,235739594
2025-03-27,4.1199396800,4.1199396800,4.1492979200,4.1003675200,291632087
2025-03-28,4.1199396800,4.1199396800,4.1297257600,4.0905814400,251327881
2025-03-31,4.1101536000,4.0612232000,4.1199396800,4.0514371200,344047979
2025-04-01,4.0710092800,4.1101536000,4.1199396800,4.0710092800,284925416
2025-04-02,4.1101536000,4.1199396800,4.1297257600,4.0905814400,218232835
2025-04-03,4.0905814400,4.0710092800,4.1101536000,4.0416510400,321169939
2025-04-07,3.8459294400,3.6599939200,3.8459294400,3.6599939200,806022868
2025-04-08,3.6502078400,3.6599939200,3.6991382400,3.6208496000,714626460
2025-04-09,3.6208496000,3.6502078400,3.6795660800,3.5621331200,701812209
2025-04-10,3.7480686400,3.7089243200,3.7774268800,3.7089243200,596441299
2025-04-11,3.6795660800,3.6795660800,3.7089243200,3.6502078400,546303977
2025-04-14,3.7774268800,3.7187104000,3.8067851200,3.7187104000,688863011
2025-04-15,3.7089243200,3.6991382400,3.7187104000,3.6502078400,431648659
2025-04-16,3.7284964800,3.7284964800,3.7480686400,3.6795660800,433329293
2025-04-17,3.7089243200,3.7284964800,3.7480686400,3.6991382400,328424934
2025-04-18,3.7187104000,3.7382825600,3.7578547200,3.7187104000,270029700
2025-04-21,3.7480686400,3.7480686400,3.7578547200,3.7284964800,257360715
2025-04-22,3.7969990400,3.7578547200,3.8067851200,3.7480686400,475998473
2025-04-23,3.7774268800,3.7480686400,3.7969990400,3.7382825600,387655440
2025-04-24,3.7480686400,3.7187104000,3.7578547200,3.7187104000,277765963
2025-04-25,3.7284964800,3.7774268800,3.7872129600,3.7187104000,423653171
2025-04-28,3.7774268800,3.7578547200,3.7774268800,3.7382825600,225768396
2025-04-29,3.7480686400,3.7382825600,3.7676408000,3.7284964800,256389798
2025-04-30,3.7480686400,3.7578547200,3.7676408000,3.7382825600,238140480
2025-05-06,3.7676408000,3.7969990400,3.8067851200,3.7578547200,380257533
2025-05-07,3.8361433600,3.7872129600,3.8557155200,3.7774268800,366133950
2025-05-08,3.7872129600,3.7969990400,3.8067851200,3.7774268800,311250356
2025-05-09,3.7969990400,3.7774268800,3.8067851200,3.7676408000,286373134
2025-05-12,3.8067851200,3.8459294400,3.8557155200,3.7969990400,451929058
2025-05-13,3.8948598400,3.8361433600,3.8948598400,3.8263572800,362408693
2025-05-14,3.8361433600,3.8655016000,3.8752876800,3.8067851200,364221708
2025-05-15,3.8655016000,3.8067851200,3.8655016000,3.8067851200,345779367
2025-05-16,3.7969990400,3.8067851200,3.8165712000,3.7872129600,250045450
2025-05-19,3.7969990400,3.7969990400,3.8067851200,3.7774268800,263298118
2025-05-20,3.7969990400,3.8165712000,3.8263572800,3.7872129600,274115475
2025-05-21,3.8263572800,3.7969990400,3.8263572800,3.7969990400,202946328
2025-05-22,3.7969990400,3.7872129600,3.8165712000,3.7774268800,242357828
2025-05-23,3.7872129600,3.7382825600,3.7969990400,3.7382825600,311804371
2025-05-26,3.7382825600,3.7480686400,3.7774268800,3.7382825600,232684076
2025-05-27,3.7480686400,3.7480686400,3.7578547200,3.7284964800,223608992
2025-05-28,3.7578547200,3.7382825600,3.7969990400,3.7382825600,318944505
2025-05-29,3.7480686400,3.7676408000,3.7774268800,3.7382825600,271163677
2025-05-30,3.7578547200,3.7187104000,3.7578547200,3.7187104000,348094788
2025-06-03,3.7187104000,3.7187104000,3.7382825600,3.7089243200,248633446
2025-06-04,3.7284964800,3.8263572800,3.8361433600,3.7187104000,651505042
2025-06-05,3.8165712000,3.8557155200,3.8850737600,3.8165712000,547210142
2025-06-06,3.8655016000,3.8557155200,3.8752876800,3.8263572800,290213993
2025-06-09,3.8655016000,3.8752876800,3.8948598400,3.8557155200,302637108
2025-06-10,3.8752876800,3.8165712000,3.8850737600,3.7969990400,313235644
2025-06-11,3.8263572800,3.8459294400,3.8655016000,3.8165712000,248575090
2025-06-12,3.8459294400,3.8459294400,3.8655016000,3.8263572800,238111101
2025-06-13,3.8361433600,3.8067851200,3.8459294400,3.7872129600,294049739
2025-06-16,3.7969990400,3.8067851200,3.8165712000,3.7872129600,228400100
2025-06-17,3.8165712000,3.8361433600,3.8557155200,3.7969990400,313793130
2025-06-18,3.8459294400,3.8655016000,3.8752876800,3.8361433600,323590466
2025-06-19,3.8557155200,3.8459294400,3.8655016000,3.8165712000,301093861
2025-06-20,3.8361433600,3.8459294400,3.8752876800,3.8361433600,263629583
2025-06-23,3.8361433600,3.8752876800,3.8850737600,3.8165712000,280594207
2025-06-24,3.8752876800,3.8948598400,3.8948598400,3.8655016000,309422980
2025-06-25,3.9047685200,3.9245896800,3.9245896800,3.8849473600,349349244
2025-06-26,3.9146791000,3.9146791000,3.9840531600,3.9146791000,410437212
2025-06-27,3.9146791000,3.9345002600,3.9642320000,3.9146791000,312778916
2025-06-30,3.9444108400,3.9543214200,3.9840531600,3.9444108400,269095083
2025-07-01,3.9642320000,3.9543214200,3.9741425800,3.9345002600,219945646
2025-07-02,3.9543214200,3.9444108400,3.9543214200,3.9345002600,200855726
2025-07-03,3.9543214200,3.9840531600,3.9939637400,3.9444108400,345344370
2025-07-04,3.9840531600,3.9642320000,3.9939637400,3.9543214200,293295257
2025-07-07,3.9543214200,3.9245896800,3.9642320000,3.9146791000,271903140
2025-07-08,3.9245896800,3.9642320000,3.9642320000,3.9146791000,249212920
2025-07-09,3.9543214200,3.9444108400,3.9840531600,3.9345002600,317459001
2025-07-10,3.9444108400,3.9939637400,4.0236954800,3.9444108400,535539939
2025-07-11,3.9939637400,4.0236954800,4.0435166400,3.9642320000,431436592
2025-07-14,4.0137849000,4.0137849000,4.0336060600,4.0038743200,353838531
2025-07-15,4.0038743200,3.9345002600,4.0038743200,3.9245896800,522658521
2025-07-16,3.9345002600,3.9146791000,3.9444108400,3.9047685200,306183752
2025-07-17,3.9146791000,4.0038743200,4.0038743200,3.9047685200,462111565
2025-07-18,4.0038743200,3.9543214200,4.0137849000,3.9345002600,351736040
2025-07-21,3.9543214200,4.0336060600,4.0633378000,3.9444108400,540425805
2025-07-22,4.0236954800,4.0732483800,4.0732483800,4.0038743200,457196226
2025-07-23,4.0732483800,4.0633378000,4.1029801200,4.0534272200,428216390
2025-07-24,4.0633378000,4.0930695400,4.0930695400,4.0633378000,335403010
2025-07-25,4.0930695400,4.0633378000,4.0930695400,4.0534272200,277098816
2025-07-28,4.0732483800,4.0633378000,4.0732483800,4.0435166400,253067026
2025-07-29,4.0534272200,4.0732483800,4.0831589600,4.0236954800,342520784
2025-07-30,4.0633378000,4.0435166400,4.0831589600,4.0236954800,317874894
2025-07-31,4.0435166400,4.0038743200,4.0534272200,3.9840531600,434004768
2025-08-01,3.9939637400,3.9939637400,4.0435166400,3.9840531600,335715426
2025-08-04,3.9939637400,3.9840531600,4.0038743200,3.9543214200,310228177
2025-08-05,3.9840531600,4.0038743200,4.0435166400,3.9741425800,343597532
2025-08-06,4.0236954800,4.0236954800,4.0236954800,3.9939637400,243885996
2025-08-07,4.0236954800,3.9939637400,4.0336060600,3.9840531600,290468593
2025-08-08,3.9939637400,3.9642320000,4.0038743200,3.9642320000,314182236
2025-08-11,3.9741425800,3.9741425800,3.9939637400,3.9543214200,415197192
2025-08-12,3.9741425800,3.9543214200,3.9840531600,3.9444108400,382196205
2025-08-13,3.9543214200,3.9444108400,3.9642320000,3.9444108400,387002232
2025-08-14,3.9444108400,3.8651262000,3.9543214200,3.8651262000,858002404
2025-08-15,3.8552156200,3.9245896800,3.9245896800,3.8453050400,565161321
2025-08-18,3.9245896800,3.9146791000,3.9543214200,3.9047685200,635709887
2025-08-19,3.9146791000,3.8948579400,3.9245896800,3.8849473600,459904795
2025-08-20,3.8849473600,3.9741425800,3.9741425800,3.8651262000,722161047
2025-08-21,3.9741425800,4.0038743200,4.0435166400,3.9642320000,806658914
2025-08-22,4.0038743200,4.1426224400,4.1624436000,3.9939637400,1298175506
2025-08-25,4.1723541800,4.1228012800,4.1921753400,4.0732483800,986526478
2025-08-26,4.1128907000,4.1426224400,4.1723541800,4.0930695400,876513090
2025-08-27,4.1228012800,4.0930695400,4.2318176600,4.0831589600,1088052643
2025-08-28,4.1128907000,4.1723541800,4.1723541800,4.0633378000,941753182
2025-08-29,4.1624436000,4.1921753400,4.2219070800,4.1426224400,945984672
2025-09-01,4.2020859200,4.1624436000,4.2119965000,4.1228012800,721297516
2025-09-02,4.1525330200,4.0732483800,4.1525330200,4.0435166400,770818762
2025-09-03,4.0831589600,4.0038743200,4.0831589600,3.9840531600,574584094
2025-09-04,4.0137849000,4.0137849000,4.1128907000,3.9741425800,910549341
2025-09-05,4.0336060600,4.0732483800,4.0732483800,3.9939637400,626611610
2025-09-08,4.0732483800,4.0930695400,4.1327118600,4.0336060600,571424758
2025-09-09,4.0831589600,4.0633378000,4.0930695400,4.0236954800,461217173
2025-09-10,4.0633378000,4.0435166400,4.0633378000,4.0236954800,364481735
2025-09-11,4.0435166400,4.1228012800,4.1228012800,4.0236954800,705155208
2025-09-12,4.1525330200,4.1327118600,4.1624436000,4.1128907000,595365234
2025-09-15,4.1327118600,4.1228012800,4.2119965000,4.1128907000,578783698
2025-09-16,4.1327118600,4.0930695400,4.1426224400,4.0633378000,509873145
2025-09-17,4.0930695400,4.1228012800,4.1426224400,4.0633378000,527544119
2025-09-18,4.1228012800,4.1029801200,4.1822647600,4.0633378000,842730592
2025-09-19,4.0831589600,4.0930695400,4.1426224400,4.0831589600,553534222
2025-09-22,4.0930695400,4.1029801200,4.1426224400,4.0435166400,503754598
2025-09-23,4.1128907000,4.1228012800,4.1426224400,4.0137849000,712982487
2025-09-24,4.1029801200,4.1723541800,4.1822647600,4.0732483800,948599311
2025-09-25,4.1624436000,4.1327118600,4.1723541800,4.1128907000,654962542
2025-09-26,4.1228012800,4.0633378000,4.1327118600,4.0633378000,709105795
2025-09-29,4.0633378000,4.0831589600,4.0930695400,4.0038743200,731318776
2025-09-30,4.0732483800,4.1228012800,4.1327118600,4.0732483800,694157965
2025-10-09,4.1327118600,4.2417282400,4.3011917200,4.1327118600,1195406082
2025-10-10,4.2219070800,4.1327118600,4.2318176600,4.1228012800,870448913
2025-10-13,4.0435166400,4.0732483800,4.0831589600,4.0038743200,1063484268
2025-10-14,4.0831589600,4.0236954800,4.1128907000,4.0137849000,842904461
2025-10-15,4.0336060600,4.0633378000,4.0831589600,4.0137849000,568230258
2025-10-16,4.0633378000,4.0435166400,4.0732483800,4.0236954800,403734272
2025-10-17,4.0336060600,3.9642320000,4.0534272200,3.9642320000,653810572
2025-10-20,3.9939637400,3.9642320000,4.0038743200,3.9543214200,415332858
2025-10-21,3.9741425800,3.9840531600,4.0038743200,3.9642320000,349576108
2025-10-22,3.9840531600,3.9840531600,4.0038743200,3.9741425800,241481062
2025-10-23,3.9840531600,4.0137849000,4.0137849000,3.9642320000,339828222
2025-10-24,4.0137849000,4.0137849000,4.0336060600,3.9939637400,271225772
2025-10-27,4.0336060600,4.0336060600,4.0435166400,4.0137849000,388768598
2025-10-28,4.0236954800,4.0236954800,4.0336060600,4.0038743200,340972306
2025-10-29,4.0137849000,4.0336060600,4.0435166400,4.0038743200,351862940
2025-10-30,4.0336060600,4.0534272200,4.1029801200,4.0236954800,631440917
2025-10-31,4.0633378000,4.0236954800,4.0831589600,4.0137849000,540592841
2025-11-03,4.0236954800,4.0236954800,4.0336060600,3.9939637400,377856828
2025-11-04,4.0137849000,3.9642320000,4.0236954800,3.9642320000,498363631
2025-11-05,3.9543214200,3.9642320000,3.9840531600,3.9245896800,412478974
2025-11-06,3.9642320000,3.9642320000,3.9840531600,3.9543214200,314566856
2025-11-07,3.9642320000,3.9741425800,3.9840531600,3.9444108400,304286742
2025-11-10,3.9741425800,4.0236954800,4.0336060600,3.9543214200,571549657
2025-11-11,4.0336060600,4.0038743200,4.0336060600,3.9939637400,350811710
2025-11-12,4.0038743200,4.0038743200,4.0236954800,3.9741425800,489117108
2025-11-13,3.9939637400,4.0038743200,4.0137849000,3.9840531600,384000965
2025-11-14,3.9840531600,3.9642320000,3.9939637400,3.9543214200,393704865
2025-11-17,3.9543214200,3.9245896800,3.9642320000,3.9245896800,411877681
2025-11-18,3.9245896800,3.8948579400,3.9345002600,3.8849473600,418763150
2025-11-19,3.8849473600,3.8849473600,3.9047685200,3.8453050400,443266090
2025-11-20,3.8849473600,3.8651262000,3.9047685200,3.8651262000,354267523
2025-11-21,3.8453050400,3.7957521400,3.8552156200,3.7858415600,525728669
2025-11-24,3.8056627200,3.7858415600,3.8155733000,3.7561098200,475287261
2025-11-25,3.7957521400,3.8155733000,3.8353944600,3.7858415600,357615839
2025-11-26,3.8254838800,3.8254838800,3.8453050400,3.8155733000,276576130
2025-11-27,3.8254838800,3.8056627200,3.8353944600,3.7957521400,247769757
2025-11-28,3.8056627200,3.8254838800,3.8254838800,3.7858415600,235344996
2025-12-01,3.8254838800,3.8651262000,3.8750367800,3.8155733000,365525297
2025-12-02,3.8651262000,3.8453050400,3.8750367800,3.8353944600,314216127
2025-12-03,3.8552156200,3.9939637400,4.0435166400,3.8453050400,1300730182
2025-12-04,3.9840531600,4.0137849000,4.0435166400,3.9741425800,794771447
2025-12-05,4.0137849000,4.2219070800,4.2219070800,4.0038743200,1900140269
2025-12-08,4.2219070800,4.1723541800,4.3111023000,4.1624436000,1189101605
2025-12-09,4.1624436000,4.1327118600,4.1921753400,4.1128907000,752810284
2025-12-10,4.1327118600,4.1426224400,4.2020859200,4.1128907000,694559486
2025-12-11,4.1426224400,4.0732483800,4.1525330200,4.0633378000,555365632
2025-12-12,4.0831589600,4.1029801200,4.1228012800,4.0534272200,700057824
2025-12-15,4.0732483800,4.0930695400,4.1426224400,4.0633378000,729757200
2025-12-16,4.1029801200,4.1029801200,4.1426224400,4.0732483800,769381768
2025-12-17,4.1029801200,4.1327118600,4.1525330200,4.0930695400,709016991
2025-12-18,4.1128907000,4.0732483800,4.1228012800,4.0336060600,622387960
2025-12-19,4.0831589600,4.0534272200,4.0930695400,4.0534272200,430793425
2025-12-22,4.0534272200,4.0038743200,4.0633378000,3.9939637400,690822400
2025-12-23,4.0137849000,4.0038743200,4.0236954800,3.9840531600,519673375
2025-12-24,3.9939637400,4.0236954800,4.0336060600,3.9642320000,523862162
2025-12-25,4.0137849000,4.0236954800,4.0435166400,4.0137849000,354381001
2025-12-26,4.0236954800,4.0038743200,4.0336060600,3.9939637400,374638452
2025-12-29,4.0137849000,4.0930695400,4.1624436000,4.0038743200,922285357
2025-12-30,4.0831589600,4.1327118600,4.1624436000,4.0732483800,610001837
2025-12-31,4.1327118600,4.1723541800,4.2318176600,4.1128907000,817879846
2026-01-05,4.1822647600,4.1921753400,4.2318176600,4.1525330200,850761574
2026-01-06,4.2020859200,4.4597610000,4.4994033200,4.1921753400,2103770763
2026-01-07,4.4102081000,4.3210128800,4.4300292600,4.2912811400,1275938261
2026-01-08,4.3111023000,4.3111023000,4.3507446200,4.2813705600,680469124
2026-01-09,4.3011917200,4.3705657800,4.4994033200,4.2912811400,1073467384
2026-01-12,4.4102081000,4.4201186800,4.4696715800,4.3903869400,867335426
2026-01-13,4.4399398400,4.4201186800,4.5093139000,4.4002975200,913792034
2026-01-14,4.4994033200,4.5588668000,4.6877043400,4.4894927400,1772476589
2026-01-15,4.4994033200,4.4894927400,4.5687773800,4.4597610000,870073404
2026-01-16,4.5093139000,4.4201186800,4.5291350600,4.4002975200,867002583
2026-01-19,4.3903869400,4.4696715800,4.4994033200,4.3804763600,704684923
2026-01-20,4.4696715800,4.4102081000,4.4894927400,4.3804763600,745262222
2026-01-21,4.4002975200,4.4201186800,4.4696715800,4.3903869400,744874389
2026-01-22,4.4201186800,4.3606552000,4.4399398400,4.3408340400,785561484
2026-01-23,4.3705657800,4.4102081000,4.4696715800,4.3507446200,1066707697
2026-01-26,4.4399398400,4.4300292600,4.5093139000,4.4300292600,898430315
2026-01-27,4.4300292600,4.5192244800,4.5588668000,4.4102081000,1098498792
2026-01-28,4.5093139000,4.4894927400,4.5390456400,4.4597610000,812326697
2026-01-29,4.4795821600,4.4102081000,4.4994033200,4.3705657800,863990073
2026-01-30,4.3903869400,4.3309234600,4.4102081000,4.2119965000,962397286
2026-02-02,4.2813705600,4.2020859200,4.3309234600,4.1921753400,724865455
2026-02-03,4.2615494000,4.2714599800,4.2912811400,4.1822647600,629931286
2026-02-04,4.2615494000,4.3507446200,4.3804763600,4.2516388200,745441878
2026-02-05,4.3309234600,4.3705657800,4.3705657800,4.3011917200,605328152
2026-02-06,4.3408340400,4.3309234600,4.3804763600,4.3011917200,493793405
2026-02-09,4.3705657800,4.3111023000,4.3804763600,4.2912811400,536154455
2026-02-10,4.3011917200,4.2813705600,4.3111023000,4.2318176600,447684500
2026-02-11,4.2714599800,4.2516388200,4.3011917200,4.2417282400,371974600
2026-02-12,4.2516388200,4.1921753400,4.2615494000,4.1822647600,517699004
2026-02-13,4.1723541800,4.1426224400,4.1921753400,4.1327118600,537441690
2026-02-24,4.1822647600,4.2417282400,4.2615494000,4.1723541800,540087786
2026-02-25,4.2516388200,4.3210128800,4.3507446200,4.2417282400,601170062
2026-02-26,4.3408340400,4.2912811400,4.3408340400,4.2813705600,460039197
2026-02-27,4.2912811400,4.4399398400,4.4498504200,4.2813705600,1099266920
2026-03-02,4.4002975200,4.4498504200,4.5489562200,4.3903869400,1024728773
2026-03-03,4.4696715800,4.2813705600,4.4894927400,4.2714599800,932425178
2026-03-04,4.2516388200,4.2813705600,4.3408340400,4.2219070800,679471420
2026-03-05,4.3408340400,4.4201186800,4.4894927400,4.3408340400,1040317051
2026-03-06,4.3804763600,4.3309234600,4.3903869400,4.2714599800,937985504
2026-03-09,4.2714599800,4.2714599800,4.2912811400,4.1822647600,842799774
2026-03-10,4.3111023000,4.3111023000,4.3507446200,4.2912811400,572124310
2026-03-11,4.3011917200,4.3507446200,4.3606552000,4.2912811400,581726739
2026-03-12,4.3606552000,4.3804763600,4.4300292600,4.3408340400,753526371
2026-03-13,4.3606552000,4.3210128800,4.4102081000,4.3111023000,528982769
2026-03-16,4.3011917200,4.1921753400,4.3011917200,4.1624436000,906115301
2026-03-17,4.2119965000,4.1426224400,4.2318176600,4.1426224400,514356608
2026-03-18,4.1921753400,4.1624436000,4.1921753400,4.1128907000,505072077
2026-03-19,4.1128907000,4.0534272200,4.1228012800,4.0435166400,520347525
2026-03-20,4.0732483800,4.0435166400,4.1128907000,4.0336060600,484291217
2026-03-23,3.9741425800,3.8353944600,3.9840531600,3.8155733000,913918696
2026-03-24,3.8849473600,3.9642320000,3.9642320000,3.8651262000,584020378
2026-03-25,3.9939637400,3.9543214200,4.0038743200,3.9444108400,439300714
2026-03-26,3.9543214200,3.9047685200,3.9741425800,3.8948579400,394296309
2026-03-27,3.8750367800,3.9146791000,3.9345002600,3.8651262000,356630461
2026-03-30,3.8750367800,3.9047685200,3.9146791000,3.8552156200,356712342
2026-03-31,3.8948579400,3.8750367800,3.9345002600,3.8651262000,389281816
2026-04-01,3.9741425800,3.9741425800,4.0236954800,3.9345002600,583140390
2026-04-02,3.9741425800,3.9146791000,3.9741425800,3.8948579400,390394485
2026-04-03,3.9245896800,3.8948579400,3.9345002600,3.8849473600,277051391
2026-04-07,3.9146791000,3.8750367800,3.9146791000,3.8552156200,346529602
2026-04-08,3.9444108400,3.9939637400,4.0038743200,3.9146791000,579090452
2026-04-09,3.9543214200,3.9741425800,3.9939637400,3.9345002600,418250587
2026-04-10,4.0137849000,4.0038743200,4.0435166400,3.9939637400,462269781
2026-04-13,3.9741425800,3.9939637400,4.0038743200,3.9543214200,404643636
2026-04-14,4.0137849000,3.9840531600,4.0435166400,3.9543214200,442694075
2026-04-15,4.0038743200,3.9642320000,4.0236954800,3.9642320000,534892754
2026-04-16,3.9741425800,3.9939637400,4.0038743200,3.9444108400,415428481
2026-04-17,3.9741425800,3.9840531600,4.0038743200,3.9642320000,309867654
2026-04-20,4.0236954800,4.1525330200,4.2020859200,4.0137849000,1190459449
2026-04-21,4.1525330200,4.1822647600,4.3011917200,4.1029801200,1134802366
2026-04-22,4.1624436000,4.2318176600,4.2417282400,4.1624436000,681288243
2026-04-23,4.2219070800,4.1525330200,4.2516388200,4.1327118600,691490145
2026-04-24,4.1327118600,4.0930695400,4.1525330200,4.0732483800,460099783
2026-04-27,4.1128907000,4.1723541800,4.1822647600,4.0930695400,482406590
2026-04-28,4.1624436000,4.1128907000,4.1723541800,4.1029801200,395438634
2026-04-29,4.1029801200,4.1327118600,4.1426224400,4.0831589600,414009111
2026-04-30,4.0930695400,4.0435166400,4.1426224400,4.0435166400,745404905
2026-05-06,4.0732483800,4.1426224400,4.1822647600,4.0534272200,828038480
2026-05-07,4.1624436000,4.1723541800,4.2119965000,4.1228012800,665042571
2026-05-08,4.1525330200,4.1327118600,4.1525330200,4.0831589600,637905658
2026-05-11,4.1327118600,4.1525330200,4.1921753400,4.1228012800,610083981
2026-05-12,4.1525330200,4.1327118600,4.1921753400,4.1029801200,618521296
2026-05-13,4.1327118600,4.1921753400,4.1921753400,4.1128907000,638220586
2026-05-14,4.2417282400,4.1822647600,4.2912811400,4.1624436000,876112134
2026-05-15,4.1822647600,4.1029801200,4.2020859200,4.0831589600,821594531
2026-05-18,4.0831589600,4.1723541800,4.1921753400,4.0435166400,839958701
2026-05-19,4.1624436000,4.2714599800,4.2813705600,4.1327118600,880105122
2026-05-20,4.2516388200,4.2219070800,4.2714599800,4.2020859200,571778743
2026-05-21,4.6480620200,4.6480620200,4.6480620200,4.6480620200,1036009956
2026-05-22,4.6579726000,5.1138592800,5.1138592800,4.4300292600,6011059197
2026-05-25,5.1237698600,5.2228756600,5.3219814600,5.0147534800,4308875818
2026-05-26,5.1733227600,5.7184046600,5.7481364000,5.1336804400,5137725121
2026-05-27,5.7481364000,5.6688517600,6.0355432200,5.4805507400,5018521556
2026-05-28,5.6688517600,5.6292094400,5.7283152400,5.4607295800,3285486853
2026-05-29,5.5796565400,5.0643063800,5.5895671200,5.0643063800,3625385864
2026-06-01,5.0742169600,5.3120708800,5.5400142200,5.0742169600,3386887593
2026-06-02,5.2625179800,5.4210872600,5.4904613200,5.0643063800,3025845529
2026-06-03,5.5301036400,5.5400142200,5.8670633600,5.4805507400,3679758381
2026-06-04,5.6391200200,6.0950067000,6.0950067000,5.6391200200,3322998819
2026-06-05,6.0553643800,6.3725029400,6.7094626600,5.9562585800,5504115519
2026-06-08,6.4220558400,6.2337548200,6.6797309200,6.1643807600,4599875918
2026-06-09,6.4319664200,6.4616981600,6.5806251200,6.0850961200,4003164716
2026-06-10,6.2833077200,5.9760797400,6.3229500400,5.8868845200,3228480444
2026-06-11,5.9463480000,5.7778681400,6.0652749600,5.6490306000,3299682855
2026-06-12,5.8967951000,5.5201930600,5.9562585800,5.5102824800,2914643393
2026-06-15,5.6886729200,5.8670633600,5.9562585800,5.6787623400,2992830668
2026-06-16,5.8769739400,6.0454538000,6.1742913400,5.8075998800,2602837228
2026-06-17,6.0058114800,6.6499991800,6.6499991800,5.9959009000,1855020550
2026-06-18,6.8600000000,6.5500000000,6.9300000000,6.4900000000,4003242676
2026-06-22,6.8000000000,6.9300000000,7.1800000000,6.6800000000,3672905339
2026-06-23,6.8500000000,6.7700000000,7.0700000000,6.6100000000,2914057830
2026-06-24,6.7000000000,7.0700000000,7.1500000000,6.5700000000,3587714221
2026-06-25,7.3300000000,7.5200000000,7.6700000000,7.1400000000,3696354824
2026-06-26,7.5000000000,7.7900000000,8.2400000000,7.3600000000,4525176876
2026-06-29,7.9600000000,7.9500000000,8.2100000000,7.5100000000,4152457645
2026-06-30,8.1500000000,8.6800000000,8.7500000000,8.1100000000,5187899669
2026-07-01,8.4900000000,8.7700000000,8.8100000000,8.3100000000,4625314988
2026-07-02,8.1500000000,9.1000000000,9.5000000000,7.8900000000,5661858899
2026-07-03,8.8600000000,8.3800000000,9.0900000000,8.3100000000,4144206667
2026-07-06,8.2100000000,7.7600000000,8.5200000000,7.7400000000,3708742073
2026-07-07,7.6600000000,7.5800000000,7.8400000000,7.4500000000,2818697744
2026-07-08,7.6900000000,7.6300000000,7.9000000000,7.2600000000,3322287793
2026-07-09,7.7100000000,8.1500000000,8.1800000000,7.7100000000,3793990535
2026-07-10,8.1600000000,7.5900000000,8.3400000000,7.5900000000,3804619925
2026-07-13,7.3500000000,6.8300000000,7.4100000000,6.8300000000,3175870446
2026-07-14,6.9000000000,7.0200000000,7.1700000000,6.6600000000,2936732636
2026-07-15,6.9700000000,6.3800000000,6.9700000000,6.3500000000,3011272806
2026-07-16,6.2500000000,6.0500000000,6.3900000000,5.9900000000,2607655881
2026-07-17,6.0900000000,6.0700000000,6.2200000000,5.8800000000,2956818879
2026-07-20,6.1500000000,5.7900000000,6.2000000000,5.6200000000,2681320984
2026-07-21,5.8300000000,6.3100000000,6.3600000000,5.6200000000,3200397923
2026-07-22,6.1800000000,6.0400000000,6.3800000000,5.9700000000,2480425160
2026-07-23,6.0700000000,6.0600000000,6.1400000000,5.9500000000,1575304499
2026-07-24,5.9200000000,5.7900000000,6.0100000000,5.7800000000,1553642535
2026-07-27,5.7600000000,5.9700000000,5.9700000000,5.6100000000,1627477521
2026-07-28,5.8000000000,5.5800000000,5.8900000000,5.5400000000,1719493216
2026-07-29,5.6700000000,5.7100000000,5.7700000000,5.5400000000,1721869755
2026-07-30,5.6300000000,5.3600000000,5.6900000000,5.2900000000,2198719866
2026-07-31,5.6900000000,5.5100000000,5.7200000000,5.5100000000,2065917277
