date,open,close,high,low,volume,amount
2020-01-02,108.0194280000,108.0848943200,109.2469215000,106.0472551100,30667439,4038536854.9500
2020-01-03,107.6920964000,106.8328509500,108.0767110300,106.0636216900,20469248,2672531470.2300
2020-01-06,106.3827700000,105.7281068000,106.5873522500,105.1716430800,25936979,3353682073.1300
2020-01-07,105.9736055000,105.8672227300,107.2583820300,105.5644410000,22327793,2901574233.0800
2020-01-08,105.5562577100,105.4744248100,106.1863710400,104.7870284500,16180218,2083242871.0500
2020-01-09,105.5644410000,107.0128833300,107.3647648000,104.9506942500,25549057,3317934212.4100
2020-01-10,106.7919345000,109.3451209800,109.6970024500,106.7919345000,42969542,5712380855.9700
2020-01-13,109.8688515400,114.2878281400,114.5660600000,109.8606682500,49604194,6847185988.3000
2020-01-14,114.6478929000,113.3876662400,115.1225237200,113.0930678000,19907317,2767444878.8900
2020-01-15,113.3876662400,115.2207232000,116.8655644900,113.3794829500,23478904,3309331109.8100
2020-01-16,115.2207232000,115.1061571400,116.2027180000,113.9932297000,14535988,2046672621.1200
2020-01-17,115.5971545400,113.3794829500,116.0390522000,113.1749007000,14847814,2068064059.8500
2020-01-20,115.0161409500,112.5693372400,115.1061571400,111.9474072000,16753769,2308928098.7000
2020-01-21,111.7019085000,108.5267919800,111.7019085000,108.0276112900,29307308,3903226854.5200
2020-01-22,107.1929157100,107.7739293000,108.5677084300,106.1863710400,25753051,3375415201.5200
2020-01-23,107.8312123300,103.2403866400,107.8312123300,102.2911250000,41593668,5294268764.0200
2020-02-03,92.9130746600,92.9130746600,92.9130746600,92.9130746600,16763900,1903373206.0000
2020-02-04,89.1978610000,93.6986705000,98.1994800000,89.1978610000,71021426,8017646168.9900
2020-02-05,94.8443311000,96.1618407900,98.0358142000,93.3713389000,38878339,4546389350.9300
2020-02-06,97.3811510000,97.5039003500,98.1503802600,95.4171614000,30655105,3619248778.7700
2020-02-07,97.5857332500,98.6741108200,98.9605259700,96.2436736900,28011695,3346691769.0700
2020-02-10,97.7903155000,99.1241917700,100.1061865700,97.0374528200,22187650,2682789606.0400
2020-02-11,99.1405583500,102.1192759100,102.7002895000,99.1405583500,24577382,3049430907.6300
2020-02-12,101.8819605000,101.8737772100,102.4957072500,100.4662513300,17511362,2168783486.4800
2020-02-13,102.1929255200,101.5873620600,103.6495511400,100.9572487300,17862884,2230165010.3700
2020-02-14,101.6364618000,101.0063484700,103.0112545200,100.2043860500,16971973,2094049251.5400
2020-02-17,100.8017662200,101.7182947000,101.7182947000,100.3107688200,23816908,2941280509.9800
2020-02-18,101.3091302000,100.9736153100,101.7182947000,100.6626502900,12872775,1590249168.5900
2020-02-19,101.2927636200,103.1094540000,104.0750822200,100.3926017200,31662776,3976674952.0200
2020-02-20,103.9277830000,106.5055193500,106.8574008200,103.8377668100,33466160,4332207305.9700
2020-02-21,106.3827700000,106.3827700000,107.3647648000,105.5808075800,20743751,2695003477.3100
2020-02-24,105.8917726000,104.0096159000,105.8917726000,103.6822843000,23560124,3005249413.4900
2020-02-25,102.1274592000,102.5366237000,103.9277830000,101.3582299400,24063330,3014293143.3100
2020-02-26,101.3336800700,101.5546289000,103.4531521800,100.6544670000,21417866,2662201890.9500
2020-02-27,102.1274592000,103.3549527000,104.5415297500,101.8819605000,23573167,2986686525.4400
2020-02-28,101.4727960000,98.6904774000,101.4973458700,97.3811510000,36601211,4445668089.2600
2020-03-02,98.2813129000,100.3680518500,101.1454644000,97.8721484000,26982238,3287615181.0000
2020-03-03,101.2272973000,101.7755777300,103.0112545200,101.2272973000,23092324,2878896360.5700
2020-03-04,101.4727960000,102.5120738300,103.0521709700,101.4727960000,19757510,2471690889.5100
2020-03-05,103.5595349500,109.0014228000,110.3762155200,103.1094540000,56561987,7399037627.0700
2020-03-06,108.0194280000,106.4400530300,110.3762155200,106.3827700000,29165822,3845033468.4600
2020-03-09,104.7461120000,103.3549527000,104.9506942500,103.1421871600,24454158,3106158207.3700
2020-03-10,103.3549527000,106.9719668800,107.7166462700,103.2731198000,31077221,4017374185.6200
2020-03-11,108.4285925000,106.3009371000,108.6740912000,105.9736055000,18763487,2452609914.8300
2020-03-12,103.8295835200,103.1421871600,104.8361281900,102.9948879400,25266000,3199005135.6900
2020-03-13,98.1994800000,100.3271354000,102.4711573800,97.2829515200,35088698,4280415922.7100
2020-03-16,99.3451406000,94.5169995000,100.1634696000,93.6250208900,37024247,4379489484.6900
2020-03-17,93.6986705000,91.9474464400,96.2191238200,88.8541628200,35297954,3975112228.2100
2020-03-18,92.6348428000,88.0440171100,94.9016141300,87.3075210100,40442259,4528147000.3400
2020-03-19,86.5792082000,83.5595741900,87.5612030000,80.7117892700,60169789,6133825332.9100
2020-03-20,85.3680812800,88.7968797900,89.7379581400,85.2780650900,42206390,4484741875.1500
2020-03-23,85.1062160000,85.5235637900,87.1520385000,84.3206201600,32826540,3443583082.0400
2020-03-24,87.6266693200,89.2387774500,89.9261738100,86.7756071600,35636342,3859693788.5000
2020-03-25,92.5530099000,93.2895060000,94.0751018400,91.5219153600,30947333,3508691590.5500
2020-03-26,92.4548104200,93.1994898100,95.1716627000,91.5710151000,20880123,2397709906.1100
2020-03-27,94.5988324000,94.7706814900,96.3991562000,94.5988324000,23543496,2745616755.8700
2020-03-30,92.3238777800,92.6593926700,93.3058725800,91.4073493000,20580583,2321514404.4500
2020-03-31,94.1078350000,94.2715008000,95.4089781100,93.3386057400,18849621,2179898621.2400
2020-04-01,94.9261640000,94.1078350000,95.7363097100,93.6495707600,17596852,2033698724.2500
2020-04-02,93.2895060000,95.8999755100,95.8999755100,92.8967080800,19153739,2218330786.4200
2020-04-03,96.3173233000,96.1700240800,97.7657656300,95.5808272000,17580586,2076905527.1100
2020-04-07,98.6904774000,101.5873620600,101.9474268200,98.6904774000,29451150,3627761364.5800
2020-04-08,101.5873620600,102.5202571200,103.1012707100,101.0063484700,20113362,2515223465.7400
2020-04-09,103.6413678500,102.2747584200,104.4187804000,100.6626502900,15879620,1985606241.4500
2020-04-10,102.2747584200,103.5349850800,105.4007752000,101.6364618000,19896089,2526071157.9200
2020-04-13,102.4138743500,102.2911250000,103.9441495800,101.6364618000,14606018,1831925095.0400
2020-04-14,103.6086346900,105.1143600500,105.4662415200,102.4547908000,19461888,2481573352.8100
2020-04-15,105.1307266300,104.6724623900,106.6119021200,104.0996320900,16296718,2095661173.6900
2020-04-16,103.9359662900,103.1912869000,104.5824462000,102.7166560800,18825435,2379554855.7300
2020-04-17,104.0668989300,105.4171417800,106.1372713000,103.7150174600,23471089,3022344869.2800
2020-04-20,106.3173036800,105.8181229900,106.7755679200,105.4662415200,13218834,1710863422.6500
2020-04-21,104.8115783200,103.4940686300,105.5235245500,102.3565913200,20552372,2596092234.0300
2020-04-22,103.5513516600,106.6282687000,107.1929157100,102.6348231800,26598477,3436601399.7400
2020-04-23,107.3647648000,107.2747486100,109.9015847000,107.0374332000,21331870,2822832124.0000
2020-04-24,107.3974979600,107.5284306000,109.0750724100,105.8672227300,16773324,2215246722.0300
2020-04-27,108.4367757900,108.5922583000,109.3451209800,106.6937350200,15934244,2110526723.8900
2020-04-28,111.2927440000,113.7477310000,115.5644213800,110.0734337900,42077345,5811722420.0600
2020-04-29,113.7477310000,110.8835795000,114.6888093500,109.6560860000,29183204,3980521441.3300
2020-04-30,110.8835795000,111.1045283300,113.9113968000,109.6724525800,22864055,3121490868.8500
2020-05-06,110.0652505000,113.1012510900,113.7886474500,109.6397194200,25104481,3442757066.2100
2020-05-07,113.2403670200,116.1290683900,116.2027180000,112.4138547300,27796178,3911603340.0400
2020-05-08,116.7346318500,116.9392141000,119.0668695000,115.3271059700,24326698,3478295310.5800
2020-05-11,117.2010793800,116.0799686500,118.7395379000,115.3843890000,23681991,3384838039.2100
2020-05-12,115.3843890000,116.9392141000,117.6675269100,115.2943728100,15184489,2167669765.7300
2020-05-13,116.9392141000,119.4760340000,119.6478830900,116.4482167000,19635029,2845747547.1700
2020-05-14,119.3942011000,119.7215327000,120.2943630000,118.1667076000,15361261,2244204771.7500
2020-05-15,120.7035275000,118.8377373800,121.1045087100,117.9048423200,16064447,2338474671.0300
2020-05-18,118.6577050000,123.7231615100,124.7624393400,118.3303734000,24881015,3718097608.9100
2020-05-19,125.4743855700,123.9113771800,125.6053182100,123.0521317300,17650556,2669709609.7300
2020-05-20,124.7951725000,123.4449296500,125.1879704200,123.1666977900,17041214,2580358165.7200
2020-05-21,124.2714419400,124.1241427200,125.6380513700,123.5922288700,17092150,2602103042.5600
2020-05-22,123.3712800400,118.0439582500,123.3876466200,117.5529608500,38352639,5597327855.3100
2020-05-25,117.8475592900,120.3189128700,120.6216946000,115.4662219000,24355991,3540747465.3900
2020-05-26,120.3189128700,120.9572094900,122.0292204800,119.5987833500,16511925,2436906020.3000
2020-05-27,120.9653927800,119.6069666400,121.4400236000,119.2141687200,14596302,2143082940.1900
2020-05-28,119.5987833500,119.6069666400,121.1290585800,118.2485405000,14818404,2166223144.0100
2020-05-29,118.6577050000,121.2763578000,121.5955061100,118.5185890700,16321720,2408655795.7900
2020-06-01,122.7984497400,129.7787961100,131.0799392200,122.7984497400,35784358,5624344618.4400
2020-06-02,129.6151303100,129.9260953300,133.9195408500,129.3123485800,29158586,4669324668.4900
2020-06-03,131.6364029400,129.4923809600,132.3728990400,128.2157877200,25275933,4004118585.5500
2020-06-04,129.3205318700,129.9915616500,130.9162734200,128.4776530000,13631755,2166142874.9200
2020-06-05,130.2043271900,131.0062896100,131.4891037200,128.9686504000,15985906,2547709184.7700
2020-06-08,130.5234755000,131.4318206900,134.9833685500,130.3598097000,22255110,3596734091.4600
2020-06-09,131.4072708200,133.0684786900,133.3876270000,130.1224942900,16111888,2610701054.1200
2020-06-10,133.1012118500,133.0111956600,134.0259236200,131.8164353200,14948146,2428166146.2500
2020-06-11,132.4056322000,130.9899230300,133.1748614600,129.2550655500,19946097,3195703175.3000
2020-06-12,128.4776530000,132.1601335000,132.4710985200,127.7411569000,17647613,2822869416.6900
2020-06-15,130.1143110000,128.4776530000,131.6527695200,128.0684885000,26621961,4206860399.4600
2020-06-16,128.5594859000,129.0341167200,130.3270765400,127.9866556000,25984652,4095546267.0000
2020-06-17,128.6904185400,127.5611245200,128.8868175000,125.9408331000,23242329,3610097414.3400
2020-06-18,128.1503214000,129.5905804400,129.7706128200,127.6265908400,19949002,3145346589.3500
2020-06-19,129.7051465000,135.4907325300,136.2517785000,129.6478634700,38702809,6342808631.1400
2020-06-22,136.0132360000,135.1838870000,136.0132360000,133.5251890000,21631228,3513415729.7500
2020-06-23,135.1838870000,139.3140450200,139.6623716000,134.4208859200,26532477,4413501330.9700
2020-06-24,139.6706650900,139.8365348900,142.0674837000,138.5012830000,18798602,3172425486.9400
2020-06-29,138.1778368900,138.9159575000,139.7453065000,137.5060642000,19993555,3331811630.3600
2020-06-30,139.7784804600,141.9182008800,142.3743428300,139.7453065000,18989762,3238678111.0200
2020-07-01,141.9182008800,150.9249310200,153.5124999000,141.9182008800,27181836,4886748745.6800
2020-07-02,149.2828200000,157.1533420100,159.5169866600,149.1832981200,34887021,6549218075.8500
2020-07-03,157.5680165100,156.5147432800,157.9909845000,151.3561925000,30815941,5745184556.1700
2020-07-06,156.5064497900,159.9150741800,162.5524040000,153.8940004400,32843107,6291466679.8100
2020-07-07,159.8819002200,167.4372696100,171.1610466200,157.8417016800,38411125,7693352358.7300
2020-07-08,167.1138235000,168.6564126400,170.6800242000,165.0404510000,29232255,5907018139.9900
2020-07-09,168.6812931100,168.9549782800,170.3151106400,167.1138235000,29524349,5988999450.1200
2020-07-10,168.3578470000,171.6752430000,175.6561182000,166.5332792000,33547581,6923294758.0100
2020-07-13,171.6752430000,180.9639518000,186.6035250000,171.6752430000,48880722,10648696886.7300
2020-07-14,181.0468867000,183.2031941000,186.8772101700,175.8468684700,43873308,9589876574.7900
2020-07-15,181.6274310000,185.7327085500,187.4328740000,180.4663424000,37169954,8289624150.2000
2020-07-16,183.2861290000,167.1635844400,183.3275964500,167.1635844400,70573669,14817949981.6400
2020-07-17,161.7230550000,170.3399911100,173.9144853000,161.7230550000,52976677,10785868982.3200
2020-07-20,170.4312195000,167.2631063200,172.9192665000,158.4139524900,44290656,8808311369.0800
2020-07-21,166.6991490000,170.4975674200,173.2510061000,164.8745812000,31785876,6514435742.8600
2020-07-22,169.3945332500,173.2510061000,176.5435216300,168.1505097500,28066323,5873887494.7100
2020-07-23,171.9240477000,174.2213444300,175.7390531000,170.5141544000,26541311,5547862012.5300
2020-07-24,172.5045920000,167.0225951100,173.2924735500,164.2111020000,40538626,8233915251.9100
2020-07-27,168.6812931100,169.2701309000,171.5093732000,167.0391820900,24634688,5038945709.5100
2020-07-28,170.7546656100,177.4806860000,179.9189720600,169.7428598300,38449712,8143034019.7800
2020-07-29,177.7709581500,178.2934480200,178.7081225200,173.3422344900,30136414,6417584055.9100
2020-07-30,177.4806860000,179.4047756800,180.8395494500,176.6513370000,25322564,5483434280.2500
2020-07-31,179.5623519900,180.3834075000,183.2944224900,177.7129037200,26231782,5707639443.3400
2020-08-03,180.9473648200,180.5658642800,182.3987255700,178.4759048000,20145355,4369803363.6600
2020-08-04,180.3834075000,178.9735142000,182.2909102000,177.4806860000,20676941,4483369686.7100
2020-08-05,178.8076444000,180.3668205200,180.5990382400,176.6513370000,18671238,4024536334.4900
2020-08-06,180.3668205200,175.0092259800,181.2459304600,173.8813113400,32304359,6855967077.0400
2020-08-07,174.1632900000,171.8908737400,176.6513370000,168.5071298200,28723584,5960012764.4300
2020-08-10,171.8908737400,170.7961330600,173.2344191200,168.3080860600,19152100,3941811351.9300
2020-08-11,171.6752430000,173.3339410000,176.9416091500,171.6752430000,25009077,5285963734.0600
2020-08-12,172.4382440800,171.2356880300,174.0637681200,168.3910209600,18024993,3701984354.9500
2020-08-13,172.5045920000,171.5923081000,174.1632900000,170.4312195000,12320969,2555092632.7700
2020-08-14,171.0946987000,176.5684021000,176.9001417000,171.0283507800,24431491,5144549732.0900
2020-08-17,177.8953605000,182.4484865100,184.1154780000,177.8953605000,31515599,6913069145.2000
2020-08-18,182.4484865100,182.9295089300,184.9448270000,180.8976038800,19038249,4208955657.7100
2020-08-19,182.8465740300,184.2813478000,187.3997000400,180.1926572300,23847268,5300628768.7700
2020-08-20,182.4567800000,179.5042975600,183.2197810800,179.1393840000,18490663,4022580052.9800
2020-08-21,182.4567800000,181.1298216000,183.2695420200,179.5042975600,15731861,3438178399.9500
2020-08-24,182.4401930200,186.6035250000,187.6816787000,181.7850073100,23152218,5170962343.5000
2020-08-25,187.4328740000,195.3946244000,196.3483757500,187.4245805100,28547871,6659413393.1800
2020-08-26,195.2287546000,196.2654408500,198.9359446300,192.5748378000,26209992,6176301738.0100
2020-08-27,198.1978240200,197.4514099200,198.1978240200,191.6957278600,21348858,5024119736.0900
2020-08-28,195.7097770200,199.4584345000,203.0743961400,193.4041868000,32724152,7823482204.5500
2020-08-31,200.7024580000,199.0437600000,204.6003983000,199.0437600000,31571514,7691010330.7200
2020-09-01,196.9538005200,195.9254077600,198.8778902000,193.3212519000,30087024,7091377402.8100
2020-09-02,195.0628848000,194.8970150000,198.8613032200,193.9017962000,19633125,4642766180.0700
2020-09-03,195.2287546000,197.9158453600,201.5318070000,195.0545913100,27569574,6599198582.2100
2020-09-04,194.0676660000,190.9327267800,194.0676660000,187.6567982300,37092062,8495154315.0400
2020-09-07,190.2111931500,188.1709946100,193.6115240500,186.6864599000,23622659,5428172452.0600
2020-09-08,188.3783318600,184.0574235700,190.2111931500,180.4663424000,35708526,7906064618.8200
2020-09-09,181.4698546900,179.9687330000,183.0041503400,179.1393840000,22706135,4950173117.7300
2020-09-10,182.4567800000,185.1106968000,187.2338302400,182.4236060400,23154133,5168118227.5500
2020-09-11,183.6593360500,188.9920501200,188.9920501200,182.6060628200,20470064,4597798171.2500
2020-09-14,189.9872689200,190.8166179200,191.9445325600,185.9234588200,20749216,4747190668.9900
2020-09-15,190.7502700000,191.0239551700,191.9113586000,189.0915720000,12036547,2765306525.5600
2020-09-16,191.3639882600,187.4494609800,192.5665443100,186.6035250000,18453747,4206118388.0900
2020-09-17,184.1652389400,184.6545548500,187.4328740000,181.5444961000,22801632,5066620919.7900
2020-09-18,184.6545548500,190.3521824800,190.3521824800,183.1368461800,19015650,4291299127.9400
2020-09-21,189.0915720000,186.5205901000,190.3770629500,186.1639700300,13028469,2942680885.2900
2020-09-22,184.4969785400,184.8618921000,188.0714727300,184.1154780000,12091370,2711926528.1800
2020-09-23,179.6369934000,181.8928226800,183.6925100100,176.2034885400,25179488,5469429699.2800
2020-09-24,180.8644299200,179.3881887000,183.5929881300,179.0398621200,16365237,3569684235.5100
2020-09-25,179.9770264900,180.1346028000,181.9923445600,179.4462431300,11251653,2449369664.9800
2020-09-28,181.0800606600,182.5645953700,184.8204246500,180.7980820000,15264425,3363291339.0100
2020-09-29,184.1154780000,182.2328557700,184.7789572000,181.4366807300,9972097,2199769865.1900
2020-09-30,183.2861290000,183.2861290000,186.6035250000,182.5397149000,16234185,3608733491.7000
2020-10-09,186.6035250000,188.7349519300,190.3770629500,185.1853382100,20893388,4736861700.7800
2020-10-12,189.9209210000,200.4951207500,200.7107514900,189.9209210000,32455704,7713734277.5800
2020-10-13,200.4951207500,200.9263822300,202.8587654000,198.0817151600,17191051,4169972230.2900
2020-10-14,200.5282947100,198.5461506000,202.6348411700,197.5343448200,18319372,4414453297.7300
2020-10-15,198.6373789900,198.1397695900,199.4584345000,197.6670406600,11176087,2673550249.8900
2020-10-16,198.1314761000,196.4561911200,199.7238261800,195.0960587600,11835750,2812810615.7900
2020-10-19,199.0437600000,195.8756468200,200.3707184000,194.5652754000,12290083,2920521351.4000
2020-10-20,195.7263640000,199.8565220200,199.8731090000,194.8970150000,17996331,4313854388.7800
2020-10-21,199.8565220200,200.5117077300,202.1123513000,198.7866618100,13707691,3309649772.3600
2020-10-22,200.7024580000,200.4868272600,201.5235135100,196.2903213200,15041607,3620503899.7200
2020-10-23,199.6989457100,196.2488538700,200.9015017600,195.9751687000,13452273,3217550682.4800
2020-10-26,190.7502700000,192.9148708900,194.5569819100,184.9448270000,16000039,3696971910.0600
2020-10-27,193.2466104900,193.6529915000,195.1872871500,191.3308143000,14302682,3339001551.8800
2020-10-28,194.8970150000,199.0271730200,200.7024580000,193.5866435800,17076230,4079939455.5900
2020-10-29,198.0485412000,207.3372500000,210.4638957300,197.7914430100,34962748,8707106516.0500
2020-10-30,204.8077355500,202.6514281500,207.3372500000,201.7557312300,23948951,5883433065.6200
2020-11-02,204.9072574300,203.7710493000,208.2080664500,202.7758305000,15733705,3880439537.7700
2020-11-03,205.7614869000,207.6689896000,207.6689896000,203.6051795000,16535083,4112229156.2800
2020-11-04,207.5445872500,209.8252970000,209.8252970000,205.9273567000,12992837,3267104849.3700
2020-11-05,212.3050505100,215.1414240900,215.5063376500,210.6961134500,18968980,4898017531.9300
2020-11-06,215.6722074500,215.0501957000,216.6259588000,211.5254624500,15116483,3901814024.4900
2020-11-09,216.4600890000,223.9242300000,223.9242300000,216.1283494000,20628388,5513207008.0000
2020-11-10,224.5379482600,226.2464072000,231.0980988500,221.6435202500,22308070,6085547697.8700
2020-11-11,224.5047743000,223.0119461000,231.3883710000,222.5558041500,22787338,6218718170.5400
2020-11-12,223.0119461000,221.9752598500,225.1599600100,219.7774850000,17623158,4716978361.3500
2020-11-13,219.7774850000,219.7774850000,221.7430421300,213.9720420000,18843071,4950551088.0700
2020-11-16,222.2655320000,226.4122770000,226.5366793500,218.5417549900,19577792,5269426372.1300
2020-11-17,226.4039835100,223.1778159000,227.6977679500,220.6068340000,17947672,4847011187.1900
2020-11-18,222.2572385100,218.7159182800,223.5261424800,214.8013910000,19456273,5134604862.2700
2020-11-19,217.5714166600,219.5286803000,220.8556387000,215.6307400000,12448246,3287372158.6200
2020-11-20,221.0546824600,222.6553260300,224.3389045000,219.6116152000,11122604,2984187157.8700
2020-11-23,225.1682535000,226.0639504200,230.3682717300,225.1682535000,15634214,4282239108.5700
2020-11-24,226.0639504200,225.4087647100,226.0805374000,221.4361830000,12503527,3370155283.9700
2020-11-25,225.4170582000,218.0939065300,225.9063741100,217.9612106900,16559440,4404834698.3500
2020-11-26,217.4304273300,216.1117624200,219.9267678200,209.5764923000,19905229,5158676272.6600
2020-11-27,216.1117624200,217.5382427000,217.5465361900,214.0549769000,11259290,2933632286.3200
2020-11-30,216.1698168500,210.6546460000,217.2811445100,210.3643738500,21174104,5419775805.7400
2020-12-01,211.4839950000,213.9637485100,214.7018691200,211.4839950000,13648057,3509920228.4700
2020-12-02,215.6307400000,216.0868819500,217.2811445100,213.2256279000,11637763,3028626146.3700
2020-12-03,215.6805009400,216.9825788700,217.2894380000,214.7765105300,9208685,2403046138.5400
2020-12-04,216.0454145000,221.5937593100,222.2655320000,215.7551423500,17051140,4536004928.1100
2020-12-07,221.6103462900,224.1232737600,228.2368448000,221.6103462900,19621618,5339342747.5900
2020-12-08,225.2097209500,225.5829280000,227.2830934500,222.7216739500,14777562,4019960930.2700
2020-12-09,226.4122770000,223.6920122800,227.2416260000,223.5095555000,11677649,3166929094.9200
2020-12-10,223.0948810000,221.9918468300,225.5829280000,221.6849877000,13410208,3611981639.7500
2020-12-11,222.9704786500,221.8674444800,223.9159365100,218.4505266000,15005255,3995342178.6200
2020-12-14,222.6802065000,226.5366793500,226.8269515000,220.6731819200,18174424,4937790460.4300
2020-12-15,226.5366793500,224.5877092000,226.6610817000,221.6932811900,14611814,3949335198.0500
2020-12-16,226.4122770000,227.5153111700,228.0709750000,225.5829280000,16025487,4392611714.0000
2020-12-17,227.6894744600,230.4014456900,232.2177200000,227.4157892900,19976098,5547260940.9500
2020-12-18,229.6467381000,229.6135641400,231.9523283200,227.3079739200,15082525,4179755003.6600
2020-12-21,228.3280731900,233.8017765900,233.8598310200,228.3280731900,16188978,4537599926.1000
2020-12-22,234.6891800200,234.1915706200,238.8525120000,233.8515375300,18706371,5338602866.7200
2020-12-23,234.7057670000,230.7995332100,239.2671865000,228.0709750000,25221586,7103972923.9600
2020-12-24,228.9003240000,228.3363666800,231.3054361000,225.8814936400,15616076,4293939903.9100
2020-12-25,226.0805374000,228.8339760800,230.0862930700,225.1682535000,11111390,3051169983.1700
2020-12-28,228.9003240000,237.1523465500,237.3265098400,228.8837370200,19381209,5490499481.4400
2020-12-29,237.2601619200,233.0470690000,237.7411843400,231.5376538200,14658930,4136060906.0600
2020-12-30,234.6145386100,237.9236411200,238.5207724000,233.2626997400,16882539,4826857468.1500
2020-12-31,238.8608054900,242.0455056500,244.2184000300,238.8525120000,16003830,4661694421.8400
2021-01-04,242.1699080000,247.1874694500,248.8047000000,242.1616145100,23427822,6977115208.0700
2021-01-05,246.4825228000,265.3750930200,265.3750930200,244.2432805000,31460633,9802665755.9500
2021-01-06,265.5160823500,272.2752767000,278.3792853400,263.5588187100,31343033,10211616773.8100
2021-01-07,272.2835701900,273.6851700000,274.2491273200,262.9699809200,24255948,7882443069.0600
2021-01-08,273.7349309400,262.9036330000,275.0121284000,256.2190800600,37870249,12096818569.5300
2021-01-11,262.4309040700,249.7999188000,262.4889585000,248.3900255000,38195291,11637052715.6900
2021-01-12,247.9338835500,257.0981900000,258.1763437000,247.1460020000,23025505,7067492692.4900
2021-01-13,258.3670939700,253.2251301700,259.9843245200,250.5629198800,23365302,7164303594.2000
2021-01-14,252.1220960000,240.0136006000,252.8519231200,239.6818610000,35489554,10426526438.5500
2021-01-15,238.8525120000,238.6037073000,242.4104192100,230.6170764300,41713251,11843762786.6700
2021-01-18,236.3644650000,235.9912579500,238.1392718600,231.6620561700,27255864,7724438136.5300
2021-01-19,238.0231630000,233.4617435000,240.5112100000,232.2177200000,29388857,8340023174.8600
2021-01-20,232.2177200000,236.2400626500,236.8703678900,228.0212140600,26404034,7448387724.9200
2021-01-21,237.0279442000,246.2751855500,247.9670575100,236.7791395000,29402390,8608576887.9700
2021-01-22,244.7243029200,245.1223904400,248.7300585900,242.6509304200,24946675,7369528934.0900
2021-01-25,245.1306839300,261.8171858100,262.3479691700,243.1651268000,41290940,12821666909.2600
2021-01-26,261.8171858100,253.5983372200,261.8337727900,253.0343799000,24143501,7458358973.5500
2021-01-27,251.2098121000,242.6509304200,251.2098121000,238.0231630000,30793847,9033475506.8100
2021-01-28,239.0432622700,237.1938140000,242.1699080000,234.7057670000,27607757,7911157526.9100
2021-01-29,240.5112100000,241.4566678600,244.7740638600,239.4994042200,22010914,6431745130.4200
2021-02-01,243.0075504900,242.4104192100,248.6968846300,242.4104192100,19575992,5790219683.4500
2021-02-02,242.1699080000,252.2216178800,252.3957811700,242.0869731000,29749240,8931329219.1000
2021-02-03,251.9562262000,256.0615037500,256.2688410000,249.7335708800,22454665,6862660163.8700
2021-02-04,253.7807940000,260.0838464000,262.7377632000,252.9597384900,28057460,8823190961.6700
2021-02-05,260.4238794900,265.1926362400,273.6851700000,260.4155860000,32891319,10624157468.1000
2021-02-08,268.7090760000,265.3916800000,274.0998445000,260.2497162000,26652998,8556525644.7000
2021-02-09,267.0503780000,273.2704955000,273.6851700000,263.6168731400,22477980,7323491251.0500
2021-02-10,276.1732170000,284.1764348500,286.6893623200,275.7585425000,33193163,11318193474.3200
2021-02-18,293.9959270100,276.5878915000,296.2351693100,274.4232906100,34381508,11828646631.5800
2021-02-19,276.6708264000,285.6277956000,287.1206238000,270.3263065500,27475002,9295089531.7200
2021-02-22,283.6373580000,259.6359979400,283.8861627000,257.9109520200,41458220,13367286789.3900
2021-02-23,253.7807940000,261.2449350000,267.7636181400,252.2630853300,27866832,8795804295.9100
2021-02-24,261.2449350000,243.0656049200,261.2532284900,239.3915888500,41724817,12424962071.9000
2021-02-25,245.9019785000,239.5989261000,248.7881130200,236.8454874200,24904649,7274333597.8300
2021-02-26,232.6821554400,232.2177200000,238.3300221300,224.7535790000,28897086,8100247691.1000
2021-03-01,237.1938140000,239.6984479800,243.8286060000,233.0553624900,25506327,7352003877.1600
2021-03-02,243.1651268000,232.7982643000,245.3877821200,228.3197797000,24412465,6955462354.9500
2021-03-03,228.9003240000,236.6132697000,237.8572932000,225.2594818900,21171711,5951313500.2600
2021-03-04,232.2177200000,220.8639321900,232.2177200000,219.7774850000,32935886,8896042111.2900
2021-03-05,213.9720420000,221.0215085000,225.7405043100,210.6546460000,29165040,7727068295.5800
2021-03-08,222.2655320000,202.7758305000,223.9491104700,202.7260695600,38365377,9779570334.6300
2021-03-09,200.7024580000,201.1171325000,206.6737708000,190.7502700000,43874577,10599045847.5400
2021-03-10,205.6785520000,209.4935574000,211.4839950000,204.9321379000,30958230,7776577821.5700
2021-03-11,211.4922884900,219.8106589600,223.5095555000,207.4035979200,30153094,7909417124.1200
2021-03-12,223.1778159000,219.3213430500,223.5012620100,212.1225937300,25143785,6596290241.2000
2021-03-15,217.6626450500,208.1748924900,221.0215085000,204.0198540000,24899734,6320778553.2200
2021-03-16,208.6642084000,217.6294710900,217.7455799500,207.7933919500,23165605,5953026225.4300
2021-03-17,216.8747635000,219.2052341900,222.2904124700,211.4839950000,19887801,5234840656.8900
2021-03-18,219.7774850000,224.2476761100,228.0709750000,219.7774850000,20130334,5462748512.3700
2021-03-19,218.1187870000,216.2859257100,219.7774850000,213.6983568300,19784981,5158274508.6000
2021-03-22,216.4186215500,215.2160655000,218.6081029100,211.2434837900,14278219,3700614995.3000
2021-03-23,215.2160655000,217.4967752500,218.9315490200,213.1261060200,12695157,3309793203.7900
2021-03-24,214.8760324100,216.2942192000,223.0948810000,214.4862383800,17942151,4728182217.3100
2021-03-25,213.0929320600,212.2967570200,213.8808136100,208.9959480000,18625855,4750886353.7600
2021-03-26,213.9720420000,220.5653665500,221.5854658200,212.1640611800,23020269,6054732217.5300
2021-03-29,221.4361830000,225.6575694100,232.1762525500,220.5985405100,28199481,7712653715.5100
2021-03-30,224.3389045000,226.7937775400,230.9902834800,224.3389045000,16870779,4624076063.9700
2021-03-31,224.5047743000,222.2489450200,224.5047743000,219.7857784900,13411104,3583946108.2900
2021-04-01,223.9242300000,226.4786249200,227.1503976100,221.4444764900,12114212,3280567357.9400
2021-04-02,229.7379664900,235.9995514400,236.3644650000,228.0709750000,22962623,6443304987.8400
2021-04-06,237.1523465500,236.1654212400,238.8525120000,233.8764180000,15550845,4431624295.8000
2021-04-07,234.7140604900,224.6291766500,235.2448438500,222.9290112000,24493627,6674234724.2600
2021-04-08,219.7774850000,226.4786249200,227.9465726500,218.9978969400,16211426,4396674335.3400
2021-04-09,224.7535790000,220.0262897000,225.9976025000,219.7774850000,14611556,3895892301.8500
2021-04-12,219.9433548000,216.4517955100,221.7347486400,215.6307400000,13323255,3495254788.3300
2021-04-13,216.6757197400,218.0358521000,222.4479887800,216.6757197400,13875729,3670699723.0900
2021-04-14,218.0441455900,218.7656792200,221.9420858900,216.6674262500,14817752,3916715200.4800
2021-04-15,216.7171871900,212.1474742000,218.1104935100,206.7732926800,28595938,7267459255.0600
2021-04-16,212.1474742000,217.1235682000,218.6412768700,212.1474742000,18754302,4877110716.4200
2021-04-19,215.6307400000,220.3331488300,222.4396952900,210.2399715000,18815579,4960854542.1000
2021-04-20,219.7774850000,222.0581947500,227.0674627100,218.1270804900,19914658,5367602759.5000
2021-04-21,219.7774850000,224.6291766500,226.3873965300,218.5998094200,15923160,4295280588.7900
2021-04-22,224.6706441000,224.9111553100,227.2416260000,223.0948810000,11627423,3157592141.8000
2021-04-23,225.7902652500,232.2177200000,233.0470690000,225.7902652500,20783326,5769545850.0100
2021-04-26,234.7057670000,228.0709750000,237.1025856100,227.9548661400,20390370,5710005243.1700
2021-04-27,229.7296730000,233.7271351800,233.7271351800,225.8649066600,14231452,3950995457.2800
2021-04-28,228.0709750000,236.8620744000,236.8620744000,227.0757562000,22027859,6211307911.4100
2021-04-29,238.0729239400,240.0965355000,241.3405590000,233.3041671900,20693602,5941444368.6900
2021-04-30,238.0231630000,236.3644650000,239.9306657000,235.2697243200,15803059,4521364969.4600
2021-05-06,233.8764180000,229.2652375600,237.0279442000,228.7344542000,16866057,4713100400.2700
2021-05-07,232.2260134900,225.6658629000,232.4084702700,224.9857967200,12500753,3441009131.7400
2021-05-10,224.4052524200,218.9481360000,227.2416260000,216.7918286000,19524824,5183389746.3900
2021-05-11,217.4718947800,228.4441820500,228.4524755400,217.2811445100,19232636,5208651090.0700
2021-05-12,227.4074958000,230.1526409900,231.8693934200,227.2416260000,12106344,3356761370.5400
2021-05-13,227.3992023100,228.9003240000,231.0151639500,225.9976025000,9707922,2670400820.3900
2021-05-14,230.5258480400,238.0231630000,239.1842516000,228.2202578200,21808451,6208023602.5200
2021-05-17,239.0349687800,246.4742293100,252.6777598300,239.0349687800,28061495,8373250451.8500
2021-05-18,247.1542954900,248.3900255000,248.8047000000,244.0774107000,14728692,4370179795.6800
2021-05-19,247.1460020000,251.1185837100,256.3517759000,245.5121844700,16700066,5082549122.2100
2021-05-20,252.7026403000,251.7157149900,255.4229050200,250.0984844400,14023985,4268328787.1000
2021-05-21,252.9514450000,245.9849134000,253.5236958100,244.7077159400,17262089,5161569642.8500
2021-05-24,248.8047000000,252.9597384900,253.1173148000,244.9482271500,15708894,4729942081.3700
2021-05-25,253.7807940000,267.9046074700,267.9294879400,252.8850970800,32305889,10261281423.6700
2021-05-26,265.8063545000,264.5623310000,268.7173694900,262.0742840000,19075117,6100319124.3900
2021-05-27,263.8739713300,263.8822648200,270.5585242700,260.5980427800,16436312,5251052172.9600
2021-05-28,265.4912018800,262.8206981000,266.2873769200,260.7390321100,13024503,4116488946.4900
2021-05-31,261.4937397000,261.3444568800,261.7591313800,256.5342326800,17768388,5542253079.7500
2021-06-01,262.3230887000,261.8254793000,263.1524377000,257.4133426200,16387574,5152812416.3300
2021-06-02,261.8254793000,258.6241921600,264.0398411300,255.8541665000,15653208,4890684590.1400
2021-06-03,258.6241921600,260.0921398900,265.3916800000,257.2474728200,17917736,5652744412.0200
2021-06-04,258.7568880000,261.4937397000,264.1476565000,256.6918089900,17528770,5497026749.6500
2021-06-07,262.3728496400,259.5115955900,263.2602530700,256.1610256300,18737019,5843427388.7100
2021-06-08,259.5862370000,247.1045345500,260.0009115000,242.1616145100,31165284,9408595821.7600
2021-06-09,246.3166530000,245.9019785000,248.8047000000,241.7967009500,17157668,5075838987.5700
2021-06-10,246.3249464900,251.3342144500,253.3661195000,245.0726295000,15077251,4565221138.1000
2021-06-11,251.3425079400,250.1067779300,252.1220960000,245.4873040000,15912782,4783871682.8100
2021-06-15,250.0653104800,248.1909817400,252.1635634500,242.8085067300,14516108,4323376155.3300
2021-06-16,248.1909817400,242.4352996800,248.1909817400,239.8643177800,14062999,4120477427.3000
2021-06-17,241.4317873900,244.0110627800,247.1460020000,241.4317873900,10904554,3213936358.7600
2021-06-18,244.9150531900,241.3405590000,246.3166530000,237.1938140000,19071578,5539524449.8900
2021-06-21,242.9992570000,246.2088376300,246.5654577000,241.3405590000,20602803,6063841832.7400
2021-06-22,247.1460020000,248.7134716100,250.8780725000,246.5654577000,16166358,4846385284.6400
2021-06-23,248.2241557000,241.2907980600,248.3900255000,240.5112100000,23056410,6749757120.5800
2021-06-24,239.2671865000,242.7504523000,244.6579550000,235.6843988200,16551834,4788276581.6100
2021-06-25,241.3820264500,248.7383520800,249.9492016200,241.2410371200,20522327,6107081700.4600
2021-06-28,248.8129934900,254.0378921900,254.2203489700,248.8129934900,16125387,4908850411.1000
2021-06-29,254.1788815200,247.6021439500,254.3115773600,246.0512613200,15672026,4707055411.7000
2021-06-30,245.4873040000,247.0547736100,250.7951376000,245.0643360100,10339509,3090106555.0900
2021-07-01,246.1093157500,247.3118718000,247.9753510000,242.1699080000,13631042,4012429333.7700
2021-07-02,243.8286060000,237.2186944700,244.4008568100,236.5303348000,21169160,6104707041.9800
2021-07-05,235.6761053300,233.1300039000,239.2671865000,232.2343069800,18054256,5106360245.4900
2021-07-06,232.0933176500,229.9370102500,233.0719494700,224.1066867800,23895451,6571285948.2900
2021-07-07,232.2177200000,236.0244319100,236.3644650000,231.2888491200,17454367,4936536496.5800
2021-07-08,236.3644650000,223.7915341600,237.0196507100,221.9503793800,43957567,12010041260.9600
2021-07-09,225.6253047500,223.8082444000,226.5715159000,219.3870100000,21367447,5702882115.7300
2021-07-12,226.0858500000,226.8813372500,228.5644208000,219.9647849500,26424669,7111433622.0200
2021-07-13,226.8980843500,231.1099800000,233.9067457000,226.8980843500,21899748,6044746554.7200
2021-07-14,229.3515345000,230.5238315000,231.9473350000,224.4111400000,20921830,5710321392.7900
2021-07-15,230.2726250000,235.1544046500,235.4642260000,228.3550820500,19549471,5443652587.7900
2021-07-16,235.1711517500,232.3827596000,237.2729128000,231.9473350000,15151398,4230603079.2500
2021-07-19,230.9425090000,235.2046459500,236.5527875000,229.8455739500,14331986,3994088405.3400
2021-07-20,233.6220450000,236.3853165000,237.9846645500,232.5920983500,13009223,3669251201.4400
2021-07-21,236.3769429500,235.4809731000,239.4584093500,234.4677735500,14960510,4226787177.4800
2021-07-22,236.5611610500,234.5431355000,238.3614743000,233.3289707500,14310378,4028250662.3600
2021-07-23,233.5048153000,227.0990495500,233.6220450000,224.5116226000,21230352,5760869080.2100
2021-07-26,224.9637943000,208.9535667000,224.9637943000,204.3899819500,46213123,11693393537.9400
2021-07-27,206.8266850000,193.5546082500,208.3339240000,193.4290050000,42331305,10158683399.0600
2021-07-28,193.5797289000,198.1851814000,199.2067545000,188.3127659500,36114290,8397862029.3600
2021-07-29,205.5204112000,196.8202927500,205.8134854500,195.6731164000,31322153,7483908399.4700
2021-07-30,196.8286663000,184.8461162500,196.8286663000,181.5720582000,42797929,9495555500.1800
2021-08-02,180.3411463500,196.3178797500,196.6946895000,177.6448632500,46844440,10454507732.9100
2021-08-03,191.8380305000,201.0070677500,201.5178543000,190.6657335000,34171933,8061076932.7700
2021-08-04,198.4531350000,196.3597475000,200.0357359500,195.1037150000,23028951,5412225848.8000
2021-08-05,191.7542950000,190.2219353500,197.6157800000,188.8235525000,28551069,6538505734.3100
2021-08-06,188.4048750000,189.2422300000,190.8332045000,185.2647937500,19152922,4306125513.0400
2021-08-09,187.5675200000,192.6000235500,198.1851814000,185.8928100000,26492924,6099681510.5700
2021-08-10,193.6467173000,208.4176595000,209.3387500000,190.3977799000,46083746,11083250874.9500
2021-08-11,205.9642093500,206.1568010000,210.2765876000,202.6147893500,25307547,6234986634.4200
2021-08-12,205.1519750000,199.2235016000,208.1664530000,198.5787382500,23714946,5718032984.2700
2021-08-13,198.4531350000,201.6350840000,203.4772650000,197.6157800000,16003140,3832138024.4000
2021-08-16,200.9652000000,201.5513485000,204.6244413500,199.6254320000,13317313,3210893055.9000
2021-08-17,200.4711605500,192.5497822500,202.6399100000,192.4074319000,21873039,5137552314.9700
2021-08-18,190.9169400000,191.7542950000,194.6850375000,187.4837845000,21264488,4858678332.5300
2021-08-19,191.6705595000,186.4370907500,193.6718379500,185.8928100000,28968942,6520859197.6500
2021-08-20,177.1173296000,172.8133249000,181.4380814000,171.9843434500,53400435,11218172732.1200
2021-08-23,172.8216984500,172.5286242000,177.3266683500,171.5740395000,41836373,8684039375.1400
2021-08-24,174.1698400000,175.8445500000,178.0635407500,170.8204200000,41190375,8606900863.0900
2021-08-25,176.5814224000,182.1247125000,183.3221301500,176.3972043000,38179885,8242448408.2800
2021-08-26,182.0158563500,173.4748353500,182.0158563500,172.4951300000,33228274,6953022887.8700
2021-08-27,173.4664618000,172.2271764000,175.8445500000,171.2390975000,27190967,5618956602.3700
2021-08-30,174.5885175000,173.3324850000,175.8361764500,167.0188283000,34732935,7094644686.3200
2021-08-31,172.9138075000,168.8861299500,174.1698400000,166.9685870000,31855168,6427633946.7500
2021-09-01,168.8945035000,173.9270070500,176.7321463000,164.9589350000,50364302,10338242748.1900
2021-09-02,174.1195987000,168.5009466500,174.2535755000,167.6384710000,37460164,7590159048.5200
2021-09-03,167.3035290000,172.4030209500,172.9556752500,164.7663433500,34479528,6994069662.1600
2021-09-06,171.2390975000,177.0670883000,180.2825315000,169.6062552500,44070983,9315590567.9700
2021-09-07,176.2632275000,177.4941393500,179.2944526000,175.0574363000,25937444,5483883908.2200
2021-09-08,177.5192600000,173.9353806000,178.1137820500,172.4951300000,21553677,4498947533.9700
2021-09-09,173.9437541500,173.6088121500,175.1830395500,171.6577750000,17757531,3672149965.0600
2021-09-10,173.6088121500,178.9427635000,179.5289120000,172.9138075000,31883473,6744385341.5100
2021-09-13,177.5192600000,173.9939954500,179.7801185000,173.3241114500,26342826,5526541970.7600
2021-09-14,173.9353806000,172.2690441500,175.6854525500,171.8587402000,23596742,4881373812.3600
2021-09-15,169.9830650000,166.2149675000,171.2809652500,164.7077285000,38203577,7625717389.9900
2021-09-16,164.1215800000,164.9589350000,167.1193109000,161.1322226500,33538704,6590288015.2700
2021-09-17,164.1215800000,169.1038422500,171.6577750000,162.5054848500,29439702,5901688645.7900
2021-09-22,164.9589350000,162.3882551500,166.2149675000,161.9863247500,24908981,4852441663.8400
2021-09-23,163.1335011000,162.7985591000,164.8584524000,161.3080672000,18811296,3661752983.8600
2021-09-24,162.3631345000,167.9064246000,170.8204200000,161.6597563000,35053997,7023121318.7300
2021-09-27,173.8516451000,184.6953923500,184.6953923500,173.8516451000,76006557,16521941311.0300
2021-09-28,184.4860536000,181.6557937000,186.3952230000,179.1939700000,41145863,8943981561.7100
2021-09-29,181.6139259500,183.1127914000,185.2480466500,178.1054085000,31136680,6769523772.7600
2021-09-30,181.7060350000,183.7073134500,186.9729979500,181.7060350000,33190568,7321693530.5100
2021-10-08,184.7205130000,191.1011581000,197.5990329000,182.2084480000,41627865,9498183647.3000
2021-10-11,192.1227312000,190.7494690000,196.9710166500,188.8151789500,26146575,5990773979.1500
2021-10-12,190.0795850000,192.0389957000,192.5916500000,186.7385385500,20342373,4632611152.8000
2021-10-13,191.2267613500,200.5381489500,204.8170330000,190.2470560000,34777422,8246438709.1900
2021-10-14,199.2904900000,200.9652000000,204.8840214000,197.7497568000,24058960,5770465386.3600
2021-10-15,197.4483090000,196.2090236000,199.1900074000,192.6000235500,30215786,7060878521.1600
2021-10-18,188.3630072500,180.2992786000,188.3630072500,177.9379375000,52228655,11335046052.6000
2021-10-19,178.3566150000,183.3556243500,184.9549724000,178.3566150000,27151971,5912575916.8100
2021-10-20,184.6367775000,184.1678587000,186.0602810000,181.6055524000,17171231,3767655125.4600
2021-10-21,185.0554550000,185.0470814500,186.6882972500,183.3807450000,15781385,3483824011.2300
2021-10-22,186.4789585000,188.4299956500,191.6873066000,185.0638285500,22614868,5094183379.5200
2021-10-25,186.7301650000,184.5195478000,188.3127659500,182.5433900000,24815964,5460700048.8000
2021-10-26,184.5195478000,184.7707543000,186.7301650000,182.5433900000,17197532,3792558316.4700
2021-10-27,183.3891185500,180.8686800000,184.7707543000,179.1939700000,20048493,4335703423.2400
2021-10-28,181.7060350000,180.2741579500,184.2013529000,179.0097519000,21925324,4755135735.1900
2021-10-29,180.2574108500,181.2957310500,185.4992531500,180.0983134000,23633532,5148687289.7800
2021-11-01,167.4710000000,171.6075337000,175.4426196000,164.8751995000,58003653,11775758002.6800
2021-11-02,170.8036729000,168.5763086000,172.4113945000,167.1779257500,34933447,7067034632.4500
2021-11-03,168.7437796000,166.7425011500,169.5643875000,166.3656914000,21891968,4378799392.7200
2021-11-04,168.3837169500,173.1817611000,174.0526103000,167.7222065000,29864162,6104737433.1800
2021-11-05,173.1817611000,176.1041300500,179.7801185000,173.1733875500,30142997,6372245155.6100
2021-11-08,175.8445500000,176.6735314500,177.8625755500,173.9688748000,15637386,3290544446.1500
2021-11-09,175.5765964000,174.8146033500,178.0886614000,173.7930302500,15503934,3250092170.9400
2021-11-10,174.8146033500,172.2439235000,175.7440674000,170.1505360000,17200267,3532443273.2700
2021-11-11,172.2104293000,172.9221810500,173.3324850000,170.4687309000,16652085,3416388386.1500
2021-11-12,173.6423063500,170.6948167500,173.8935128500,170.0751740500,15788512,3227721076.2200
2021-11-15,171.6494014500,171.4065685000,173.7511625000,170.0751740500,20724480,4251527056.1500
2021-11-16,172.4030209500,177.5192600000,178.7334247500,171.7498840500,31435675,6618521492.3600
2021-11-17,176.7237727500,177.1089560500,178.3566150000,175.0071950000,17421460,3668952608.0000
2021-11-18,175.8361764500,174.6890001000,176.6651579000,173.7930302500,13220262,2759820062.0900
2021-11-19,174.0693574000,178.0216730000,181.2873575000,173.6674270000,24292959,5188161635.0400
2021-11-22,179.1939700000,180.8435593500,185.8928100000,178.3566150000,31978276,6972004751.3800
2021-11-23,180.0229514500,179.8638540000,182.9620675000,178.6580628000,19386637,4190535756.9000
2021-11-24,182.5433900000,187.9192091000,190.9001929000,182.5433900000,47627847,10627879572.4500
2021-11-25,190.9169400000,186.6882972500,191.8798982500,186.0351603500,28462827,6397889416.9100
2021-11-26,186.6129353000,186.6129353000,187.2158309000,183.4477334000,16247295,3602490660.9500
2021-11-29,184.6367775000,188.1787891500,188.4048750000,184.4274387500,19236411,4292901366.9300
2021-11-30,188.3881279000,182.5433900000,188.8235525000,182.5433900000,23014598,5063790458.6300
2021-12-01,186.7469121000,184.6870188000,188.2708982000,182.6354990500,19248621,4256218970.1500
2021-12-02,184.7205130000,186.5208262500,187.4837845000,183.6403250500,17530974,3898019542.2700
2021-12-03,187.1488425000,192.1311047500,194.9362440000,186.9813715000,34030029,7800955259.8300
2021-12-06,193.4290050000,194.5175665000,196.7784250000,191.7542950000,28878669,6720204454.3900
2021-12-07,196.7784250000,195.9410700000,200.6721257500,195.2293182500,30890437,7293861939.7300
2021-12-08,195.9494435500,204.3146200000,204.7416710500,193.6634644000,39786891,9593919616.0500
2021-12-09,205.1519750000,210.1761050000,213.4920308000,203.2093114000,47297011,11826016126.1500
2021-12-10,208.2669356000,206.8266850000,210.0923695000,204.7332975000,33227496,8208024535.9500
2021-12-13,211.0134600000,209.3220029000,215.3760795500,208.5013950000,35535037,9000318795.6500
2021-12-14,208.5013950000,209.3387500000,211.8508150000,206.1651745500,22557352,5643907697.8800
2021-12-15,207.7477755000,204.1471490000,208.4260330500,203.4772650000,26356782,6461313841.8900
2021-12-16,204.5658265000,203.8959425000,205.2357105000,198.4950027500,28971230,6971022371.6000
2021-12-17,202.6399100000,196.9124018000,202.6399100000,196.6611953000,25483452,6040427057.0200
2021-12-20,196.9124018000,197.6157800000,200.5214018500,196.9124018000,18882740,4471963227.8100
2021-12-21,197.6157800000,193.9732857500,198.8718125000,191.7542950000,23454247,5446651924.9500
2021-12-22,194.6850375000,194.3668426000,195.5223925000,193.0019539500,15199808,3524368526.6600
2021-12-23,195.3800421500,198.4615085500,200.5130283000,191.7542950000,28205116,6610688703.7900
2021-12-24,198.5452440500,202.5896687000,205.4115550500,198.5452440500,28942925,7012988263.4800
2021-12-27,200.0441095000,197.7916245500,200.5465225000,195.1037150000,18405368,4343284678.8300
2021-12-28,197.8669865000,198.9388009000,200.6135109000,197.1971025000,14368216,3406736939.7500
2021-12-29,198.9388009000,188.9910235000,198.9388009000,187.6512555000,34975896,7998864967.1700
2021-12-30,188.4634898500,188.8235525000,190.4982625000,187.1572160500,26476873,5963128773.1300
2021-12-31,188.8319260500,186.4454643000,189.0747590000,184.7288865500,24043667,5340438229.1800
2022-01-04,186.4454643000,187.1990838000,187.4670374000,182.6103784000,20178673,4460248125.2500
2022-01-05,186.5794411000,187.3581812500,190.3140444000,185.0805756500,20562209,4608528413.2400
2022-01-06,186.9981186000,183.7826754000,189.2422300000,182.6606197000,19764347,4366330606.3500
2022-01-07,183.7743018500,182.2586893000,184.6367775000,181.3041046000,16868239,3671458253.9700
2022-01-10,180.6509677000,179.9978308000,182.2335686500,175.9450326000,20842313,4477043193.0700
2022-01-11,179.6126475000,178.6580628000,181.1617542500,178.3984827500,13162334,2819944192.7300
2022-01-12,180.0396985500,182.4764016000,182.6187519500,179.3781881000,17894272,3865370481.8300
2022-01-13,183.3807450000,174.9234595000,183.4142392000,174.1698400000,26762334,5678771184.3100
2022-01-14,173.3408585500,173.4999560000,176.1292507000,172.9138075000,13646759,2844403651.9900
2022-01-17,173.1482669000,174.8732182000,175.0071950000,170.4017425000,16936224,3497443782.4900
2022-01-18,174.8397240000,177.0922089500,179.1772229000,172.7547100500,18474875,3904185741.8500
2022-01-19,179.4702971500,176.5144340000,179.4702971500,174.4042994000,14401864,3039014332.5000
2022-01-20,176.5144340000,178.5408331000,179.1939700000,174.4629142500,19468561,4146262233.6900
2022-01-21,178.3566150000,181.9237473000,183.1462856000,176.8661231000,23974661,5195067275.1500
2022-01-24,180.8686800000,180.0899398500,182.4847751500,178.5240860000,13800857,2968569093.0900
2022-01-25,178.8171602500,174.4712878000,180.0313250000,174.1698400000,15558209,3284058720.0400
2022-01-26,174.2535755000,172.5369977500,177.3182948000,169.3383016500,21509539,4439752203.7700
2022-01-27,173.3324850000,170.3180070000,176.8996173000,170.1254153500,20992325,4339832716.5300
2022-01-28,170.8120464500,166.1144849000,171.9089815000,165.7962900000,25781484,5160817186.0200
2022-02-07,167.4710000000,163.8033851000,169.8658353000,163.0162714000,24808023,4899710426.2600
2022-02-08,163.8285057500,159.0974500000,164.3979071500,154.8269395000,30451687,5740104552.2400
2022-02-09,158.2600950000,164.1048329000,164.3727865000,158.2600950000,23742057,4585366336.7200
2022-02-10,164.1048329000,161.6430092000,164.5402575000,160.0269140500,16874256,3254038393.4500
2022-02-11,161.1908375000,162.6729558500,166.3238236500,160.2278792500,27374928,5365712651.9900
2022-02-14,160.7721600000,165.8046635500,166.8011160000,160.3534825000,19031649,3747901334.8700
2022-02-15,166.4661740000,167.3035290000,167.7724478000,164.7914640000,17739048,3537513875.9000
2022-02-16,167.3202761000,166.9769605500,167.9985336500,165.7627958000,11908541,2375601897.1300
2022-02-17,167.3705174000,165.3273712000,167.6049768000,164.8082111000,13054643,2583633352.2000
2022-02-18,164.9589350000,166.6336450000,166.9518399000,163.6610347500,11614365,2297554258.8800
2022-02-21,167.2281670500,166.8011160000,170.7869258000,165.6288190000,15192567,3044972483.4600
2022-02-22,165.6371925500,161.9444570000,165.7376751500,160.6465567500,19367733,3749346933.7600
2022-02-23,161.8356008500,164.2890510000,164.6072459000,160.7972806500,14797343,2875772247.4900
2022-02-24,162.4468700000,158.0005149500,163.2842250000,156.8365915000,25960987,4940978924.4400
2022-02-25,159.0890764500,159.4993804000,161.5843943500,159.0890764500,13666374,2611874594.7200
2022-02-28,159.9348050000,159.0974500000,160.3534825000,156.5853850000,14309281,2700046288.0000
2022-03-01,159.1811855000,161.7686124500,162.3547609500,159.1476913000,20028521,3853590512.0000
2022-03-02,160.1860115000,158.4275660000,160.2781205500,157.7576820000,15016488,2841554768.0000
2022-03-03,158.9048583500,152.4572248500,159.2649210000,152.3986100000,31288930,5775912448.0000
2022-03-04,150.7071529000,147.6843013500,151.8878234500,147.2739974000,31292974,5577557248.0000
2022-03-07,145.9091087500,139.0009300000,145.9091087500,138.3729137500,47738912,8036888576.0000
2022-03-08,142.3419764500,139.2102687500,143.6063825000,138.3896608500,33350717,5611790592.0000
2022-03-09,139.8382850000,136.3883824000,140.4495541500,131.2972640000,39921892,6488949504.0000
2022-03-10,140.6672664500,144.1506632500,144.2260252000,138.9925564500,41773972,7087219712.0000
2022-03-11,141.5129950000,143.8324683500,144.4856052500,140.0308766500,25797110,4378228992.0000
2022-03-14,141.5046214500,139.2270158500,142.0070344500,139.2270158500,18140303,3043660704.0000
2022-03-15,136.4888650000,131.5903382500,137.9793569000,131.2135285000,31294532,5020399616.0000
2022-03-16,136.4888650000,137.9961040000,138.6241202500,129.9072547000,34899969,5622615296.0000
2022-03-17,141.0943175000,140.8766052000,143.9078303000,139.0009300000,34829153,5869489664.0000
2022-03-18,139.8382850000,140.5919045000,141.5799834000,138.1635750000,18585704,3107945064.9800
2022-03-21,142.1410112500,138.7580970500,142.1661319000,138.1719485500,17105436,2842223351.4700
2022-03-22,138.7497235000,137.5774265000,140.0894915000,137.3262200000,12290508,2029492693.4000
2022-03-23,137.5941736000,138.9506887000,140.0811179500,136.2711527000,18463877,3049956331.3900
2022-03-24,137.6611620000,135.1156028000,137.6611620000,134.5462014000,19808605,3207819881.0200
2022-03-25,136.9494102500,131.6238324500,136.9745309000,131.1967814000,21364110,3393360049.6500
2022-03-28,129.2038765000,126.6080760000,129.2038765000,126.0219275000,27446634,4167231496.0100
2022-03-29,126.4322314500,124.9166189000,128.7600783500,124.8580040500,23521130,3552871390.3900
2022-03-30,128.0901943500,131.4228672500,131.4228672500,126.5745818000,32367269,4993851923.0400
2022-03-31,130.6273800000,129.8402663000,131.1297930000,129.3713475000,20136648,3126382334.0300
2022-04-01,129.7900250000,133.8930645000,135.8441016500,129.3294797500,28749478,4581621784.2100
2022-04-06,132.3020900000,133.9851735500,135.8692223000,131.8834125000,17944305,2866077985.9800
2022-04-07,133.1394450000,134.3536097500,137.2341109500,132.7458881500,18557169,2996915190.3000
2022-04-08,134.8141550000,134.4708394500,136.2962733500,133.5581225000,16544628,2661592736.8500
2022-04-11,132.3104635500,128.6679693000,132.8714914000,127.9897117500,24257721,3752027960.1700
2022-04-12,129.1703823000,137.2257374000,137.9039949500,129.1703823000,33416391,5333900918.5600
2022-04-13,136.3213940000,135.9194636000,138.1635750000,134.5043336500,23885459,3897075048.4900
2022-04-14,137.2424845000,143.6649973500,144.8624150000,136.4302501500,43119146,7300575091.3500
2022-04-15,142.3503500000,142.2666145000,145.6997700000,141.1780530000,22643958,3871918113.2100
2022-04-18,141.4292595000,139.9890089000,141.4292595000,137.5020645500,18411135,3062759959.9700
2022-04-19,140.6756400000,138.1635750000,142.3503500000,137.3597142000,16499269,2740121569.7400
2022-04-20,138.5738789500,138.9171945000,141.5129950000,135.3500622000,20634107,3422120976.3500
2022-04-21,137.3262200000,136.1371759000,139.4447281500,135.3835564000,17122910,2807078120.1900
2022-04-22,136.1288023500,138.5236376500,139.1516539000,133.1226979000,20014422,3268498121.9800
2022-04-25,135.6515100000,129.7900250000,136.1706701000,129.3713475000,28635086,4556272568.3600
2022-04-26,129.7900250000,132.7207675000,135.4924125500,129.4048417000,25453892,4045539333.4300
2022-04-27,132.7207675000,135.1407234500,136.8321805500,132.7207675000,23927789,3849331177.9700
2022-04-28,135.1490970000,138.8753267500,139.5535843000,134.4373452500,25711994,4235742307.1200
2022-04-29,139.2521365000,135.7603661500,140.0894915000,133.0222153000,44874280,7241581132.8700
2022-05-05,133.9768000000,135.2663267000,137.7114033000,133.2650482500,24480158,3973322638.0000
2022-05-06,132.3272106500,131.5149763000,133.6920993000,131.0544310500,19086139,3007833166.9400
2022-05-09,129.7983985500,129.6058069000,131.0460575000,127.5542871500,18623627,2874663797.2900
2022-05-10,126.4406050000,130.0663521500,131.0460575000,125.2683080000,20108042,3092729203.5300
2022-05-11,130.0663521500,131.8917860500,133.6837257500,129.7900250000,24390245,3846228733.7300
2022-05-12,130.7948510000,132.3690784000,133.7088464000,130.7111155000,17068607,2699983161.0200
2022-05-13,133.6418580000,131.4144937000,133.8679438500,130.6692477500,15255576,2401106195.1400
2022-05-16,133.1143243500,129.9407489000,133.1226979000,129.1201410000,17765146,2767778350.8500
2022-05-17,129.9323753500,130.7529832500,131.0376839500,129.4885772000,13341235,2078095645.9100
2022-05-18,130.9204542500,129.4383359000,131.0376839500,128.4921247500,16560504,2560375191.7800
2022-05-19,128.0064588500,128.5507396000,128.6177280000,127.4621781000,14878282,2273068154.0300
2022-05-20,129.2038765000,136.0450668500,136.4721179000,128.6930899500,45229675,7222107584.6200
2022-05-23,135.3249415500,133.4995076500,135.8022339000,132.3020900000,27645321,4410754725.3800
2022-05-24,134.3368626500,131.1046723500,134.8141550000,130.8618394000,18855234,2974172508.8500
2022-05-25,131.0041897500,131.8415447500,132.7710088000,129.7900250000,16395707,2565767960.3400
2022-05-26,131.4647350000,131.6489531000,133.7255935000,129.7900250000,19431756,3043721248.0900
2022-05-27,133.6837257500,132.2602222500,135.2328325000,131.7075679500,21068308,3356383642.3000
2022-05-30,133.9851735500,139.1516539000,140.4663012500,133.9768000000,51093206,8416468103.9700
2022-05-31,139.0009300000,143.5226470000,144.7116911000,138.1803221000,48654483,8293724659.2700
2022-06-01,144.8540414500,142.6936655500,145.1136215000,141.5381156500,21930245,3739434437.6800
2022-06-02,141.5381156500,142.1410112500,143.1877050000,141.2450414000,16522354,2801365549.2000
2022-06-06,142.7690275000,144.8121737000,145.2727189500,139.4865959000,27814175,4762415124.0500
2022-06-07,144.9461505000,145.8002526000,149.3841320000,144.0250600000,29507703,5177758449.3900
2022-06-08,145.9509765000,149.1580461500,150.7155264500,144.8791621000,32527871,5770812837.2200
2022-06-09,149.3506378000,147.3828535500,150.6401645000,147.1986354500,20783889,3688662162.2400
2022-06-10,146.5622456500,148.5635241000,149.4678675000,145.2810925000,21563045,3804237561.4200
2022-06-13,146.6962224500,144.4521110500,147.7094220000,143.2714405000,26434591,4580799636.0600
2022-06-14,142.5178210000,145.5322990000,145.6997700000,142.0572757500,19733328,3385240807.7000
2022-06-15,145.5490461000,148.4462944000,150.6401645000,143.8492154500,32544108,5743255076.6700
2022-06-16,149.0491900000,148.7142480000,151.5612550000,148.2118350000,20500586,3668452193.7800
2022-06-17,147.7931575000,151.7119789000,151.7119789000,147.7931575000,28620361,5145018831.7200
2022-06-20,153.0349998000,153.6462689500,156.5853850000,149.8865450000,31195435,5705313088.6500
2022-06-21,152.9512643000,152.1139093000,155.3293525000,151.1007097500,21811575,3990195909.1400
2022-06-22,152.3986100000,149.1078048500,153.1354824000,148.8398512500,22352764,4006768455.3800
2022-06-23,149.1329255000,151.0588420000,151.4775195000,148.8733454500,15972518,2867621353.4500
2022-06-24,151.9799325000,154.9106750000,155.3377260500,150.6485380500,24518674,4504178660.8400
2022-06-27,156.5853850000,161.6095150000,163.8536264000,156.5853850000,36637471,7058190240.4000
2022-06-28,161.6095150000,167.1779257500,167.3621438500,160.1022760000,31678590,6232395065.7900
2022-06-29,167.4840498400,163.2414720000,167.6115822400,161.9661480000,28997090,5625269618.9500
2022-06-30,163.3945108800,171.6841168800,174.2942800000,163.3945108800,42521450,8521483468.3900
2022-07-01,171.8116492800,172.5938480000,174.2942800000,168.3427680000,21936590,4418343886.3000
2022-07-04,170.8849138400,170.9274246400,172.4238048000,168.5128112000,22587623,4525333760.9700
2022-07-05,171.4460564000,168.8613997600,172.3047745600,166.8633921600,26296492,5224558250.2800
2022-07-06,168.4447939200,165.5710638400,169.7201179200,164.3892636000,22763312,4459016819.6300
2022-07-07,165.5710638400,162.8928834400,165.5710638400,160.2402095200,26677066,5095578644.0800
2022-07-08,164.3892636000,163.8366232000,165.6220768000,162.3572473600,16409671,3167643747.2800
2022-07-11,161.5580443200,161.0139060800,162.2212128000,158.1401760000,19257469,3621672903.2700
2022-07-12,160.5037764800,161.5410400000,163.8706318400,159.4495086400,16993479,3229606651.0800
2022-07-13,161.1754471200,164.1767096000,165.6050724800,159.5090237600,18991870,3656106376.9200
2022-07-14,162.5357927200,161.6515680800,164.5678089600,160.7333348000,15107930,2880607577.8700
2022-07-15,161.6685724000,161.4560184000,166.2257301600,159.8406080000,20720892,3979169055.2900
2022-07-18,161.2264600800,159.2709632800,161.3709968000,156.6097872000,17803426,3320023854.5000
2022-07-19,158.9903920000,160.6058024000,161.2434644000,158.5652840000,12021415,2259044880.2800
2022-07-20,162.2212128000,160.7843477600,162.8163640000,159.8406080000,11249772,2134516122.7000
2022-07-21,160.6823218400,158.7353272000,161.4560184000,158.6333012800,11072844,2082697378.0300
2022-07-22,159.4155000000,158.0636565600,160.2657160000,157.2899600000,11698563,2180797972.0200
2022-07-25,158.8628596000,159.9086252800,160.2657160000,157.0774060000,12479902,2336297100.1400
2022-07-26,160.5717937600,162.3827538400,163.2414720000,160.4187548800,13747445,2627310530.7600
2022-07-27,161.5835508000,159.9256296000,162.3997581600,159.4665129600,9749124,1844277552.9800
2022-07-28,160.2232052000,159.0924179200,161.9661480000,158.8628596000,9260926,1744687638.8900
2022-07-29,158.5567818400,151.6785344000,158.5567818400,151.1684048000,34031091,6166191233.2900
2022-08-01,151.7635560000,151.8315732800,153.0303778400,150.3351931200,15608201,2791638728.2700
2022-08-02,150.4032104000,149.3489425600,151.8995905600,147.1553852800,17673794,3114640798.5600
2022-08-03,149.5359900800,148.4392114400,152.6137720000,148.1926488000,15403054,2710918104.2500
2022-08-04,148.4477136000,150.3011844800,150.9048378400,148.3201812000,13368553,2350151179.6100
2022-08-05,150.8708292000,152.3417028800,152.6137720000,149.8165613600,12701711,2260873414.1500
2022-08-08,151.5935128000,151.2619285600,154.3397104800,150.9133400000,13025113,2331931587.7400
2022-08-09,150.5307428000,150.4712276800,151.3384480000,149.8250635200,8538631,1511033062.5100
2022-08-10,149.2809252800,147.9375840000,150.9133400000,147.0873680000,14354932,2503385132.5300
2022-08-11,148.7792978400,151.2619285600,151.2619285600,148.4052028000,13967051,2468539673.5500
2022-08-12,151.5935128000,151.9335992000,152.7498065600,150.2416693600,10861895,1936659422.4300
2022-08-15,151.0238680800,149.6380160000,152.6987936000,149.3829512000,13844011,2446911672.6300
2022-08-16,149.6125095200,148.9833496800,150.7432968000,148.5327352000,10997543,1929236389.4900
2022-08-17,149.0513669600,149.8080592000,150.4627255200,147.9545883200,12211628,2144649842.4900
2022-08-18,148.7878000000,147.4529608800,148.9578432000,146.2456541600,17955216,3110937647.5500
2022-08-19,146.6622600000,147.6485105600,148.9153324000,146.2371520000,12603780,2189742324.9600
2022-08-22,146.4922168000,145.8120440000,147.4699652000,144.7577761600,15513018,2663565072.0800
2022-08-23,145.9820872000,142.8362880000,146.4837146400,142.4111800000,22924845,3868689013.1100
2022-08-24,142.8022793600,142.1901238400,144.1116120000,141.1358560000,18025460,3021329672.7800
2022-08-25,142.7427642400,144.0350925600,144.5197156800,142.1816216800,17485390,2949656306.1100
2022-08-26,146.1351260800,144.6217416000,147.7675408000,144.1626249600,24378683,4181288061.7400
2022-08-29,142.3601670400,140.5832156000,144.1541228000,140.2856400000,25430564,4218793349.6000
2022-08-30,139.4354240000,139.4609304800,140.0815881600,137.8965330400,18643252,3046737234.4600
2022-08-31,138.5001864000,142.1476130400,142.8192836800,138.1601000000,26733348,4444754516.0000
2022-09-01,141.1358560000,139.0613289600,141.1358560000,138.8402728000,15844189,2607493588.4100
2022-09-02,139.8520298400,137.5989574400,139.8520298400,136.8932781600,15592424,2524463031.7900
2022-09-05,136.0345600000,135.2013483200,136.3321356000,133.5434271200,22432012,3551118312.0100
2022-09-06,135.2013483200,136.4851744800,137.1823516000,134.5636863200,14693767,2346001119.1000
2022-09-07,136.0345600000,135.1333310400,136.0430621600,134.3341280000,14150787,2245681617.8400
2022-09-08,136.0430621600,135.2438591200,137.1823516000,135.0823180800,14867178,2377952563.7100
2022-09-09,135.2778677600,137.2758753600,137.4374164000,134.6402057600,20318847,3269738015.0600
2022-09-13,139.3333980800,139.1208440800,140.2601335200,137.4799272000,22455447,3676000836.5700
2022-09-14,137.7349920000,138.0750784000,138.7807576800,136.8677716800,14343803,2325532849.6900
2022-09-15,138.3046367200,139.7755104000,141.5609640000,137.8200136000,24493222,4041538788.8100
2022-09-16,139.4354240000,136.9527932800,140.1070946400,136.6977284800,17805222,2882822677.6400
2022-09-19,136.6722220000,138.6022123200,140.3961680800,135.6264563200,17237096,2810086974.8200
2022-09-20,139.4354240000,140.9573106400,141.1018473600,137.8795287200,18488126,3048376405.9100
2022-09-21,140.4471810400,138.9678052000,140.9403063200,138.8402728000,12764774,2093973068.4300
2022-09-22,137.7349920000,135.0993224000,137.9815546400,134.8017468000,18211404,2916788948.2500
2022-09-23,134.3341280000,135.2948720800,136.5616939200,134.2491064000,12025892,1916778416.3800
2022-09-26,134.3341280000,137.8285157600,139.4269218400,134.1385783200,21041611,3411760442.7700
2022-09-27,139.3759088800,145.2423992800,145.7270224000,137.7264898400,35443991,5929460447.0100
2022-09-28,145.0043388000,144.1966336000,146.6962686400,144.1116120000,24431050,4176068020.0400
2022-09-29,146.6537578400,143.2698981600,146.6792643200,142.4536908000,17564712,2971843108.6300
2022-09-30,144.4431962400,143.8820536800,146.2371520000,143.5674737600,16701001,2843915545.0000
2022-10-10,144.1116120000,135.0993224000,144.6217416000,134.9207770400,25650912,4179453267.8700
2022-10-11,135.1078245600,134.8357554400,136.0430621600,131.6984584000,16389813,2587296299.4400
2022-10-12,134.5891928000,133.1438256000,134.5891928000,129.2328320000,24238545,3740666460.4300
2022-10-13,131.7749778400,130.5676711200,132.3616268800,129.6664421600,19140141,2950015935.7800
2022-10-14,131.4263892800,135.2863699200,136.2896248000,131.4178871200,22872293,3619001261.2200
2022-10-17,134.0620588800,134.0365524000,134.7592360000,132.0300426400,14670055,2301214745.0800
2022-10-18,134.9122748800,134.9292792000,136.8677716800,134.3511323200,13968916,2225727909.4300
2022-10-19,134.7677381600,131.3583720000,134.7677381600,130.9332640000,17392932,2703461176.3000
2022-10-20,129.6579400000,131.0607964000,133.3138688000,129.2328320000,16120045,2484510763.7500
2022-10-21,130.9332640000,129.3603644000,131.0437920800,128.8077240000,16321002,2488390106.1800
2022-10-24,127.5409021600,121.7764376800,127.8809885600,120.9432260000,34403887,5003671162.9800
2022-10-25,119.6679020000,120.8326979200,123.5108783200,119.4638501600,20962963,2986369243.4100
2022-10-26,121.4958664000,121.9209744000,124.0465144000,120.7306720000,17959323,2580590731.1600
2022-10-27,123.2643156800,116.5646136000,123.3408351200,116.1225012800,36965491,5154612979.5300
2022-10-28,116.9557129600,116.9047000000,119.0047335200,115.7739127200,25586220,3534562740.4100
2022-10-31,114.9492032000,113.5038360000,115.9694624000,112.5090832800,22591665,3030064410.1000
2022-11-01,115.2467788000,121.2237972800,121.2237972800,113.4273165600,39155069,5440179979.7400
2022-11-02,120.7306720000,122.1080219200,124.4546180800,119.0812529600,31867439,4565035333.8500
2022-11-03,119.8889581600,119.8124387200,120.3055640000,118.7836773600,19281931,2710951378.2100
2022-11-04,119.4553480000,127.5324000000,129.2328320000,119.3278156000,47898344,7099560990.2500
2022-11-07,126.6821840000,128.5016462400,129.8279832000,125.5598988800,22869078,3435765568.2300
2022-11-08,128.3911181600,125.3983578400,129.4623903200,124.2250597600,23567786,3491479586.2500
2022-11-09,125.1517952000,123.6214064000,126.7246948000,123.3493372800,15124223,2208052553.7600
2022-11-10,122.8477098400,123.9274841600,124.6076569600,122.1845413600,17674813,2568169858.6200
2022-11-11,128.7992218400,127.5494043200,128.8077240000,124.5906526400,36853384,5514689559.2200
2022-11-14,128.3826160000,127.7874648000,132.1320685600,127.4473784000,28195258,4287401009.3600
2022-11-15,127.7874648000,131.0607964000,131.7834800000,126.1890587200,27656711,4223081944.5300
2022-11-16,131.0607964000,131.1118093600,133.0588040000,130.1510652800,18259366,2827414142.7200
2022-11-17,130.5081560000,129.7429616000,132.4551506400,128.3826160000,16558118,2529048876.5800
2022-11-18,130.0830480000,130.6016797600,132.0385448000,129.8364853600,14585598,2246335618.4200
2022-11-21,127.9575080000,126.6226688800,128.3571095200,125.8319680000,21762482,3243860974.7000
2022-11-22,126.6141667200,127.7279496800,129.9980264000,126.5206429600,14376998,2162414725.7400
2022-11-23,127.7279496800,127.3368503200,128.8077240000,126.5971624000,11346208,1702094212.7700
2022-11-24,128.3826160000,125.6704269600,128.7992218400,124.9817520000,15085804,2238041525.9600
2022-11-25,125.7724528800,125.3048340800,126.6226688800,124.4716224000,10676624,1575517166.7100
2022-11-28,123.1367832800,125.5343924000,125.8404701600,120.7731828000,19013147,2750115838.3400
2022-11-29,127.4643827200,131.8259908000,131.9110124000,127.4473784000,41040650,6284033997.8300
2022-11-30,131.6134368000,133.3648817600,136.0090535200,130.9332640000,25228605,3961994532.3700
2022-12-01,140.2856400000,139.9370514400,144.5282178400,139.3163937600,44092117,7325021108.3100
2022-12-02,140.1155968000,138.6362209600,141.8840460800,137.9560481600,21047820,3461949871.6700
2022-12-05,143.5844780800,143.2698981600,144.5197156800,140.8637868800,29795799,5007534615.3600
2022-12-06,142.8107815200,149.1278864000,151.5254955200,142.0710936000,43369522,7576837370.6700
2022-12-07,149.1363885600,147.6655148800,151.1684048000,147.0958701600,31128834,5443269231.4100
2022-12-08,147.0873680000,148.5837481600,149.2554188000,146.2456541600,15644818,2723693945.9800
2022-12-09,148.4732200800,155.8190863200,155.9891295200,148.0396099200,41957765,7550074236.4400
2022-12-12,154.7393120000,151.6360236000,155.9126100800,151.2619285600,29905954,5387580972.7000
2022-12-13,151.3384480000,152.5882655200,153.8040744000,149.6550203200,19276219,3447321252.8100
2022-12-14,152.5712612000,156.5077612800,157.5195183200,151.6445257600,28698912,5255273236.6500
2022-12-15,156.6097872000,154.7053033600,157.9701328000,153.6935463200,19934421,3643457578.6700
2022-12-16,153.2259275200,155.1814243200,155.6575452800,151.8995905600,18642633,3377432021.7100
2022-12-19,156.0146360000,152.9963692000,157.0433973600,152.1886640000,19418435,3512784487.6100
2022-12-20,152.9878670400,146.6707621600,153.4639880000,144.4346940800,34345756,5965655880.2700
2022-12-21,148.7878000000,148.3541898400,149.3574447200,147.5549868000,15385319,2687724560.2600
2022-12-22,149.6635224800,152.6137720000,154.3567148000,148.5072287200,24442393,4381920906.4200
2022-12-23,150.4882320000,153.2854426400,155.5895280000,149.9781024000,19861964,3587724307.0800
2022-12-26,153.2854426400,151.8485776000,154.0591392000,150.9643529600,17829834,3198529055.2200
2022-12-27,153.0388800000,153.9316068000,155.1644200000,152.3161964000,15227535,2758777142.2400
2022-12-28,153.8805938400,153.1919188800,153.8805938400,151.2364220800,13937786,2503523214.2300
2022-12-29,152.1886640000,151.9761100000,153.0388800000,150.2671758400,16850491,3003533016.6100
2022-12-30,152.8518324800,153.6255290400,154.0506370400,152.1886640000,14976495,2702577294.5400
2023-01-03,153.8890960000,151.5084912000,154.5777709600,150.0716261600,18206204,3240728572.4000
2023-01-04,151.3384480000,151.8655819200,153.4639880000,149.8930808000,12883584,2299619966.2100
2023-01-05,154.3142040000,160.6908240000,161.1244341600,153.3789664000,40279056,7535626605.7900
2023-01-06,162.4847797600,161.9321393600,162.4847797600,159.6535604800,23338295,4428033739.3300
2023-01-09,163.6240692000,166.5403100800,167.3990282400,161.6770745600,27557314,5362756420.7900
2023-01-10,166.4722928000,165.9961718400,167.2459893600,165.4605357600,20275236,3965377700.5400
2023-01-11,165.8261286400,165.0269256000,166.6338338400,163.7516016000,16999458,3304975110.0300
2023-01-12,165.7921200000,164.4232722400,166.4467863200,163.2499741600,13822699,2675310868.6100
2023-01-13,164.4232722400,168.8358932800,169.5415725600,164.3807614400,24506446,4833945957.6200
2023-01-16,170.0432000000,175.5866083200,177.9247023200,170.0432000000,36352479,7493040737.3200
2023-01-17,175.9947120000,172.4748177600,176.6578804800,171.4120477600,21507890,4383014176.6600
2023-01-18,174.2347648800,174.9744528000,180.0672466400,173.7161331200,27241217,5639270861.8600
2023-01-19,175.5270932000,174.5493448000,175.5696040000,172.0412076000,18119892,3710296047.5300
2023-01-20,176.7514042400,177.4570835200,180.2457920000,176.0797336000,27348025,5738958670.2500
2023-01-30,185.8487154400,185.0070016000,186.9539962400,182.1842844800,32180876,7001555735.1600
2023-01-31,184.4883698400,177.6951440000,185.1515383200,177.6101224000,25724708,5456751654.4200
2023-02-01,177.2700360000,178.5963729600,179.0554896000,173.2400121600,25655223,5334911716.6300
2023-02-02,179.9822250400,180.6794021600,182.3713320000,178.6728924000,18327161,3899833436.2700
2023-02-03,178.5453600000,178.5453600000,180.2457920000,175.1444960000,19935209,4156921813.5400
2023-02-06,169.6435984800,171.4885672000,173.8946784800,167.7306124800,33407544,6710340317.7000
2023-02-07,171.4885672000,172.7383847200,174.5493448000,171.3185240000,15811588,3216023677.7600
2023-02-08,172.7383847200,169.6606028000,173.4440640000,168.5298155200,16905733,3384827003.5100
2023-02-09,169.7541265600,176.3262962400,176.6238718400,169.6606028000,24493992,5026717804.1700
2023-02-10,176.3262962400,174.0392152000,176.4028156800,172.6958739200,14032129,2872338309.4500
2023-02-13,172.5938480000,180.5858784000,182.7114184000,172.5853458400,28908783,6110099289.1200
2023-02-14,180.5858784000,177.8991958400,181.7336700000,177.3550576000,18490190,3886700986.3400
2023-02-15,179.8972034400,179.3955760000,181.8527002400,178.1202520000,16925791,3584495859.0900
2023-02-16,177.9927196000,179.2170306400,182.5243708800,176.6748848000,21337960,4522470619.7100
2023-02-17,178.0777412000,176.9724604000,182.3288212000,176.8449280000,18446776,3901124992.9200
2023-02-20,177.0149712000,181.0534972000,181.7761808000,174.7193880000,19166754,4024080431.9600
2023-02-21,180.6709000000,178.6133772800,180.7729259200,177.2700360000,13939573,2922693859.2400
2023-02-22,177.2275252000,176.4198200000,179.0044766400,175.5696040000,14100545,2931801635.6000
2023-02-23,175.5696040000,174.3793016000,177.0319755200,173.1889992000,14580801,2993988117.7700
2023-02-24,174.3537951200,170.9784376000,174.3537951200,169.8901611200,20395718,4104764613.5900
2023-02-27,169.2439969600,174.1327389600,175.3400456800,169.0569494400,17299557,3517673755.2500
2023-02-28,175.9947120000,173.8011547200,176.8959409600,171.8116492800,11480142,2342737529.1500
2023-03-01,173.5886007200,176.3177940800,177.5676116000,172.5088264000,15446575,3196937763.3500
2023-03-02,175.2295176000,175.3485478400,176.5133437600,174.6003577600,7447671,1537653713.8500
2023-03-03,176.8449280000,174.9404441600,178.0862433600,173.0189560000,9283668,1912804916.3300
2023-03-06,174.3027821600,173.9371892800,175.5696040000,172.2367572800,11140226,2277420060.9100
2023-03-07,173.7416396000,170.4257972000,173.7416396000,170.1367237600,12527207,2532351682.6100
2023-03-08,169.1929840000,169.4480488000,171.3185240000,168.3427680000,10219130,2035672769.6000
2023-03-09,169.1929840000,168.3427680000,169.7881352000,164.8568824000,16850486,3323035486.6700
2023-03-10,166.8208813600,165.9961718400,169.6861092800,165.9366567200,11095657,2181297329.2800
2023-03-13,165.7921200000,168.8528976000,170.2812604800,165.7921200000,12647223,2510450829.7700
2023-03-14,168.9379192000,166.0301804800,168.9549235200,164.6868392000,10284259,2013558948.6700
2023-03-15,168.3427680000,163.5135411200,169.4735552800,163.4965368000,12988009,2527648821.3700
2023-03-16,162.3912560000,162.5612992000,165.1119472000,160.9713952800,12054371,2309099789.8000
2023-03-17,164.8143716000,160.2657160000,165.1459558400,159.8406080000,15607045,2970579105.0500
2023-03-20,161.5410400000,158.0551544000,162.0426674400,157.2899600000,15464264,2889012995.0600
2023-03-21,159.3304784000,163.4455238400,164.1852117600,157.4770075200,18789280,3583069187.2300
2023-03-22,163.4540260000,163.0459223200,166.7103532800,162.7483467200,10853212,2097093752.6800
2023-03-23,162.3062344000,165.4350292800,166.6338338400,161.5920529600,13284214,2578838699.0200
2023-03-24,164.9419040000,164.1086923200,166.5998252000,162.8163640000,10253022,1984030937.5800
2023-03-27,163.9301469600,161.8896285600,163.9556534400,160.6908240000,11879852,2258153854.9200
2023-03-28,161.8726242400,163.6665800000,164.8653845600,161.7195853600,10918609,2099319286.0100
2023-03-29,164.9419040000,166.0301804800,166.6423360000,162.9013856000,15953932,3103306613.7000
2023-03-30,166.0301804800,168.6743522400,169.1589753600,165.0949428800,15148689,2983220917.7700
2023-03-31,170.8934160000,167.4925520000,171.7436320000,167.4925520000,12758987,2541477089.1800
2023-04-03,167.4755476800,165.9536610400,167.4925520000,164.1597052800,13366024,2604697433.7200
2023-04-04,166.2172280000,166.7698684000,167.2034785600,164.0491772000,14247340,2772976030.6300
2023-04-06,165.7921200000,162.0001566400,165.7921200000,160.7503391200,15107492,2889971045.3600
2023-04-07,161.3709968000,160.7418369600,163.0969352800,159.4495086400,11303817,2139054071.9800
2023-04-10,157.2899600000,156.9923844000,157.3069643200,151.5084912000,33973209,6169351676.1700
2023-04-11,156.4142375200,153.4894944800,156.5672764000,153.0473821600,19119446,3472021583.2500
2023-04-12,153.8890960000,149.4849771200,153.9826197600,149.2554188000,27283391,4827573321.9900
2023-04-13,149.6380160000,151.2364220800,152.9538584000,149.2554188000,21080214,3748131434.0900
2023-04-14,151.5254955200,149.2894274400,151.7635560000,148.8133064800,14465308,2549260307.3000
2023-04-17,150.3096866400,151.4914868800,152.9708627200,150.0546218400,18555289,3301205326.7700
2023-04-18,152.1886640000,151.6105171200,153.1834167200,150.9813572800,14406696,2574306113.1700
2023-04-19,151.9080927200,149.8845786400,152.1546553600,149.2129080000,12617246,2225609750.7000
2023-04-20,149.9270894400,147.5124760000,150.4712276800,146.6622600000,14800856,2578285583.8600
2023-04-21,147.9375840000,146.2371520000,149.0428648000,146.0671088000,12091951,2096658341.5500
2023-04-24,146.3221736000,142.8362880000,147.0023464000,142.4111800000,17609069,2970098989.0300
2023-04-25,142.8362880000,144.3666768000,144.4346940800,140.8382804000,15489726,2602607466.0100
2023-04-26,143.7715256000,143.3549197600,145.5399748800,142.4791972800,14812682,2500348754.9900
2023-04-27,143.3464176000,143.8310407200,144.7917848000,141.4759424000,15039314,2530897180.8000
2023-04-28,145.6079921600,143.6865040000,146.1946412000,142.7342620800,17938564,3038219039.7400
2023-05-04,146.6622600000,143.6439932000,147.0448572000,142.3686692000,26587793,4516684021.7800
2023-05-05,143.6439932000,147.6910213600,148.0226056000,143.0488420000,25172690,4324694284.6700
2023-05-08,148.3626920000,145.7270224000,149.2129080000,145.2083906400,17753373,3055844963.3400
2023-05-09,145.2423992800,148.5922503200,150.9133400000,144.5367200000,22292312,3891367973.6100
2023-05-10,146.9173248000,147.3594371200,148.3626920000,145.8885634400,11890994,2057577182.9400
2023-05-11,147.9205796800,146.7217751200,150.0546218400,146.4156973600,12289631,2138045981.2500
2023-05-12,146.4071952000,144.0010839200,148.3626920000,143.9925817600,12959157,2218100020.6100
2023-05-15,143.0488420000,146.6112470400,146.6537578400,142.8617944800,13079986,2232478635.1100
2023-05-16,146.4922168000,144.9533258400,146.5432297600,144.3666768000,9936468,1694257812.4600
2023-05-17,144.5367200000,143.9755774400,145.3019144000,143.4739500000,8602150,1458848097.5200
2023-05-18,144.1031098400,143.3974305600,145.1403733600,142.8362880000,8780386,1484050324.3100
2023-05-19,142.9128074400,145.2168928000,145.6079921600,141.7735180000,12074586,2048104075.0800
2023-05-22,145.2934122400,151.0068637600,152.2396769600,143.7545212800,30244522,5326580957.9200
2023-05-23,151.1684048000,147.9375840000,151.7635560000,147.9375840000,13672431,2402618291.1600
2023-05-24,147.5294803200,144.8342956000,147.9205796800,144.8342956000,13355066,2297763605.4000
2023-05-25,144.0435947200,143.0063312000,144.2646508800,142.3686692000,14392525,2421836658.9900
2023-05-26,143.0063312000,144.6217416000,146.1436282400,142.8362880000,12287480,2088300565.3800
2023-05-29,145.3359230400,143.0573441600,146.1096196000,142.4791972800,12976880,2191774953.5400
2023-05-30,142.8362880000,140.4301767200,144.0691012000,139.0103160000,18360334,3039522846.4300
2023-05-31,140.2856400000,137.0378148800,140.3961680800,136.0515643200,21344841,3448000885.3900
2023-06-01,138.1515978400,138.8572771200,141.6459856000,137.0548192000,16901644,2774057591.2600
2023-06-02,140.2856400000,142.7512664000,143.1763744000,138.8657792800,19208397,3199284099.2300
2023-06-05,142.2241324800,140.4556832000,142.5642188800,139.9710600800,11344697,1879812886.1600
2023-06-06,141.3909208000,140.8127739200,143.2018808800,139.8860384800,13536764,2256103841.7300
2023-06-07,141.2633884000,139.4354240000,142.0285828000,139.4354240000,9532561,1574392182.6200
2023-06-08,139.6139693600,140.1326011200,141.1953711200,138.6022123200,9157282,1504742545.1500
2023-06-09,140.2346270400,139.9370514400,141.1188516800,139.2653808000,11963517,1970427702.2800
2023-06-12,139.4524283200,144.8853085600,146.2371520000,138.5341950400,24183801,4073838204.3400
2023-06-13,144.5367200000,147.1553852800,147.8525624000,144.0350925600,18293646,3156768738.7500
2023-06-14,148.6177568000,151.0663788800,152.4862396000,146.7982945600,24101542,4279986457.1000
2023-06-15,152.3672093600,154.7393120000,155.4364891200,151.3384480000,24045009,4346343723.3200
2023-06-16,155.2494416000,156.5077612800,157.8000896000,154.3142040000,21631380,3975777953.6500
2023-06-19,155.5895280000,150.9473486400,156.1931813600,150.0631240000,24234172,4330534592.7100
2023-06-20,150.4882320000,147.9460861600,151.6785344000,147.5974976000,17868934,3129124754.6400
2023-06-21,147.9290818400,145.7270224000,148.6942762400,145.5569792000,13948450,2409049470.1800
2023-06-26,144.1116120000,141.6969985600,144.4431962400,140.2856400000,21934031,3652673793.8700
2023-06-27,142.8191989900,144.5155956400,144.8461755000,141.1054034000,20067906,3307807251.2500
2023-06-28,143.7413428100,144.9940664900,146.6730642000,143.0018878600,11942640,1990481708.0400
2023-06-29,144.4112020000,142.5060180700,144.8461755000,142.0362466900,11772352,1934965472.1900
2023-06-30,143.2802709000,142.2972307900,143.6282497000,141.6273716000,10337054,1695951752.1000
2023-07-03,142.0362466900,145.5943299200,145.7074230300,141.6708689500,17337306,2875749982.2900
2023-07-04,145.2811490000,146.3424843400,146.5860695000,144.0197258500,12595742,2107039767.7600
2023-07-05,145.7335214400,143.8718348600,145.8031172000,143.5412550000,11541608,1911856438.7600
2023-07-06,143.8022391000,142.9322921000,145.1158590700,142.5408159500,10144977,1672166188.0700
2023-07-07,142.8365979300,142.3755260200,143.5412550000,142.0797440400,7896985,1294178677.7500
2023-07-10,143.5238560600,143.1932762000,144.8461755000,142.8539968700,9671525,1597774604.9300
2023-07-11,143.9327311500,143.6630475800,144.2024147200,142.5669143600,7020562,1156564822.3200
2023-07-12,143.7152444000,143.9414306200,144.9853670200,143.5412550000,11884029,1970009879.5500
2023-07-13,146.0467023600,150.1963495500,150.5008310000,144.9766675500,32351360,5531880616.3200
2023-07-14,151.0227992000,149.6221845300,151.6578605100,148.5782481300,15072288,2594877559.3400
2023-07-17,148.3259635000,147.5952080200,148.7435380600,146.2902875200,9325675,1575729873.7400
2023-07-18,147.6300059000,146.4990748000,148.0910778100,146.1510960000,8195902,1381227321.4800
2023-07-19,145.9945055400,146.4294790400,146.8122557200,145.1158590700,7685551,1288284982.8600
2023-07-20,147.0210430000,146.6382663200,149.0045221600,146.2206917600,12750198,2163844782.3500
2023-07-21,147.7865963600,148.9958226900,151.3707780000,146.0467023600,19538688,3356305156.7100
2023-07-24,147.1341361100,147.3342239200,147.8909900000,146.0641013000,13171639,2222174196.2400
2023-07-25,153.1106720000,156.1554865000,157.1733244900,152.3886159900,44063194,7867658288.1000
2023-07-26,156.1554865000,154.6765766000,157.1820239600,153.8501269500,17402543,3104017698.4300
2023-07-27,155.6944145900,155.2507416200,157.3299149500,153.8501269500,18798706,3367125649.5700
2023-07-28,154.2416031000,157.6169974600,158.4695455200,153.6587386100,31969316,5753479229.9500
2023-07-31,162.3321102000,157.4604070000,164.0459057900,157.4430080600,31559353,5816020903.4000
2023-08-01,158.0606704300,156.4860663600,160.2007400500,155.2855395000,19571803,3543719055.6700
2023-08-02,155.7205130000,154.8331670600,157.4517075300,154.1546084000,15508019,2770075423.7600
2023-08-03,154.0154168800,155.3725342000,156.5556621200,152.3538181100,15264598,2712382851.1100
2023-08-04,157.7996863300,155.9640981600,158.7653275000,155.4595289000,14347761,2585669217.1500
2023-08-07,155.1115501000,154.2503025700,155.9640981600,153.4586508000,15692962,2784302714.0000
2023-08-08,153.2672624600,153.8762253600,154.9027628200,152.3973154600,11614322,2050696313.2300
2023-08-09,154.3807946200,154.1372094600,154.7461723600,153.1976667000,8679551,1536212479.1500
2023-08-10,153.8762253600,153.3803555700,153.9806190000,151.9449430200,10423785,1833070603.5000
2023-08-11,154.3807946200,149.9440649200,154.4590898500,149.8657696900,14888627,2590746331.3200
2023-08-14,147.8909900000,146.6904631400,148.1780725100,144.4112020000,21094514,3548868734.7000
2023-08-15,146.6817636700,144.8461755000,146.9340483000,144.1415184300,16814467,2803400143.1500
2023-08-16,144.6547871600,145.0201649000,145.6291278000,143.7152444000,11627666,1937166439.2800
2023-08-17,144.3242073000,146.5338726800,146.6817636700,143.1062815000,16693182,2790070934.6900
2023-08-18,146.5164737400,142.2624329100,146.7426599600,142.2363345000,27947953,4605753430.5200
2023-08-21,141.0880044600,140.9053155900,142.9844889200,140.3920468600,16450664,2676283337.5100
2023-08-22,141.4707811400,141.0619060500,142.2363345000,139.6090945600,15692086,2538910286.1100
2023-08-23,140.9749113500,139.2002194700,141.0532065800,139.1915200000,14683900,2360128005.7600
2023-08-24,139.2611157600,141.1576002200,142.2363345000,138.5042618700,17589545,2842412943.6300
2023-08-25,140.0788659400,140.5399378500,141.6012731900,139.6699908500,11630171,1877818205.0400
2023-08-28,146.1597954700,137.0079530300,147.0123435300,136.5903784700,54577070,8739965733.4900
2023-08-29,135.7117320000,138.6695518000,139.2785147000,135.1288675100,23873176,3780207169.1300
2023-08-30,138.6695518000,137.2950355400,139.2959136400,137.1036472000,22598663,3580879499.5900
2023-08-31,137.2950355400,135.6334367700,137.3037350100,135.5638410100,22001837,3443917302.8100
2023-09-01,136.5816790000,138.9653337800,139.1567221200,136.5816790000,23238672,3701951294.1300
2023-09-04,140.5834352000,146.0901997100,146.1510960000,140.5834352000,46496459,7710567731.9500
2023-09-05,145.9771066000,144.1676168400,146.3511838100,143.7500422800,19055024,3170571173.4600
2023-09-06,143.5934518200,144.1415184300,144.8026781500,142.6713080000,13049265,2155900998.3000
2023-09-07,143.5412550000,141.8883557000,143.6891459900,141.7143663000,11886106,1947052985.5700
2023-09-08,141.1576002200,140.8618182400,141.5403769000,139.6264935000,10497211,1695834401.1700
2023-09-11,140.0614670000,142.9757894500,143.8109385700,139.3220120500,16068274,2625927002.7200
2023-09-12,142.1493398000,141.7839620600,142.7235048200,141.4620816700,8942828,1459902261.2700
2023-09-13,142.6713080000,142.3668265500,143.8805343300,141.3228901500,13114721,2150208869.5400
2023-09-14,142.3668265500,140.9314140000,142.8713958100,140.0875654100,13047323,2115828262.3000
2023-09-15,140.9923102900,138.9392353700,141.8361588800,138.5825571000,17755546,2846912332.7400
2023-09-18,138.3215730000,141.6273716000,141.8100604700,137.4603254700,16298317,2634257627.8600
2023-09-19,140.9401134700,139.9831717700,141.1054034000,138.7565465000,11367416,1824120705.5300
2023-09-20,139.3655094000,139.0523284800,140.0614670000,138.9305359000,8712360,1394723510.5700
2023-09-21,138.3215730000,137.1558440200,138.7565465000,137.0340514400,12945475,2046008258.7500
2023-09-22,136.5816790000,139.1219242400,139.4612035700,136.3206949000,15431992,2451918127.0200
2023-09-25,138.9827327200,138.2345783000,139.0871263600,137.9735942000,10536495,1676603466.3100
2023-09-26,138.2171793600,136.2771975500,138.7304480900,136.2771975500,12501574,1969171204.7100
2023-09-27,136.2858970200,136.2250007300,138.0170915500,135.7117320000,13281201,2083949327.4200
2023-09-28,136.2250007300,135.7987267000,136.9122588600,135.4333489600,12385723,1933102453.4300
2023-10-09,135.7900272300,134.2067236900,135.7900272300,132.0579546000,15357335,2365643872.3700
2023-10-10,135.2680590300,133.4585692700,136.2163012600,133.1540878200,12717530,1965311403.8000
2023-10-11,134.4677077900,133.7108539000,135.0418728100,133.4150719200,9912197,1526531426.6100
2023-10-12,135.0592717500,135.4768463100,135.7117320000,134.1545268700,13797215,2144168262.3100
2023-10-13,134.4068115000,133.6499576100,134.4068115000,132.2406434700,14293386,2189951710.5100
2023-10-16,133.1714867600,130.6138425800,133.4498698000,130.2397653700,15236613,2299307439.9500
2023-10-17,130.6138425800,130.8487282700,131.5707842800,129.2393263200,10720176,1610282340.0500
2023-10-18,130.4746510600,129.8308902800,131.6403800400,129.7786934600,10110520,1516335018.7200
2023-10-19,128.7521560000,125.4898547500,128.7521560000,125.2375701200,21738492,3161472146.5600
2023-10-20,124.4024210000,125.0113839000,126.9513657100,124.0283437900,13316438,1920618082.3900
2023-10-23,124.9591870800,125.0548812500,126.8469720700,123.8804528000,12029229,1727517065.6300
2023-10-24,125.0635807200,125.3158653500,126.1336155300,123.2714899000,16707389,2395874812.7600
2023-10-25,127.8387116500,129.9178849800,131.3619970000,127.8387116500,25442154,3792234580.0500
2023-10-26,128.7521560000,131.4054943500,131.5359864000,128.5781666000,14617728,2187779863.3800
2023-10-27,130.9879197900,133.0931915300,133.5803618500,130.6312415200,17065390,2603681374.1100
2023-10-30,135.6682346500,136.2337002000,137.7648069200,134.8417850000,27403019,4289723342.5200
2023-10-31,137.0166525000,135.7117320000,137.1471445500,134.8591839400,14497863,2261223856.9300
2023-11-01,144.4112020000,139.1915200000,145.5247341600,139.1915200000,46934602,7622902568.1800
2023-11-02,139.2611157600,137.3646313000,140.0266691200,137.2167403100,16513168,2623333602.2600
2023-11-03,137.3646313000,138.9044374900,139.1915200000,137.1558440200,13814386,2200311515.6900
2023-11-06,139.7743844900,139.0523284800,139.9483738900,137.8865995000,13751203,2192590029.1100
2023-11-07,138.5825571000,138.5912565700,139.1045253000,137.4516260000,10730364,1705482356.2600
2023-11-08,137.8865995000,137.9996926100,139.0001316600,137.0775487900,12646303,2003995988.4800
2023-11-09,137.4516260000,137.9300968500,138.7565465000,137.4516260000,9198879,1458982551.8400
2023-11-10,137.0166525000,136.4946843000,137.6952111600,136.1467055000,8963080,1407108917.1100
2023-11-13,136.4859848300,134.7373913600,136.7295699900,134.0240348200,12557539,1948615157.1800
2023-11-14,135.6073383600,135.6247373000,137.3559318300,134.8417850000,11299159,1764357472.6800
2023-11-15,137.2863360700,136.7991657500,137.5734185800,136.3206949000,10175715,1601063926.1400
2023-11-16,136.5816790000,136.0336123900,137.1906419000,135.8248251100,7036398,1102563043.3100
2023-11-17,135.2767585000,134.8417850000,136.1293065600,134.2850189200,8452069,1309342330.9700
2023-11-20,134.8330855300,134.3198168000,135.6595351800,133.6238592000,11485928,1773729316.4500
2023-11-21,134.8417850000,135.1027691000,136.2684980800,133.3193777500,16697698,2595787143.6200
2023-11-22,134.1458274000,133.5455639700,134.7721892400,133.5455639700,8691277,1338320985.6300
2023-11-23,133.1018910000,133.1627872900,133.4933671500,132.1014519500,9457601,1442390953.8900
2023-11-24,133.0148963000,133.3019788100,133.8674443600,132.5016275700,9309548,1425448392.1800
2023-11-27,132.9192021300,129.8395897500,132.9279016000,129.5264088300,18526959,2774364092.3200
2023-11-28,129.8743876300,129.4046162500,130.5616457600,128.4476745500,13910316,2066506935.7600
2023-11-29,129.2567252600,129.0131401000,129.2741242000,127.7952143000,8648476,1279519709.1300
2023-11-30,128.9000469900,129.7525950500,129.9613823300,128.7608554700,10683306,1591108412.3200
2023-12-01,129.6221030000,128.0648978700,129.6221030000,127.0209614700,13430375,1977001207.3100
2023-12-04,127.4385360300,126.8817699500,128.4650734900,126.6555837300,10695582,1565168595.2800
2023-12-05,126.5772885000,124.1153384900,126.8643710100,123.7412612800,15041103,2167619334.5900
2023-12-06,124.0544422000,125.3593627000,126.3163044000,123.2366920200,14474212,2081995216.8500
2023-12-07,125.3593627000,123.9848464400,125.5072536900,123.0975005000,15107094,2152755581.7100
2023-12-08,123.9848464400,124.3415247100,125.5333521000,123.7238623400,14475928,2075536415.2700
2023-12-11,121.4446012000,121.0966224000,121.7925800000,118.7999623200,32312072,4465383122.8000
2023-12-12,120.0526860000,121.1836171000,121.5141969600,119.8178003100,14402267,2002700041.6800
2023-12-13,120.5746542000,116.3815096600,120.6442499600,116.2075202600,31864580,4313281475.8400
2023-12-14,117.4428450000,115.3984695500,118.2953930600,115.3984695500,21441794,2872608825.8800
2023-12-15,116.2858154900,116.3119139000,118.1388026000,115.5289616000,20013278,2685090415.6000
2023-12-18,114.8765013500,116.5728980000,117.2688556000,114.7199108900,12930013,1727901875.3600
2023-12-19,116.5641985300,115.9900335100,116.5641985300,115.3201743200,13016041,1732968199.6300
2023-12-20,116.4424059500,114.9460971100,116.5120017100,114.9199987000,10629969,1411911254.6200
2023-12-21,114.7286103600,116.6598927000,116.9643741500,114.3806315600,17664844,2355445615.9500
2023-12-22,116.6250948200,116.0683287400,117.2688556000,115.3288737900,16402338,2191023169.1900
2023-12-25,115.9813340400,117.0513688500,117.0687677900,115.6594536500,9862125,1322860816.5700
2023-12-26,117.0513688500,116.8512810400,117.0513688500,116.2336186700,7367832,986855945.1400
2023-12-27,116.8512810400,116.4250070100,117.2514566600,115.7290494100,10430850,1395667156.7700
2023-12-28,116.4250070100,121.8795747000,122.7843195800,116.1814218500,33610901,4647651265.1700
2023-12-29,121.7925800000,122.0622635700,123.2192930800,121.1749176300,19454076,2730826835.3500
2024-01-02,122.0535641000,118.3127920000,122.0535641000,118.1388026000,21526999,2947170556.8000
2024-01-03,118.2953930600,117.3384513600,118.8956564900,116.3554112500,16417109,2211980500.1900
2024-01-04,117.3384513600,115.1113870400,117.3558503000,114.8417034700,17876323,2371204451.6700
2024-01-05,114.8330040000,114.1718442800,115.9639351000,113.7716686600,15630369,2062827516.4300
2024-01-08,113.9717564700,111.4402107000,114.0848495800,111.3532160000,21020047,2706248455.9100
2024-01-09,111.4402107000,111.1879260700,112.5537428600,110.8399472700,17483816,2241449420.4800
2024-01-10,111.1879260700,112.0491736000,112.7277322600,109.6220214700,16530411,2118536476.0600
2024-01-11,111.9621789000,112.7625301400,113.5280835000,110.6746573400,15646396,2021717963.8000
2024-01-12,112.1187693600,112.0056762500,113.1975036400,111.4402107000,11920766,1539729131.1400
2024-01-15,111.3532160000,111.9447799600,112.5624423300,110.5528647600,11582558,1485609938.5400
2024-01-16,111.2836202400,111.7098942700,112.4667481600,110.4223727100,12528653,1604334707.8200
2024-01-17,111.0052372000,108.8651675800,111.1792266000,108.8651675800,17675746,2232551975.0100
2024-01-18,108.5693856000,111.2662213000,111.4663091100,107.1687709300,23594821,2961463081.8200
2024-01-19,110.4832690000,112.1274688300,112.6668359700,109.7177156400,22502046,2891090563.7200
2024-01-22,111.7011948000,110.4832690000,112.3536550500,109.4393326000,21340958,2733754455.7500
2024-01-23,110.3092796000,110.8138488600,111.4576096400,109.1609495600,16198659,2053575259.8300
2024-01-24,111.5098064600,111.3967133500,111.7707905600,108.9695612200,16682387,2118643963.1400
2024-01-25,111.3532160000,114.0587511700,114.0587511700,110.9704393200,27342127,3546308960.2900
2024-01-26,113.1888041700,113.9630570000,114.8243045300,112.6581365000,19317416,2522565252.1000
2024-01-29,114.0413522300,114.6416156600,116.2858154900,114.0413522300,21614965,2860907561.5200
2024-01-30,113.7890676000,111.1009313700,113.8760623000,110.9878382600,17071977,2196117733.3100
2024-01-31,110.9182425000,109.8743061000,111.9447799600,109.8656066300,13521837,1717132838.8300
2024-02-01,109.3871357800,110.0482955000,111.1096308400,108.8651675800,13787549,1745356476.4200
2024-02-02,110.0482955000,107.7168375400,111.9186815500,106.6207043200,21086217,2658388904.9000
2024-02-05,107.7168375400,110.1091917900,111.2488223600,106.9251857700,30804209,3864410348.5900
2024-02-06,109.6133220000,115.6942515300,115.7029510000,109.3523379000,32384190,4239033653.0400
2024-02-07,115.7986451700,116.4598048900,117.1818609000,114.9199987000,29067328,3882655957.2700
2024-02-08,117.2688556000,116.2162197300,118.4171856400,115.4419669000,24374798,3267001019.2800
2024-02-19,120.8356383000,118.4432840500,120.8791356500,117.2514566600,28857883,3951748629.5500
2024-02-20,118.3127920000,116.9034778600,119.1827390000,115.7029510000,21181874,2841706723.7500
2024-02-21,116.0509298000,122.6799259400,124.1240379600,115.5637594800,46656281,6492866976.9800
2024-02-22,121.8882741700,122.7495217000,123.2366920200,121.2967102100,18840109,2646660001.4800
2024-02-23,122.6973248800,123.2801893700,124.7330008600,121.8360773500,18439323,2613714172.2200
2024-02-26,123.0975005000,121.5837927200,123.7760591600,120.9661303500,13994707,1961062779.9000
2024-02-27,120.9313324700,121.5837927200,121.6185906000,120.0961833500,15061741,2092382020.6200
2024-02-28,121.5837927200,121.3837049100,123.0105058000,120.7225451900,19619411,2753522611.3500
2024-02-29,120.9226330000,123.7499607500,123.8195565100,120.6616489000,17660377,2496984973.3800
2024-03-01,123.5759713500,124.0457427300,125.0809796600,122.5581333600,15881306,2261267887.4100
2024-03-04,123.1061999700,122.0796625100,123.7064634000,121.8273778800,15430682,2170817658.1800
2024-03-05,121.7751810600,123.1757957300,123.4280803600,121.2097155100,16001586,2251931872.9800
2024-03-06,122.6625270000,120.9748298200,122.9235111000,120.4963589700,17652769,2459134905.9400
2024-03-07,120.9748298200,120.2701727500,121.7751810600,120.2701727500,11219842,1559868152.0300
2024-03-08,120.1048828200,120.4180637400,121.0357261100,118.8869570200,12245203,1687886718.8600
2024-03-11,120.3571674500,122.8017185200,122.9148116300,120.0700849400,19356925,2713055196.9200
2024-03-12,122.8104179900,129.0218395700,129.8830871000,122.8104179900,45079147,6608708732.8500
2024-03-13,128.3171825000,128.5433687200,129.7786934600,128.0040015800,17912970,2649479635.4800
2024-03-14,128.0561984000,130.1092733200,131.3619970000,127.9344058200,22227356,3320434207.3800
2024-03-15,129.6221030000,132.6582180300,134.6503966600,129.4481136000,23887367,3639737822.8400
2024-03-18,132.5799228000,133.5368645000,134.5460030200,131.1097123700,18987361,2908432466.1800
2024-03-19,133.8674443600,136.9035593900,138.2954745900,133.5716623800,33882634,5328394236.7100
2024-03-20,136.4772853600,136.5381816500,137.6778122200,135.2680590300,16160021,2535854998.2100
2024-03-21,136.4946843000,136.2423996700,137.9213973800,135.4072505500,13643008,2139591363.2300
2024-03-22,136.0597108000,133.4759682100,136.3728917200,132.5451249200,20156403,3098381510.5700
2024-03-25,132.6756169700,131.9883588400,133.0148963000,130.4920500000,16167547,2447539788.4900
2024-03-26,132.0318561900,135.0331733400,135.1723648600,132.0318561900,18088963,2787590493.5300
2024-03-27,134.8417850000,132.8061090200,135.1027691000,132.7539122000,12363048,1899180647.4300
2024-03-28,132.8061090200,133.1888857000,135.1375669800,132.2754413500,14419203,2217801274.6400
2024-03-29,133.1888857000,133.5455639700,134.8591839400,132.7191143200,8834848,1358438656.5900
2024-04-01,134.4068115000,136.8252641600,137.9387963200,134.4068115000,17726202,2788229516.4400
2024-04-02,136.5816790000,135.2767585000,136.7382694600,134.7199924200,11410098,1779060166.6700
2024-04-03,135.6247373000,134.4938062000,136.5555805900,133.3628751000,9826116,1522506389.6200
2024-04-08,132.2319440000,128.1344936300,132.2319440000,127.9257063500,27000663,4002147876.3300
2024-04-09,127.4472355000,127.4298365600,128.9348448700,126.7338789600,13039729,1909631397.0100
2024-04-10,127.1862514000,124.5068146400,127.4472355000,123.6542665800,17167574,2464329866.9300
2024-04-11,124.0544422000,123.8282559800,124.1066390200,122.3145482000,15994283,2264027608.8900
2024-04-12,123.5324740000,122.2188540300,124.7938971500,121.8795747000,13407310,1895837989.0100
2024-04-15,122.3145482000,128.1605920400,128.7347570600,121.8447768200,25429182,3701903874.9400
2024-04-16,127.5342302000,126.1162165900,128.0214005200,125.5420515700,13567789,1976125482.8900
2024-04-17,125.7334399100,126.4032991000,126.6120863800,125.0983786000,13702335,1982007044.0800
2024-04-18,125.3332642900,126.1249160600,127.6908206600,124.6634051000,15245280,2213439016.5300
2024-04-19,125.2549690600,124.3154263000,125.7073415000,123.5237745300,12726175,1818608488.1100
2024-04-22,124.3154263000,125.7595383200,127.4298365600,124.3154263000,14036604,2035476601.3100
2024-04-23,125.2723680000,127.9083074100,128.3084830300,125.2462695900,17171181,2507417591.4600
2024-04-24,128.6912597100,129.6047040600,129.7960924000,127.0122620000,14225100,2103883224.0100
2024-04-25,129.1871295000,129.6047040600,129.9265844500,127.8996079400,10077553,1496358807.6000
2024-04-26,129.7960924000,132.4494307500,132.8409069000,129.7960924000,17946172,2719514005.5000
2024-04-29,131.3619970000,132.0144572500,136.1989023200,130.5007494700,27538469,4217464058.7400
2024-04-30,132.4929281000,130.8661272100,133.5281650300,130.8661272100,15529607,2359135139.9100
2024-05-06,133.4846676800,134.8504844700,137.7387085100,133.4498698000,31679595,4940155160.9600
2024-05-07,134.8417850000,135.6595351800,136.0771097400,133.5803618500,14549977,2265634112.4100
2024-05-08,135.6943330600,134.8417850000,135.9901150400,134.2763194500,10107370,1567926317.4400
2024-05-09,134.2589205100,134.7025934800,135.4420484300,133.7369523100,11327468,1750315446.5100
2024-05-10,134.8417850000,134.3459152100,135.6160378300,132.9279016000,10251379,1579216046.1700
2024-05-13,132.9279016000,131.4489917000,133.0844920600,130.7269356900,17262826,2608851173.0500
2024-05-14,131.4489917000,131.6577789800,132.1014519500,130.5181484100,11345529,1713073765.3000
2024-05-15,131.6490795100,131.6838773900,132.0840530100,130.9270235000,7842841,1186554216.7700
2024-05-16,131.9709599000,134.0153353500,134.9113807600,131.1097123700,14937612,2289335629.0600
2024-05-17,133.9718380000,136.0684102700,136.0858092100,133.2845798700,16184342,2509981114.0400
2024-05-20,136.0597108000,136.8426631000,139.0175306000,136.0597108000,19373643,3066112975.9600
2024-05-21,136.4076896000,136.1815033800,136.7382694600,134.9200802300,8803686,1374785552.7400
2024-05-22,135.7204314700,134.9461786400,136.0684102700,134.2067236900,10847769,1682580309.1600
2024-05-23,134.8417850000,133.6238592000,135.6856335900,133.3802740400,8988893,1383814569.8300
2024-05-24,132.9800984200,131.4924890500,133.2149841100,131.3619970000,11203941,1700150955.4100
2024-05-27,131.4837895800,131.8665662600,132.4929281000,130.9966192600,10156716,1535721670.4700
2024-05-28,131.8839652000,130.5181484100,132.1797471800,130.4920500000,10387436,1566391577.6700
2024-05-29,130.5355473500,129.8047918700,131.3532975300,129.5003104200,9102373,1363621239.5100
2024-05-30,129.5786056500,127.2384482200,129.5786056500,126.9339667700,16111129,2363289777.5600
2024-05-31,127.7952143000,127.6212249000,128.7434565300,127.5342302000,13141188,1934209403.1600
2024-06-03,127.7865148300,126.9948630600,128.0996957500,125.8378335500,14092998,2051213337.6100
2024-06-04,126.9948630600,128.5607676600,128.8391507000,126.5772885000,10302099,1514138600.8300
2024-06-05,128.5085708400,126.8034747200,128.7521560000,126.7077805500,11114765,1629419453.8100
2024-06-06,127.0209614700,126.0553203000,127.5516291400,125.3245648200,12730851,1844855885.9100
2024-06-07,126.5772885000,123.8282559800,126.6207858500,123.4454793000,15869270,2266797197.9100
2024-06-11,123.0105058000,120.4702605600,123.0105058000,120.0526860000,20665469,2873140131.8500
2024-06-12,120.1396807000,119.9656913000,121.6446890100,119.6612098500,15452411,2136862848.6400
2024-06-13,119.9569918300,117.0600683200,120.1396807000,116.9556746800,24362284,3301287598.4200
2024-06-14,116.7468874000,118.0344089600,118.0518079000,114.9112992300,28721911,3851661909.4100
2024-06-17,116.9208768000,118.0779063100,118.4519835200,114.2240411000,24627240,3299559711.3600
2024-06-18,117.4428450000,116.4772038300,119.4785209800,116.0683287400,20298120,2740736863.2400
2024-06-19,116.7294884600,116.7642863400,117.7038291000,115.5550600100,13704527,1839596879.5300
2024-06-20,116.6598927000,115.0069934000,117.5037412900,114.9895944600,12619163,1679993028.7700
2024-06-21,114.8417034700,113.2670994000,115.5811584200,112.0491736000,21388642,2781028408.8000
2024-06-24,109.6307209400,113.9891554100,115.4158684900,109.2653432000,23923514,3102546742.5400
2024-06-25,114.6590146000,114.4067299700,115.9552356300,113.6150782000,17715159,2341480948.4100
2024-06-26,113.4410888000,114.2240411000,114.9895944600,113.3975914500,10221249,1341298503.0700
2024-06-27,114.2501395100,112.7886285500,114.2849373900,111.9795778400,12264610,1587676455.0900
2024-06-28,112.2144635300,111.3880138800,113.5193840300,110.9704393200,15689886,2019328025.7800
2024-07-01,111.5272054000,111.6142001000,112.3623545200,109.6133220000,15433459,1964232828.8400
2024-07-02,111.0922319000,114.4502273200,115.4245679600,110.9182425000,24747909,3244049457.3500
2024-07-03,114.4502273200,113.9630570000,115.4419669000,113.1801047000,12427733,1631928152.2400
2024-07-04,113.9630570000,113.6063787300,115.1809828000,113.1192084100,10049528,1315554603.8800
2024-07-05,113.6063787300,112.1796656500,114.8069055900,111.4750085800,13941250,1803448224.6200
2024-07-08,112.2057640600,109.5350267700,112.3971524000,108.9347633400,20745544,2630909852.0600
2024-07-09,109.5350267700,110.5441652900,111.5272054000,108.8999654600,19540437,2475816884.3600
2024-07-10,110.0482955000,110.0830933800,111.7533916200,109.7699124600,15457159,1964272870.0200
2024-07-11,110.9182425000,113.5106845600,114.3980305000,110.6311599900,25779636,3349449291.3000
2024-07-12,114.2956365200,114.9452486000,115.2971218100,113.3663303500,18938660,2401467289.1800
2024-07-15,114.5843530000,115.0354725000,116.7136370400,114.2054126200,11973781,1532479885.1200
2024-07-16,114.3407484700,115.0174277200,115.5768159000,113.5016662000,15468916,1967032427.8300
2024-07-17,114.5843530000,117.9767716400,118.1842866100,114.0159424300,22884217,2960415563.9300
2024-07-18,117.3271595600,118.2835329000,119.9977870000,117.3181371700,18591713,2444968667.2400
2024-07-19,117.9045925200,120.3767273800,120.4398841100,117.0925774200,19024378,2517623683.3200
2024-07-22,120.3586826000,118.3918015800,120.8549140500,118.1933090000,15642939,2065619592.1200
2024-07-23,118.2023313900,114.4039052000,118.6534508900,114.4039052000,19756404,2540829813.4900
2024-07-24,114.2054126200,113.7362483400,115.2159203000,113.2309945000,14364962,1813586525.0100
2024-07-25,112.8700989000,113.4836214200,114.2775917400,112.8700989000,11814145,1485089890.1600
2024-07-26,113.6821140000,113.8625618000,114.9272038200,112.8700989000,11421502,1439101532.4300
2024-07-29,113.6821140000,111.9678599000,114.3136813000,111.9678599000,13936430,1745197563.8400
2024-07-30,110.9753970000,111.2370463100,112.1483077000,109.6039937200,20725348,2538151160.5700
2024-07-31,110.6866805200,114.4580395400,115.6489950200,110.6686357400,26057917,3286415866.7800
2024-08-01,114.4670619300,111.8776360000,114.5392410500,111.7693673200,17473861,2180765965.3100
2024-08-02,110.9753970000,111.6069643000,112.3468002800,110.8671283200,9950169,1231884912.0600
2024-08-05,111.6069643000,113.6821140000,115.4865920000,111.5167404000,24189241,3060405977.4900
2024-08-06,114.1512782800,113.5918901000,115.4865920000,113.1227258200,15347283,1940983188.7000
2024-08-07,113.6821140000,114.5843530000,115.1076516200,113.0505467000,13259071,1678186222.6700
2024-08-08,114.1151887200,115.8023756500,116.9933311300,113.6370020500,20013087,2559755533.7400
2024-08-09,116.8399505000,115.5587711200,117.2910700000,115.2520098600,15846790,2041741165.9000
2024-08-12,115.0354725000,115.2249426900,115.9286891100,114.6926216800,7310797,934639850.5600
2024-08-13,115.1166740100,113.3212184000,115.4505024400,112.8881436800,12451739,1567828596.9300
2024-08-14,113.2309945000,112.1753748700,113.3121960100,111.7783897100,9494697,1181885782.0000
2024-08-15,111.8956807800,112.7347630500,113.8174498500,111.7513225400,11162349,1395432331.9000
2024-08-16,112.3287555000,112.7888973900,113.1137034300,111.4986956200,9726670,1211693479.2600
2024-08-19,112.7798750000,111.8325240500,114.5843530000,111.7874121000,13875921,1732841551.4700
2024-08-20,111.8325240500,111.1107328500,111.8776360000,110.6686357400,10985221,1352259414.5600
2024-08-21,110.7949492000,110.2536058000,111.1017104600,110.1633819000,9710809,1189648677.4100
2024-08-22,110.2626281900,109.1618966100,110.4250312100,108.2325904400,18528513,2234186007.8200
2024-08-23,108.8100234000,109.2701652900,110.1633819000,108.7378442800,8898800,1078393647.2500
2024-08-26,109.1528742200,106.5724706800,109.9558669300,106.5002915600,20401007,2429417311.3000
2024-08-27,106.1935303000,106.1935303000,106.6446498000,104.2537164500,15660884,1831272407.4700
2024-08-28,105.5619630000,102.8552460000,105.5619630000,101.8808278800,24729242,2821002956.1900
2024-08-29,104.2086045000,107.1679484200,108.5303293100,103.8747760700,30025609,3546177235.8900
2024-08-30,106.4642020000,111.0024641700,112.4731137400,105.3634704200,33779842,4114623948.3700
2024-09-02,110.0731580000,107.3664410000,110.3528520900,107.3664410000,17755490,2134586803.9100
2024-09-03,107.4386201200,108.5573964800,109.5949713300,107.3664410000,12798410,1538909785.9900
2024-09-04,107.6641798700,107.4656872900,108.9904712000,107.3935081700,8469238,1011886744.1000
2024-09-05,107.4566649000,107.8626724500,108.1604113200,106.9153215000,8279466,987295999.1100
2024-09-06,107.8175605000,106.0401496700,107.8175605000,106.0130825000,7772198,920196138.1400
2024-09-09,105.4717391000,104.8582165800,106.0040601100,104.2266492800,11158667,1296332675.2700
2024-09-10,104.8582165800,105.0476867700,106.6987841400,104.5695001000,10605023,1237792376.2200
2024-09-11,104.4792762000,104.6687463900,105.6251197300,103.7574850000,7659099,888345206.8000
2024-09-12,104.6597240000,102.2778130400,105.0025748200,102.2778130400,16984847,1945710693.7300
2024-09-13,102.2236787000,98.5244988000,102.2236787000,98.5244988000,31153086,3444726618.2900
2024-09-18,97.6673717500,97.1621179100,98.8583272300,96.7290431900,17763923,1916365125.0800
2024-09-19,97.1982074700,100.0583051000,101.8266935400,95.9350728700,31818095,3511889907.7100
2024-09-20,99.3635810700,99.4989169200,100.0131931500,97.9831554000,19668110,2158043124.5600
2024-09-23,100.0673274900,101.3124173100,102.6657758100,99.6071856000,20371180,2298355085.4400
2024-09-24,103.6672611000,108.5934860400,108.6295756000,102.4131488900,47346927,5559354900.5200
2024-09-25,111.5167404000,110.1633819000,113.3392631800,109.9648893200,41718945,5168860913.2200
2024-09-26,110.1633819000,121.1797200900,121.1797200900,109.9919564900,66453364,8594482227.5600
2024-09-27,127.9374902000,133.2967898600,133.2967898600,124.9871686700,86457718,12438562566.8300
2024-09-30,140.7673287800,146.6228598900,146.6228598900,137.7718953000,98620119,15752197755.5200
2024-10-08,161.2842436400,148.0123079500,161.2842436400,140.3432764500,130680565,22218231044.6900
2024-10-09,144.3582400000,133.2426555200,144.3582400000,133.2246107400,81546859,12409184179.1400
2024-10-10,133.2336331300,137.1222832200,140.3252316700,133.2336331300,60060115,9164464306.6000
2024-10-11,135.3358500000,135.0200663500,138.3312834800,133.5313720000,28515763,4283807927.9300
2024-10-14,136.2380890000,135.1193126400,136.2380890000,131.7359163900,33496575,4986283992.8400
2024-10-15,135.3358500000,129.9224160000,135.4260739000,129.9224160000,32970192,4840842560.3300
2024-10-16,128.1179380000,127.8021543500,130.1840653100,126.3856391200,31227224,4430542144.1800
2024-10-17,128.5690575000,124.4638700500,128.9479978800,124.4097357100,28250755,3957974225.6200
2024-10-18,123.6157653900,129.0201770000,131.3299088400,123.0293100400,44144323,6206988496.4500
2024-10-21,129.9133936100,129.0291993900,131.2757745000,127.3059229000,29576515,4223086214.9600
2024-10-22,128.8397292000,131.2216401600,132.1329015500,128.3074081900,30466330,4419839157.5400
2024-10-23,131.2487073300,134.0095586700,134.9117976700,129.9224160000,35813825,5277833035.9200
2024-10-24,132.4486852000,132.1419239400,133.9824915000,131.8261402900,18642006,2743177643.6700
2024-10-25,131.2396849400,133.6306182900,135.2185589300,131.2396849400,19805485,2926843948.5600
2024-10-28,134.4426333900,138.9177388300,138.9448060000,132.3313941300,43810985,6649586215.4900
2024-10-29,138.9177388300,136.0576412000,141.5432543200,135.6967456000,30315753,4641639291.5100
2024-10-30,134.4336110000,134.2531632000,136.5177830900,132.8998047000,21187042,3158474275.2000
2024-10-31,132.6291330000,132.4757523700,134.6140588000,131.1945729900,26944088,3957475706.7300
2024-11-01,131.4742670800,133.4591928800,136.0576412000,131.4742670800,22719198,3379402017.8800
2024-11-04,133.9824915000,134.0727154000,134.6230811900,131.7990731200,20505185,3030626417.3000
2024-11-05,133.5313720000,137.8621192000,138.0335446100,132.4486852000,32031809,4839032609.0900
2024-11-06,137.8260296400,136.4636487500,138.0425670000,134.5689468500,30206560,4568777903.3800
2024-11-07,135.3719395600,146.3792553600,147.0830017800,135.1824693700,67187150,10602928042.2500
2024-11-08,147.9671960000,141.1733363300,148.5085394000,140.7492840000,56747365,9025428027.8700
2024-11-11,138.3583506500,139.6846419800,139.7117091500,136.4185368000,36601207,5603393228.0500
2024-11-12,139.6846419800,139.2154777000,143.4560010000,138.6290223500,35134682,5496005682.1500
2024-11-13,138.0425670000,138.8906716600,140.1447838700,137.7358057400,19433400,2990077534.7700
2024-11-14,138.1418132900,138.4846641100,140.6410153200,137.2756638500,21792782,3357496177.8500
2024-11-15,138.4756417200,136.4997383100,139.0620970700,135.8320814500,25544269,3894476942.7300
2024-11-18,136.4907159200,134.7313498700,138.3673730400,134.4336110000,20986101,3164795002.8200
2024-11-19,134.9388648400,133.9373795500,135.9132829600,131.0953267000,23341346,3447738671.2400
2024-11-20,133.9373795500,134.9749544000,135.6877232100,132.8095808000,14981538,2233265261.1500
2024-11-21,134.4336110000,134.8847305000,135.4260739000,133.6757302400,11446054,1706377342.0400
2024-11-22,134.7945066000,130.7254087100,135.3448723900,130.5088713500,18942474,2785311385.1700
2024-11-25,131.6276477100,129.7419682000,132.7915360200,128.7495053000,19168995,2771219117.2600
2024-11-26,129.4712965000,130.6442072000,132.2682374000,128.5690575000,17535782,2539251070.4200
2024-11-27,130.6171400300,132.6742449500,133.4321257100,129.5434756200,20024978,2921829639.8500
2024-11-28,130.8246550000,129.9224160000,132.5840210500,129.7419682000,19045387,2760020463.6900
2024-11-29,130.8426997800,132.4216180300,135.0561559100,130.2833116000,28727796,4234632625.5000
2024-12-02,132.7464240700,132.9900286000,133.9193347700,131.3299088400,17976352,2645657930.7300
2024-12-03,133.2607003000,132.6201106100,133.3238570300,131.9073418000,14014314,2059980757.0400
2024-12-04,132.5389091000,131.4832894700,132.5749986600,130.6171400300,14843403,2161996959.3100
2024-12-05,130.8246550000,130.8517221700,131.4201327400,130.3825578900,10321021,1496758490.6700
2024-12-06,130.5178937400,132.1238791600,133.5313720000,130.5178937400,18754575,2745488834.2800
2024-12-09,132.1329015500,131.5103566400,132.9990509900,130.9599908500,14542425,2124782350.8400
2024-12-10,138.0425670000,134.5238349000,139.7387763200,134.3433871000,46326278,7021977459.7300
2024-12-11,133.5494167800,134.7945066000,136.6892085000,133.5494167800,19999335,2993662412.5600
2024-12-12,134.8305961600,136.9779249800,137.1403280000,133.9554243300,25365291,3819524049.4400
2024-12-13,135.6516336500,133.5674615600,135.9493725200,133.5313720000,28422742,4230330395.7300
2024-12-16,133.5584391700,130.4547370100,133.5674615600,129.9404607800,26477262,3846200007.7500
2024-12-17,130.4457146200,130.7254087100,132.4035732500,129.5615204000,15949283,2318651653.8200
2024-12-18,130.8246550000,131.0051028000,131.9795209200,130.4276698400,12067558,1755251344.9200
2024-12-19,130.0126399000,129.5164084500,130.2923339900,129.2998710900,15198227,2184469847.6300
2024-12-20,129.6517443000,129.2096471900,130.3464683300,128.7675500800,17283558,2479372352.3900
2024-12-23,128.4066544800,128.5239455500,129.8682816600,128.3434977500,14260102,2039345026.4500
2024-12-24,128.4337216500,129.4532517200,129.4712965000,127.8562886900,14333019,2045707407.6000
2024-12-25,129.4532517200,129.0923561200,129.8141473200,128.6412366200,9613952,1376290843.2000
2024-12-26,129.1284456800,128.5600351100,129.2276919700,127.9826021500,10476825,1493951272.0600
2024-12-27,128.6592814000,128.5871022800,128.9750650500,127.7299752300,13445059,1912027992.9000
2024-12-30,128.1359827800,127.4051691900,129.1735576300,127.2156990000,16367180,2320655236.7000
2024-12-31,127.4141915800,126.3495495600,129.5615204000,126.3224823900,24521867,3472955734.4400
2025-01-02,126.3134600000,123.5977206100,126.3134600000,122.9751757000,25564735,3517884975.5800
2025-01-03,123.6789221200,122.1631606000,124.4728924400,121.5767052500,16823014,2295817771.8000
2025-01-06,119.0053241000,118.0399283700,120.8639364400,117.6339208200,27943013,3679523519.8300
2025-01-07,118.3737568000,118.0579731500,118.7887867400,116.9301744000,19018740,2478571210.2000
2025-01-08,118.0669955400,117.0203983000,118.8609658600,115.5046367800,19287619,2504007320.4900
2025-01-09,117.2098684900,117.8143686200,119.4113316500,115.6219278500,15918343,2080588918.0900
2025-01-10,117.7421895000,116.0279354000,118.0399283700,116.0279354000,13537786,1753729758.8800
2025-01-13,114.8730694800,116.5692788000,116.8399505000,114.5482634400,12149103,1562285331.2300
2025-01-14,116.6595027000,120.0158317800,120.2684587000,116.2986071000,22862469,3014664381.3200
2025-01-15,120.2684587000,119.7902720300,120.6113095200,119.2940405800,12812277,1701391089.6200
2025-01-16,120.3586826000,118.6263837200,121.1706977000,118.2474433400,16309620,2160311225.4400
2025-01-17,119.0955480000,119.3662197000,120.7917573200,118.6895404500,15245016,2021963286.6800
2025-01-20,119.8895183200,121.1706977000,122.2443621100,119.7541824700,19417359,2611169665.1500
2025-01-21,121.6669291500,120.3496602100,121.8022650000,119.8173392000,13279686,1774069694.6800
2025-01-22,119.9526750500,117.6068536500,119.9977870000,117.4083610700,17418217,2277963645.9700
2025-01-23,118.7389530000,118.4167930500,120.5706624300,118.2511107900,18448933,2387735894.4500
2025-01-24,117.6344046000,117.5607680400,118.3523610600,116.4286059300,18943572,2418169298.3400
2025-01-27,117.8184960000,117.0821304000,118.3247473500,116.9900847000,12653510,1616070922.7300
2025-02-05,117.4042903500,115.0663295700,117.7080411600,114.6061010700,18691574,2343981886.2000
2025-02-06,114.8730336000,115.8855363000,116.3365602300,114.7717833300,13819081,1734038681.5700
2025-02-07,115.9775820000,117.4779269100,118.6284981600,115.1675798400,23247330,2960433850.1600
2025-02-10,117.5239497600,117.3858812100,118.0025874000,116.8059933000,13654558,1740615096.1600
2025-02-11,117.4503132000,116.2169008200,117.8829279900,115.7198540400,17600170,2221320156.4800
2025-02-12,116.2169008200,117.5423589000,117.5515634700,115.6093992000,17735327,2240677199.2600
2025-02-13,117.5607680400,121.0493000700,121.5003240000,117.1281532500,46762606,6110655128.5700
2025-02-14,120.1656613500,120.7915721100,121.6844154000,119.7514557000,21810735,2857398901.0500
2025-02-17,121.3990737300,121.0861183500,122.9086232100,120.6627081300,20507840,2710093082.3500
2025-02-18,121.0216863600,119.8435014000,121.8593022300,119.0703175200,18596134,2435399272.5300
2025-02-19,119.8435014000,120.6811172700,121.0400955000,119.0519083800,15364181,2003027066.4500
2025-02-20,120.0183882300,120.1196385000,122.2274850300,119.9355471000,13253049,1737767288.4500
2025-02-21,120.2116842000,120.6903218400,122.1078256200,119.5949780100,21001653,2756687286.0900
2025-02-24,120.4878213000,121.4082783000,122.8718049300,119.9907745200,24439219,3229422469.2100
2025-02-25,120.4694121600,118.5088387500,120.5062304400,118.3523610600,22190136,2872796622.1500
2025-02-26,118.4720204700,119.4753186000,119.4753186000,117.9105417000,17924348,2311292299.8000
2025-02-27,119.6502054300,122.1906667500,122.5036221300,119.4753186000,37079506,4909364775.1300
2025-02-28,122.0525982000,121.1137320600,124.9060149000,121.0400955000,33720213,4510232386.2100
2025-03-03,121.1137320600,120.4325938800,124.8139692000,119.9815699500,21035512,2780161096.2400
2025-03-04,119.7146374200,119.4292957500,119.9907745200,118.4720204700,14934839,1933207043.5200
2025-03-05,119.4292957500,118.3799747700,119.6594100000,117.4687223400,19936646,2558423708.3200
2025-03-06,119.0427038100,121.2057777600,121.3162326000,118.4167930500,23585718,3075149470.1400
2025-03-07,120.7639584000,124.0776036000,124.0776036000,120.4970258700,34007291,4536723523.1200
2025-03-10,123.8014665000,122.1354393300,123.8014665000,121.1873686200,20635305,2735377365.7400
2025-03-11,121.0493000700,124.4457864000,124.4549909700,121.0032772200,32103562,4304327283.4200
2025-03-12,124.5378321000,122.3931672900,125.3754479700,122.0710073400,28801774,3844719011.9300
2025-03-13,122.3931672900,121.8593022300,123.6357842400,121.7304382500,16792264,2233018514.7600
2025-03-14,122.4207810000,129.6003456000,130.6864848600,122.4207810000,76551575,10604804482.2400
2025-03-17,131.0730768000,128.7167068800,131.5885327200,128.2932966600,38773048,5457575155.2400
2025-03-18,129.0664805400,128.4497743500,129.3702313500,127.6857950400,18673497,2608207824.8500
2025-03-19,128.4497743500,127.8698864400,129.5911410300,127.3544305200,16815724,2339543020.1100
2025-03-20,127.8330681600,125.1729474300,127.9435230000,125.0532880200,22872209,3130766821.0300
2025-03-21,124.9060149000,123.8935122000,126.5628375000,123.5161248300,19713023,2669031188.2000
2025-03-24,123.3964654200,123.6265796700,124.1972630100,122.4483947100,18048886,2417592735.6400
2025-03-25,123.8935122000,122.9362369200,123.9855579000,122.0525982000,17567115,2342967012.6000
2025-03-26,122.9178277800,122.7429409500,123.2307831600,122.3195307300,10882580,1452491544.3800
2025-03-27,122.4944175600,123.2491923000,124.0499898900,121.9605525000,14086564,1882916851.1200
2025-03-28,123.4148745600,122.6324861100,123.5713522500,121.8685068000,12099601,1610808297.3400
2025-03-31,122.6140769700,120.9020269500,122.7705546600,120.9020269500,14485487,1912983576.9600
2025-04-01,120.9756635100,121.3070280300,121.7304382500,120.7087309800,12170463,1602816956.6800
2025-04-02,121.3806645900,120.7179355500,122.0065753500,120.6350944200,10102473,1328718376.9400
2025-04-03,119.2452043500,121.5003240000,122.8626003600,119.0979312300,16562264,2187566525.1700
2025-04-07,118.2787245000,116.6955384600,120.0736156500,113.9525766000,46309272,5889478917.8500
2025-04-08,116.6955384600,120.3589573200,120.8007766800,116.6955384600,33185668,4295611989.9800
2025-04-09,119.1991815000,121.7304382500,122.2735078800,119.0611129500,29699887,3910869674.7000
2025-04-10,121.7764611000,122.5588495500,122.8718049300,120.1196385000,23310636,3091985054.7500
2025-04-11,121.6844154000,121.1321412000,122.8533957900,120.1932750600,17429334,2296050286.0700
2025-04-14,121.0400955000,120.6166852800,122.1170301900,120.5890715700,12578106,1655429086.3600
2025-04-15,120.5798670000,120.9020269500,120.9940726500,119.7330465600,11482502,1502439501.4600
2025-04-16,120.3957756000,121.7764611000,122.0065753500,119.3648637600,16668022,2177739510.2500
2025-04-17,120.8836178100,121.9881662100,122.4115764300,120.5798670000,15292281,2022126157.5800
2025-04-18,121.5095285700,121.2702097500,122.0249844900,120.7731629700,8947834,1179998315.8000
2025-04-21,121.1229366300,119.9723653800,121.5003240000,119.7882739800,14436366,1887006445.3900
2025-04-22,119.8435014000,119.7514557000,120.3405481800,119.1991815000,11585468,1507639703.8300
2025-04-23,120.1012293600,119.6317962900,120.3037299000,119.2452043500,9594427,1246940578.8300
2025-04-24,119.4753186000,118.7941804200,119.8435014000,118.7481575700,13152369,1703623363.7100
2025-04-25,118.9230444000,118.7849758500,119.8619105400,118.7021347200,10718307,1388082599.7500
2025-04-28,119.7606602700,120.4417984500,121.1873686200,119.5673643000,18504541,2422404104.7200
2025-04-29,119.7974785500,119.2452043500,120.2116842000,119.0058855300,12479570,1619377345.3000
2025-04-30,119.3004317700,118.4628159000,119.9355471000,118.4352021900,14662657,1893634510.7600
2025-05-06,118.7389530000,119.1899769300,119.2452043500,117.8829279900,14634943,1889145118.0800
2025-05-07,120.4878213000,119.6502054300,121.3254371700,119.4753186000,15247040,1990960978.1900
2025-05-08,119.3924774700,121.3162326000,122.4207810000,118.9966809600,20802315,2735442055.0800
2025-05-09,121.3162326000,121.1137320600,121.5923697000,120.5890715700,11054836,1454604448.2600
2025-05-12,121.5003240000,122.3931672900,122.6508952500,121.0400955000,16456000,2182417151.1100
2025-05-13,123.0282826200,122.4115764300,123.0282826200,121.8961205100,12039542,1599600056.0500
2025-05-14,122.1538484700,124.5010138200,126.2682912600,121.6568016900,29148950,3932377808.0400
2025-05-15,124.2708995700,123.0374871900,124.8047646300,122.9822597700,14494424,1947912220.5400
2025-05-16,122.7705546600,120.6535035600,122.9638506300,120.6258898500,17354288,2288769532.3800
2025-05-19,118.9230444000,119.0150901000,119.7514557000,118.6284981600,23700824,3062514441.1000
2025-05-20,118.7389530000,118.8586124100,119.3188409100,118.6192935900,15936916,2058475919.0600
2025-05-21,118.8586124100,118.9782718200,119.5489551600,118.7389530000,14169298,1832618626.6700
2025-05-22,118.9874763900,118.8217941300,119.1715677900,118.5916798800,9605451,1239750922.2700
2025-05-23,118.7849758500,117.9565645500,119.3464546200,117.9565645500,15037984,1937195759.8500
2025-05-26,117.7908822900,116.3549693700,117.9565645500,115.8763317300,27361547,3460707609.1700
2025-05-27,116.2353099600,116.1248551200,116.8520161500,115.8763317300,15126840,1908812014.2600
2025-05-28,116.2537191000,116.8244024400,117.0176984100,115.5173535000,18138470,2291200545.2000
2025-05-29,116.5298562000,117.1925852400,117.3582675000,115.8855363000,16034701,2036182267.9600
2025-05-30,116.8980390000,116.3825830800,117.4042903500,115.9775820000,14682788,1858195533.3800
2025-06-03,115.2228072600,114.7625787600,115.5633763500,114.6613284900,23748287,2965933456.4900
2025-06-04,114.7625787600,114.6429193500,115.2596255400,114.2287137000,19350308,2410315627.3600
2025-06-05,114.6429193500,115.0847387100,115.5173535000,114.3115548300,20231200,2525601313.3400
2025-06-06,115.0295112900,115.1399661300,115.8395134500,114.7809879000,11888498,1488927363.0200
2025-06-09,115.1399661300,115.0203067200,115.2412164000,114.6981467700,19842902,2477799331.4000
2025-06-10,114.8730336000,114.4956462300,115.1491707000,114.3943959600,17105298,2132365672.4100
2025-06-11,114.5048508000,114.7809879000,115.2412164000,114.3207594000,14547273,1816144261.5200
2025-06-12,114.5968965000,112.7559825000,114.6429193500,112.6455276600,38065992,4680660151.5600
2025-06-13,112.1945037300,109.6448378400,112.2037083000,109.5527921400,36696171,4395342693.8000
2025-06-16,108.4574483100,108.8624493900,109.0189270800,107.6934690000,27148875,3192006584.9000
2025-06-17,108.8072219700,108.3469934700,109.3871098800,108.0892655100,19650205,2316678379.7000
2025-06-18,109.2490413300,108.9176768100,109.9393840800,108.4942665900,20049069,2378709213.8700
2025-06-19,108.1997203500,107.9511969600,109.0281316500,107.7855147000,16357242,1926506404.1000
2025-06-20,108.1536975000,110.0498389200,110.4548400000,108.0432426600,29681382,3536127314.9700
2025-06-23,109.4423373000,108.8716539600,109.6172241300,108.4206300300,17338663,2053039386.2500
2025-06-24,109.1385864900,110.2247257500,110.4456354300,108.9821088000,17895787,2138966777.2800
2025-06-25,110.4548400000,110.6205222600,110.6573405400,109.4239281600,17864721,2135738739.0400
2025-06-26,110.5560902700,110.2063166100,111.0439324800,110.1142709100,16637264,1997480065.3500
2025-06-27,110.1879074700,109.7000652600,110.3904080100,109.5712012800,16021567,1913691951.7500
2025-06-30,109.7000652600,109.4423373000,110.0682480600,108.8716539600,22368008,2660701232.4600
2025-07-01,109.5251784300,109.1938139100,109.5251784300,108.8716539600,12218321,1449250746.0400
2025-07-02,109.1938139100,109.7000652600,110.3627943000,109.0833590700,15447681,1840968959.5400
2025-07-03,109.7000652600,110.1050663400,110.2983623100,109.4423373000,12243011,1463537870.1100
2025-07-04,109.8013155300,110.8138182300,111.1451827500,109.7092698300,17067930,2049279008.0800
2025-07-07,110.6481359700,110.3719988700,110.9334776400,110.2799531700,8581080,1030097660.8300
2025-07-08,110.3167714500,111.1727964600,111.2556375900,110.2983623100,11663123,1404970363.0100
2025-07-09,111.2188193100,111.9275712000,113.0781424500,110.9058639300,20349574,2482658941.4700
2025-07-10,111.4029107100,112.8296190600,113.1057561600,111.2832513000,16271646,1983620003.9000
2025-07-11,112.8204144900,114.4128051000,115.0387158600,112.4982545400,28718907,3562808114.2200
2025-07-14,114.4680325200,115.4345123700,115.5541717800,113.5843938000,21913998,2734366850.9100
2025-07-15,114.8914427400,115.0571250000,115.5357626400,114.4312142400,19332839,2415360199.9200
2025-07-16,114.6889422000,115.3148529600,115.8671271600,114.6889422000,17869945,2237883046.0300
2025-07-17,115.3148529600,115.8118997400,116.0788322700,114.9374655900,17299880,2171582212.2900
2025-07-18,116.0290713600,116.8788936600,117.7003885500,115.0659394200,21020856,2597764485.2800
2025-07-21,116.8788936600,115.7269123200,116.8883361300,115.4341957500,18778433,2304021397.0800
2025-07-22,115.7269123200,118.5313259100,118.8712548300,115.7269123200,30377165,3784887029.5500
2025-07-23,118.6918479000,118.2197244000,119.8060593600,118.1536271100,22906716,2887980079.3200
2025-07-24,118.1725120500,118.5502108500,118.7485027200,117.5587515000,15601222,1955643592.4300
2025-07-25,118.5502108500,116.6522743800,118.5974232000,116.5861770900,18400674,2284994445.3700
2025-07-28,116.6333894400,117.1432828200,117.2471499900,115.1981340000,17851106,2196293738.3800
2025-07-29,116.6145045000,116.6333894400,117.0771855300,115.3869834000,18515092,2276717869.4500
2025-07-30,116.6711593200,117.5776364400,118.1725120500,116.4067701600,22412427,2789922636.3600
2025-07-31,117.1055129400,114.3955240500,117.1810527000,114.1122499500,30468735,3717607979.0800
2025-08-01,114.3860815800,114.2538870000,114.8393201400,113.6778963300,12322595,1491109254.9100
2025-08-04,113.9045156100,114.1783472400,114.4710638100,113.7345511500,8593314,1038364797.9000
2025-08-05,114.2066746500,115.1509216500,115.4058683400,114.2066746500,13944554,1698256512.4100
2025-08-06,115.1698065900,115.3492135200,115.6702575000,114.7165680300,11968359,1460865583.1700
2025-08-07,115.3208861100,115.7174698500,116.2745755800,115.1509216500,11570286,1419842885.3400
2025-08-08,115.7174698500,115.4058683400,116.0290713600,115.1603641200,8242559,1008572356.4400
2025-08-11,115.3397710500,117.0299731800,117.4171144500,115.3020011700,18266039,2257903784.2000
2025-08-12,116.9922033000,116.3217879300,118.3424765100,116.1518234700,21137375,2625229653.6300
2025-08-13,116.1518234700,116.3217879300,116.5861770900,115.6891424400,15582285,1916294685.5200
2025-08-14,116.3123454600,115.9913014800,117.8892379500,115.9252041900,19906336,2461442361.7000
2025-08-15,115.7080273800,116.2368057000,116.4256551000,115.1037093000,19394317,2376497642.3600
2025-08-18,116.2368057000,116.8505662500,117.7098310200,115.9629740700,25530142,3163846038.2800
2025-08-19,116.8694511900,117.4737692700,118.7390602500,116.8694511900,32724162,4087820977.6200
2025-08-20,117.4832117400,118.7673876600,119.4472455000,116.4728674500,40431044,5083056590.9800
2025-08-21,118.7862726000,118.4557861500,119.0978741100,117.8986804200,23189477,2908492490.9800
2025-08-22,118.4557861500,118.7768301300,118.8051575400,117.9836626500,20484997,2567683361.0900
2025-08-25,119.1450864600,122.6860127100,122.8370922300,119.1450864600,47980003,6165955080.5000
2025-08-26,122.6860127100,122.5066057800,124.4989669500,121.4773765500,34979445,4552425052.8900
2025-08-27,122.2799865000,119.5605551400,122.2799865000,119.5416702000,34684706,4441325743.6300
2025-08-28,119.5511126700,118.4746710900,120.1082184000,117.0866280000,34583488,4340085829.4800
2025-08-29,119.1450864600,122.3083139100,122.5632606000,119.0884316400,43525090,5610236643.1900
2025-09-01,122.7521100000,121.6851108900,122.8465347000,120.4103774400,31694195,4074402940.8300
2025-09-02,121.2507572700,121.3923943200,123.8096666400,120.9674831700,34916169,4522779364.7100
2025-09-03,121.8078630000,119.5605551400,124.1684805000,119.3433783300,30286319,3883434402.0100
2025-09-04,119.2583961000,118.5124409700,119.4472455000,117.7759283100,26187312,3286629624.8400
2025-09-05,118.4085738000,119.7399620700,119.9382539400,117.8420256000,20173355,2537085184.5400
2025-09-08,119.6360949000,121.8928452300,121.9495000500,119.2206262200,30536352,3923785754.0000
2025-09-09,121.8834027600,121.6190136000,122.1666768600,120.4670322600,18440608,2368186108.2400
2025-09-10,121.6190136000,120.9202708200,122.2611015600,120.5425720200,19964491,2565580225.4200
2025-09-11,120.3159527400,121.3546244400,121.3735093800,119.7305196000,22997326,2932816233.1200
2025-09-12,121.3357395000,120.0987759300,122.4405084900,120.0326786400,26270390,3359522973.5000
2025-09-15,119.5416702000,119.5888825500,120.0137937000,119.0223343500,16656948,2109473460.3100
2025-09-16,119.5888825500,118.7862726000,119.7777319500,118.4085738000,19108652,2405374663.4800
2025-09-17,118.7957150700,118.9373521200,119.2867235100,117.8609105400,18133640,2276167359.8000
2025-09-18,118.9279096500,117.0299731800,118.9373521200,116.6428319100,27547752,3434002462.5900
2025-09-19,117.0205307100,117.1621677600,117.6531762000,115.9535316000,19668801,2431126955.6200
2025-09-22,116.7089292000,115.6702575000,116.8033539000,115.3680984600,19643327,2412049778.9300
2025-09-23,115.2075764700,115.3775409300,116.3878852200,114.7826653200,17207909,2101237748.8800
2025-09-24,115.3775409300,115.5475053900,116.0007439500,115.0092846000,13056429,1597546878.6800
2025-09-25,115.5758328000,114.7448954400,115.8213370200,114.7354529700,19455497,2371492766.5800
2025-09-26,114.7448954400,113.4701619900,114.8865324900,113.3285249400,26192542,3154953964.4000
2025-09-29,113.5551442200,115.1225942400,115.7363547900,113.1113481300,25635752,3105049103.7400
2025-09-30,114.6693556800,114.7071255600,115.0376120100,114.1311348900,15457057,1875945187.3000
2025-10-09,114.6693556800,114.4049665200,114.6693556800,113.2057728300,20375652,2455273213.2200
2025-10-10,114.3860815800,113.9989403100,115.3114436400,113.9234005500,17535995,2126979085.4200
2025-10-13,112.9791535500,113.1680029500,113.6873388000,112.5920122800,19583470,2345294275.7800
2025-10-14,113.8478607900,115.2642312900,115.7363547900,113.3285249400,29165582,3543893434.1600
2025-10-15,114.5749309800,115.2642312900,115.8118945500,114.3105418200,19459557,2371853782.7600
2025-10-16,114.9620722500,115.8968767800,115.9063192500,114.7260105000,19847810,2427170002.3700
2025-10-17,115.1981340000,114.3199842900,116.1046111200,114.3105418200,18040798,2197211376.1900
2025-10-20,114.5843734500,113.7439936200,114.7732228500,113.4040647000,13164496,1589202775.0800
2025-10-21,114.0461526600,113.8006484400,114.7260105000,113.6401264500,14729356,1780274210.5100
2025-10-22,113.3096400000,113.4040647000,114.0367101900,113.2152153000,12782668,1536553799.6500
2025-10-23,113.3096400000,114.5654885100,114.6787981500,113.2718701200,15571808,1879432996.4800
2025-10-24,114.2255595900,113.5834716300,114.5182761600,113.4040647000,17432200,2099912710.8300
2025-10-27,113.3568523500,113.5834716300,113.8289758500,113.1963303600,14394337,1729967256.5900
2025-10-28,113.5834716300,113.4040647000,113.9611704300,113.3190824700,14019459,1686492047.7100
2025-10-29,113.1774454200,112.2048710100,113.2624276500,111.6194378700,24508270,2910549079.7500
2025-10-30,111.4305884700,111.8649420900,112.8847288500,111.4211460000,20432985,2423170733.8600
2025-10-31,108.9661038000,112.3559505300,112.9697110800,108.9661038000,42107702,4986642236.8800
2025-11-03,111.8932695000,112.3465080600,112.9319412000,110.9490225000,22327034,2646147017.8300
2025-11-04,112.1576586600,110.6279785200,112.3559505300,110.4863414700,17273363,2034069113.2600
2025-11-05,109.8631384500,109.7026164600,110.4768990000,109.5326520000,16463035,1915561293.4900
2025-11-06,110.0142179700,109.6931739900,110.7601731000,109.5893068200,15467307,1803321901.6300
2025-11-07,109.6931739900,110.2408372500,110.4674565300,109.4854396500,14543557,1694831993.2000
2025-11-10,110.2408372500,114.0650376000,114.8015502600,110.0425453800,42906459,5132402568.9600
2025-11-11,113.5457017500,114.0461526600,114.2255595900,112.5542424000,22926794,2754670109.7400
2025-11-12,114.0555951300,113.6684538600,115.6702575000,113.6401264500,22254439,2700551156.5600
2025-11-13,113.3096400000,114.4427364000,114.5088336900,112.9602686100,16002293,1928439961.0700
2025-11-14,113.9517279600,113.5079318700,115.1886915300,113.4890469300,13924365,1683294872.0500
2025-11-17,113.3285249400,113.4512770500,113.8100909100,112.3748354700,11738778,1406740311.9000
2025-11-18,113.3096400000,113.6495689200,114.9620722500,113.0830207200,14766867,1784778981.6600
2025-11-19,113.6117990400,113.2057728300,113.7723210300,113.0263659000,9514962,1142098879.0500
2025-11-20,113.1963303600,113.5457017500,114.8582050800,112.9319412000,15825845,1909518433.0600
2025-11-21,113.4135071700,113.0074809600,114.6410282700,112.7525342700,20507164,2468277643.7900
2025-11-24,113.0735782500,111.9121544400,113.7439936200,111.8932695000,17301096,2066246185.8700
2025-11-25,111.9121544400,111.9027119700,112.2804107700,111.2606240100,14660888,1735233690.3700
2025-11-26,111.9121544400,111.6666502200,112.6392246300,111.4211460000,9169759,1085069921.1400
2025-11-27,111.7044201000,111.3644911800,111.8838270300,111.1378719000,9215651,1087246956.0900
2025-11-28,111.3267213000,111.2795089500,111.3644911800,110.8073854500,8029619,945107391.4300
2025-12-01,111.2322966000,111.0906595500,112.0065791400,110.5713237000,12091201,1422932700.0500
2025-12-02,111.0434472000,110.0708727900,111.2039691900,110.0047755000,12492841,1461213467.3300
2025-12-03,110.2125098400,109.1549532000,110.5241113500,109.0605285000,16587100,1923087546.3100
2025-12-04,109.1643956700,108.0690691500,109.2965902500,107.7574676400,16929153,1940544885.1100
2025-12-05,108.0879540900,108.5506351200,108.9377763900,107.8424498700,11768183,1351054927.1400
2025-12-08,108.4467679500,106.9548576900,108.7111571100,106.7943357000,27697874,3157374146.6800
2025-12-09,106.6999110000,104.6981073600,106.7754507600,104.3392935000,30431037,3390789037.3300
2025-12-10,104.3392935000,105.3968501400,105.5196022500,103.4044889700,17869587,1984146057.7300
2025-12-11,105.7556640000,105.6612393000,106.4449643100,105.5479296600,15788422,1772255901.7600
2025-12-12,106.0389381000,105.3779652000,107.3608839000,105.3779652000,25702210,2889348466.8700
2025-12-15,106.0389381000,106.1805751500,106.9454152200,105.8028763500,21568629,2429077630.4500
2025-12-16,105.7556640000,106.6999110000,106.7848932300,105.4346200200,14506767,1631458612.1400
2025-12-17,106.6999110000,107.0776098000,107.4080962500,105.8500887000,15314001,1732389485.7400
2025-12-18,107.0776086000,106.7007789000,107.4061268000,106.6041559000,12462850,1379153249.9500
2025-12-19,106.9133495000,106.7974019000,107.1355824000,106.3239492000,13818718,1526045351.1200
2025-12-22,106.7780773000,106.6041559000,107.0582840000,106.4012476000,10846497,1197376767.1700
2025-12-23,106.4109099000,106.0147556000,106.7007789000,105.6379259000,11354023,1248444947.7600
2025-12-24,105.8021850000,105.5896144000,105.8891457000,105.1064994000,11790469,1286401443.8900
2025-12-25,105.5896144000,106.8650380000,106.9616610000,105.5123160000,12570809,1385101983.3900
2025-12-26,106.3819230000,106.0727294000,106.7587527000,105.7442112000,11475889,1261539559.5600
2025-12-29,105.7442112000,104.4108138000,105.8988080000,104.3528400000,19545251,2119598415.7500
2025-12-30,104.2562170000,103.7344528000,104.3431777000,103.4059346000,15847027,1700875913.9400
2025-12-31,103.5701937000,102.3624062000,103.6281675000,102.0435503000,20867682,2214652657.6700
2026-01-05,102.3237570000,104.2562170000,104.5364237000,102.1305110000,22266864,2390973424.4700
2026-01-06,104.2755416000,104.5170991000,104.7683189000,103.3093116000,18623239,2006335249.8200
2026-01-07,104.5267614000,103.8890496000,104.6813582000,103.7731020000,12309189,1326159416.4500
2026-01-08,103.7537774000,103.2899870000,103.7537774000,103.0580918000,12912133,1379204588.9200
2026-01-09,103.4349215000,103.5218822000,104.8842665000,103.2706624000,16074962,1727812911.2500
2026-01-12,103.5315445000,104.8842665000,105.1741355000,103.5122199000,23335607,2526732763.8400
2026-01-13,105.3094077000,104.3528400000,105.5316406000,104.1789186000,19737379,2140822642.5700
2026-01-14,104.2368924000,103.4252592000,105.1644732000,103.0774164000,22560863,2430589610.2400
2026-01-15,103.0967410000,102.5073407000,103.5991806000,102.4397046000,16292886,1733698629.3300
2026-01-16,102.6619375000,101.6087468000,102.8165343000,101.5024615000,19870993,2096582183.8900
2026-01-19,101.4444877000,101.0193465000,101.8213174000,100.8164382000,18229885,1908481790.7900
2026-01-20,100.9710350000,101.3671893000,101.9082781000,100.7777890000,17281662,1813980704.7900
2026-01-21,101.0869826000,99.5700015000,101.1642810000,99.5216900000,26228280,2711884886.1800
2026-01-22,99.5893261000,99.2897948000,100.2173756000,99.1448603000,18691474,1926511774.1700
2026-01-23,99.3284440000,99.5120277000,100.2077133000,99.2318210000,21455918,2214166356.9300
2026-01-26,99.4830408000,98.8839782000,100.0048050000,97.6472038000,31296115,3203042467.4800
2026-01-27,98.6714076000,97.6085546000,98.8743159000,97.6085546000,22528720,2283721967.5200
2026-01-28,97.6182169000,97.2993610000,98.4105255000,97.2317249000,26676739,2696600350.8900
2026-01-29,97.2993610000,107.0292971000,107.0292971000,97.1061150000,98660393,10450873885.5200
2026-01-30,107.0292971000,101.4541500000,107.0389594000,101.4541500000,66817118,7156298338.7900
2026-02-02,101.5314484000,103.6668167000,107.0196348000,101.5314484000,53197704,5754087576.6400
2026-02-03,103.4639084000,103.6571544000,105.1064994000,103.0001180000,33164323,3556634123.2400
2026-02-04,102.9034950000,104.8552796000,105.7152243000,102.6909244000,37891682,4088740226.4800
2026-02-05,104.2562170000,105.2127847000,106.8167265000,104.0243218000,37284641,4071834696.1000
2026-02-06,105.2224470000,103.3866100000,106.0244179000,103.2030263000,27652192,2975510011.6800
2026-02-09,103.1933640000,103.7344528000,104.0533087000,102.8745081000,20889162,2237802124.0300
2026-02-10,103.5605314000,102.9034950000,103.5605314000,102.2174717000,18504047,1967153218.0000
2026-02-11,102.7199113000,102.4590292000,103.0484295000,102.2754455000,11499591,1219688887.8500
2026-02-12,102.3237570000,101.0869826000,102.5266653000,100.8744120000,18172982,1906604083.3400
2026-02-13,101.1642810000,102.4783538000,103.2706624000,100.6521791000,24123984,2557578441.1500
2026-02-24,104.5267614000,101.6087468000,105.5026537000,101.4541500000,21014361,2233159175.1100
2026-02-25,101.4541500000,101.6184091000,102.5266653000,101.3285401000,16152900,1703140852.6300
2026-02-26,101.4541500000,100.3719724000,101.7730059000,100.1014280000,19232479,2004360013.4400
2026-02-27,100.3719724000,100.5362315000,101.0193465000,100.3719724000,11918816,1242973438.5000
2026-03-02,99.5216900000,99.7342606000,101.0676580000,98.8839782000,20406363,2106133136.0700
2026-03-03,99.5313523000,99.0868865000,100.8550874000,98.4588370000,23059451,2370559086.7400
2026-03-04,98.5554600000,97.6085546000,98.5651223000,97.3476725000,18301822,1850959672.3100
2026-03-05,98.1882926000,98.0240335000,98.5264731000,97.7341645000,10052078,1020367656.2000
2026-03-06,97.9177482000,98.9419520000,99.0289127000,97.6375415000,11291640,1150357291.8900
2026-03-09,97.8984236000,98.0916696000,99.1351980000,97.8501121000,17778084,1811068890.6700
2026-03-10,98.4395124000,98.6037715000,98.9322897000,98.3235648000,11169430,1139370871.5200
2026-03-11,98.6037715000,98.7293814000,98.8936405000,98.1593057000,10780126,1099529974.1900
2026-03-12,98.5554600000,98.8163421000,99.2608079000,98.1689680000,11661418,1189182247.4000
2026-03-13,98.6134338000,99.4733785000,100.1594018000,98.4105255000,15318710,1577733442.9500
2026-03-16,99.3284440000,101.0096842000,101.7536813000,99.2318210000,20304875,2119088706.0000
2026-03-17,101.0096842000,101.2512417000,102.2464586000,100.4879200000,17770249,1867733131.7500
2026-03-18,101.2512417000,100.2173756000,101.4444877000,99.9081820000,11720905,1217253899.6600
2026-03-19,99.5313523000,99.0675619000,99.9178443000,99.0482373000,11437347,1176973860.4800
2026-03-20,99.0675619000,98.9419520000,99.6956114000,98.4588370000,10286504,1053023021.8400
2026-03-23,97.9757220000,96.8452329000,98.3428894000,96.6616492000,20518979,2064661956.2600
2026-03-24,97.4732824000,97.9177482000,98.0336958000,96.6616492000,11750754,1184095484.1900
2026-03-25,97.9274105000,98.9902635000,99.1158734000,97.4732824000,10858964,1107451812.5200
2026-03-26,98.7487060000,97.8597744000,99.4154047000,97.8597744000,9592448,977853749.3100
2026-03-27,97.1061150000,99.1835095000,99.4057424000,97.0191543000,10295755,1052956367.6500
2026-03-30,98.5457977000,99.9661558000,100.3912970000,98.3622140000,12490697,1286843153.0300
2026-03-31,101.4541500000,99.7825721000,102.2271340000,99.7825721000,17834771,1865043694.1200
2026-04-01,100.4589331000,100.8647497000,101.6280714000,99.8985197000,12266665,1279526789.0800
2026-04-02,100.4879200000,101.4541500000,101.7053698000,100.3719724000,15178337,1589237202.1300
2026-04-03,101.4251631000,99.9951427000,101.4251631000,99.8018967000,8308861,864181133.4200
2026-04-07,99.9081820000,99.6279753000,100.3912970000,98.8936405000,8154794,839975542.8600
2026-04-08,100.3912970000,100.6715037000,100.6811660000,100.0144673000,9774007,1016515697.7600
2026-04-09,99.8888574000,99.1351980000,100.1883887000,99.0385750000,9846158,1012935759.7800
2026-04-10,99.1448603000,98.6230961000,99.4733785000,98.5554600000,12242404,1253630005.4400
2026-04-13,98.2076172000,98.9612766000,98.9902635000,97.6665284000,12263434,1247104400.5200
2026-04-14,98.9612766000,99.6183130000,99.9081820000,98.4395124000,12069637,1238173621.1900
2026-04-15,99.4250670000,100.0531165000,100.4782577000,99.2124964000,11571256,1196292314.2700
2026-04-16,100.0048050000,99.9468312000,100.4879200000,99.7342606000,9016632,934168917.9400
2026-04-17,98.0723450000,98.4201878000,98.7970175000,97.7824760000,16743174,1704502562.2500
2026-04-20,98.3815386000,97.9274105000,98.5071485000,97.6375415000,11696080,1186004538.2300
2026-04-21,97.8790990000,97.7631514000,98.3815386000,97.5892300000,10828096,1095969167.4700
2026-04-22,97.5892300000,97.2413872000,97.6665284000,97.0674658000,14438261,1452833704.7500
2026-04-23,97.2413872000,97.7631514000,98.8453290000,97.1640888000,17402318,1764308584.5400
2026-04-24,97.2510495000,97.8501121000,98.4781616000,96.9128690000,13453338,1361341944.7400
2026-04-27,97.1061150000,96.8162460000,97.1351019000,96.6713115000,19104782,1913778919.4600
2026-04-28,96.7002984000,96.8162460000,96.9032067000,96.5263770000,12341464,1234366126.3200
2026-04-29,94.5745924000,95.0190582000,95.2509534000,93.7629592000,33863533,3316572049.3600
2026-04-30,94.4393202000,93.8016084000,94.6422285000,93.7243100000,24820895,2413614788.6900
2026-05-06,87.7143594000,89.1443798000,91.3087350000,87.0573230000,87159923,7989429629.2300
2026-05-07,89.3086389000,89.4728980000,90.6806855000,89.3086389000,53627788,4986385438.0400
2026-05-08,89.4728980000,89.0187699000,89.6661440000,88.5646418000,25964091,2396026817.6700
2026-05-11,88.9221469000,88.7095763000,89.1733667000,88.2844351000,26932456,2469941064.2800
2026-05-12,88.6999140000,87.5017888000,88.8255239000,87.4438150000,37297423,3387693471.8700
2026-05-13,87.5114511000,86.1394045000,87.7626709000,85.7432502000,46720129,4173652012.8600
2026-05-14,85.8108863000,85.9848077000,88.1974744000,84.8156694000,50314824,4478188840.7000
2026-05-15,85.0282400000,83.9364001000,85.1055384000,83.6948426000,36117869,3145651221.4700
2026-05-18,83.7238295000,82.6803011000,83.7238295000,82.3227960000,39363075,3374154020.1100
2026-05-19,82.9025340000,82.8832094000,84.3035675000,82.5257043000,30494149,2630415263.7000
2026-05-20,82.3324583000,82.5836781000,83.1537538000,81.6850842000,30461662,2599236030.5200
2026-05-21,82.6223273000,82.4677305000,84.2552560000,82.3517829000,32663033,2812401965.4100
2026-05-22,82.6899634000,81.1923069000,82.7092880000,81.1923069000,26037090,2196206565.9800
2026-05-25,80.8058149000,81.2985922000,82.1198877000,80.2164146000,29202467,2456799767.1900
2026-05-26,80.9121002000,80.5449328000,81.7333957000,80.0811424000,27730383,2315776876.6300
2026-05-27,80.1970900000,81.0570347000,83.3373375000,78.9409910000,60380066,5045124428.9300
2026-05-28,79.7719488000,78.7380827000,80.0328309000,78.5544990000,36237862,2969342510.0000
2026-05-29,78.2549677000,82.0232647000,82.6996257000,78.1486824000,60110125,5028433894.5200
2026-06-01,81.1150085000,80.5932443000,81.1150085000,80.0328309000,27998720,2332216891.6600
2026-06-02,80.5642574000,79.9168833000,81.1439954000,79.6366766000,23817861,1977315316.3800
2026-06-03,79.8105980000,79.5690405000,80.1681031000,78.8636926000,21154363,1737250496.6000
2026-06-04,79.5690405000,78.3612530000,79.9941817000,78.3612530000,20421067,1668519853.9600
2026-06-05,78.7477450000,78.3419284000,79.6366766000,78.2936169000,21936442,1789684296.8000
2026-06-08,78.2742923000,77.2597508000,78.9313287000,76.8732588000,27525203,2207910676.4000
2026-06-09,77.2017770000,76.4384553000,77.2984000000,76.2162224000,21841173,1731012016.8600
2026-06-10,76.3611569000,76.4674422000,77.0568425000,75.9456780000,23072564,1830058907.7500
2026-06-11,76.1195994000,77.0954917000,77.2790754000,75.0277595000,37819589,2978558092.5600
2026-06-12,76.7089997000,77.2211016000,78.1873316000,76.5350783000,35834421,2870646294.7100
2026-06-15,77.2597508000,76.9408949000,77.5689444000,76.4287930000,24061117,1916505151.8700
2026-06-16,76.7089997000,75.6847959000,76.8152850000,75.5108745000,21756586,1708709321.7400
2026-06-17,75.6558090000,74.8731627000,76.0423010000,74.6412675000,22258774,1727945965.3500
2026-06-18,74.6702544000,73.2885455000,74.7475528000,73.2885455000,32684306,2499475187.4100
2026-06-22,72.9503650000,73.9649065000,74.8248512000,72.2643417000,35627629,2704470458.2300
2026-06-23,73.5784145000,72.2353548000,75.6751336000,71.8585251000,46610269,3550233244.4000
2026-06-24,72.0227842000,70.8246590000,72.9020535000,70.8053344000,30007758,2218704130.1200
2026-06-25,70.5831015000,72.4672500000,73.1242864000,70.4381670000,49143223,3656493221.5400
2026-06-26,72.3706270000,70.6990491000,73.1629356000,70.6603999000,32352113,2397332872.7000
2026-06-29,70.5637769000,71.5010200000,72.7571190000,69.3270025000,42712167,3149108201.3500
2026-06-30,71.0179050000,71.5010200000,72.3899516000,69.9937012000,36265269,2662167644.8300
2026-07-01,71.3754101000,72.0034596000,72.3513024000,70.1289734000,38076059,2817061597.8000
2026-07-02,72.4092762000,71.0179050000,72.8923912000,70.8633082000,35020556,2591988291.9800
2026-07-03,71.1531772000,70.7376983000,72.1870433000,70.1482980000,33825035,2488093356.9900
2026-07-06,70.4478293000,71.2691248000,72.0517711000,70.1869472000,34584259,2548673274.8400
2026-07-07,71.1048657000,69.2980156000,71.1145280000,69.2593664000,35673127,2580655043.2300
2026-07-08,69.2786910000,69.0661204000,69.8294421000,68.8149006000,23207769,1663105717.2900
2026-07-09,68.6023300000,68.5057070000,69.0854450000,68.1385396000,24192142,1713141688.8500
2026-07-10,68.7086153000,71.2014887000,71.8005513000,68.3027987000,55965462,4085872492.7900
2026-07-13,70.5927638000,70.3608686000,70.9695935000,69.7134945000,30602266,2224717872.5500
2026-07-14,70.0613373000,70.9212820000,71.0082427000,69.9357274000,28356827,2068769750.0500
2026-07-15,69.9937012000,73.8199720000,73.8876081000,69.5782223000,63734909,4805702853.5600
2026-07-16,73.3300000000,73.9000000000,74.5900000000,72.6000000000,48892065,3599045958.6700
2026-07-17,74.6000000000,72.7600000000,75.0600000000,72.3500000000,42739876,3130971198.3000
2026-07-20,72.8000000000,76.2400000000,76.3000000000,72.8000000000,64758611,4885488077.7800
2026-07-21,76.0000000000,74.3800000000,76.7600000000,74.1400000000,63378265,4759421669.2100
2026-07-22,73.6200000000,74.7500000000,74.8000000000,73.1300000000,40782282,3020174420.1300
2026-07-23,74.0000000000,74.8400000000,74.9500000000,73.3200000000,37032085,2746776997.1600
2026-07-24,74.6000000000,73.5700000000,75.3000000000,73.4700000000,31139902,2315849376.7600
2026-07-27,73.6600000000,73.9000000000,74.4600000000,73.5100000000,20333141,1502725286.2000
2026-07-28,73.9000000000,74.8000000000,75.1600000000,73.4200000000,31481451,2342923235.5400
2026-07-29,74.9200000000,75.1700000000,75.8600000000,74.6900000000,40741683,3070589175.9100
2026-07-30,75.1000000000,78.5600000000,78.8400000000,75.0100000000,72903867,5681290332.1200
2026-07-31,76.9900000000,78.0000000000,78.6800000000,76.5900000000,49786045,3882961624.9400
