date,open,close,high,low,volume,amount
2020-01-02,34.0187573700,34.4414116800,34.9328701800,34.0187573700,48843804,1713274183.9000
2020-01-03,34.3627783200,34.0679032200,34.6871409300,33.8418323100,44019437,1531343100.7200
2020-01-06,33.7140531000,36.0927122400,36.9871667100,33.6255905700,124336428,4546572811.3700
2020-01-07,36.0828830700,36.1221997500,36.1910039400,35.5914245700,49733045,1816298067.1600
2020-01-08,35.8273246500,35.4341578500,36.0337372200,35.4144995100,47125351,1709205340.7500
2020-01-09,35.9551038600,35.9157871800,36.2106622800,35.6209120800,46484015,1698261946.1200
2020-01-10,35.8273246500,35.6405704200,36.4760498700,35.3948411700,39585945,1446077463.7200
2020-01-13,35.7290329500,36.3580998300,36.6431457600,35.5815954000,50102186,1846205642.1200
2020-01-14,36.4662207000,35.7781788000,36.5448540600,35.7290329500,37473692,1371788078.7300
2020-01-15,35.6897162700,35.6602287600,36.0730539000,35.1884286000,34319862,1240427491.1200
2020-01-16,35.6602287600,35.6995454400,36.1320289200,35.5324495500,32834088,1196855409.8200
2020-01-17,35.8862996700,35.3456953200,35.9354455200,35.2474036200,31248738,1130456932.5700
2020-01-20,35.3850120000,35.9944205400,36.1025414100,35.0115035400,41308943,1502080992.8900
2020-01-21,35.9452746900,35.4144995100,36.3187831500,35.3653536600,34975462,1270504619.2400
2020-01-22,35.2474036200,36.2303206200,36.3482706600,35.1392827500,50916222,1862660437.9400
2020-01-23,35.7388621200,34.5888492300,35.9747622000,33.8123448000,64969974,2312794863.0400
2020-02-03,31.1289813900,31.4041981500,33.0751570500,31.1289813900,96516579,3127358382.1500
2020-02-04,31.9939483500,34.5495325500,34.5495325500,31.9448025000,106696515,3674946269.3400
2020-02-05,35.3751828300,37.5376002300,38.0094003900,34.5986784000,159254243,5987569732.0100
2020-02-06,37.6653794400,38.6286381000,38.6974422900,37.1542626000,130991689,5081874374.1200
2020-02-07,38.2158129600,38.1961546200,39.1200966000,37.4491377000,107461310,4183592782.2400
2020-02-10,38.4418838700,38.3534213400,39.0218049000,37.4491377000,84304345,3281871852.8800
2020-02-11,38.7269298000,37.1837501100,39.0021465600,37.0461417300,83444074,3193150986.2600
2020-02-12,37.2328959600,38.6286381000,38.6777839500,36.9576792000,104569399,4054918335.2700
2020-02-13,38.4320547000,37.7636711400,38.8252215000,37.5474294000,74657952,2885889011.3500
2020-02-14,37.5474294000,37.7046961200,38.4713713800,37.3999918500,62518707,2409471368.5300
2020-02-17,37.7046961200,38.8645381800,38.9824882200,37.6457211000,94927024,3718514224.3400
2020-02-18,39.0316340700,39.3658258500,39.8277968400,38.4615422100,97061812,3862633425.4200
2020-02-19,39.0316340700,37.9995712200,39.0316340700,37.9602545400,84477867,3300201456.3900
2020-02-20,38.2158129600,38.3435921700,38.5991505900,37.4982835500,61613714,2393525706.7600
2020-02-21,38.3829088500,40.6337887800,41.4987557400,38.3829088500,143469143,5899911958.5300
2020-02-24,41.2726848300,41.6756808000,42.4521852300,40.6436179500,115410150,4899672442.9100
2020-02-25,40.7222513100,41.2825140000,41.4102932100,39.0611215800,117799191,4859846718.3200
2020-02-26,40.2995970000,39.1004382600,40.4863512300,38.7269298000,91676891,3706319345.1300
2020-02-27,39.2773633200,40.2897678300,41.1154181100,38.4812005500,91107585,3705661294.6100
2020-02-28,38.7171006300,37.9307670300,39.7295051400,37.8423045000,89772145,3534285427.5800
2020-03-02,39.1692424500,40.0833552600,40.5158387400,38.4517130400,87231419,3511965315.8900
2020-03-03,40.9876389000,43.0517646000,44.0936566200,40.5551554200,189305067,8292350125.5800
2020-03-04,42.5406477600,42.5209894200,43.6808314800,41.1645639600,125571756,5437591389.9500
2020-03-05,43.7398065000,42.0688476000,43.9167315600,41.2628556600,103100170,4448259503.6200
2020-03-06,41.1645639600,41.1350764500,41.9214100500,40.7419096500,68072673,2850403841.8700
2020-03-09,39.9260885400,39.0709507500,40.4666928900,38.8841965200,80778644,3255512605.6500
2020-03-10,38.7072714600,40.4765220600,40.4961804000,38.5303464000,78228464,3153919773.6400
2020-03-11,40.6829346300,39.2183883000,41.0367847500,39.1004382600,64942009,2636262939.7300
2020-03-12,38.3337630000,37.7833294800,38.4123963600,37.2525543000,67796090,2609873813.4500
2020-03-13,35.3850120000,37.6555502700,38.4713713800,35.3850120000,67119089,2521770644.6600
2020-03-16,37.9405962000,35.4833037000,37.9405962000,35.1982577700,65398460,2420893111.5700
2020-03-17,35.9551038600,35.6700579300,36.3384414900,34.1072199000,57674262,2078586839.3300
2020-03-18,35.9551038600,35.0213327100,36.8298999900,34.9525285200,55150654,2022064090.1100
2020-03-19,35.1884286000,35.8862996700,36.1910039400,34.2939741300,56515924,2034234653.0500
2020-03-20,36.3777581700,35.6110829100,36.5645124000,35.2867203000,41705516,1518914866.5100
2020-03-23,34.4020950000,34.1465365800,35.0508202200,33.7238822700,46673415,1632570938.9000
2020-03-24,34.8542368200,34.8738951600,35.0803077300,33.9204656700,39859528,1406401274.8100
2020-03-25,35.6798871000,35.3751828300,35.8469829900,35.0901369000,41981343,1513650758.0000
2020-03-26,34.9918452000,35.1982577700,36.0140788800,34.8935535000,36447680,1315734267.8200
2020-03-27,36.0042497100,35.3751828300,36.1713456000,35.3063786400,47793390,1741129981.5200
2020-03-30,34.7952618000,33.9401240100,34.7952618000,33.4486655100,43104496,1491206031.5300
2020-03-31,34.4020950000,33.8713198200,34.5102158700,33.6550780800,23459599,813872387.2900
2020-04-01,33.8713198200,33.9106365000,34.5003867000,33.5174697000,26292862,912776509.7000
2020-04-02,33.8123448000,34.8542368200,34.8738951600,33.6649072500,33518132,1171623325.3200
2020-04-03,34.7362867800,34.2055116000,34.8345784800,34.0482448800,28206117,985460999.2900
2020-04-07,35.0016743700,35.1687702600,35.3456953200,34.7264576100,41196207,1469417797.5400
2020-04-08,34.8345784800,34.9820160300,35.3260369800,34.7756034600,27155296,967327523.5500
2020-04-09,35.3358661500,36.3089539800,36.4662207000,35.0311618800,60020008,2185782657.7500
2020-04-10,36.4662207000,35.1491119200,36.5153665500,35.0016743700,44355648,1605613364.3600
2020-04-13,34.7952618000,34.3332908100,34.7952618000,34.0875615600,25999032,909749341.6100
2020-04-14,33.5371280400,34.4708991900,34.5003867000,33.5272988700,39953427,1382176033.7300
2020-04-15,34.4217533400,34.1170490700,34.7461159500,34.0285865400,26757901,936677974.4300
2020-04-16,34.0089282000,33.8320031400,34.2251699400,33.6354197400,28581712,984091334.6100
2020-04-17,34.2153407700,34.0384157100,34.5593617200,33.8909781600,32175278,1120220448.4900
2020-04-20,34.1563657500,34.4315825100,34.4610700200,33.9990990300,24572314,857985971.1500
2020-04-21,34.3627783200,33.9499531800,34.3627783200,33.4781530200,27565833,950708020.7400
2020-04-22,33.8123448000,34.6478242500,34.6871409300,33.6255905700,37803211,1321240909.4000
2020-04-23,34.6478242500,34.1170490700,34.6871409300,34.0875615600,24035224,837641373.8400
2020-04-24,34.0187573700,33.1636195800,34.3234616400,33.1439612400,34240581,1169631182.2800
2020-04-27,33.1636195800,32.2396776000,33.2717404500,31.9448025000,44479395,1462934558.9300
2020-04-28,32.2298484300,32.2003609200,32.2396776000,30.3426477900,43933417,1404920378.1000
2020-04-29,31.8465108000,31.7187315900,32.2691651100,31.7089024200,16447157,534669111.2200
2020-04-30,32.0430942000,32.7114777600,32.9277195000,32.0430942000,32566333,1080705857.9100
2020-05-06,32.3281401300,33.2815696200,33.3896904900,32.2200192600,36138844,1210567650.2500
2020-05-07,33.3208863000,33.3208863000,33.7631989500,33.0456695400,28351987,962345280.9600
2020-05-08,33.4781530200,33.6845655900,34.1465365800,33.4781530200,33655696,1158610326.8600
2020-05-11,34.1858532600,33.9499531800,34.2546574500,33.6255905700,29025881,1002118547.7300
2020-05-12,34.0089282000,33.5666155500,34.0285865400,33.1144737300,23320586,794727965.7400
2020-05-13,33.5666155500,33.4683238500,33.5764447200,33.1931070900,17199364,584389591.4100
2020-05-14,33.3307154700,33.3110571300,33.6943947600,33.2913987900,14702163,500046197.1100
2020-05-15,33.3602029800,32.8490861400,33.4584946800,32.5247235300,28685510,960023968.2700
2020-05-18,32.8687444800,32.6525027400,33.2029362600,32.3281401300,26578897,885898779.9300
2020-05-19,33.0456695400,34.0384157100,34.0580740500,32.8982319900,48087913,1653451471.6300
2020-05-20,33.9794406900,33.7042239300,34.3332908100,33.5371280400,31998095,1105099212.5700
2020-05-21,33.9597823500,32.3084817900,34.0384157100,32.2593359400,40589292,1358138916.6500
2020-05-22,32.3281401300,31.8465108000,32.5640402100,31.6597565700,22333479,729592692.7300
2020-05-25,31.8661691400,31.0110313500,31.9742900100,30.7947896100,27959985,888685397.6700
2020-05-26,31.2076147500,31.6499274000,31.6695857400,31.2076147500,19614912,628701459.4900
2020-05-27,31.6990732500,31.1584689000,31.6990732500,31.0110313500,22319253,708397163.0600
2020-05-28,31.4435148300,31.2174439200,31.7089024200,30.8635938000,20406085,648539201.2500
2020-05-29,30.9717146700,31.4041981500,31.6499274000,30.9422271600,19164519,612902695.1000
2020-06-01,31.6499274000,32.3772859800,32.4952360200,31.5811232100,30734174,1005989768.1700
2020-06-02,32.4755776800,32.7114777600,33.0358403700,32.1512150700,30880546,1024432251.8800
2020-06-03,33.6649072500,32.8884028200,33.9597823500,32.7999402900,45061866,1529858755.7900
2020-06-04,32.9572070100,32.7311361000,33.2815696200,32.6328444000,21774129,728413754.8700
2020-06-05,32.7114777600,32.8097694600,33.0751570500,32.4166026600,18114361,602873543.5000
2020-06-08,33.0063528600,33.2225946000,33.4683238500,32.9866945200,23423783,790580245.0000
2020-06-09,33.3700321500,33.0554987100,33.3700321500,32.9277195000,15810730,531923346.0700
2020-06-10,33.2029362600,34.8444076500,35.0606493900,32.9473778400,83120061,2900210046.8400
2020-06-11,34.9918452000,34.2644866200,35.8273246500,34.0384157100,69236213,2458150091.6600
2020-06-12,33.6157614000,34.3038033000,34.8444076500,33.5174697000,48149476,1670028182.7900
2020-06-15,34.2743157900,33.5371280400,34.3824366600,33.5272988700,36138716,1245591792.4200
2020-06-16,33.9106365000,34.4708991900,34.6085075700,33.7435406100,34312259,1192668203.5700
2020-06-17,34.5495325500,34.5003867000,35.0115035400,34.0384157100,32523663,1140940984.8300
2020-06-18,34.4018374000,34.4806954800,34.9341294400,34.3032648000,29224964,1024844840.8800
2020-06-19,34.6384116400,34.7074124600,35.0228447800,34.5102672600,30467000,1074496489.5000
2020-06-22,34.9932730000,35.0228447800,35.3579916200,34.7074124600,38002779,1349650756.4600
2020-06-23,35.0327020400,34.8158423200,35.1707036800,34.5891253400,28591195,1009378223.3000
2020-06-24,35.4072779200,36.0578570800,37.1125839000,35.3875634000,70358311,2592928287.3900
2020-06-29,36.0479998200,35.6734239400,36.8464378800,35.5452795600,41219407,1511462224.8400
2020-06-30,36.4718620000,36.8957241800,37.2012992400,36.2747168000,59520665,2222199366.5000
2020-07-01,37.0928693800,36.6887217200,37.1618702000,36.1564296800,43069888,1600534134.3100
2020-07-02,36.8267233600,37.4575880000,38.1278816800,36.5211483000,58103879,2208321321.9300
2020-07-03,37.4575880000,37.5857323800,37.7040195000,37.0632976000,41364939,1568303261.2800
2020-07-06,38.2461688000,38.8376044000,39.2318948000,37.9504510000,70061595,2744380761.0500
2020-07-07,39.5768989000,39.8233304000,41.9820703400,39.5670416400,90776191,3730191462.9000
2020-07-08,39.8233304000,40.3457651800,40.6513402400,38.9361770000,71429577,2886770166.1300
2020-07-09,40.3457651800,41.7947824000,42.3467889600,40.1289054600,89976791,3766140328.8200
2020-07-10,41.5976372000,40.5429103800,41.7947824000,40.4246232600,68462046,2846024798.2700
2020-07-13,40.4246232600,40.9864870800,41.1737750200,40.2964788800,65368984,2702791999.0500
2020-07-14,41.0062016000,39.3304674000,41.0456306400,38.6798882400,87055702,3506356179.8200
2020-07-15,39.5276126000,38.2461688000,39.8726167000,38.0983099000,56978258,2244128692.1800
2020-07-16,38.2560260600,36.5014337800,38.9263197400,36.2648595400,69374997,2654864649.3100
2020-07-17,36.9647250000,36.7084362400,37.3097291000,36.1367151600,43912347,1635828857.6200
2020-07-20,37.1618702000,37.2308710200,37.2801573200,35.5945658600,57996154,2152779566.2900
2020-07-21,37.3590154000,37.4477307400,37.9504510000,37.0632976000,41731334,1588806410.6500
2020-07-22,37.2604428000,37.4773025200,38.0391663400,37.0632976000,37516717,1432752804.1300
2020-07-23,37.1618702000,36.6985789800,37.4378734800,36.0282853000,42735634,1587013083.3400
2020-07-24,36.4718620000,35.4368497000,37.7828775800,35.1707036800,57686440,2130151499.7500
2020-07-27,35.4959932600,35.4368497000,35.8311401000,34.9045576600,28760685,1031759423.4100
2020-07-28,35.7917110600,35.4861360000,35.9297127000,35.1805609400,23937037,860617309.6200
2020-07-29,35.5058505200,36.6295781600,36.6394354200,35.3481343600,36086778,1323284315.6900
2020-07-30,35.8804264000,35.7128529800,36.2747168000,35.6438521600,40034487,1457402229.4100
2020-07-31,35.7621392800,36.0972861200,36.4718620000,35.6142803800,30698370,1123470800.2200
2020-08-03,36.2747168000,37.2111565000,37.3688726600,36.2747168000,42867051,1607278773.5600
2020-08-04,37.2210137600,36.9351532200,37.3393008800,36.6098636400,28975992,1086106019.0700
2020-08-05,37.3885871800,36.8858669200,37.4477307400,36.6295781600,26713710,999747710.7400
2020-08-06,37.0140113000,38.1475962000,38.5517438600,36.8267233600,70167127,2705796978.3400
2020-08-07,37.7927348400,37.4477307400,38.0785953800,36.6000063800,46238082,1755002778.0300
2020-08-10,37.2604428000,37.5167315600,37.9405937400,36.9745822600,28368806,1080680945.2200
2020-08-11,37.5167315600,36.2451450200,37.7434485400,36.1860014600,34468253,1293741899.7000
2020-08-12,36.2254305000,35.8508546200,36.2254305000,35.0918456000,34451098,1243967638.3300
2020-08-13,36.0677143400,36.0775716000,36.5704346000,35.7818538000,21013230,771523827.7600
2020-08-14,36.1367151600,37.9011647000,38.9361770000,36.0972861200,85992647,3320471825.0200
2020-08-17,37.9011647000,38.4433140000,38.9558915200,37.4083017000,58255847,2259846258.6100
2020-08-18,38.5418866000,38.0293090800,38.6207446800,37.8617356600,32634882,1261748794.3800
2020-08-19,38.4038849600,37.3097291000,38.4038849600,37.1224411600,31270281,1195656894.0500
2020-08-20,37.2604428000,36.8365806200,37.6350186800,36.6788644600,27387465,1030634968.8500
2020-08-21,36.9450104800,38.2954551000,38.5418866000,36.9450104800,61611507,2380208781.3800
2020-08-24,38.2461688000,37.6843049800,38.3743131800,36.7380080200,48941898,1869894535.6900
2020-08-25,37.6547332000,37.5857323800,38.3250268800,37.4674452600,33283873,1276811462.8000
2020-08-26,37.4575880000,36.6000063800,37.9504510000,36.3831466600,38083807,1430263898.4500
2020-08-27,36.6690072000,36.7182935000,36.9548677400,35.9987135200,29610300,1095942565.2700
2020-08-28,36.6591499400,36.9844395200,37.0534403400,36.2352877600,25739307,956678554.5100
2020-08-31,37.4477307400,37.1520129400,38.0884526400,37.1224411600,35049669,1340091554.3800
2020-09-01,37.1520129400,37.8124493600,38.0785953800,37.0140113000,38879323,1488677839.7200
2020-09-02,37.6843049800,37.6251614200,37.8814501800,37.2308710200,28521569,1086570522.4900
2020-09-03,37.5265888200,36.6985789800,37.6054469000,36.6887217200,30880298,1160045118.5600
2020-09-04,36.2648595400,36.4521474800,36.6690072000,35.8607118800,29861931,1098047763.1100
2020-09-07,36.4521474800,35.5354223000,36.6887217200,35.3875634000,27707817,1012719860.5800
2020-09-08,35.5354223000,35.8311401000,35.9395699600,35.3481343600,18424702,666415921.5200
2020-09-09,35.5058505200,34.3722656200,35.5452795600,34.1455486400,35313703,1241469154.5300
2020-09-10,34.6482689000,34.0666905600,34.8651286200,33.8596881000,18867724,659136754.7600
2020-09-11,33.7216864600,34.2046922000,34.3032648000,33.7216864600,13364925,462679208.9600
2020-09-14,34.5891253400,34.5299817800,34.7862705400,34.2145494600,14555475,509859880.6300
2020-09-15,34.5398390400,34.5989826000,34.6876979400,34.2145494600,13029963,456062116.4800
2020-09-16,34.8059850600,34.6482689000,34.8256995800,34.4018374000,12081218,424012613.3700
2020-09-17,34.5989826000,34.5496963000,34.8059850600,34.1159768600,14750991,516542837.1300
2020-09-18,34.5496963000,35.0721310800,35.1411319000,34.5004100000,15792689,558278681.9300
2020-09-21,35.2889908000,35.3087053200,35.8212828400,35.1608464200,19829235,713653079.0200
2020-09-22,35.1904182000,34.4806954800,35.4467069600,34.3525511000,19912311,703899782.7500
2020-09-23,34.5694108200,34.5004100000,34.7271269800,34.3131220600,10126152,354507905.5000
2020-09-24,34.2934075400,33.9582607000,34.3624083600,33.8498308400,12441828,429775668.1700
2020-09-25,34.1356913800,34.0272615200,34.2441212400,33.7906872800,10020110,345458338.4300
2020-09-28,34.0568333000,33.5639703000,34.2934075400,33.5541130400,9959999,342860119.7100
2020-09-29,33.7611155000,33.9976897400,34.2638357600,33.7216864600,11512678,397405919.3900
2020-09-30,34.0174042600,33.7808300200,34.3328365800,33.6822574200,11878375,410188406.4300
2020-10-09,34.3229793200,35.0327020400,35.2298472400,34.3131220600,19851331,703101274.3300
2020-10-12,35.2791335400,35.5945658600,35.7522820200,35.2002754600,23451039,845005069.0400
2020-10-13,35.6832812000,36.1367151600,36.2944313200,35.2199899800,31154873,1133276793.5200
2020-10-14,35.8804264000,35.9099981800,36.1367151600,35.6832812000,19280098,702057406.6900
2020-10-15,35.5649940800,35.3382771000,35.8705691400,35.2594190200,17848435,643263503.4600
2020-10-16,35.2692762800,35.1115601200,35.4762787400,34.8848431400,12482438,445086392.1800
2020-10-19,35.4861360000,34.8454141000,35.5847086000,34.7961278000,13181875,469362183.0800
2020-10-20,34.8454141000,35.0819883400,35.1017028600,34.5201245200,9558268,338727324.3300
2020-10-21,35.0819883400,34.2638357600,35.0918456000,34.0568333000,18049075,629165004.0500
2020-10-22,34.4018374000,34.2441212400,34.5496963000,34.1356913800,9489360,330814324.6000
2020-10-23,34.2441212400,34.2539785000,34.5694108200,34.1652631600,10161610,353770167.3600
2020-10-26,34.2539785000,34.7961278000,35.0918456000,33.9878324800,17524510,618263904.7400
2020-10-27,35.3087053200,35.5452795600,36.2057159800,35.2988480600,36163037,1312905703.2900
2020-10-28,35.6438521600,37.4575880000,37.5463033400,35.6438521600,84857249,3174206921.7500
2020-10-29,37.0731548600,37.5758751200,38.1278816800,36.9450104800,69429178,2652888042.0800
2020-10-30,37.5660178600,37.4970170400,38.5024575600,37.4378734800,67125080,2588187827.0500
2020-11-02,37.8518784000,39.6064706800,39.7247578000,37.8518784000,92063866,3655371094.8700
2020-11-03,39.6261852000,39.6261852000,40.0894764200,39.1431794600,66569869,2679850527.8400
2020-11-04,39.6360424600,39.4684690400,39.9810465600,39.1136076800,48941531,1962492016.8200
2020-11-05,40.4147660000,39.9711893000,40.7991991400,39.5276126000,48057447,1951984531.2300
2020-11-06,40.0303328600,40.5034813400,41.3512057000,39.9317602600,62417773,2572959274.5900
2020-11-09,41.0062016000,41.1047742000,41.6567807600,40.4640523000,57439049,2392407604.3900
2020-11-10,40.6217684600,40.7400555800,41.5680654200,40.0204756000,51044309,2112394621.5900
2020-11-11,41.2132040600,39.4290400000,41.2526331000,39.4093254800,51768629,2100001314.8400
2020-11-12,39.9317602600,43.3719440000,43.3719440000,39.9317602600,104820302,4524739703.0700
2020-11-13,43.7268053600,41.9919276000,44.0323804200,41.4004920000,122578621,5317556972.4600
2020-11-16,42.3467889600,41.5877799400,42.3467889600,40.8090564000,54521702,2288445797.0000
2020-11-17,41.5976372000,40.2669071000,42.1693582800,39.5177553400,66886585,2761872957.2000
2020-11-18,40.4246232600,40.2964788800,40.6611975000,39.7247578000,39986953,1631161646.2000
2020-11-19,40.1190482000,40.3063361400,40.9076290000,39.9317602600,43372362,1776323324.5600
2020-11-20,40.2964788800,40.3359079200,40.8681999600,39.5374698600,36021180,1467621747.3600
2020-11-23,40.3359079200,40.5133386000,40.6316257200,39.8430449200,36897575,1508115392.1500
2020-11-24,40.1486199800,38.3348841400,40.1683345000,37.9800227800,80007212,3127092006.7400
2020-11-25,38.3545986600,37.8518784000,38.7193172800,37.7927348400,39295526,1521080639.8300
2020-11-26,38.0490236000,37.5857323800,38.1081671600,37.1224411600,29127842,1109777654.8400
2020-11-27,37.6941622400,37.7533058000,37.8715929200,37.2505855400,26958134,1027054610.0100
2020-11-30,37.8420211400,37.6744477200,38.3545986600,37.3885871800,37968679,1459503825.0800
2020-12-01,37.6744477200,38.4433140000,38.5320293400,37.6744477200,38716881,1502557372.2500
2020-12-02,38.6108874200,38.3644559200,38.6897455000,38.0884526400,28150170,1095206809.2600
2020-12-03,38.3743131800,38.8080326200,38.8573189200,37.8913074400,32041640,1249443967.3000
2020-12-04,38.6404592000,38.1574534600,38.7883181000,37.8518784000,26919124,1041557027.8800
2020-12-07,38.1574534600,37.9110219600,38.5221720800,37.8617356600,18557744,717800143.1500
2020-12-08,37.8518784000,37.9898800400,38.2954551000,37.7730203200,15054114,580949956.1300
2020-12-09,37.9504510000,37.1717274600,38.1278816800,37.0337258200,24825473,945819001.9400
2020-12-10,36.9351532200,37.4575880000,37.7434485400,36.6295781600,20634212,779965712.6300
2020-12-11,37.4575880000,37.8321638800,38.2855978400,37.2801573200,31217586,1198162740.7200
2020-12-14,37.8223066200,37.7631630600,37.8223066200,36.8858669200,22097806,838701197.9200
2020-12-15,37.7730203200,38.3447414000,38.7390318000,37.7434485400,29161682,1136523397.4300
2020-12-16,38.4433140000,38.2264542800,38.7488890600,37.9800227800,23434374,911983171.2000
2020-12-17,37.9800227800,37.5857323800,38.0194518200,36.9647250000,36999547,1403440020.6400
2020-12-18,37.9307364800,38.2757405800,38.6700309800,37.5660178600,30416846,1177611931.9800
2020-12-21,38.2757405800,39.5177553400,39.7543295800,38.0884526400,51621825,2044602160.8500
2020-12-22,39.3994682200,38.1968825000,39.7346150600,38.1673107200,37389144,1477726237.9900
2020-12-23,38.2954551000,38.5221720800,38.5911729000,37.6744477200,31841461,1231274030.4200
2020-12-24,38.5714583800,38.4137422200,39.3600391800,38.3151696200,30876645,1218182370.3300
2020-12-25,38.1968825000,37.5758751200,38.2264542800,37.0632976000,33723851,1284676927.8600
2020-12-28,37.4575880000,36.3042885800,37.4773025200,36.1071433800,46421619,1724967842.2900
2020-12-29,36.4817192600,36.5310055600,37.0140113000,36.3240031000,22178754,824453404.7500
2020-12-30,36.6690072000,37.2604428000,37.4970170400,36.1761442000,29034553,1091458613.3200
2020-12-31,37.5068743000,40.2866216200,40.8879144800,37.3590154000,100708303,4075045164.5300
2021-01-04,40.8090564000,40.7203410600,40.9076290000,39.9711893000,59521995,2448861648.9200
2021-01-05,40.3359079200,41.9919276000,42.8790810000,40.2274780600,69904902,2975428185.8900
2021-01-06,41.9426413000,41.4497783000,42.5636486800,41.0062016000,49237736,2078025672.8200
2021-01-07,41.4103492600,42.1397865000,42.4552188200,41.2033468000,50599277,2149053295.4800
2021-01-08,42.1989300600,42.4355043000,43.0565116800,41.8834977400,50024660,2153506902.9400
2021-01-11,42.6326495000,42.2679308800,43.8746642600,41.6666380200,61471820,2679163701.0700
2021-01-12,41.7750678800,43.6873763200,43.8450924800,41.1047742000,64272249,2789081069.6800
2021-01-13,44.2492401400,45.7376864000,47.1965608800,44.2492401400,96965011,4507027998.1000
2021-01-14,45.3926823000,44.0126659000,46.2108348800,43.7662344000,66892909,3028462337.6400
2021-01-15,44.0520949400,43.5099456400,44.6041015000,42.5242196400,50459634,2228145563.7600
2021-01-18,43.3620867400,43.3423722200,44.2393828800,42.8297947000,43148005,1905009167.6600
2021-01-19,45.9939751600,46.0334042000,47.6795666200,45.5405412000,154480206,7401535186.6600
2021-01-20,46.3291220000,46.3981228200,47.5021359400,45.7376864000,77349408,3661871785.1000
2021-01-21,46.5065526800,51.0408922800,51.0408922800,46.4868381600,135533972,6802404044.1000
2021-01-22,51.0606068000,51.0901785800,51.5337552800,49.5820178000,92099829,4731897219.8200
2021-01-25,51.4548972000,49.7101621800,53.6530661800,49.6707331400,118136604,6163196607.5200
2021-01-26,49.2665854800,47.9851416800,49.6805904000,47.2951334800,77863100,3812447812.8100
2021-01-27,47.9161408600,48.6061490600,48.8032942600,47.1078455400,50142188,2450494895.3100
2021-01-28,47.3148480000,46.0826905000,47.5218504600,45.7574009200,63688335,3012173446.9200
2021-01-29,46.8219850000,46.0826905000,47.1177028000,45.0181064200,42853026,2006533189.6700
2021-02-01,46.1812631000,47.2064181400,48.2020014000,46.1812631000,52139326,2507377634.2800
2021-02-02,47.5119932000,48.6357208400,48.6751498800,47.4232778600,51055264,2496092603.3200
2021-02-03,48.6258635800,43.7760916600,49.8087347800,43.7760916600,119659218,5608338361.3000
2021-02-04,45.1758225800,44.6533878000,45.6391138000,43.9633796000,88319456,4018215918.9200
2021-02-05,44.9491056000,43.0565116800,45.1166790200,42.6819358000,60603608,2674485360.8500
2021-02-08,43.5395174200,43.6282327600,44.6829595800,42.7805084000,35766260,1586487968.4000
2021-02-09,45.4518258600,47.9949989400,47.9949989400,45.1758225800,58867580,2806267074.3800
2021-02-10,48.9708676800,52.7856273000,52.7954845600,48.4977192000,99911445,5217152007.1100
2021-02-18,53.7220670000,51.6717569200,54.0670711000,51.6717569200,80037263,4284599770.7700
2021-02-19,52.8151990800,50.8634616000,52.9827725000,49.7298767000,60765383,3138259595.0800
2021-02-22,52.2631925200,50.9127479000,53.7614960400,50.8338898200,75039693,3979920706.4300
2021-02-23,50.2720260000,56.0089513200,56.0089513200,49.9763082000,64798614,3585558718.9300
2021-02-24,56.6693877400,50.4790284600,56.9059619800,50.4100276400,145786870,7799165208.6700
2021-02-25,50.0748808000,48.5272909800,50.3705986000,48.1034288000,80502346,4000203789.2300
2021-02-26,47.1965608800,47.5218504600,48.3400030400,46.0136896800,52304413,2501971379.8200
2021-03-01,48.1822868800,48.5962918000,48.7835797400,47.1177028000,43534130,2125264989.0400
2021-03-02,48.3005740000,48.9708676800,50.5480292800,47.8471400400,53765413,2673698461.0800
2021-03-03,48.4977192000,48.7835797400,49.1384411000,47.6401375800,36111086,1777371256.0700
2021-03-04,48.3991466000,46.8219850000,48.3991466000,46.2404066600,46981254,2241808906.6200
2021-03-05,45.9052598200,46.9599866400,47.7485674400,45.5799702400,36555404,1737145688.4400
2021-03-08,47.6697093600,45.3532532600,47.9949989400,45.2546806600,38816318,1836336745.0500
2021-03-09,45.0476782000,45.9545461200,47.6204230600,44.3576700000,53703368,2515656334.1900
2021-03-10,47.1177028000,45.8066872200,47.4725641600,45.3729677800,34334857,1610881214.3100
2021-03-11,46.0629759800,46.3094074800,47.1177028000,45.8461162600,35266227,1662726944.5000
2021-03-12,46.8219850000,48.2217159200,48.5667200200,45.8855453000,54964960,2653740007.4800
2021-03-15,47.6598521000,45.7081146200,47.8569973000,44.9589628600,47795150,2245003852.4200
2021-03-16,46.0136896800,44.5252434200,46.0235469400,43.8648070000,34554241,1569319349.7000
2021-03-17,44.1605248000,44.9195338200,45.7278291400,43.5395174200,29767352,1351902799.2200
2021-03-18,45.1462508000,45.3433960000,45.9545461200,44.7519604000,25614246,1177654042.5200
2021-03-19,44.4562426000,44.0225231600,44.7716749200,43.8155207000,27499935,1235368827.0400
2021-03-22,44.2295256200,46.3192647400,46.9994156800,44.0422376800,40575749,1883755859.8000
2021-03-23,46.2896929600,45.2152516200,46.6248398000,44.8801047800,24932924,1152581589.7600
2021-03-24,45.0476782000,44.2689546600,45.8264017400,44.0422376800,23519574,1066175805.1000
2021-03-25,43.8155207000,44.2886691800,44.8998193000,43.6479472800,22690127,1018830644.0800
2021-03-26,44.5153861600,46.9205576000,47.5218504600,44.4463853400,54932352,2585972125.7400
2021-03-29,47.6302803200,46.8022704800,48.4977192000,46.6445543200,32887488,1581349199.1900
2021-03-30,46.8219850000,47.3049907400,47.8964263400,46.6741261000,26596198,1274981963.2900
2021-03-31,47.1177028000,47.6401375800,47.7978537400,46.5952680200,23059300,1104155487.5500
2021-04-01,47.6105658000,47.8865690800,48.5765772800,47.1571318400,29616519,1439606138.2300
2021-04-02,48.1034288000,47.8964263400,48.7934370000,47.4922786800,28344136,1383331055.2800
2021-04-06,48.0147134600,48.1921441400,48.8722950800,48.0147134600,23177718,1136394294.6700
2021-04-07,48.3991466000,47.3049907400,48.4878619400,46.4178373400,26373131,1259925553.6400
2021-04-08,47.6894238800,46.2896929600,48.6948644000,45.8165444800,41993849,1998872737.5300
2021-04-09,46.3094074800,45.8066872200,46.9797011600,45.7376864000,28612662,1341623207.9400
2021-04-12,46.0334042000,44.5351006800,46.3094074800,44.4266708200,29517463,1349841840.0900
2021-04-13,44.9491056000,44.9491056000,45.5208266800,44.5548152000,21273477,969995525.9800
2021-04-14,45.3236814800,46.8416995200,46.8614140400,45.2448234000,31727297,1487404483.9300
2021-04-15,46.3981228200,45.3138242200,46.7924132200,44.8603902600,27936942,1285936136.8400
2021-04-16,45.3138242200,45.6391138000,45.9545461200,44.6632450600,21273673,981421942.0600
2021-04-19,45.8756880400,47.9358553800,48.0048562000,45.2743951800,47339925,2273202173.9700
2021-04-20,47.8175682600,48.3695748200,50.1438816200,47.7189956600,55882415,2774055508.1600
2021-04-21,48.6948644000,49.5524460200,50.1537388800,48.4188611200,54203544,2720473541.6800
2021-04-22,49.5918750600,49.4834452000,49.8974501200,49.0990120600,32749073,1643063146.6300
2021-04-23,49.6805904000,49.7594484800,50.4100276400,49.4341589000,29917995,1513260521.1600
2021-04-26,50.2720260000,49.6510186200,51.0310350200,49.4834452000,40250906,2046711664.7500
2021-04-27,49.8185920400,50.5086002400,50.5973155800,48.6258635800,35170483,1773543853.6200
2021-04-28,50.3705986000,50.4691712000,50.7648890000,49.7003049200,22759881,1160611555.8300
2021-04-29,50.4691712000,50.9028906400,51.8886166400,50.1143098400,31103602,1607751171.6300
2021-04-30,51.0704640600,50.2424542200,51.6520424000,50.0453090200,27880652,1432654353.9400
2021-05-06,50.1734534000,49.2863000000,50.6170301000,48.8722950800,33630054,1692942932.6300
2021-05-07,49.3060145200,48.0245707200,49.8678783400,47.9062836000,27212123,1348575848.9200
2021-05-10,47.8865690800,48.2315731800,49.2567282200,47.6894238800,22021389,1078840101.8800
2021-05-11,48.0837142800,52.3814796400,53.0517733200,47.4134206000,79269645,4125780620.3600
2021-05-12,52.2434780000,52.9630579800,53.0320588000,51.4154681600,52085519,2764314260.9100
2021-05-13,52.4701949800,52.4701949800,53.3474911200,51.9477602000,33132477,1764640834.6300
2021-05-14,52.4997667600,53.1897749600,53.4263492000,52.0561900600,36136742,1936788302.6300
2021-05-17,53.0714878400,52.9532007200,54.2937880800,52.5687675800,39671022,2148614330.8400
2021-05-18,52.7067692200,54.1163574000,54.8655091600,51.8886166400,43624468,2373286177.8700
2021-05-19,53.8699259000,52.8841999000,54.5697913600,52.8151990800,31027854,1687930965.0200
2021-05-20,53.0419160600,54.4909332800,56.1765247400,53.0419160600,55418033,3098208619.2400
2021-05-21,55.2105132600,53.4164919400,55.4372302400,53.1306314000,33613006,1838971229.4700
2021-05-24,53.7614960400,56.1863820000,56.2553828200,53.7614960400,55592022,3137292322.6500
2021-05-25,56.4032417200,61.3910152800,61.6768758200,56.2948118600,91945238,5545941935.8700
2021-05-26,60.6320062600,60.3855747600,61.1347265200,59.7941391600,45024583,2761125975.1500
2021-05-27,60.2870021600,60.2081440800,60.7897224200,59.4392778000,31987324,1948408868.4900
2021-05-28,60.9178668000,61.0558684400,62.2978832000,60.2771449000,45868432,2845436179.7100
2021-05-31,62.1007380000,61.2135846000,63.4906116600,60.6221490000,37395775,2336014258.5300
2021-06-01,60.6714353000,60.2377158600,61.8050202000,59.5279931400,43147074,2639479981.9300
2021-06-02,60.2771449000,59.4688495800,60.4644328400,58.9759865800,32723179,1972246712.2500
2021-06-03,59.4688495800,57.9705460600,60.0405706600,57.7438290800,38880163,2318402643.0800
2021-06-04,57.9804033200,58.1085477000,58.9661293200,57.7635436000,33241171,1964986382.4800
2021-06-07,58.5521244000,58.9069857600,59.3505624600,57.9606888000,24792232,1472143638.9000
2021-06-08,59.2432564000,58.2146589600,59.2927082000,57.1366097200,31497225,1848465644.8700
2021-06-09,58.2542204000,58.5014794000,59.1740238800,57.6607988000,26930087,1588595301.7900
2021-06-10,59.1245720800,60.7169200400,61.1817669600,58.8773130800,54856728,3340178064.5500
2021-06-11,60.7268104000,57.0673772000,60.7960429200,54.6541293600,102188966,5953512839.6500
2021-06-15,57.5717855600,58.8970938000,59.9158008800,57.4629916000,52430542,3110732275.8700
2021-06-16,59.3520503600,57.9377288800,61.5180392000,57.7399216800,51196898,3086448485.0400
2021-06-17,58.0564132000,61.8938728800,62.4872944800,58.0564132000,56395858,3461315490.4900
2021-06-18,64.1587653200,65.2565952800,67.7489660000,64.1587653200,71491337,4769900281.8000
2021-06-21,66.1665084000,65.3653892400,67.7489660000,65.2961567200,53853328,3615064442.2400
2021-06-22,65.5730868000,65.5730868000,66.1467276800,63.8027123600,35942293,2364200063.3100
2021-06-23,65.0884591600,64.3763532400,66.2654120000,61.5279295600,54530836,3564658756.5800
2021-06-24,64.3664628800,62.6059788000,64.5642700800,61.9927764800,41910381,2662852106.5600
2021-06-25,63.2983040000,62.5960884400,63.4961112000,62.1114608000,24312064,1540505299.2600
2021-06-28,62.8730185200,63.2983040000,64.6829544000,61.9235439600,32122199,2062115938.0500
2021-06-29,63.1796196800,62.7642245600,63.7334798400,61.5180392000,26577365,1683205210.9400
2021-06-30,62.4872944800,66.8390528800,67.0566408000,62.2993776400,48928694,3235019213.4300
2021-07-01,66.2456312800,64.6829544000,66.2654120000,64.5840508000,29560568,1956188649.7500
2021-07-02,64.2972303600,62.2795969200,65.4741832000,62.2004740400,32767900,2101084230.0200
2021-07-05,62.3587198000,64.4653664800,64.7818580000,61.4191356000,32025505,2051253195.6200
2021-07-06,64.2279978400,63.1103871600,64.4653664800,61.7356271200,35901916,2287484551.4200
2021-07-07,62.3587198000,63.5554533600,63.9411774000,61.8642018000,27658502,1761987199.3100
2021-07-08,64.1884364000,64.5642700800,65.0291170000,62.9026896000,34573315,2244088745.7800
2021-07-09,64.2873400000,60.7268104000,64.2972303600,59.3421600000,76528194,4694797875.8300
2021-07-12,60.7268104000,61.2509994800,62.1312415200,59.3916118000,32035184,1980309803.4100
2021-07-13,63.4961112000,61.1224248000,64.0400810000,60.6180164400,37833052,2370661644.1800
2021-07-14,60.6279068000,59.9355816000,61.1916573200,59.0553395600,40588623,2461161253.5900
2021-07-15,60.4795514000,60.5586742800,60.9345079600,59.3223792800,25952134,1580720911.7700
2021-07-16,60.8158236400,60.1333888000,61.6663946000,59.9355816000,25735692,1579213993.1400
2021-07-19,59.5399672000,60.8356043600,62.0224475600,58.6300540800,31502064,1921218905.7500
2021-07-20,60.1333888000,58.8970938000,60.6279068000,58.6597251600,34221510,2057566472.5200
2021-07-21,59.3421600000,60.8553850800,61.2806705600,59.1443528000,36309454,2226742615.5300
2021-07-22,63.2983040000,64.4554761200,66.5917938800,62.6059788000,69563916,4532590126.8300
2021-07-23,64.9796652000,61.9136536000,64.9994459200,61.4982584800,45407782,2875618711.3500
2021-07-26,64.8313098000,62.2103644000,67.4621455600,61.8147500000,82741317,5391062129.1100
2021-07-27,61.3202320000,57.3838687200,61.8839825200,57.1662808000,77048944,4647024940.2900
2021-07-28,56.8497892800,57.3047458400,58.8476420000,55.2277702400,46902287,2707023829.3900
2021-07-29,58.1553168000,58.8377516400,59.7179936800,58.0366324800,34128852,2031508144.2000
2021-07-30,58.8476420000,57.9575096000,59.0157781200,56.3058194800,37827043,2189532361.0000
2021-08-02,57.7597024000,59.4410636000,59.6586515200,56.9981446800,31604865,1877842243.8600
2021-08-03,58.8476420000,58.7388480400,60.0245948400,58.2443300400,26607503,1588326538.0100
2021-08-04,59.7278840400,58.9366552400,60.1729502400,58.1652071600,29201008,1744122800.2600
2021-08-05,58.9366552400,56.8003374800,58.9366552400,56.3750520000,40001551,2313218588.5500
2021-08-06,56.8201182000,56.3750520000,56.8300085600,55.6827268000,23480520,1331228877.2900
2021-08-09,56.0783412000,56.0684508400,56.4739556000,55.3959063600,20590950,1162162321.4700
2021-08-10,55.8310822000,56.7113242400,56.7212146000,55.3860160000,21603318,1228622656.1700
2021-08-11,56.7706664000,55.8409725600,56.8695700000,55.5838232000,21618965,1224553208.8300
2021-08-12,55.4750292400,55.4849196000,56.1772448000,55.3860160000,17212458,967870688.7400
2021-08-13,55.4849196000,53.5365186800,55.5937135600,52.8046320400,42663207,2324435774.2600
2021-08-16,53.1804657200,52.5870441200,53.6848740800,52.2903333200,27336975,1458899903.4700
2021-08-17,53.2200271600,50.9551347200,53.3486018400,50.7869986000,31672222,1663832222.9200
2021-08-18,50.9155732800,51.0342576000,51.8452671200,50.7375468000,20069682,1038011249.0700
2021-08-19,51.0243672400,51.8254864000,52.4980308800,50.7672178800,25395178,1333250832.7700
2021-08-20,51.5881177600,51.1331612000,52.4881405200,50.4408360000,22482939,1169400654.5900
2021-08-23,50.6979853600,52.7353995200,52.8639742000,50.6979853600,22824054,1206259822.5100
2021-08-24,53.2002464400,52.1123068400,53.2002464400,50.9155732800,41044788,2143293608.2700
2021-08-25,52.2408815200,52.8936452800,53.5760801200,51.3111876800,31905990,1698454425.7300
2021-08-26,52.9134260000,52.9430970800,54.4266510800,52.9134260000,31004743,1679245424.6100
2021-08-27,52.9430970800,52.0529646800,52.9430970800,51.3309684000,24356372,1278522536.6200
2021-08-30,52.0727454000,51.2716262400,52.4189080000,51.0342576000,19038242,993728370.1200
2021-08-31,50.9946961600,51.8057056800,51.8254864000,49.0957470400,32679282,1660743576.9500
2021-09-01,51.4298720000,51.2419551600,51.7562538800,50.2232480800,21122190,1087902095.3600
2021-09-02,51.0540383200,49.5012518000,51.0837094000,49.3825674800,29684272,1497188366.0300
2021-09-03,49.5012518000,48.9869530800,50.0155505200,48.9572820000,24410249,1217061358.4900
2021-09-06,49.0759663200,51.3705298400,51.6276792000,48.7693651600,31069661,1588865580.6600
2021-09-07,51.3705298400,51.3606394800,51.5287756000,50.6485335600,19117772,987797519.6600
2021-09-08,51.6375695600,51.6276792000,52.3397851200,50.7968889600,20884766,1087992302.8000
2021-09-09,51.6771310000,51.0441479600,52.1320875600,50.7771082400,16163226,838119089.7300
2021-09-10,51.0837094000,51.5386659600,52.0925261200,50.4507263600,18805641,977717416.4300
2021-09-13,51.5386659600,51.2419551600,51.9639514400,50.6683142800,16918553,877800922.5000
2021-09-14,51.0144768800,50.4902878000,51.8749382000,50.3221516800,17982398,929115813.0700
2021-09-15,50.1441252000,50.3419324000,50.9353540000,50.0056601600,12143915,619091419.8000
2021-09-16,50.3814938400,49.5902650400,50.7573275200,49.4518000000,14947147,753796633.6300
2021-09-17,49.6298264800,50.3913842000,50.6485335600,49.4616903600,12628811,641838465.5600
2021-09-22,49.5111421600,50.4408360000,50.7968889600,49.5111421600,11114852,565612292.7000
2021-09-23,50.5891914000,50.8265600400,51.3111876800,50.2034673600,15457560,793769451.9600
2021-09-24,50.7869986000,52.5178116000,52.9925488800,50.7375468000,35767958,1893732541.9800
2021-09-27,53.4277247200,53.1606850000,54.5750064800,52.5870441200,30474126,1648188905.3800
2021-09-28,53.1606850000,52.7749609600,53.6354222800,52.4189080000,15610362,835895285.6300
2021-09-29,52.0727454000,52.8145224000,53.4475054400,50.9749154400,27860682,1472083777.8300
2021-09-30,52.9233163600,52.3200044000,53.2694789600,52.1024164800,16067181,851748361.6500
2021-10-08,53.0222199600,54.2189535200,54.6541293600,52.5277019600,31172278,1701849995.4200
2021-10-11,54.2585149600,53.9024620000,54.5552257600,53.6552030000,15349014,839756836.2600
2021-10-12,53.6749837200,53.1705753600,54.2288438800,52.7156188000,14718979,794189174.5800
2021-10-13,53.3980536400,53.7343258800,53.9222427200,53.1804657200,10872059,589407075.8300
2021-10-14,53.4771765200,53.2892596800,53.5859704800,51.7364731600,21633315,1148737380.0000
2021-10-15,52.6167152000,54.3673089200,55.6629460800,52.6167152000,29824572,1649027705.5400
2021-10-18,54.2980764000,53.5464090400,54.7827040400,53.1310139200,20219021,1098363219.6900
2021-10-19,53.5760801200,53.5661897600,53.7046548000,52.9134260000,12892520,695419941.3500
2021-10-20,53.6354222800,52.8244127600,54.2585149600,52.5870441200,13745731,737368644.4400
2021-10-21,52.5870441200,51.7859249600,53.0914524800,51.4397623600,16853282,887436359.9200
2021-10-22,52.1518682800,53.1507946400,54.0903788400,51.9342803600,21478861,1154170720.8900
2021-10-25,53.1310139200,52.5672634000,53.6057512000,51.2320648000,24986290,1316016341.1600
2021-10-26,52.6266055600,55.6431653600,57.0475964800,52.6266055600,72322895,4066107199.6000
2021-10-27,55.5937135600,53.9420234400,55.6827268000,53.5958608400,36773728,2021443554.7700
2021-10-28,53.8925716400,56.0288894000,56.6124206400,53.7541066000,44448877,2500362691.6800
2021-10-29,55.4552485200,55.8014111200,56.8596796400,55.2178798800,29588322,1674691764.9900
2021-11-01,56.0783412000,55.5838232000,56.0783412000,54.6046775600,19988905,1118514888.1900
2021-11-02,55.6036039200,54.8816076400,56.4937363200,54.7728136800,25008795,1402064887.2100
2021-11-03,54.8914980000,56.9981446800,57.3739783600,54.8914980000,38656752,2215074476.4200
2021-11-04,56.9981446800,57.4629916000,57.5816759200,56.5629688400,25620341,1480124071.1800
2021-11-05,57.6311277200,57.3146362000,57.9575096000,56.9486928800,20942653,1218629362.3600
2021-11-08,57.4728819600,57.6212373600,58.2245493200,56.2860387600,23127195,1341735123.0300
2021-11-09,57.3937590800,58.2047686000,58.4223565200,57.1465000800,19396399,1135604109.7900
2021-11-10,58.2344396800,58.4915890400,59.0256684800,57.9575096000,21517038,1271215143.9600
2021-11-11,58.1454264400,57.9673999600,58.6795058800,57.2454036800,20732037,1213652315.4700
2021-11-12,57.9673999600,57.3344169200,58.1948782400,56.6816531600,21683383,1257934595.9700
2021-11-15,57.0673772000,57.1465000800,58.4520276000,56.8992410800,17936315,1046239565.2500
2021-11-16,57.0673772000,56.4640652400,57.6706891600,56.4245038000,15468668,889602750.0700
2021-11-17,56.6717628000,56.6420917200,57.4629916000,56.3948327200,12813777,737039075.4400
2021-11-18,56.3750520000,55.8904243600,56.8695700000,55.1980991600,18754586,1059869404.6900
2021-11-19,56.0783412000,56.2464773200,57.1465000800,55.7123978800,13686294,780803648.2800
2021-11-22,56.2860387600,57.2454036800,57.5421144800,55.8805340000,18054838,1041272678.5400
2021-11-23,57.2750747600,56.8300085600,57.6014566400,56.3058194800,17404761,1001264125.0500
2021-11-24,56.7706664000,54.6244582800,56.8398989200,54.3574185600,35191217,1957044638.4400
2021-11-25,54.3969800000,54.1695017200,54.8222654800,54.0705981200,15414251,846960690.1000
2021-11-26,53.9222427200,53.9716945200,54.4563221600,53.7343258800,15779848,863234017.0900
2021-11-29,53.4277247200,53.0420006800,53.5167379600,52.4090176400,20046969,1072853736.9700
2021-11-30,53.0914524800,53.4079440000,53.9123523600,52.6760573600,20008673,1077158484.0700
2021-12-01,53.2101368000,53.6057512000,53.9716945200,53.1211235600,12919544,700336559.4000
2021-12-02,53.2595886000,52.6167152000,53.5068476000,52.1123068400,18838454,1002575819.4000
2021-12-03,52.5178116000,52.9826585200,53.0815621200,52.3397851200,17476759,933894381.6800
2021-12-06,53.0024392400,52.1716490000,53.0716717600,52.0430743200,15708827,834021635.3800
2021-12-07,52.3200044000,51.8057056800,52.5178116000,51.2914069600,19100602,998156357.6100
2021-12-08,52.0232936000,53.0123296000,53.2892596800,51.8749382000,20407000,1089848239.1600
2021-12-09,52.9826585200,53.4870668800,54.3277474800,52.7947416800,25403257,1377624956.4400
2021-12-10,53.0420006800,53.2101368000,53.6947644400,52.8145224000,15574592,836062170.7200
2021-12-13,53.4079440000,53.4178343600,54.0705981200,53.1606850000,18342078,993759516.3000
2021-12-14,53.0321103200,53.6749837200,54.0013656000,52.7749609600,16217746,879029002.5200
2021-12-15,53.6749837200,53.6947644400,54.6046775600,53.3387114800,21196014,1152755047.9100
2021-12-16,53.7046548000,53.2002464400,53.8826812800,52.2507718800,17845536,953845383.5900
2021-12-17,52.8639742000,51.5881177600,53.0617814000,51.5881177600,18723131,985606041.1800
2021-12-20,51.5386659600,51.2122840800,52.1024164800,51.1430515600,12541582,653445361.9500
2021-12-21,51.2122840800,50.8265600400,51.6771310000,50.2726998800,16605418,852439341.4700
2021-12-22,50.7375468000,50.7869986000,51.1529419200,50.5990817600,16340073,839953853.4400
2021-12-23,50.6386432000,50.3221516800,50.8859022000,50.1441252000,16620081,847438742.0900
2021-12-24,50.3221516800,50.5496299600,51.2914069600,50.1045637600,18410098,943826394.8700
2021-12-27,50.5891914000,50.9155732800,51.2815166000,50.5298492400,12203580,627747976.9400
2021-12-28,51.1232708400,50.9551347200,51.2815166000,50.5694106800,11671505,599618725.5800
2021-12-29,50.8859022000,50.3221516800,50.8859022000,50.0650023200,14614242,743793792.9200
2021-12-30,50.2430288000,51.1826130000,51.7068020800,50.1243444800,19969583,1032935522.8600
2021-12-31,51.8254864000,51.9342803600,52.0826357600,51.1925033600,20437006,1069276986.4800
2022-01-04,53.7145451600,52.3298947600,53.9024620000,52.1518682800,27194818,1450839182.2800
2022-01-05,51.8254864000,52.0826357600,53.0420006800,51.4595430800,21178471,1118966594.9600
2022-01-06,51.5782274000,50.5298492400,51.8155960400,50.2430288000,21147992,1084425297.5800
2022-01-07,50.7968889600,49.1451988400,51.0342576000,49.1056374000,29858542,1506428781.3000
2022-01-10,49.1550892000,49.4913614400,49.7584011600,48.0176978000,18557396,918846165.2000
2022-01-11,49.3528964000,48.5319965200,49.5408132400,48.4627640000,12970549,641407520.8900
2022-01-12,48.3638604000,48.1858339200,48.8583784000,47.7902195200,21560229,1048181322.6800
2022-01-13,48.2847375200,46.5835956000,48.4330929200,46.3264462400,29251789,1394970588.7100
2022-01-14,46.1780908400,46.2967751600,47.0682232400,45.7923668000,16695324,785655207.8000
2022-01-17,46.2967751600,47.3253726000,47.5528508800,46.2967751600,20106139,958322659.4200
2022-01-18,47.4836183600,48.3144086000,49.0462952400,46.9495389200,28376267,1388634892.1500
2022-01-19,47.9781363600,47.9187942000,48.3440796800,47.4044954800,15054438,728054217.8000
2022-01-20,47.9187942000,47.9979170800,48.2847375200,47.4836183600,11347014,550029182.6300
2022-01-21,47.7308773600,47.2858111600,47.9781363600,46.6726088400,13976303,668316842.2300
2022-01-24,47.2858111600,47.7110966400,48.0473688800,47.2561400800,12118604,583595642.7200
2022-01-25,47.2759208000,45.8912704000,47.6715352000,45.8220378800,18186563,854730987.1000
2022-01-26,45.9011607600,46.0692968800,46.7616220800,45.1099319600,13694849,636232657.4900
2022-01-27,46.0692968800,44.2197995600,46.0890776000,43.8044044400,25817728,1162131386.4800
2022-01-28,44.2296899200,42.9241624000,44.6055236000,42.8944913200,23985871,1063737507.1200
2022-02-07,43.8835273200,43.7055008400,45.6044499600,43.5868165200,23598361,1058026321.1500
2022-02-08,43.7252815600,44.4274971200,44.5264007200,43.1021888800,19658343,871417730.2600
2022-02-09,44.6846464800,45.5747788800,45.7824764400,44.5362910800,21420836,980596173.6500
2022-02-10,45.6440114000,46.0890776000,46.6132666800,45.5747788800,22899182,1068804070.2900
2022-02-11,45.7824764400,46.6824992000,47.0781136000,45.3967524000,24851234,1170597952.4500
2022-02-14,46.6824992000,48.6111194000,48.9572820000,45.9407222000,34544620,1679286902.9000
2022-02-15,48.5814483200,48.6111194000,49.5210325200,48.2155050000,19978109,984949725.6800
2022-02-16,48.7891458800,48.9671723600,49.2935542400,48.5418868800,18368431,909404493.8900
2022-02-17,48.8583784000,48.7891458800,49.2539928000,48.1462724800,16154851,796905669.2700
2022-02-18,48.4627640000,50.3814938400,50.5298492400,48.2748471600,31173207,1578838209.5800
2022-02-21,50.5397396000,50.2133577200,50.9254636400,49.8671951200,18620500,948593981.5600
2022-02-22,49.8869758400,49.6298264800,49.8968662000,49.0166241600,16559725,827815925.3900
2022-02-23,49.6496072000,49.7979626000,50.1441252000,49.2539928000,14788699,742278230.9200
2022-02-24,49.3528964000,48.7594748000,49.5803746800,47.7704388000,20538907,1012914212.4900
2022-02-25,49.3924578400,48.7495844400,50.1639059200,48.4232025600,12700083,629932348.0000
2022-02-28,48.7100230000,48.4528736400,48.8089266000,47.7704388000,11653217,569690736.0000
2022-03-01,48.4627640000,49.3528964000,49.6496072000,48.2056146400,17343369,860928656.0000
2022-03-02,49.0957470400,49.4518000000,50.0946734000,49.0067338000,11725056,586249984.0000
2022-03-03,49.4518000000,48.4627640000,49.6001554000,48.3638604000,11513401,568081504.0000
2022-03-04,47.9682460000,48.8682687600,48.9968434400,47.9682460000,11035417,541766576.0000
2022-03-07,48.4627640000,45.9110511200,48.4627640000,45.7528053600,23307401,1101049904.0000
2022-03-08,46.3363366000,45.9901740000,47.4440569200,45.8912704000,19964818,942264960.0000
2022-03-09,46.2671040800,46.1385294000,46.7517317200,43.8142948000,19521915,895744688.0000
2022-03-10,46.8901967600,46.4846920000,47.0880039600,46.2967751600,13720936,647312544.0000
2022-03-11,45.0209187200,46.0297354400,46.1682004800,44.2791417200,15904037,727984256.0000
2022-03-14,45.2483970000,45.1692741200,46.3363366000,45.0505898000,12252068,566782528.0000
2022-03-15,44.4077164000,44.9022344000,47.1374557600,43.3296671600,35108195,1623493296.0000
2022-03-16,45.8813800400,46.0791872400,46.1879812000,43.9131984000,28173775,1290481360.0000
2022-03-17,47.3253726000,47.1275654000,47.8001098800,46.7814028000,26150668,1253230816.0000
2022-03-18,46.8803064000,46.8605256800,47.5726316000,46.3066655200,14155965,671595846.6600
2022-03-21,46.8605256800,47.8693424000,48.2155050000,46.7517317200,20156753,972156967.7700
2022-03-22,48.0671496000,47.6814255600,48.5616676000,47.4242762000,12241247,590673928.7800
2022-03-23,47.8495616800,47.3649340400,47.9682460000,47.1275654000,9708603,465889697.3500
2022-03-24,46.9891003600,46.9693196400,47.3253726000,46.6824992000,7966304,378510702.9800
2022-03-25,46.8803064000,45.9703932800,47.1770172000,45.9605029200,10553132,495246059.4800
2022-03-28,45.3769716800,45.3374102400,46.0791872400,45.1000416000,9003897,414583952.6900
2022-03-29,45.4956560000,45.4560945600,46.0099547200,45.2780680800,6765042,311886079.6200
2022-03-30,45.9506125600,46.7418413600,46.7715124400,45.7923668000,10959296,513424834.1600
2022-03-31,46.4748016400,46.0594065200,46.6132666800,46.0396258000,7531940,351748136.2500
2022-04-01,45.9308318400,45.8714896800,46.1780908400,45.4956560000,7196402,334225902.9200
2022-04-06,45.7132439200,45.1000416000,46.0989679600,44.9220151200,10072809,462172808.3400
2022-04-07,44.9022344000,44.5560718000,45.3077391600,44.5560718000,6039743,274168183.1500
2022-04-08,44.5264007200,44.3780453200,44.6945368400,43.3791189600,11512422,511914237.1100
2022-04-11,44.1406766800,42.1329336000,44.1604574000,42.0142492800,15015854,650355440.6700
2022-04-12,41.0548843600,41.9351264000,42.1131528800,39.9966158400,20488928,849628074.2200
2022-04-13,41.3417048000,41.2526915600,42.1922757600,41.2526915600,9822040,413504219.5600
2022-04-14,41.7966613600,41.2131301200,41.8560035200,40.9559807600,8589385,359447770.8700
2022-04-15,40.7581735600,41.1241168800,41.5790734400,40.4614627600,6477455,269038925.2800
2022-04-18,40.9757614800,39.8779315200,41.1241168800,39.6504532400,14988706,608031885.6800
2022-04-19,39.9471640400,40.1548616000,40.9955422000,39.9471640400,13555820,553759782.2800
2022-04-20,40.4515724000,40.1153001600,41.0054325600,39.9669447600,9666966,395454274.4200
2022-04-21,39.5911110800,39.1658256000,40.6295988800,38.8592244400,13357705,536337376.9000
2022-04-22,38.5724040000,38.1372281600,39.4031942400,38.0778860000,18589658,726339847.2300
2022-04-25,37.9789824000,34.7349443200,37.9789824000,34.7250539600,26663721,976411696.9000
2022-04-26,34.7745057600,33.1327060000,35.2690237600,33.0338024000,30568439,1056263135.6700
2022-04-27,32.6381880000,35.1404490800,35.1997912400,32.4700518800,23864640,821906266.7900
2022-04-28,35.1404490800,34.5074660400,35.2888044800,34.0327287600,17511317,612232670.6900
2022-04-29,34.8140672000,36.5943320000,36.8317006400,34.3492202800,23496952,852568279.5200
2022-05-05,36.4163055200,36.6536741600,37.1185210800,35.9118971600,16503512,612506378.6300
2022-05-06,35.9020068000,36.1393754400,36.8317006400,35.7140899600,12034530,440748359.4700
2022-05-09,36.1294850800,35.4668309600,36.3866344400,35.3184755600,11559303,418294511.8500
2022-05-10,35.1107780000,35.8031032000,35.9118971600,34.9228611600,13419426,482417229.5700
2022-05-11,35.8723357200,36.0305814800,37.0492885600,35.6547478000,17422912,642480293.1700
2022-05-12,35.7338706800,35.6943092400,36.1492658000,35.3580370000,12801306,462293272.8900
2022-05-13,35.7041996000,35.3975984400,36.0899236400,34.9624226000,11599023,415979926.9800
2022-05-16,35.6052960000,34.9228611600,36.3767440800,34.8041768400,13785243,493696914.8900
2022-05-17,34.9624226000,35.3877080800,35.5360634800,34.6459310800,14008911,497679417.6900
2022-05-18,35.5954056400,35.5954056400,36.1987176000,35.2393526800,13147311,474203218.0200
2022-05-19,35.0613262000,35.1305587200,35.5657345600,34.5272467600,16648114,588156062.8900
2022-05-20,35.1305587200,35.7041996000,36.0108007600,35.0613262000,18518912,665593311.1800
2022-05-23,35.9811296800,36.2679501200,36.5349898400,35.7140899600,17131956,625815529.5900
2022-05-24,36.2283886800,34.3492202800,36.6338934400,34.2799877600,22369493,802794521.9500
2022-05-25,34.5766985600,34.4382335200,34.8734093600,34.0327287600,13977373,486295755.4900
2022-05-26,34.7052732400,34.6657118000,34.9129708000,33.6074432800,17150642,595466380.5000
2022-05-27,34.9723129600,34.5766985600,35.3679273600,34.4580142400,14459441,508987393.9800
2022-05-30,34.6756021600,35.4272695200,35.7041996000,34.5272467600,20235708,720663422.3500
2022-05-31,35.4470502400,35.9613489600,36.1591561600,34.9624226000,20201818,727368963.9200
2022-06-01,35.9514586000,36.0800332800,36.3470730000,35.6547478000,15453575,563460948.6100
2022-06-02,36.3965248000,36.5152091200,36.5745512800,35.8525550000,18260757,670216675.3400
2022-06-06,36.7327970400,38.3449257200,38.5328425600,36.4459766000,34125270,1302781854.6200
2022-06-07,38.4042678800,37.7020523200,38.5130618400,37.4646836800,22281467,853631351.5100
2022-06-08,37.7020523200,38.2559124800,38.8987858800,37.4844644000,27636122,1067250957.5200
2022-06-09,38.1668992400,37.0888500000,38.1767896000,36.8910428000,21756316,819842461.7800
2022-06-10,36.9009331600,37.4745740400,37.5240258400,36.7426874000,16804917,631789178.1200
2022-06-13,37.0878222000,37.5836487000,37.9505603100,36.9688238400,13782411,521374572.7400
2022-06-14,37.1770709700,37.6431478800,37.6530644100,36.2052510300,16975077,631830047.9000
2022-06-15,37.6728974700,38.0298925500,38.6248843500,37.5737321700,23312532,898789526.2000
2022-06-16,38.0993082600,38.2381396800,38.9025471900,37.8315619500,19446301,752546964.2100
2022-06-17,37.8018123600,38.3075553900,38.3769711000,37.4448172800,19759929,756888145.5700
2022-06-20,38.9521298400,42.1353359700,42.1353359700,38.6546339400,48690188,1991803774.1000
2022-06-21,42.8394096000,42.4030822800,42.8394096000,41.0742672600,49790716,2105646534.3500
2022-06-22,42.1452525000,40.8461870700,42.3435831000,40.5586077000,32045092,1338014167.8900
2022-06-23,40.6181068800,41.0445176700,41.2428482700,39.6958695900,30946452,1262462326.0000
2022-06-24,41.1436829700,41.4015127500,41.9171723100,40.8461870700,25953793,1084618402.3200
2022-06-27,41.5899268200,41.5800102900,41.8775061900,41.2130986800,22643458,948024425.1200
2022-06-28,41.5403441700,42.7799104200,43.3550691600,41.0346011400,31295226,1333096295.3800
2022-06-29,42.5121641100,41.2527648000,43.2559038600,41.0841837900,23974646,1016721947.8600
2022-06-30,41.2725978600,40.8759366600,41.9072557800,40.6577730000,20996928,872001632.2500
2022-07-01,40.7371052400,40.8164374800,40.9354358400,40.2611118000,14960603,612510278.8400
2022-07-04,42.0361706700,41.9766714900,42.4229153400,41.4411788700,24227896,1023987943.0700
2022-07-05,42.0857533200,43.6029824100,44.2872229800,41.3717631600,37471447,1618928169.7200
2022-07-06,43.1369055000,43.3947352800,44.1285585000,43.1071559100,22898882,1005895301.4700
2022-07-07,43.0972393800,42.6807451200,43.4839840500,42.6410790000,16166373,698425033.7900
2022-07-08,42.8493261300,42.2444178000,42.9385749000,42.1551690300,13244358,567535362.6800
2022-07-11,42.1452525000,40.8561036000,42.1452525000,40.8263540100,15163615,629635551.2600
2022-07-12,40.6577730000,40.2016126200,40.8461870700,39.4975389900,17086999,692780319.1000
2022-07-13,40.2016126200,40.2809448600,40.8461870700,40.1421134400,9101717,370703232.9800
2022-07-14,40.2115291500,40.1520299700,40.7470217700,39.9239497800,9428143,383442623.0400
2022-07-15,40.0528646700,39.3487910400,40.4296928100,39.3487910400,13624200,547507881.0900
2022-07-18,39.4082902200,40.8660201300,41.5403441700,39.3388745100,19915162,817919073.5200
2022-07-19,40.6776060600,41.2230152100,41.5006780500,40.6577730000,14265388,591457365.3400
2022-07-20,41.6295929400,41.8973392500,42.9683244900,41.4610119300,21382155,907403490.2300
2022-07-21,41.6494260000,41.3915962200,42.1452525000,41.3420135700,12698559,534181167.4700
2022-07-22,41.4610119300,40.8759366600,41.7089251800,40.6181068800,10759233,445622456.0400
2022-07-25,40.8759366600,40.9354358400,41.1337664400,40.2412787400,9606402,394969896.2900
2022-07-26,40.8660201300,41.6692590600,41.9469219000,40.8561036000,10362039,434245394.9200
2022-07-27,41.5403441700,42.5220806400,42.9881575500,41.4015127500,18942711,808528491.8800
2022-07-28,42.6509955300,42.7600773600,43.0278236700,42.4526649300,14809370,638877019.4200
2022-07-29,42.6509955300,41.6890921200,42.7799104200,41.5700937600,12415841,527502314.7400
2022-08-01,41.4610119300,42.1849186200,42.7402443000,40.8362705400,12302510,522316801.1500
2022-08-02,41.6295929400,40.2115291500,41.6295929400,39.9735324300,19412029,793432866.8600
2022-08-03,40.3206109800,40.3701936300,41.6494260000,40.3106944500,15599634,643746799.1400
2022-08-04,40.8561036000,40.7073556500,41.2329317400,40.3404440400,10382673,426588084.4600
2022-08-05,40.9552689000,41.8477566000,41.9469219000,40.9453523700,17372881,726833784.3900
2022-08-08,41.9469219000,41.5899268200,42.4427484000,41.3519301000,10221481,429110670.7200
2022-08-09,41.6593425300,41.3122639800,41.6890921200,41.0445176700,10183073,423521247.0500
2022-08-10,41.1833490900,40.3602771000,41.2031821500,40.1916960900,14568260,596015425.5000
2022-08-11,40.7073556500,40.8957697200,41.0346011400,40.3404440400,11198511,460713445.7000
2022-08-12,41.4510954000,40.8660201300,41.8378400700,40.7271887100,15187275,630885585.4800
2022-08-15,40.5486911700,40.0826142600,40.7569383000,39.9636159000,16650531,674509029.4700
2022-08-16,40.1024473200,39.5074555200,40.4495258700,39.2694588000,21342095,854251917.3300
2022-08-17,39.4677894000,39.9239497800,39.9239497800,38.5356355800,16875772,668412742.9100
2022-08-18,39.6760365300,39.1107943200,39.7256191800,38.9818794300,13403198,529831563.3700
2022-08-19,39.2694588000,38.6149678200,39.3983736900,38.5058859900,13385966,524036796.3200
2022-08-22,38.6050512900,38.7736323000,39.0215455500,38.2083900900,8804687,343994437.6000
2022-08-23,38.5753017000,39.1306273800,39.4677894000,38.3769711000,15163942,597840045.3600
2022-08-24,39.0116290200,37.3853181000,39.0711282000,37.0382395500,24632038,938888593.8200
2022-08-25,37.3853181000,37.1175717900,37.7323966500,36.6911610000,13724810,514182351.8600
2022-08-26,37.2068205600,36.8994081300,37.5935652300,36.7804097700,10032627,376066324.7400
2022-08-29,36.3539989800,36.6019122300,36.7407436500,36.0465865500,10953488,402481649.3600
2022-08-30,36.5820791700,37.1076552600,37.3654850400,36.5721626400,8715744,325359984.7200
2022-08-31,36.9093246600,37.1770709700,37.4745668700,36.7109940600,9403093,351840703.3300
2022-09-01,37.0382395500,36.8597420100,37.6233148200,36.8299924200,8213732,308662543.1100
2022-09-02,36.8597420100,37.0779056700,37.2663197400,36.8597420100,5856162,219067747.7100
2022-09-05,36.8597420100,36.2052510300,36.9589073100,35.7590071800,12036016,439528394.3500
2022-09-06,36.2052510300,36.5424130500,36.6514948800,36.1060857300,7622799,279657359.9400
2022-09-07,36.4234146900,36.6415783500,36.7605767100,36.1556683800,8793853,324273705.9200
2022-09-08,36.6911610000,36.2944998000,36.8299924200,36.2647502100,6918137,254861318.8600
2022-09-09,36.4928304000,36.8399089500,37.0481560800,36.2449171500,8423005,311835703.7000
2022-09-13,36.9192411900,36.7605767100,37.2663197400,36.6812444700,8968837,333825654.5500
2022-09-14,36.3440824500,36.2746667400,36.5424130500,35.8978386000,9263823,338079062.5800
2022-09-15,36.5523295800,35.5606765800,36.8200758900,35.1937649700,11697376,424097338.7600
2022-09-16,35.5507600500,35.1540988500,36.1556683800,35.1540988500,10738109,386288140.7100
2022-09-19,35.1640153800,34.5095244000,35.4515947500,34.3310268600,9201696,321775424.1100
2022-09-20,34.6086897000,34.6880219400,34.9061856000,34.5392739900,5950857,208284637.6000
2022-09-21,34.5987731700,34.7971037700,35.0152674300,33.8352003600,8679594,301996630.7200
2022-09-22,34.5095244000,34.1029466700,34.9458517200,34.0930301400,8631051,299754843.1800
2022-09-23,34.4103591000,33.4484556900,34.5888566400,33.0022118400,12906100,437353225.3300
2022-09-26,33.3294573300,33.1212102000,33.6963689400,33.0220449000,8768894,294702967.0300
2022-09-27,33.1212102000,33.8748664800,33.9145326000,33.1212102000,8776879,296953266.7900
2022-09-28,33.7757011800,33.4583722200,34.1624458500,33.4385391600,6821833,232029234.7000
2022-09-29,33.7261185300,32.8534638900,34.0434474900,32.7146324700,11740628,393834789.9600
2022-09-30,32.8336308300,32.5460514600,33.1212102000,32.5063853400,8592613,284375693.9400
2022-10-10,32.5063853400,31.3164017400,32.5262184000,31.1974033800,13319264,424986610.3100
2022-10-11,31.4354001000,30.8404083000,31.5742315200,30.6420777000,12706562,397041832.5900
2022-10-12,30.8304917700,31.1775703200,31.2271529700,29.4917602200,24193376,738307881.8500
2022-10-13,30.9594066600,31.4453166300,31.8518943600,30.8999074800,18615626,591248306.4300
2022-10-14,31.7229794700,32.7245490000,32.9724622500,31.4948992800,20932623,682387724.0600
2022-10-17,32.7840481800,33.6864524100,35.0053509000,32.7840481800,34441297,1181705436.3400
2022-10-18,33.7162020000,32.9228796000,33.7162020000,32.8534638900,18200626,608017635.3600
2022-10-19,33.0517944900,32.4270531000,33.1608763200,32.3378043300,11744597,386520431.8000
2022-10-20,32.3080547400,32.6749663500,33.1212102000,31.9411431300,17305450,568799403.9700
2022-10-21,32.7443820600,33.5178714000,34.2120285000,32.1493902600,24040493,808494551.3500
2022-10-24,33.5277879300,34.1029466700,35.7986733000,33.5178714000,43800626,1524905299.3300
2022-10-25,33.8153673000,33.5773705800,34.0434474900,32.2287225000,23682595,793164745.3100
2022-10-26,33.4881218100,34.7475211200,34.9557682500,33.3294573300,26891234,935008173.2700
2022-10-27,34.6979384700,34.8962690700,35.9474212500,34.3211103300,29342168,1042836669.8000
2022-10-28,34.5194409300,33.6666193500,34.8962690700,33.3790399800,22854793,787729465.8300
2022-10-31,32.2783051500,34.7376045900,35.2036815000,32.0898910800,30076777,1041175307.4900
2022-11-01,34.7673541800,35.1540988500,35.5606765800,34.4103591000,23374059,822729246.6500
2022-11-02,35.6598418800,35.4813443400,35.8978386000,35.2334310900,23884906,856926176.6100
2022-11-03,34.9954343700,35.1243492600,35.6697584100,34.5987731700,15997165,565889917.6100
2022-11-04,35.1243492600,35.4020121000,35.5507600500,34.6086897000,24978268,884643606.3400
2022-11-07,35.0053509000,34.6979384700,35.5408435200,34.5491905200,22376166,785651708.8300
2022-11-08,34.7971037700,35.0053509000,35.0549335500,34.0831136100,24464739,856202699.7200
2022-11-09,34.9458517200,34.2417780900,34.9656847800,34.2219450300,20968515,730296153.3300
2022-11-10,34.0434474900,33.6071201700,34.4797748100,33.2997077400,17115916,582858120.2800
2022-11-11,34.6086897000,34.1723623800,34.8962690700,33.8649499500,21669774,751033153.3900
2022-11-14,34.2417780900,33.9442821900,34.7475211200,33.6666193500,18308720,628897234.4200
2022-11-15,33.8153673000,34.7574376500,34.9557682500,33.6963689400,25458086,889154681.6500
2022-11-16,35.0251839600,34.5789401100,35.3226798600,34.5095244000,24637273,866436559.4700
2022-11-17,34.7871872400,35.4515947500,35.4515947500,34.0037813700,29312436,1027011676.8900
2022-11-18,35.4515947500,34.5591070500,35.7788402400,34.4996078700,30456468,1081090581.3200
2022-11-21,34.3111938000,33.7856177100,34.4599417500,33.3988730400,22644530,771005009.4800
2022-11-22,33.4782052800,33.0517944900,33.9938648400,32.8435473600,18405869,618960176.0000
2022-11-23,32.8534638900,32.9030465400,33.2302920300,32.4270531000,14535683,480225797.5200
2022-11-24,33.0418779600,32.2882216800,33.1807093800,32.2287225000,16275231,533434356.3700
2022-11-25,32.1791398500,32.0006423100,32.4369696300,31.8518943600,10974181,354867259.5400
2022-11-28,31.6337307000,31.1478207300,31.6337307000,30.8304917700,18589893,583378075.2200
2022-11-29,31.4552331600,32.1196406700,32.1196406700,31.2172364400,18607169,596186839.8800
2022-11-30,32.1196406700,31.9808092500,32.2683886200,31.7923951800,12196980,394236892.9700
2022-12-01,32.3873869800,32.6947994100,33.0022118400,32.3873869800,19060916,628497400.0100
2022-12-02,32.5658845200,32.6947994100,33.0815440800,32.4468861600,12642468,418501284.0500
2022-12-05,33.0220449000,33.1509597900,33.2997077400,32.7741316500,15596034,520075988.2000
2022-12-06,33.0517944900,33.1509597900,33.3691234500,32.8732969500,15578107,520219531.6000
2022-12-07,33.2203755000,33.6170367000,34.0236144300,33.0319614300,22046603,746761634.6400
2022-12-08,33.5674540500,33.4385391600,33.8054507700,33.1509597900,15102012,509580514.6700
2022-12-09,33.5476209900,33.7162020000,33.9046160700,33.2997077400,16600121,563330171.8200
2022-12-12,33.6170367000,34.1128632000,34.4698582800,33.4782052800,17347501,596648325.9700
2022-12-13,33.8946995400,32.8832134800,34.0136979000,32.8534638900,16765151,562890138.9500
2022-12-14,32.9228796000,33.5476209900,34.0037813700,32.9030465400,14589371,493993986.0800
2022-12-15,33.5476209900,33.7558681200,34.0533640200,33.3294573300,12070619,411010917.7100
2022-12-16,33.6170367000,33.6170367000,33.6765358800,33.2104589700,9075113,306098261.1100
2022-12-19,33.5674540500,33.0022118400,33.7657846500,32.8038812400,9263301,310123139.8700
2022-12-20,32.9922953100,31.8618108900,33.2501250900,31.7626455900,13948295,452709808.9500
2022-12-21,31.9312266000,31.6138976400,32.1394737300,31.5345654000,7801749,250012715.5400
2022-12-22,31.9213100700,32.6848828800,33.5079548700,31.6337307000,23279076,770501608.0400
2022-12-23,32.4766357500,33.0815440800,33.9839483100,32.3973035100,18539040,622924060.9100
2022-12-26,33.1509597900,32.5262184000,33.2997077400,32.3873869800,14498531,478331135.2000
2022-12-27,32.7245490000,32.8534638900,32.9427126600,32.4270531000,9110778,300458945.0000
2022-12-28,32.6452167600,32.3576373900,32.8336308300,32.1394737300,9552592,312794616.1500
2022-12-29,32.2683886200,32.8237143000,33.3096242700,32.2485555600,12469752,413195004.4900
2022-12-30,32.8336308300,32.5559679900,33.0517944900,32.4369696300,8297414,273380473.6500
2023-01-03,32.6253837000,34.0831136100,34.2021119700,32.5559679900,28497037,967599420.7600
2023-01-04,34.0831136100,33.8649499500,34.2219450300,33.5575375200,14674518,500429941.0500
2023-01-05,33.9641152500,34.1326962600,34.2021119700,33.7955342400,15761058,540764146.8200
2023-01-06,34.0831136100,33.6567028200,34.0831136100,33.5277879300,15573820,529433685.0800
2023-01-09,33.7558681200,33.7558681200,34.0930301400,33.6170367000,12257110,418202617.4700
2023-01-10,33.9145326000,33.8352003600,33.9938648400,33.4187061000,12914633,440422382.1100
2023-01-11,33.8352003600,32.9228796000,33.9641152500,32.7245490000,21416880,718011117.1800
2023-01-12,32.8732969500,33.0319614300,33.2600416200,32.6253837000,11880451,394752616.7900
2023-01-13,33.0319614300,32.9823787800,33.0716275500,32.7840481800,9008049,298942657.0900
2023-01-16,32.9228796000,34.8863525400,35.3623459800,32.9228796000,47983122,1675921393.6100
2023-01-17,35.0351004900,35.2036815000,35.4515947500,34.7177715300,22230379,788330720.4500
2023-01-18,35.1739319100,35.0846831400,35.4020121000,34.7971037700,15145596,536064215.4100
2023-01-19,35.3325963900,38.2877223300,38.4662198700,35.3325963900,64635610,2431133196.3600
2023-01-20,38.2877223300,37.5638156400,38.4067206900,37.3456519800,31280192,1190605327.0900
2023-01-30,40.6577730000,41.3221805100,41.3221805100,40.1916960900,93129613,3848555442.7200
2023-01-31,41.3221805100,40.2412787400,41.3221805100,39.3587075700,86388184,3497085811.5900
2023-02-01,40.6081903500,42.6311624700,43.1369055000,40.5387746400,90678863,3839809730.4400
2023-02-02,42.6509955300,42.5220806400,45.3086255700,42.5022475800,126610298,5580098684.7400
2023-02-03,42.9088253100,43.4939005800,43.8806452500,42.4923310500,76987271,3359957329.7200
2023-02-06,44.3863882800,47.5001787000,47.5001787000,43.7318973000,119846802,5544881215.9800
2023-02-07,45.7152033000,46.3002785700,48.6405796500,45.1499610900,103244971,4862361509.7000
2023-02-08,46.2804455100,45.9432834900,48.1546696800,45.4276239300,87365118,4099749452.9400
2023-02-09,45.0012131400,46.0126992000,46.0126992000,44.4558039900,88243847,4013462029.6600
2023-02-10,46.1911967400,47.5100952300,49.6520657100,45.8143686000,134487140,6498223490.6900
2023-02-13,47.1035175000,48.0951705000,48.4422490500,46.5779414100,95145803,4558858140.2300
2023-02-14,47.5299282900,46.9845191400,47.5299282900,46.0920314400,72839421,3431462444.1200
2023-02-15,47.3712638100,50.3660558700,51.4469576400,46.6771067100,136955043,6766950515.9600
2023-02-16,49.5727334700,48.0951705000,50.0288938500,47.5993440000,102977473,5081412114.4600
2023-02-17,47.6191770600,46.3101951000,47.8869233700,45.9631165500,81114078,3825270990.1100
2023-02-20,46.9944356700,50.5148038200,50.5743030000,46.7167728300,129909230,6462270462.6000
2023-02-21,50.5148038200,50.2371409800,51.5163733500,49.5132342900,78412974,3970888776.8800
2023-02-22,49.6322326500,49.9594781400,50.7528005400,48.4124994600,66747545,3333979755.1900
2023-02-23,49.7809806000,48.0455878500,49.8206467200,47.5497613500,70649643,3452827921.8500
2023-02-24,48.4719986400,48.7397449500,49.4834847000,47.6885927700,65586925,3213742602.2500
2023-02-27,47.9960052000,47.3910968700,48.6901623000,47.1531001500,46721402,2254505920.8600
2023-02-28,48.0654209100,47.9365060200,48.1645862100,46.7762720100,54637905,2619790070.3800
2023-03-01,47.7480919500,49.4636516400,50.3065566900,47.6092605300,81624466,4063329191.6300
2023-03-02,49.1364061500,50.4751377000,52.0816155600,48.9678251400,84403275,4336915318.1100
2023-03-03,49.8801459000,50.2867236300,51.7642866000,49.1959053300,74281859,3770907172.6600
2023-03-06,50.1379756800,49.8999789600,50.7528005400,49.1661557400,45626069,2290634126.5700
2023-03-07,49.8702293700,48.4224159900,50.1578087400,47.8968399000,45253189,2231404674.6200
2023-03-08,48.3232506900,48.2141688600,48.4719986400,47.1630166800,47586709,2292046189.8300
2023-03-09,48.3034176300,47.8770068400,48.7496614800,47.3216811600,36465197,1763326355.8400
2023-03-10,47.2026828000,47.2324323900,48.4620821100,46.6076910000,49293288,2349189985.2200
2023-03-13,47.1035175000,48.7893276000,48.9380755500,46.7068563000,61095573,2968069194.7000
2023-03-14,48.3926664000,47.7480919500,48.7397449500,46.9944356700,45798050,2207796879.5500
2023-03-15,48.7893276000,47.7778415400,49.9594781400,47.5497613500,58476089,2867222805.8000
2023-03-16,47.0043522000,48.4620821100,49.6619822400,46.7167728300,70633747,3460875357.8300
2023-03-17,49.5628169400,51.8436188400,53.1426842700,49.5231508200,116750069,6080935514.2900
2023-03-20,52.0617825000,50.6536352400,52.8451883700,50.5247203500,75932252,3970446495.1300
2023-03-21,50.6734683000,50.3958054600,51.4271245800,49.3843194000,55768980,2834318008.1200
2023-03-22,49.5826500000,51.1197121500,51.1197121500,49.1661557400,68251222,3462691751.3100
2023-03-23,51.5659560000,56.2366416300,56.2366416300,50.9907972600,150676565,8290109496.0100
2023-03-24,56.5242210000,59.5190130600,60.3222519900,56.0283945000,141482403,8249835538.6000
2023-03-27,58.6959410700,59.9553403800,61.5320686500,58.0117005000,123458207,7443330220.3100
2023-03-28,58.7157741300,57.7538707200,59.8462585500,57.4464582900,80781508,4771641727.2700
2023-03-29,57.2977103400,58.7554402500,60.2925024000,56.3060573400,103826791,6106902149.3200
2023-03-30,58.5075270000,58.2794468100,59.6875940700,56.9704648500,64475592,3790552542.3900
2023-03-31,58.1901980400,63.1484630400,63.6244564800,57.0101309700,110212999,6759843410.8900
2023-04-03,65.4490980000,68.7215529000,68.8207182000,64.7946070200,136890488,9229453694.6900
2023-04-04,67.9778131500,65.3499327000,69.5148753000,63.8922027900,120214252,8110502760.8700
2023-04-06,63.6343730100,63.4459589400,65.1615186300,62.6724696000,84770745,5455377206.0700
2023-04-07,64.2491978700,64.9532715000,66.0738393900,62.5733043000,69224030,4501211597.4900
2023-04-10,64.1103664500,58.4579443500,64.2392813400,58.4579443500,111235028,6778609826.1400
2023-04-11,58.5075270000,59.3504320500,61.0164090900,58.0910327400,89788309,5383179070.6100
2023-04-12,59.0033535000,61.2246562200,61.6808166000,58.7058576000,78409211,4798331731.6000
2023-04-13,60.3619181100,58.5967757700,60.6693305400,58.4182782300,72101394,4307269088.2300
2023-04-14,58.8050229000,58.6860245400,59.8958412000,56.8217169000,68678167,4034569415.8600
2023-04-17,58.4777774100,57.7439541900,58.6364418900,56.7225516000,58440874,3384933657.4900
2023-04-18,58.1108658000,59.2611832800,60.2230866900,57.0795466800,70458994,4175228553.8700
2023-04-19,58.6463584200,58.0216170300,60.2726693400,57.6348723600,78471479,4659004624.2400
2023-04-20,57.7637872500,63.4162093500,63.6641226000,57.3770425800,124156828,7614780419.4900
2023-04-21,64.4574450000,57.5555401200,66.3415857000,57.3671260500,159104626,9852330811.8600
2023-04-24,57.8133699000,58.2695302800,60.4908330000,57.5456235900,95428351,5673986453.6900
2023-04-25,58.1108658000,60.6594140100,61.7403157800,58.0910327400,105868955,6421291815.1200
2023-04-26,61.4824860000,56.5043879400,62.0774778000,55.5127349400,116552398,6845948272.8700
2023-04-27,55.4829853500,54.8979100800,57.3175434000,53.7971752500,87424565,4855002717.2900
2023-04-28,54.8979100800,60.0941718000,60.3916677000,54.5409150000,106469723,6231632534.4600
2023-05-04,59.9751734400,59.4892634700,61.0759082700,57.0993797400,83036940,4919842117.1400
2023-05-05,58.7554402500,57.5654566500,61.0858248000,56.8217169000,76213234,4509181229.8000
2023-05-08,59.9553403800,63.3269605800,63.3269605800,58.8050229000,138917910,8706685332.7000
2023-05-09,64.7549409000,63.7434548400,66.2126708100,62.4146398200,138239787,8987452842.7000
2023-05-10,63.8723697300,64.9036888500,66.3019195800,62.2658918700,108835436,7067612229.4700
2023-05-11,64.9532715000,61.7502323100,66.0440898000,59.5289295900,108976870,6817791135.1700
2023-05-12,61.7303992500,62.7121357200,64.5566103000,61.0957413300,82836266,5264846962.0300
2023-05-15,63.9616185000,63.3666267000,64.3582797000,60.6990801300,75605752,4736662278.3200
2023-05-16,62.5733043000,58.6265253600,62.9699655000,58.4083617000,97069542,5922784181.8100
2023-05-17,58.5868592400,57.8431194900,59.1025188000,56.5440540600,72586782,4228517854.2900
2023-05-18,58.0414500900,60.6792470700,61.7204827200,57.1687954500,85217974,5164542574.0100
2023-05-19,60.3123354600,59.4198477600,61.2841554000,59.1322683900,48427466,2934743884.6000
2023-05-22,59.5289295900,58.3686955800,59.9553403800,57.5158740000,45089016,2659317822.5300
2023-05-23,58.3389459900,58.5967757700,59.6677610100,57.0002144400,45097559,2659514621.5900
2023-05-24,58.5868592400,56.0978102100,59.0628526800,53.0534355000,110471930,6232977896.2300
2023-05-25,55.2350721000,55.1458233300,56.1771424500,53.9459232000,73903411,4098201322.5800
2023-05-26,55.2549051600,56.1573093900,56.5837201800,54.2235860400,56309256,3166622300.2700
2023-05-29,56.8217169000,55.3739035200,57.4167087000,54.6400803000,51735864,2910531932.2500
2023-05-30,55.5623175900,59.6975106000,60.0743387400,55.3144043400,102338959,5991606798.5500
2023-05-31,59.3900981700,59.2512667500,59.9355073200,58.6066923000,59836743,3576003156.3300
2023-06-01,60.0941718000,65.1813516900,65.1813516900,59.6875940700,98116916,6260871921.8800
2023-06-02,65.8259261400,66.2424204000,66.7184138400,65.0326037400,111859053,7430883271.6600
2023-06-05,65.5482633000,66.3217526400,66.5994154800,64.6161094800,78270205,5188852932.5300
2023-06-06,66.0341732700,63.0691308000,66.2424204000,62.4741390000,92039370,5944949892.4300
2023-06-07,64.3285301100,64.3979458200,65.3995153500,63.8624532000,72581349,4722783553.0500
2023-06-08,63.4856250600,63.6740391300,64.0707003300,62.1369769800,54491541,3465962149.3100
2023-06-09,63.7930374900,65.7961765500,66.5200832400,62.4741390000,116603388,7621901683.7600
2023-06-12,67.1349081000,67.9282305000,69.5148753000,65.9350079700,132580811,9101060014.9500
2023-06-13,66.6688311900,74.2252270500,74.6714709000,66.4605840600,158395779,11578344009.8100
2023-06-14,73.3823220000,74.5028898900,74.7309700800,73.2236575200,103276083,7707370278.2200
2023-06-15,74.6516378400,72.2716706400,75.0383825100,71.2998507000,91856347,6753719406.4800
2023-06-16,72.3906690000,73.6897344300,74.7706362000,71.8155102600,86905768,6440055759.2900
2023-06-19,72.3906690000,74.9689668000,76.2779487600,71.8452598500,96899286,7248051184.1500
2023-06-20,74.3739750000,80.1255624000,81.3155460000,73.8781485000,129543203,10214702509.0200
2023-06-21,79.3223234700,76.9522728000,81.0874658100,76.9423562700,94836955,7525339511.6300
2023-06-26,75.6135412500,71.8750094400,77.6960125500,71.3097672300,103786644,7733680189.8400
2023-06-27,72.6484987800,71.8254267900,73.1145756900,69.7429554900,64798096,4660619687.5300
2023-06-28,71.1907688700,68.7711355500,71.2800176400,66.8374122000,96275179,6633760700.7400
2023-06-29,69.5842910100,68.4736396500,69.7826216100,66.6192485400,77321695,5310232301.6100
2023-06-30,67.4423205300,67.3927378800,68.4538065900,65.5978459500,86205102,5819472316.4100
2023-07-03,67.6307346000,65.5284302400,67.9778131500,62.9501324400,101401382,6653381347.9000
2023-07-04,65.5284302400,65.9845906200,67.0159097400,64.4078623500,66066133,4383302585.6000
2023-07-05,65.5178416200,64.2366832800,66.1534550600,64.1075743000,56394287,3683897124.8300
2023-07-06,64.1572316000,66.6798224400,68.6164571400,64.1572316000,103623800,6978226377.2800
2023-07-07,66.7294797400,68.1397470600,69.5102885400,63.6705900600,108818735,7339788985.2600
2023-07-10,67.2459156600,65.4383899400,67.4346134000,65.2099663600,73591689,4882647418.4500
2023-07-11,65.4483214000,68.6959088200,69.2123447400,65.4383899400,98933568,6777281283.9300
2023-07-12,67.7226257400,67.6828999000,69.3215908000,67.1962583600,81473991,5575304283.6500
2023-07-13,67.8815291000,67.8715976400,69.0037840800,64.4353124800,112755052,7507820136.1500
2023-07-14,68.5270740000,69.7089177400,71.6753468200,68.4277594000,100301627,7106430365.5300
2023-07-17,68.5767313000,69.5202200000,71.5065120000,68.3085818800,53602046,3768444071.7200
2023-07-18,69.6195346000,66.6698909800,70.2154222000,66.6400966000,61372310,4215092082.3300
2023-07-19,68.8846065600,67.2955729600,70.0167930000,66.9876977000,55907146,3846273301.0600
2023-07-20,67.5835853000,63.6110013000,67.8318718000,63.5414810800,78239167,5120828255.0500
2023-07-21,63.3329204200,64.1373686800,65.2298292800,62.9654564000,43948807,2835459893.3300
2023-07-24,63.5613440000,62.9753878600,65.2894180400,62.2305283600,58154345,3720748979.9600
2023-07-25,64.0082597000,63.8692192600,64.7531192000,62.6277867600,52614422,3378609810.6300
2023-07-26,63.5613440000,62.2901171200,63.7599732000,61.7041609800,51964464,3271154996.5600
2023-07-27,62.2702542000,61.9226531000,63.0548395400,61.6743666000,31157662,1952652719.8300
2023-07-28,61.6743666000,62.0021047800,62.8661418000,61.2373823600,35964028,2247705528.1300
2023-07-31,62.0021047800,62.4490204800,63.2435372800,61.0288217000,45398937,2854344536.6600
2023-08-01,60.6812206000,60.4329341000,61.3366969600,58.3969848000,90880195,5468125513.3100
2023-08-02,60.4329341000,61.3962857200,62.3695688000,60.2839622000,42086647,2596945543.8000
2023-08-03,60.6712891400,61.7140924400,62.5384036200,60.5620430800,28042385,1741412433.0200
2023-08-04,61.8531328800,62.8860047200,63.3627148000,61.4161486400,44850669,2834322475.5900
2023-08-07,63.5613440000,63.3627148000,64.5544900000,63.0349766200,47069928,3028083665.1600
2023-08-08,63.3627148000,63.1342912200,64.2267518200,63.0250451600,26139375,1673325390.5000
2023-08-09,62.9356620200,63.5116867000,64.5147641600,62.3695688000,45192764,2902559634.5400
2023-08-10,62.8462788800,62.7568957400,63.4123721000,62.0716250000,33418948,2107351965.7200
2023-08-11,63.0647710000,61.5750520000,63.8294934200,61.5353261600,27685192,1744150385.2700
2023-08-14,60.7904666600,63.5414810800,63.5911383800,60.5918374600,50839390,3193184798.6400
2023-08-15,63.3229889600,63.5613440000,64.5048327000,62.1709396000,60984828,3899196523.2700
2023-08-16,62.7271013600,58.0791780800,63.2634002000,57.2052096000,103299701,6134832512.4100
2023-08-17,57.1853466800,58.4267791800,58.8141061200,56.3511040400,59279472,3444521958.4700
2023-08-18,58.1983556000,56.2915152800,58.7644488200,55.9339827200,49643571,2842882471.5600
2023-08-21,55.7154906000,55.5168614000,57.0661691600,55.3182322000,40838466,2311762047.0800
2023-08-22,56.1127490000,56.9072658000,57.1058950000,55.1692603000,46675663,2641823647.9700
2023-08-23,56.4106928000,53.7987188200,56.5000759400,53.6795413000,55490575,3058474134.6100
2023-08-24,54.4244008000,52.9346818000,54.5137839400,52.8254357400,50330654,2727924422.6700
2023-08-25,52.1997537600,51.0179100200,52.7360526000,50.6206516200,57300376,2966498509.1500
2023-08-28,54.6230300000,50.9682527200,54.6230300000,50.1340100800,77320461,4005190237.8300
2023-08-29,50.0247640200,51.7031807600,52.7161896800,49.7764775200,78408203,4077772018.4800
2023-08-30,52.0805762400,55.0798771600,55.2685749000,51.8521526600,102938652,5600192148.1300
2023-08-31,54.4740581000,54.4541951800,55.1692603000,53.2326256000,56866739,3110997768.3100
2023-09-01,54.2456345200,53.9973480200,54.7918648200,53.2028312200,34777022,1883416521.5200
2023-09-04,54.2853603600,52.8850245000,54.2853603600,52.6069436200,60345991,3218091779.1000
2023-09-05,53.3716660400,52.0011245600,53.9973480200,51.8024953600,57518006,3052951489.2000
2023-09-06,51.7429066000,51.4449628000,51.7429066000,50.6504460000,39974564,2060346661.6000
2023-09-07,51.6435920000,50.3624336600,51.7230436800,50.3326392800,31142810,1592661949.3000
2023-09-08,50.2531876000,49.1309326200,50.6305830800,49.0713438600,41859637,2088767918.5000
2023-09-11,49.5579854000,50.6504460000,52.1401650000,48.6641540000,81687348,4125286341.6300
2023-09-12,50.1638044600,50.4617482600,51.1867448400,49.9254494200,36622583,1865807920.8600
2023-09-13,50.2531876000,48.9720292600,50.2531876000,48.4655248000,43999150,2173961333.0000
2023-09-14,48.9720292600,48.7436056800,49.4785337200,48.5648394000,26878501,1324381802.3700
2023-09-15,48.8627832000,47.6908709200,49.0812753200,47.5716934000,37303819,1804761427.5600
2023-09-18,47.6710080000,48.0484034800,49.2600416000,47.3730642000,42558755,2076124831.4200
2023-09-19,47.9689518000,46.4295755000,48.0186091000,46.0223856400,63934350,3003135633.8500
2023-09-20,46.7076563800,46.1812890000,47.1049147800,46.1514946200,29697671,1394043120.9400
2023-09-21,45.9230710400,46.2806036000,47.1744350000,45.8237564400,38526764,1805764076.6900
2023-09-22,46.2806036000,49.1110697000,49.5480539400,46.0422485600,91560770,4454248094.9500
2023-09-25,49.2997674400,48.5549079400,49.7566146000,48.2768270600,51391650,2537795450.3000
2023-09-26,48.6740854600,50.7497606000,51.6237290800,48.6740854600,77984044,3978925080.4600
2023-09-27,50.2531876000,50.5809257800,51.0477044000,50.1240786200,40268449,2049211028.8500
2023-09-28,50.8888010400,50.3127763600,51.3953055000,50.1240786200,37953458,1932144603.0400
2023-10-09,50.4220224200,50.8788695800,51.3257852800,50.0148325600,41886071,2142432046.6600
2023-10-10,50.9185954200,51.2959909000,53.4113918800,50.2432561400,72447373,3770985339.9000
2023-10-11,51.0477044000,55.0997400800,56.4305557200,50.9682527200,145206930,8024991286.9300
2023-10-12,54.6031670800,53.9079648800,54.8713165000,52.7757784400,85419334,4624675811.6700
2023-10-13,53.4908435600,52.9744076400,54.4144693400,52.4877661000,53346573,2866715293.5700
2023-10-16,52.9346818000,52.6367380000,53.7887873600,51.9713301800,48800657,2594524419.0100
2023-10-17,52.8949559600,52.0209874800,53.1134480800,51.5542088600,40349347,2118388049.6600
2023-10-18,52.5274919400,53.1035166200,53.9576221800,50.6504460000,69596054,3695505026.1900
2023-10-19,53.1035166200,53.4312548000,55.3083007400,52.7956413600,71628614,3892155425.4800
2023-10-20,51.9415358000,50.7298976800,52.6963267600,50.2531876000,75318552,3888316687.2000
2023-10-23,51.1569504600,51.5144830200,52.1898223000,49.3394932800,53006319,2718698392.6600
2023-10-24,51.7429066000,46.3799182000,52.3089998200,46.3600552800,120911075,5851606637.5800
2023-10-25,46.4097125800,47.3234069000,49.3692876600,46.4097125800,95142207,4619959590.8000
2023-10-26,47.3134754400,45.4066351200,47.3134754400,44.5624610200,91375884,4179604583.8600
2023-10-27,45.0093767200,45.2477317600,45.7641676800,44.3638318200,59931166,2714839578.4200
2023-10-30,44.7908846000,45.3470463600,45.7740991400,44.4333520400,54560262,2480226217.1900
2023-10-31,45.3867722000,45.2477317600,45.9826598000,44.1949970000,59396277,2678625484.2900
2023-11-01,45.1384857000,44.6518441600,45.8336879000,44.6121183200,43086467,1955499721.2400
2023-11-02,44.7908846000,44.0857509400,45.1285542400,43.7878071400,39184179,1750208824.6700
2023-11-03,44.4929408000,45.7343733000,46.0124541800,44.1751340800,68563119,3132499301.8900
2023-11-06,46.0919058600,47.1148462400,47.5617619400,45.6052643200,65640417,3098811862.6800
2023-11-07,46.8864226600,47.7802540600,48.1179237000,46.7275193000,65720457,3137160266.7800
2023-11-08,48.0484034800,48.2668956000,48.6542225400,47.4723788000,58233777,2822158044.8600
2023-11-09,48.6641540000,48.1775124600,49.2203157600,47.6511450800,44975724,2185589609.7800
2023-11-10,47.7504596800,47.0751204000,47.9391574200,46.9460114200,36663288,1744702932.6000
2023-11-13,48.0186091000,49.2997674400,50.4220224200,47.4922417200,82261899,4082429221.7200
2023-11-14,49.6175741600,49.5679168600,50.0049011000,48.6740854600,50944338,2528928369.7700
2023-11-15,50.5709943200,50.0545584000,51.5045515600,49.7566146000,59030600,2995728064.5800
2023-11-16,49.6275056200,48.9223719600,49.9552438000,48.8925775800,36481102,1811833102.8600
2023-11-17,48.6641540000,48.8627832000,49.4189449600,48.3264843600,33544720,1645522512.2100
2023-11-20,48.8329888200,49.3295618200,49.8459977400,48.4754562600,41871439,2075089061.0500
2023-11-21,49.3494247400,48.6542225400,49.7069573000,48.3860731200,34089919,1681696828.2400
2023-11-22,48.3364158200,47.4723788000,48.5648394000,47.4723788000,30504504,1472893053.3400
2023-11-23,48.0186091000,47.5617619400,48.1675810000,46.4891642600,28782945,1368506274.4400
2023-11-24,48.0384720200,46.0621114800,48.1377866200,45.5655384800,45558883,2123672470.6200
2023-11-27,45.4463609600,45.3967036600,45.9528654200,45.1881430000,29506216,1349554686.6900
2023-11-28,45.3768407400,45.3669092800,45.4960182600,44.8405419000,23444841,1065784415.7800
2023-11-29,45.3371149000,44.7511587600,45.4562924200,44.5922554000,25762725,1165500799.5000
2023-11-30,44.5723924800,44.4432835000,44.8703362800,44.0360936400,25623859,1146262284.4700
2023-12-01,44.4234205800,46.8566282800,47.4425844200,44.1453397000,66237484,3065953180.9700
2023-12-04,46.8466968200,46.9460114200,47.7305967600,46.3997811200,44598034,2118696778.9900
2023-12-05,46.5090271800,45.1384857000,46.7473822200,45.0987598600,35072820,1616288005.4700
2023-12-06,45.0888284000,45.0689654800,45.6052643200,44.6021868600,28617688,1297242380.4000
2023-12-07,45.0689654800,46.7573136800,47.6610765400,44.8901992000,63987676,2986958509.0600
2023-12-08,46.9758058000,48.1179237000,49.1210011600,46.5288901000,77279041,3715949063.9100
2023-12-11,47.6511450800,49.3196303600,49.6076427000,47.3134754400,63977516,3128807139.9900
2023-12-12,49.0614124000,49.1507955400,49.6573000000,48.6641540000,43416030,2146854944.2500
2023-12-13,49.1607270000,48.5648394000,49.7764775200,48.5449764800,42982871,2128353192.2900
2023-12-14,48.8826461200,48.5648394000,49.7665460600,48.5350450200,40717470,2012544097.6600
2023-12-15,48.8429202800,48.0086776400,49.0415494800,47.5121046400,33042865,1601000425.3800
2023-12-18,47.6710080000,47.0056001800,48.1179237000,46.8466968200,29964423,1430155291.2000
2023-12-19,46.9360799600,47.8497742800,48.3463472800,46.5686159400,31209342,1495787816.1700
2023-12-20,47.8100484400,46.0124541800,47.9192945000,45.9826598000,32969330,1547195121.8000
2023-12-21,45.6747845400,46.8069709800,47.3333383600,45.6747845400,29692678,1394451372.8200
2023-12-22,46.6182732400,45.6449901600,46.9261485000,45.3569778200,32162154,1488194457.2600
2023-12-25,45.7939620600,46.3203294400,47.2737496000,45.5655384800,27824108,1298745337.1500
2023-12-26,46.1117687800,44.8604048200,46.1614260800,44.5028722600,30506154,1380736139.4800
2023-12-27,44.9001306600,44.7412273000,45.0689654800,44.4234205800,25863618,1164934535.3200
2023-12-28,44.7015014600,45.7343733000,45.9826598000,43.9665734200,40894581,1860358253.2200
2023-12-29,45.7343733000,46.0621114800,46.3401923600,45.5953328600,33360328,1545400716.2400
2024-01-02,46.0323171000,44.7908846000,46.1117687800,44.7511587600,30823658,1402697764.9400
2024-01-03,44.6915700000,42.9833588800,44.7412273000,42.3775398200,57593644,2513704705.5900
2024-01-04,42.7052780000,41.4141882000,42.8045926000,41.2552848400,47430077,1989797106.6100
2024-01-05,41.5830230200,40.6593972400,41.6227488600,40.3713849000,36701974,1515018364.4900
2024-01-08,40.5402197200,39.7357714600,40.6991230800,39.6861141600,30740082,1237026254.9300
2024-01-09,39.7357714600,39.8847433600,40.2224130000,39.4278962000,30064101,1204613669.0000
2024-01-10,39.7258400000,39.1299524000,40.0237838000,38.5142018800,34512052,1363231586.4000
2024-01-11,39.1299524000,40.5402197200,40.7984376800,39.1299524000,43825597,1775118929.5800
2024-01-12,40.3217276000,39.9145377400,40.5700141000,39.8251546000,24980138,1011210840.6800
2024-01-15,39.7258400000,39.6066624800,40.5203568000,39.3782389000,26771173,1074969853.7600
2024-01-16,39.5272108000,39.6761827000,39.6761827000,38.8618029800,30257794,1195313411.3200
2024-01-17,39.8549489800,38.9114602800,39.9145377400,38.9114602800,25250180,1001958258.9800
2024-01-18,38.6135164800,39.7457029200,39.7854287600,38.2162580800,43138183,1687765602.7900
2024-01-19,39.5867995600,39.0802951000,39.9046062800,38.9313232000,26035163,1033864358.6200
2024-01-22,39.6265254000,38.0176288800,39.7159085400,37.6303019400,37725775,1473331114.5400
2024-01-23,37.8388626000,41.8213780600,41.8213780600,37.6104390200,105142255,4299831645.9400
2024-01-24,41.4439825800,42.1093904000,42.1689791600,40.5898770200,78055437,3262509818.6600
2024-01-25,41.6823376200,42.3080196000,42.6059634000,41.0566556400,67127371,2833551980.4100
2024-01-26,41.9008297400,41.5532286400,42.4271971200,41.5035713400,45240547,1905600546.1000
2024-01-29,41.5432971800,40.1330298600,41.7915836800,40.1230984000,44320020,1813963671.4400
2024-01-30,41.0069983400,40.8580264400,42.9039072000,40.6296028600,74398815,3127719708.3900
2024-01-31,41.5830230200,38.1368064000,41.7121320000,38.0374918000,70080427,2772273053.4600
2024-02-01,37.6501648600,40.7090545400,41.9504870400,37.1436604000,97407555,3974416952.2100
2024-02-02,40.5998084800,39.6265254000,41.1659017000,38.4645445800,71250422,2854131196.5300
2024-02-05,39.3285816000,39.2193355400,41.0963814800,38.0275603400,75735070,3026060897.0600
2024-02-06,37.7892053000,40.9176152000,41.3843938200,37.7494794600,76951141,3083095860.3400
2024-02-07,41.2155590000,41.7121320000,42.2881566800,40.3217276000,70814124,2970325569.8200
2024-02-08,42.2285679200,43.2515083000,43.5792464800,41.9107612000,69832843,3014847521.2400
2024-02-19,45.5854014000,46.2210148400,46.6282047000,44.3936262000,103055020,4735696685.1300
2024-02-20,45.6449901600,45.1484171600,45.7840306000,44.8901992000,61915475,2824688878.2700
2024-02-21,44.3539003600,44.7114329200,45.6350587000,44.1155453200,56554637,2558770829.1700
2024-02-22,45.5754699400,46.0323171000,47.2638181400,45.5754699400,84005364,3913018471.5500
2024-02-23,46.3799182000,46.0124541800,46.4593698800,45.3867722000,53454014,2467860762.7500
2024-02-26,46.6579990800,46.6679305400,47.5418990200,45.8932766600,75091250,3552386990.5500
2024-02-27,46.3699867400,49.4785337200,49.6573000000,45.8833452000,107787128,5205401506.0600
2024-02-28,49.5083281000,47.2737496000,50.0942842400,47.2340237600,97744520,4801975084.2800
2024-02-29,47.1247777000,49.0514809400,49.2203157600,46.9758058000,76707104,3745382146.0500
2024-03-01,49.5281910200,52.2096852200,53.1233795400,49.4586708000,125775034,6469301927.3700
2024-03-04,52.2096852200,51.9713301800,52.8552301200,51.1569504600,83211122,4354463065.5200
2024-03-05,51.6435920000,52.1500964600,53.9675536400,51.2264706800,108417973,5733892174.5200
2024-03-06,51.7230436800,51.7031807600,52.4381088000,50.9285268800,68547583,3564670575.1000
2024-03-07,51.9216728800,49.9254494200,52.2990683600,49.6573000000,71449754,3653219665.4800
2024-03-08,49.9850381800,50.4617482600,50.8490752000,49.4785337200,54417611,2743988245.4300
2024-03-11,49.6672314600,51.1370875400,51.3357167400,49.2600416000,55015958,2806010724.9200
2024-03-12,51.4449628000,50.4418853400,51.5740717800,50.1340100800,50519038,2577357012.4500
2024-03-13,50.8490752000,50.4915426400,51.1569504600,50.2531876000,49004331,2503005587.0700
2024-03-14,50.0942842400,49.8162033600,50.6007887000,49.1706584600,44851700,2250782178.0200
2024-03-15,49.6573000000,50.3326392800,50.4319538800,48.9819607200,46488105,2329374241.2000
2024-03-18,50.5312684800,51.0477044000,51.2463336000,50.0247640200,54437525,2778838601.8800
2024-03-19,50.8490752000,50.1538730000,50.8689381200,50.1538730000,37540191,1908636867.4600
2024-03-20,50.0644898600,51.5740717800,52.3983829600,50.0545584000,83376829,4322106154.9900
2024-03-21,51.6435920000,51.8720155800,53.7788559000,51.3357167400,85275698,4508630769.4700
2024-03-22,51.4449628000,50.7298976800,51.7429066000,50.3425707400,53521259,2743200512.0500
2024-03-25,50.7199662200,48.7734000600,51.1569504600,48.6641540000,61296449,3084200384.4400
2024-03-26,48.6641540000,47.6908709200,49.1309326200,47.2737496000,53876297,2616125721.2200
2024-03-27,47.8597057400,45.5357441000,47.8994315800,45.5059497200,50491238,2355620401.3100
2024-03-28,45.5854014000,49.2799045200,50.0346954800,45.5754699400,92872321,4526925938.1100
2024-03-29,49.1210011600,48.3860731200,49.1210011600,47.5716934000,44348424,2151907216.7700
2024-04-01,48.6641540000,49.1905213800,49.5381224800,48.2768270600,38689591,1907298707.7100
2024-04-02,48.9918921800,48.4655248000,49.0614124000,48.0186091000,29574103,1442346739.6300
2024-04-03,48.2172383000,47.3333383600,48.2668956000,46.8665597400,27837800,1327508958.2300
2024-04-08,47.3432698200,46.6778620000,47.4425844200,46.4295755000,23513807,1112413773.1100
2024-04-09,46.6778620000,46.8367653600,46.9162170400,45.8932766600,24405513,1141061367.6900
2024-04-10,46.8367653600,45.5854014000,46.8367653600,45.2179373800,30467164,1402934209.2300
2024-04-11,45.5854014000,46.0919058600,47.0453260200,45.5854014000,34301815,1605407058.2100
2024-04-12,46.2309463000,45.6847160000,46.9261485000,45.6648530800,26251238,1218284216.4100
2024-04-15,45.6847160000,45.4662238800,46.2110833800,44.9398565000,30959065,1422056166.3000
2024-04-16,45.2378003000,45.2675946800,46.8268339000,45.0689654800,37823180,1745807596.7300
2024-04-17,45.5655384800,46.7573136800,46.8169024400,45.2576632200,42750619,1995178992.1000
2024-04-18,46.3799182000,46.1415631600,46.7175878400,45.6946474600,31903146,1483450795.9300
2024-04-19,45.6648530800,44.2943116000,45.8734137400,43.7083554600,50169258,2249786097.6400
2024-04-22,43.4997948000,43.9765048800,44.1850655400,42.0795960200,31833980,1396084380.4500
2024-04-23,42.8641813600,41.6823376200,42.9436330400,40.4607680400,74606104,3125688750.8500
2024-04-24,41.7121320000,43.1223993200,43.2515083000,41.2354219200,50424409,2145737662.0100
2024-04-25,42.4867858800,42.6854150800,42.9833588800,42.2384993800,27843650,1196362039.7000
2024-04-26,42.7052780000,44.0460251000,44.3539003600,42.7052780000,43462840,1923457903.7600
2024-04-29,44.5525295600,45.1980744600,46.0223856400,44.5227351800,49137691,2242163727.2400
2024-04-30,45.0888284000,44.8008160600,45.6449901600,44.4929408000,30700043,1390958193.0800
2024-05-06,45.8833452000,45.2179373800,46.0621114800,44.9696508800,32970816,1511083060.5200
2024-05-07,45.2179373800,45.2874576000,46.1812890000,44.8802677400,34960605,1603512581.6400
2024-05-08,44.8206789800,44.0360936400,44.8405419000,43.9367790400,25141851,1120042263.3600
2024-05-09,44.0559565600,44.3638318200,44.6319812400,43.9069846600,21163868,943652777.3900
2024-05-10,44.1453397000,43.4501375000,44.4333520400,43.3607543600,27793201,1221496329.6200
2024-05-13,43.6984240000,43.7977386000,44.4730778800,43.1124678600,26623881,1174415539.0800
2024-05-14,44.4333520400,43.2316453800,44.5425981000,43.0727420200,32065815,1403404127.8400
2024-05-15,42.9734274200,42.7052780000,43.2018510000,42.5761690200,17729395,764687681.6900
2024-05-16,42.9237701200,42.5463746400,43.1621251600,42.3874712800,27344660,1176530647.7500
2024-05-17,42.4073342000,42.8939757400,42.9039072000,42.1093904000,20756576,890805149.5100
2024-05-20,42.9039072000,43.3011656000,43.6884925400,42.7052780000,26934161,1173959994.8400
2024-05-21,43.3011656000,43.0926049400,43.4402060400,43.0032218000,16676341,725208950.6500
2024-05-22,43.2912341400,43.5693150200,43.8871217400,42.7847296800,26678827,1166808641.1800
2024-05-23,43.5792464800,42.3576769000,43.7977386000,42.2583623000,31315212,1347106990.5800
2024-05-24,42.1193218600,41.5135028000,42.4967173400,41.5135028000,23740396,1001070056.2400
2024-05-27,41.5234342600,41.8710353600,41.9206926600,40.9970668800,19087793,795183578.1800
2024-05-28,41.8213780600,40.8580264400,41.8213780600,40.7885062200,21409973,886179045.7400
2024-05-29,41.2155590000,40.9076837400,41.9107612000,40.7984376800,19449755,805475130.4200
2024-05-30,40.8977522800,41.6922690800,42.0100758000,40.4210422000,28263842,1178250704.1600
2024-05-31,41.6922690800,41.9107612000,42.4073342000,41.5432971800,21900501,926997634.2500
2024-06-03,41.9206926600,41.9504870400,42.2087050000,41.6128174000,16768471,707652143.7900
2024-06-04,41.9604185000,41.8710353600,42.1491162400,41.2950106800,17303100,725158649.8800
2024-06-05,41.9008297400,42.0597331000,42.5761690200,41.7617893000,21796672,927499355.5200
2024-06-06,42.1391847800,41.6922690800,42.8542499000,41.6128174000,27641436,1172912506.9200
2024-06-07,41.7915836800,41.2254904600,42.0398701800,40.7189860000,22503319,934234340.0200
2024-06-11,41.2354219200,41.5234342600,41.7022005400,40.6196714000,19941526,829603223.8400
2024-06-12,41.7121320000,42.6357577800,43.0032218000,41.6227488600,34307761,1471592381.3100
2024-06-13,42.6059634000,42.7847296800,42.9535645000,42.2583623000,27127691,1166443888.4500
2024-06-14,42.7847296800,43.1025364000,43.2018510000,42.2583623000,31506275,1361269828.7300
2024-06-17,43.0131532600,42.6059634000,43.1819880800,42.3080196000,27680057,1191284893.5800
2024-06-18,42.6258263200,43.3011656000,43.9069846600,42.5563061000,36472607,1595421413.7600
2024-06-19,43.2217139200,42.7450038400,43.3408914400,42.7052780000,20179348,871983818.6100
2024-06-20,42.5066488000,41.8114466000,42.6456892400,41.8015151400,23038986,978348751.7500
2024-06-21,41.6525432400,42.4371285800,42.5463746400,41.3248050600,19685199,833298518.4200
2024-06-24,42.1888420800,41.1956960800,42.3576769000,41.1460387800,22663753,949940829.2300
2024-06-25,41.7121320000,41.2254904600,42.2782252200,40.7686433000,21913579,915077012.0800
2024-06-26,41.9107612000,44.4532149600,45.1086913200,41.5333657200,86661284,3794111586.4700
2024-06-27,44.0857509400,42.8443184400,44.3638318200,42.7450038400,54612205,2394587348.5000
2024-06-28,42.9039072000,42.6556207000,43.1621251600,42.3874712800,48399169,2085958468.7800
2024-07-01,42.5463746400,43.1919195400,43.4402060400,42.1093904000,38552865,1667621073.8100
2024-07-02,42.9436330400,42.5364431800,43.5792464800,42.3775398200,32052764,1385605000.2900
2024-07-03,42.5066488000,41.7717207600,42.5364431800,41.1261758600,27726057,1163070557.1900
2024-07-04,41.8809668200,40.8282320600,42.0299387200,40.8282320600,26895350,1119274857.8600
2024-07-05,40.9178037000,41.0173604000,41.1866067900,40.0217934000,23252223,949364091.5300
2024-07-08,40.2308624700,38.5284429000,40.2308624700,38.2098614600,48149503,1878697888.5400
2024-07-09,38.5184872300,38.8271130000,38.9266697000,37.7319893000,39902345,1541676079.1800
2024-07-10,38.7673789800,38.6877336200,39.4543202100,38.4587532100,25694268,1006234460.2300
2024-07-11,39.3248965000,39.0760047500,39.4443645400,38.9067583600,26667686,1048726610.8600
2024-07-12,38.8968026900,38.4886202200,39.0560934100,38.4487975400,24251904,941637921.3800
2024-07-15,38.4487975400,37.9609697100,38.4487975400,37.7319893000,21018422,802398432.3400
2024-07-16,37.9609697100,38.8370686700,39.0262264000,37.7319893000,29607370,1146196747.1500
2024-07-17,38.8470243400,38.7474676400,39.4244532000,38.6877336200,23174706,906726163.0500
2024-07-18,38.3193738300,38.5184872300,38.5284429000,37.5328759000,29012681,1107927015.2500
2024-07-19,38.1501274400,39.1257831000,39.3248965000,38.1103047600,28657184,1122935318.3700
2024-07-22,39.1257831000,39.4642758800,40.0018820600,39.1257831000,29780869,1184481261.7700
2024-07-23,39.3248965000,38.4089748600,39.3348521700,38.4089748600,21004948,821038117.8900
2024-07-24,38.3591965100,38.1700387800,38.9067583600,38.0107480600,19248380,743298128.1600
2024-07-25,38.0306594000,38.2496841400,38.5383985700,37.8415016700,15463746,594035953.1600
2024-07-26,38.2994624900,38.4886202200,38.6379552700,38.0605264100,14964954,576447431.6700
2024-07-29,38.5284429000,38.4388418700,38.6877336200,38.2397284700,11470720,443251494.8500
2024-07-30,38.4388418700,38.5881769200,38.6180439300,38.0406150700,13390021,515505361.7200
2024-07-31,38.5184872300,39.5439212400,39.6434779400,38.3990191900,28158340,1111355252.8300
2024-08-01,39.5538769100,39.0859604200,39.7032119600,39.0461377400,20544843,810990833.2600
2024-08-02,38.8072016600,38.6976892900,39.3149408300,38.5782212500,15724777,613826144.0500
2024-08-05,38.2297728000,37.7319893000,38.9465810400,37.7120779600,24101401,924062574.8300
2024-08-06,38.0007923900,36.2585501400,38.1700387800,35.0439584000,50868923,1850530614.1600
2024-08-07,36.2685058100,36.2983728200,36.6866439500,36.0395254000,21856753,798025323.4100
2024-08-08,35.9499243700,35.9897470500,36.2585501400,35.3824511800,19705617,708703937.0800
2024-08-09,36.1390821000,35.7408553000,36.3879738500,35.7010326200,13199724,476915203.6100
2024-08-12,35.7209439600,34.5561305700,35.7308996300,33.6501646000,33142321,1154457791.4000
2024-08-13,34.6457316000,34.7651996400,34.9344460300,34.3470615000,16609387,577006706.3000
2024-08-14,34.7651996400,34.5163078900,34.8448450000,34.3570171700,13188921,458029118.2400
2024-08-15,34.4466182000,34.5262635600,35.0837810800,34.0782584100,21328123,741380013.8900
2024-08-16,34.5163078900,34.3072388200,34.6955099500,34.2574604700,13464535,465800730.5500
2024-08-19,34.2972831500,34.3570171700,34.5859975800,34.2176377900,14621461,505417292.0300
2024-08-20,34.3669728400,33.8691893400,34.4864408800,33.6202975900,17091654,582122637.1500
2024-08-21,33.8194109900,33.8492780000,34.5362192300,33.3514945000,17042519,582822375.8700
2024-08-22,33.8990563500,32.9333563600,34.3371058300,32.8935336800,24729453,829677239.4200
2024-08-23,32.8537110000,33.7795883100,33.8990563500,32.8039326500,25052367,843483506.9900
2024-08-26,33.7895439800,33.8492780000,34.1778151100,33.6601202700,14481535,492683558.6500
2024-08-27,33.7596769700,33.1822481100,33.7895439800,33.0528244000,14814838,495164434.3800
2024-08-28,33.1424254300,33.1722924400,33.3514945000,32.5152182200,15425333,510333309.0300
2024-08-29,32.9034893500,33.4410955300,33.7696326400,32.8437553300,16625988,558439384.5300
2024-08-30,33.4311398600,34.2375491300,34.5959532500,33.3614501700,28409323,978243498.1100
2024-09-02,34.3470615000,33.2419821300,34.3769285100,33.2419821300,20065696,678010654.7800
2024-09-03,33.2519378000,33.9388790300,34.1280367600,33.1623367700,20415570,692972144.6200
2024-09-04,33.5804749100,33.7298099600,33.9687460400,33.5306965600,11688344,396415615.2800
2024-09-05,33.7397656300,34.0981697500,34.2972831500,33.6601202700,14346518,490117795.7600
2024-09-06,34.1977264500,33.8492780000,34.6059089200,33.7397656300,19424574,667682294.4400
2024-09-09,33.7497213000,33.5107852200,34.0981697500,33.3514945000,13268707,448339327.7400
2024-09-10,33.5306965600,34.0085687200,34.2773718100,33.1125584200,16748292,566933119.3400
2024-09-11,33.9787017100,34.1877707800,34.3470615000,33.8094553200,14948315,512893609.2400
2024-09-12,34.3271501600,33.9289233600,34.6955099500,33.9289233600,14255151,491054536.2700
2024-09-13,34.0483914000,33.6700759400,34.2475048000,33.6501646000,13073080,445507613.8600
2024-09-18,33.6800316100,33.6899872800,33.7994996500,33.2618934700,11051861,371853924.4100
2024-09-19,33.8492780000,34.4267068600,34.6158645900,33.4610068700,25135461,864006380.8500
2024-09-20,34.4366625300,34.5362192300,34.6258202600,34.2176377900,18352544,634556172.0600
2024-09-23,34.5362192300,34.6556872700,35.2231604600,34.4764852100,20131748,704323144.5300
2024-09-24,34.7651996400,35.6910769500,35.6910769500,34.1977264500,37954328,1339333538.0100
2024-09-25,35.9598800400,36.2187274600,37.2939398200,35.9598800400,48058528,1769655936.6300
2024-09-26,36.2187274600,37.4034521900,37.4034521900,36.0196140600,38043638,1406537750.8700
2024-09-27,38.0804377500,40.2209068000,40.8182470000,38.0804377500,74378654,2950486696.4700
2024-09-30,42.1921294600,44.2429974800,44.2429974800,42.0726614200,110559772,4828743059.3400
2024-10-08,48.6633149600,48.6633149600,48.6633149600,45.7960820000,137813583,6678014043.6500
2024-10-09,48.6633149600,46.7617819900,49.9177293800,45.8657716900,144300702,6942143622.8800
2024-10-10,46.7617819900,44.5416675800,47.4885459000,43.7153469700,94711110,4293400007.0600
2024-10-11,44.1832634600,42.7197799700,44.2927758300,42.1921294600,59485159,2568282971.0200
2024-10-14,42.7197799700,43.4564995500,43.4664552200,41.9531933800,53732497,2313967453.9200
2024-10-15,43.4067212000,42.8591593500,44.5516232500,42.8193366700,54286563,2385162817.0400
2024-10-16,42.0527500800,42.8093810000,43.3668985200,41.8735480200,32935771,1412525057.1200
2024-10-17,43.1080511000,44.2031748000,45.4376778800,42.9089377000,79848642,3534829720.4600
2024-10-18,43.8149036700,45.6268356100,47.2993881700,42.8591593500,112878222,5100644027.3300
2024-10-21,46.0151067400,45.9752840600,46.7916490000,45.6268356100,95626350,4441628408.2600
2024-10-22,45.7960820000,45.3480768500,46.0947521000,44.9199830400,55342974,2516923851.2300
2024-10-23,45.2982985000,45.3779438600,45.7960820000,44.9398943800,45149911,2059996997.2700
2024-10-24,45.4078108700,44.6113572700,45.5471902500,44.5814902600,37681320,1697958586.5600
2024-10-25,45.2485201500,45.2783871600,45.6069242700,44.9697613900,41053888,1866511888.5700
2024-10-28,45.5471902500,45.4476335500,45.8956387000,45.1987418000,39844756,1821071794.7700
2024-10-29,45.6367912800,45.7064809700,47.2097871400,44.9498500500,81010326,3752782509.0700
2024-10-30,45.3978552000,45.3480768500,46.1246191100,44.8005150000,47383812,2160674500.0000
2024-10-31,45.3480768500,45.7463036500,46.3436438500,44.5018449000,64000431,2930889740.2400
2024-11-01,45.7562593200,44.5814902600,46.9808067300,44.5715345900,60443706,2752387532.0300
2024-11-04,44.2429974800,45.2286088100,45.9055943700,43.5461005800,48351023,2180904470.4900
2024-11-05,45.2982985000,46.5825799300,46.8812500300,44.9299387100,92624548,4303433742.3100
2024-11-06,46.5925356000,47.5781469300,48.6732706300,46.4432005500,110341760,5284244456.3000
2024-11-07,46.7916490000,48.4841129000,49.1810098000,46.1943088000,101427309,4836029294.3800
2024-11-08,49.0117634100,47.9863294000,50.1765768000,47.8768170300,107426945,5288687968.7100
2024-11-11,47.7872160000,51.1223654500,51.5902819400,47.6279252800,162826834,8227981097.0100
2024-11-12,50.7739170000,49.0615417600,50.9730304000,48.5637582600,110434710,5508650546.3400
2024-11-13,48.4542458900,53.9696870700,53.9696870700,48.2650881600,224644282,11740730573.6700
2024-11-14,54.3480025300,52.4564252300,54.9055200500,52.1677108000,195114568,10529295828.1500
2024-11-15,52.7451396600,52.8347406900,56.2495355000,52.7053169800,189928635,10385019896.2500
2024-11-18,53.7407066600,48.1356644500,54.1090664500,47.5482799200,165442716,8207257821.0500
2024-11-19,47.0903191000,47.5482799200,47.8469500200,45.4078108700,128943053,6044962784.1200
2024-11-20,47.5781469300,48.9321180500,49.6588819600,47.2595654900,104671294,5131498448.8000
2024-11-21,48.7827830000,49.8281283500,50.9531190600,47.9763737300,101276737,5056707843.6900
2024-11-22,49.4796799000,48.7031376400,52.1179324500,48.4841129000,133218125,6760262845.0200
2024-11-25,49.9276850500,48.5737139300,50.5548922600,46.8016046700,90911483,4388962799.9100
2024-11-26,47.7971716700,46.8314716800,48.6633149600,46.7916490000,63659832,3040706028.6600
2024-11-27,46.7120036400,48.2650881600,48.2849995000,46.2739541600,65878381,3120429633.9900
2024-11-28,48.2849995000,47.6080139400,48.9619850600,47.5582355900,58074797,2811825526.6600
2024-11-29,47.2894325000,51.0825427700,52.2971345100,47.1998314700,155844163,7856545954.1100
2024-12-02,50.7739170000,50.9232520500,51.2617448300,50.2761335000,87295210,4453201552.3500
2024-12-03,50.9232520500,49.6588819600,51.1621881300,49.1411871200,76900285,3859608599.7300
2024-12-04,49.8480396900,49.6588819600,50.5349809200,49.1909654700,67458177,3375035117.8700
2024-12-05,49.7584386600,51.0725871000,51.8590850300,49.7584386600,93918221,4840352155.6500
2024-12-06,52.1477994600,51.5902819400,52.6953613100,50.6544489600,87702554,4551823404.4800
2024-12-09,51.6101932800,52.4464695600,53.9696870700,51.6101932800,91582247,4861529162.2000
2024-12-10,53.9696870700,54.2683571700,56.5482056000,52.5559819300,152641172,8345556960.7700
2024-12-11,53.6809726400,52.9741200700,53.8004406800,52.2174891500,81031303,4307642434.9300
2024-12-12,52.7650510000,52.0980211100,53.5615046000,51.6201489500,73388309,3850817468.0900
2024-12-13,51.7694840000,50.7440499900,52.4166025500,50.6345376200,68369835,3536434086.8300
2024-12-16,50.7739170000,50.2761335000,51.2717005000,49.9874190700,46652651,2364113041.7000
2024-12-17,50.0770201000,49.7186159800,50.6843159700,49.4896355700,43940461,2208399716.9900
2024-12-18,49.7883056700,50.3756902000,50.8734737000,49.3900788700,44409009,2239341387.6100
2024-12-19,49.7783500000,51.3613015300,51.6301046200,49.6290149500,60221003,3076032671.5000
2024-12-20,51.0626314300,51.5205922500,52.2672675000,50.7639613300,60396855,3124270596.7500
2024-12-23,51.5405035900,50.0172860800,51.5703706000,49.9276850500,46323866,2353131611.4600
2024-12-24,50.0172860800,50.0571087600,50.2761335000,49.2407438200,42544548,2124543802.4800
2024-12-25,50.0172860800,49.6489262900,50.7141829800,49.4896355700,35629235,1787460600.6500
2024-12-26,49.6489262900,50.5748036000,51.0526757600,49.5493695900,42953883,2181236822.3400
2024-12-27,50.3956015400,49.7385273200,51.0128530800,49.5792366000,46529395,2352838833.5300
2024-12-30,49.5891922700,49.8779067000,50.7739170000,48.5936252700,47296657,2366736371.7900
2024-12-31,49.8779067000,48.1057974400,50.3657345300,48.0858861000,51430074,2521599846.2900
2025-01-02,47.8071273400,46.0947521000,48.0062407400,45.7960820000,55514657,2609222544.0500
2025-01-03,46.2540428200,44.2728644900,46.4133335400,44.2429974800,52476776,2373980682.4200
2025-01-06,44.2031748000,44.2031748000,45.2086974700,43.8248593400,29570815,1316446929.3600
2025-01-07,44.3525098500,45.0095840700,45.0394510800,44.1036181000,32791879,1471804892.5200
2025-01-08,44.8104706700,44.8901160300,45.2982985000,43.5361449100,42800895,1913404367.7500
2025-01-09,44.7806036600,45.2086974700,45.8856830300,44.6213129400,34101338,1553088702.0700
2025-01-10,45.2982985000,44.6014016000,45.8956387000,44.6014016000,34920089,1587914511.8300
2025-01-13,44.0837067600,44.9299387100,45.7960820000,43.8348150100,40761350,1842694015.9000
2025-01-14,45.0494067500,46.8016046700,46.9608953900,44.6910026300,57814700,2682180974.0200
2025-01-15,46.9011613700,46.2839098300,47.1898758000,46.1445304500,38280576,1787118742.2100
2025-01-16,46.7717376600,47.9465067200,49.5891922700,46.7518263200,87361768,4248842232.0200
2025-01-17,47.5582355900,47.7175263100,48.3746005300,47.4487232200,41741262,2005915067.9700
2025-01-20,48.2949551700,47.5980582700,48.4741572300,47.4487232200,34576759,1660325358.6800
2025-01-21,47.8768170300,47.9564623900,48.0759304300,47.2894325000,34858794,1673157962.5900
2025-01-22,47.9863294000,47.5781469300,48.1356644500,47.4686345600,29033948,1393303243.2000
2025-01-23,48.0858861000,47.1500531200,48.7728273300,47.1400974500,41005970,1974108700.1500
2025-01-24,47.1400974500,49.5991479400,50.2661778300,47.0405407500,89496034,4401497976.6500
2025-01-27,51.9486860600,50.4553355600,51.9685974000,49.8779067000,104183991,5310111058.3500
2025-02-05,52.7650510000,54.1887118100,54.7561850000,52.7650510000,160069853,8669412282.6200
2025-02-06,53.1533221300,54.3579582000,54.7462293300,52.7750066700,112012534,6070443551.4300
2025-02-07,54.2484458300,54.0592881000,55.4431262300,53.2130561500,134241129,7332974004.3900
2025-02-10,54.6267612900,54.7960076800,55.6223282900,53.9796427400,97813641,5379572636.6500
2025-02-11,54.6765396400,53.6710169700,54.7960076800,53.5615046000,82880178,4507529027.7900
2025-02-12,53.6112829500,53.8502190300,54.2584015000,53.3723468700,59170308,3195595243.5700
2025-02-13,53.8502190300,52.5460262600,54.0095097500,52.3668242000,71903315,3827816345.0000
2025-02-14,52.5460262600,54.3380468600,54.4973375800,51.9188190500,100408661,5401839661.4900
2025-02-17,55.0349437600,54.8059633500,55.8712200400,54.1887118100,96730635,5344949698.8500
2025-02-18,54.8358303600,53.5814159400,56.2495355000,53.3723468700,84194849,4627403670.4700
2025-02-19,53.6610613000,54.1787561400,54.5769829400,53.1533221300,59620858,3238198384.7300
2025-02-20,54.2683571700,53.3823025400,54.6466726300,53.0637211000,60132595,3247555519.2400
2025-02-21,53.6610613000,55.3535252000,55.7318406600,53.4918149100,112183343,6165845053.0200
2025-02-24,55.6123726200,57.1953241500,59.1068127900,54.9552984000,137430781,7916747728.7700
2025-02-25,55.7517520000,55.3734365400,56.4486489000,55.2539685000,84354602,4720261616.3100
2025-02-26,55.4232148900,55.1046334500,55.7119293200,54.4973375800,62457964,3451125967.2800
2025-02-27,55.4630375700,54.0791994400,56.5482056000,53.2628345000,76704222,4203173119.8200
2025-02-28,53.7407066600,51.5703706000,54.0891551100,51.2717005000,77489598,4079255568.9800
2025-03-03,51.8690407000,51.2318778200,52.2374004900,50.8436066900,45800948,2375722060.8300
2025-03-04,51.2318778200,51.3712572000,51.6997943100,51.0028974100,41752768,2152846784.0400
2025-03-05,51.5006809100,51.5604149300,51.7197056500,50.8635180300,37823740,1949179854.7800
2025-03-06,52.2971345100,53.0537654300,53.3424798600,52.1776664700,66154295,3509240582.1000
2025-03-07,53.0537654300,52.1378437900,53.2528788300,51.8789963700,47677146,2517897872.2000
2025-03-10,53.1234551200,51.9188190500,53.3424798600,51.3613015300,41724953,2183869975.3500
2025-03-11,51.1721438000,51.7495726600,51.7595283300,51.0427200900,33967099,1754035242.8000
2025-03-12,52.3270015200,51.5703706000,52.4564252300,51.5504592600,37360145,1949679907.8700
2025-03-13,51.5902819400,50.2761335000,52.0482427600,50.1267984500,41843454,2134423756.5600
2025-03-14,50.2761335000,51.0228087500,51.1721438000,50.2064438100,34591159,1763592318.9500
2025-03-17,51.0327644200,50.7042273100,51.1621881300,50.6245819500,28514198,1455592092.8400
2025-03-18,50.8734737000,50.7340943200,51.2717005000,50.5947149400,26687380,1362468542.1200
2025-03-19,50.6743603000,49.9376407200,50.7141829800,49.6389706200,37116722,1861842582.3300
2025-03-20,49.8579953600,49.3602118600,49.8579953600,49.3203891800,32390876,1612015023.1700
2025-03-21,49.3502561900,48.3248221800,49.3502561900,48.2551324900,35214755,1721864457.5900
2025-03-24,48.3248221800,48.7230489800,48.8723840300,47.8071273400,33733977,1641220380.5300
2025-03-25,48.7230489800,47.9564623900,48.7230489800,47.8867727000,22070797,1068106343.3800
2025-03-26,47.9863294000,48.0460634200,48.2849995000,47.8867727000,15793967,762949223.8000
2025-03-27,47.9863294000,48.0659747600,48.3746005300,47.5184129100,18538149,893708231.4500
2025-03-28,48.0858861000,47.5980582700,48.1854428000,47.5881026000,17450692,838234993.6200
2025-03-31,47.3591221900,47.3591221900,47.5681912600,46.6821366300,22733083,1075276311.9000
2025-04-01,47.4487232200,47.8369943500,48.3845562000,47.4487232200,21952614,1057841329.4300
2025-04-02,47.8469500200,48.0361077500,48.2153098100,47.5881026000,15122705,729023549.4200
2025-04-03,47.7872160000,47.9962850700,48.1655314600,47.6677479600,16168300,778357630.6800
2025-04-07,45.0494067500,43.1976521300,45.5969686000,43.1976521300,50661652,2236916751.1600
2025-04-08,42.8790706900,42.6003119300,43.5660119200,41.3160305000,57554111,2453207609.7700
2025-04-09,41.7441243100,43.2474304800,43.4564995500,41.0173604000,50609420,2163598135.0400
2025-04-10,44.1334851100,43.9642387200,44.9000717000,43.5062779000,41395115,1840316218.3500
2025-04-11,43.6854799600,44.3325985100,44.6710912900,43.5560562500,28557793,1266631309.1500
2025-04-14,44.8403376800,44.5615789200,45.2385644800,44.4719778900,24037204,1081151388.4000
2025-04-15,44.4719778900,44.1733077900,44.6511799500,43.9642387200,15768315,699705105.9500
2025-04-16,44.0140170700,44.0438840800,44.1135737700,43.2573861500,19350855,850297554.2500
2025-04-17,43.8049480000,43.9542830500,44.4819335600,43.7651253200,17207622,763258127.9200
2025-04-18,43.7949923300,44.2927758300,44.3525098500,43.5560562500,16340086,722500722.0100
2025-04-21,44.3027315000,45.1788304600,45.1788304600,43.9144603700,22377472,1006600035.5500
2025-04-22,45.1788304600,44.9797170600,45.5770572600,44.2529531500,31395179,1411384326.9200
2025-04-23,45.3281655100,44.9000717000,45.5969686000,44.6113572700,25404487,1148098974.0900
2025-04-24,45.0991851000,44.9896727300,45.7960820000,44.8303820100,33767494,1535934606.8900
2025-04-25,45.1290521100,45.2883428300,45.6467469500,44.9498500500,19837338,901025747.1500
2025-04-28,45.6467469500,45.6467469500,46.4531562200,45.4974119000,27133435,1248564819.7600
2025-04-29,45.6467469500,45.7861263300,45.8956387000,45.2783871600,18703057,858987436.8600
2025-04-30,45.8956387000,46.7219593100,46.9509397200,45.7960820000,30813362,1442945387.8900
2025-05-06,47.0106737400,47.5681912600,47.6577922900,46.9509397200,34097359,1621584079.2400
2025-05-07,48.1456201200,47.4885459000,48.1754871300,47.1400974500,28735174,1372945863.7200
2025-05-08,47.2894325000,48.0460634200,48.2352211500,47.1998314700,24941215,1200677559.3700
2025-05-09,47.7872160000,47.2595654900,47.7872160000,46.7916490000,23849668,1131262280.7100
2025-05-12,47.3491665200,47.4885459000,47.7274819800,47.1998314700,20020694,954163188.6500
2025-05-13,47.8867727000,47.4586788900,47.9664180600,47.1998314700,19528250,932352337.7400
2025-05-14,47.4686345600,47.5482799200,47.7473933200,47.0405407500,19757045,939830221.6400
2025-05-15,47.5582355900,46.7916490000,47.5881026000,46.5925356000,20430005,964414027.4500
2025-05-16,46.5427572500,46.6124469400,46.9011613700,46.4033778700,13076678,612787599.6400
2025-05-19,46.4929789000,46.8215160100,46.8912057000,46.1644417900,12857366,601711592.2700
2025-05-20,46.7219593100,47.1002747700,47.1102304400,46.4830232300,12810250,603152377.5000
2025-05-21,47.0305850800,46.4332448800,47.2794768300,46.3137768400,17901572,838882260.1100
2025-05-22,46.2440871500,46.5029345700,46.9509397200,46.1445304500,14630696,684520476.7800
2025-05-23,46.3237325100,45.8359046800,46.7418706500,45.8060376700,16991550,789289349.5200
2025-05-26,45.8259490100,45.9155500400,46.1544861200,45.7562593200,11914086,549763485.4100
2025-05-27,45.8856830300,45.6168799400,46.0847964300,45.4974119000,11892981,546209521.3000
2025-05-28,45.6268356100,45.3082541700,45.8458603500,45.2086974700,10519784,479582351.9000
2025-05-29,45.3182098400,46.4730675600,46.4929789000,45.3082541700,19895041,922242364.7700
2025-05-30,46.1544861200,45.8259490100,46.3834665300,45.8159933400,13419432,619392562.7200
2025-06-03,46.2540428200,47.6677479600,48.0062407400,46.0947521000,49798647,2382244229.1000
2025-06-04,47.5980582700,47.7772603300,47.8867727000,47.3690778600,21545355,1031477150.8600
2025-06-05,47.9465067200,48.3945118700,48.5338912500,47.6976149700,30240338,1463789799.4700
2025-06-06,48.3347778500,48.5538025900,48.7429603200,48.1754871300,24049649,1171522047.4600
2025-06-09,48.6732706300,48.6035809400,48.8524726900,48.3148665100,20048427,979446877.7200
2025-06-10,48.5338912500,47.7872160000,48.6234922800,47.3889892000,31094195,1494901302.2700
2025-06-11,47.8668613600,47.8867727000,48.5836696000,47.8668613600,16200853,783483800.5400
2025-06-12,47.9166397100,47.7274819800,48.0759304300,47.6179696100,18636733,895737673.2000
2025-06-13,47.5383242500,47.6478366200,48.1555757900,47.0206294100,56537374,2699870026.8200
2025-06-16,47.4985015700,47.6876593000,48.4442902200,47.3690778600,19790403,948634495.4600
2025-06-17,47.7872160000,47.4188562100,47.9863294000,47.2993881700,13700904,654492116.9800
2025-06-18,47.4288118800,47.4785902300,47.6777036300,47.0704077600,14994700,712930440.3100
2025-06-19,47.4487232200,46.7518263200,47.7374376500,46.6522696200,17781842,843532233.4200
2025-06-20,46.6920923000,45.6367912800,47.0007180700,45.5969686000,21683333,1003125527.9300
2025-06-23,45.4974119000,45.8159933400,45.9653283900,45.3182098400,14934302,685801696.7800
2025-06-24,45.9653283900,46.5328015800,46.5427572500,45.7960820000,20628058,959977492.9600
2025-06-25,46.5328015800,47.3392108500,47.3392108500,46.2938655000,23443494,1103632972.1400
2025-06-26,47.3690778600,47.1500531200,47.8668613600,47.1301417800,21682994,1033431902.0800
2025-06-27,47.1699644600,47.0305850800,47.5283685800,46.9808067300,17120645,811269406.7800
2025-06-30,47.0405407500,47.6677479600,47.6876593000,47.0305850800,18938275,902438056.7300
2025-07-01,47.7175263100,47.6179696100,47.8668613600,47.1898758000,17824468,851643562.3600
2025-07-02,47.3093438400,46.9310283800,47.4885459000,46.6920923000,17210343,811718968.4500
2025-07-03,46.8712943600,46.9111170400,47.1201861100,46.7020479700,12224599,575593366.4500
2025-07-04,47.0009403500,46.8014033500,47.2403847500,46.4422367500,15829904,742840138.6000
2025-07-07,46.7714728000,46.2227460500,46.7814496500,46.1728618000,14024001,651435796.7000
2025-07-08,46.2227460500,46.7315654000,46.7415422500,45.9932785000,16623691,775425259.3100
2025-07-09,46.7315654000,46.7116117000,47.0408477500,46.5918895000,17713391,830515335.2500
2025-07-10,46.6617274500,46.7016348500,46.8911950000,46.4721673000,15070165,705286546.8700
2025-07-11,46.3823756500,46.8712413000,47.0009403500,44.8758713000,45847573,2118150735.6400
2025-07-14,46.8313339000,46.2626534500,46.8313339000,46.2227460500,20916354,972179829.2000
2025-07-15,46.2227460500,47.1306394000,47.2703153000,45.9134637000,34173865,1596294259.1800
2025-07-16,47.2503616000,46.9710098000,47.7492041000,46.8014033500,28258789,1338939509.4100
2025-07-17,46.9710098000,47.4898060000,47.8290189000,46.7215885500,30897041,1463258311.4500
2025-07-18,47.6494356000,47.5496671000,48.3877225000,47.3700838000,33241377,1592677048.0400
2025-07-21,47.6693893000,47.8090652000,47.9587179500,47.4399217500,23950269,1145416696.3100
2025-07-22,47.6095282000,47.4099912000,47.7492041000,47.1905005000,20930697,994319556.9700
2025-07-23,47.3800606500,47.5895745000,47.9786716500,47.3401532500,27186748,1298187324.5200
2025-07-24,47.6893430000,48.1383012500,48.1682318000,47.4997828500,31228686,1499661235.7000
2025-07-25,48.7668428000,50.0738101500,50.5028147000,48.7668428000,92633575,4622057872.9800
2025-07-28,50.0638333000,49.1758936500,50.0638333000,48.8865650000,49602060,2445167752.2300
2025-07-29,48.9364492500,48.8965418500,49.1758936500,48.2380697500,37164091,1811638308.8400
2025-07-30,48.6072132000,48.2979308500,48.9464261000,47.9686948000,29343059,1426389948.1200
2025-07-31,48.4176530500,48.6670743000,49.7745046500,48.4176530500,55961722,2748856437.5500
2025-08-01,49.1958473500,48.5074447000,49.2656853000,47.6993198500,42915568,2080777938.4600
2025-08-04,48.1682318000,48.9564029500,48.9564029500,47.9986253500,29384906,1433134022.3100
2025-08-05,48.9663798000,48.8466576000,49.0461946000,48.2979308500,27658415,1348725534.0000
2025-08-06,48.8067502000,48.9264724000,49.0362177500,48.5872595000,27152583,1329859867.2200
2025-08-07,48.9264724000,48.7668428000,49.3255464000,48.4874910000,25836779,1264121091.9900
2025-08-08,48.7668428000,48.1083707000,48.7668428000,48.0485096000,27427322,1327548819.8100
2025-08-11,48.0983938500,48.9464261000,49.4851760000,48.0684633000,35387023,1726009249.5300
2025-08-12,48.8865650000,48.6072132000,48.8965418500,48.3677688000,28885526,1406015152.2600
2025-08-13,48.6570974500,48.7967733500,48.9564029500,48.4475836000,34233084,1673255200.8000
2025-08-14,48.8765881500,48.4176530500,49.5749676500,48.2979308500,46571067,2285567494.2600
2025-08-15,48.3677688000,48.9564029500,48.9863335000,48.0784401500,38055064,1854512874.2400
2025-08-18,49.0761251500,49.6946898500,50.0937638500,49.0162640500,65103659,3242150312.3200
2025-08-19,49.6946898500,49.5550139500,50.0937638500,49.4851760000,44787185,2234673596.7100
2025-08-20,49.5550139500,50.3830925000,50.5427221000,48.9863335000,55934119,2790261898.7300
2025-08-21,50.5526989500,50.8619813000,51.6701061500,50.5427221000,73796443,3781221221.9600
2025-08-22,50.1935323500,52.0991107000,52.2786940000,49.8842500000,99770900,5137275824.9700
2025-08-25,52.8773050000,52.0791570000,53.1267262500,51.3807775000,96899580,5063588057.5900
2025-08-26,52.0791570000,51.9295042500,52.4981847000,51.7299672500,57884179,3018639471.5600
2025-08-27,53.8749900000,52.5580458000,56.0499433000,52.5281152500,161256085,8790187018.5800
2025-08-28,51.9095505500,53.5756845000,53.5856613500,51.6701061500,107102870,5638298275.7200
2025-08-29,53.6554993000,53.2264947500,54.2241797500,52.5580458000,70012709,3737377747.7900
2025-09-01,53.7552678000,53.0169809000,54.2441334500,52.7575828000,57969380,3092559362.1600
2025-09-02,53.0169809000,53.2763790000,54.1742955000,51.7299672500,97966858,5207733279.7600
2025-09-03,52.9870503500,50.9817035000,53.4060780500,50.8819350000,71955665,3743851068.1600
2025-09-04,51.0016572000,49.0861020000,51.3408701000,48.0784401500,72813603,3625928129.4800
2025-09-05,49.0761251500,49.7745046500,49.8842500000,48.1981623500,50549169,2487573905.2200
2025-09-08,49.9341342500,52.5779995000,53.6455224500,49.9341342500,111817519,5856961666.8600
2025-09-09,51.8895968500,50.1935323500,52.1988792000,50.1636018000,67373879,3433665891.3800
2025-09-10,50.2334397500,50.0538564500,50.7522359500,49.9840185000,34180978,1724253923.3700
2025-09-11,50.3531619500,51.3708006500,51.3708006500,49.6048982000,53469569,2721586222.5700
2025-09-12,51.4206849000,51.3508469500,52.5380921000,51.2610553000,62268666,3235648544.5300
2025-09-15,51.3708006500,51.4805460000,51.9893653500,51.0116340500,42784169,2207847573.0100
2025-09-16,51.4805460000,52.1489949500,52.5281152500,51.2411016000,54788971,2855578249.8600
2025-09-17,52.1290412500,52.2786940000,52.6278837500,51.5803145000,49909695,2603880298.6000
2025-09-18,52.3086245500,52.4582773000,54.1343881000,51.6800830000,100956565,5363628288.4200
2025-09-19,52.4582773000,52.6777680000,53.7951752000,52.0492264500,74461813,3962036237.5700
2025-09-22,53.1267262500,53.0768420000,53.6455224500,52.4682541500,62664549,3331938106.3900
2025-09-23,53.1865873500,51.5304302500,53.2364716000,50.6325137500,77932340,4035116423.5400
2025-09-24,51.1313562500,54.9225592500,55.8603831500,50.9318192500,159476440,8653428483.8300
2025-09-25,54.3738325000,56.0399664500,56.5288321000,54.2740640000,123458703,6893545689.6200
2025-09-26,55.6708230000,54.0745270000,55.8703600000,54.0046890500,79625927,4368605053.6500
2025-09-29,54.1244112500,53.8251057500,54.7729065000,53.4858928500,58830414,3178034501.1500
2025-09-30,54.7230222500,55.9202442500,56.2893877000,54.1742955000,97079854,5402759283.7700
2025-10-09,56.2694340000,59.5019334000,60.8488081500,55.5311471000,157332469,9192616376.5800
2025-10-10,58.3645725000,55.8404294500,58.9332529500,55.5311471000,119966108,6841558736.6100
2025-10-13,53.6455224500,55.2917027000,56.3692025000,53.5856613500,81288285,4497019124.8900
2025-10-14,55.8703600000,52.7775365000,56.1297581000,52.6977217000,86805592,4701299401.6400
2025-10-15,52.9371661000,54.3538788000,54.4237167500,52.3884393500,58826099,3154843096.1400
2025-10-16,53.8450594500,53.5856613500,54.1144344000,53.2464484500,40501586,2174948130.5500
2025-10-17,53.5956382000,51.2211479000,53.5956382000,51.1513099500,62899897,3272441722.8800
2025-10-20,52.0492264500,51.2311247500,52.4782310000,50.9517729500,43331365,2243922144.2500
2025-10-21,52.4083930500,52.4782310000,53.1367031000,51.7598978000,52993725,2778513306.1700
2025-10-22,52.1789255000,51.6301987500,52.2387866000,51.5204534000,33891044,1757583525.7200
2025-10-23,51.7000367000,51.7299672500,51.9793885000,50.5726526500,35494526,1819513374.4200
2025-10-24,52.1489949500,52.4283467500,52.6278837500,51.9993422000,46709029,2450064702.5300
2025-10-27,53.0768420000,52.6977217000,53.4060780500,52.4383236000,50969978,2697902336.6700
2025-10-28,52.6677911500,53.4659391500,54.3538788000,52.3385551000,71984100,3865422283.0200
2025-10-29,53.2165179000,53.8650131500,53.8650131500,52.8872818500,51181606,2744158443.2000
2025-10-30,53.5756845000,53.8949437000,55.0223277500,53.3063095500,74352501,4042739344.3900
2025-10-31,53.9847353500,55.4712860000,55.7007535500,53.9747585000,85594598,4735820622.7900
2025-11-03,56.1497118000,55.4712860000,56.2494803000,54.5833463500,66267134,3673186707.3000
2025-11-04,54.7729065000,53.9647816500,54.7729065000,53.5856613500,56357496,3058841263.6000
2025-11-05,52.8872818500,52.6478374500,53.2664021500,51.9694116500,56542146,2977680524.8700
2025-11-06,52.6578143000,53.4759160000,54.4736010000,52.2587403000,49475837,2636640396.5000
2025-11-07,53.0269577500,52.3984162000,53.1466799500,52.3784625000,38475085,2030721678.9200
2025-11-10,52.5380921000,52.7875133500,53.2963327000,52.5380921000,34712189,1840704651.6300
2025-11-11,52.8972587000,51.3608238000,53.0269577500,51.0814720000,52203179,2717365846.5400
2025-11-12,51.3608238000,50.4329767500,51.5603608000,50.0638333000,38068571,1932575700.4000
2025-11-13,50.4229999000,50.7522359500,50.9417961000,50.2533934500,27468832,1394510650.8800
2025-11-14,50.2833240000,49.8642963000,50.4229999000,49.8642963000,30107385,1510723295.7400
2025-11-17,49.7844815000,50.4429536000,50.7821665000,49.7046667000,29297838,1476611348.1000
2025-11-18,50.2833240000,51.4306617500,51.8796200000,49.9840185000,45693349,2343992656.0300
2025-11-19,51.3408701000,50.8021202000,51.3708006500,50.4329767500,29111328,1484210465.9800
2025-11-20,51.1812405000,49.9840185000,51.2810090000,49.9640648000,24210821,1222637641.2700
2025-11-21,49.4253149000,49.0861020000,50.0837870000,48.5273984000,37714069,1859923803.8900
2025-11-24,49.6847130000,50.4329767500,50.7223054000,48.7169585500,41529696,2077273343.7300
2025-11-25,50.5427221000,50.4130230500,51.4605923000,50.3431851000,40604112,2069265043.7300
2025-11-26,49.9939953500,49.9042037000,50.6225369000,49.7844815000,30017760,1507441647.8100
2025-11-27,49.9141805500,49.2557084500,50.3731156500,49.2158010500,28779929,1435825349.0900
2025-11-28,49.3355232500,49.4053612000,49.5649908000,49.0661483000,20985265,1037150023.6400
2025-12-01,49.7046667000,49.9640648000,50.1835555000,49.3355232500,28084370,1403439785.6000
2025-12-02,50.0339027500,49.3754306500,50.0837870000,49.3155695500,21049314,1046033643.6100
2025-12-03,49.4352917500,48.3976993500,49.4951528500,48.3877225000,27198473,1330140840.8800
2025-12-04,48.3478151000,48.5174215500,48.6770511500,47.9686948000,19780200,958420508.3400
2025-12-05,48.5174215500,48.7169585500,48.9464261000,48.0884170000,21320021,1036382487.8700
2025-12-08,48.9464261000,49.0661483000,49.2956158500,48.7867965000,23956216,1177586876.1400
2025-12-09,49.0661483000,48.5174215500,49.1958473500,48.3976993500,21278868,1040111090.1600
2025-12-10,48.2879540000,49.0461946000,49.0661483000,47.9886485000,23390462,1138057621.8900
2025-12-11,49.1359862500,48.7568659500,49.1659168000,48.7369122500,21127203,1036437913.6100
2025-12-12,48.6870280000,49.5849445000,49.7046667000,48.5972363500,40063623,1980640770.4200
2025-12-15,49.3854075000,49.7545509500,50.2633703000,49.0861020000,30288338,1509499654.3700
2025-12-16,49.5450371000,48.6371437500,49.7445741000,48.6371437500,21558527,1058375712.1800
2025-12-17,48.6271669000,49.2158010500,49.3055927000,48.3976993500,21704079,1063011608.1300
2025-12-18,48.7967733500,48.5473521000,49.2158010500,48.5473521000,17993019,881133855.2400
2025-12-19,48.6371437500,48.6870280000,48.8466576000,48.5473521000,15812949,772071318.3200
2025-12-22,48.8267039000,48.9364492500,49.1260094000,48.6471206000,20540101,1006958365.1600
2025-12-23,48.8965418500,48.5074447000,48.9364492500,48.4675373000,20332108,990285842.3900
2025-12-24,48.5174215500,48.6171900500,48.7867965000,48.3378382500,20168442,981671775.0000
2025-12-25,48.6870280000,48.6371437500,48.7867965000,48.2580234500,24945060,1213394426.5400
2025-12-26,48.6471206000,48.7269354000,49.2357547500,48.5074447000,29547418,1447838261.9200
2025-12-29,48.7568659500,48.9065187000,49.1858705000,48.3478151000,34137194,1667284546.7600
2025-12-30,48.5972363500,48.8366807500,49.0461946000,48.5473521000,29672777,1451104870.0200
2025-12-31,49.3854075000,50.1735786500,50.6724211500,49.3854075000,66144393,3323210617.5900
2026-01-05,50.8819350000,53.7153604000,54.4137399000,50.8819350000,134685730,7127686667.1000
2026-01-06,53.9448279500,53.7652446500,54.4636241500,53.0568883000,112052553,6031721440.5600
2026-01-07,53.7851983500,52.8972587000,54.0944807000,52.4483004500,82805682,4416441015.7900
2026-01-08,53.6056150500,53.2863558500,54.3339251000,52.9770735000,77902465,4176899689.5800
2026-01-09,53.0269577500,55.4712860000,55.7207072500,52.7974902000,141793653,7736755063.4300
2026-01-12,57.3668875000,59.4620260000,60.3599425000,57.1673505000,199793135,11794942724.0900
2026-01-13,60.8787387000,60.7490396500,64.8495250000,60.6592480000,223585590,13858254113.9400
2026-01-14,61.1181831000,62.4949884000,64.3506825000,61.1181831000,209243343,13132728031.0700
2026-01-15,61.5172571000,63.2432521500,66.1465155000,61.3975349000,149937186,9570270504.9500
2026-01-16,61.3975349000,63.5525345000,67.3437375000,61.3775812000,157239198,10160664529.0800
2026-01-19,63.6323493000,60.9086692500,64.8694787000,60.6692248500,149168201,9286832582.8900
2026-01-20,61.3576275000,58.4942715500,61.6868635500,57.8856837000,120442957,7132471423.8000
2026-01-21,57.8956605500,57.9555216500,59.0928825500,57.7160772500,71692267,4194035245.7000
2026-01-22,58.4643410000,58.3047114000,59.6316324500,57.9754753500,63777036,3746334574.5000
2026-01-23,58.8634150000,58.6139937500,59.1627205000,57.9754753500,69505794,4083467558.2500
2026-01-26,59.5617945000,58.0353364500,59.8611000000,57.5664245000,84600776,4962568921.8000
2026-01-27,58.3146882500,58.0153827500,58.8534381500,57.1274431000,68626505,3978486086.2600
2026-01-28,58.3645725000,57.1873042000,58.6139937500,57.1274431000,68016830,3933553199.9500
2026-01-29,58.3745493500,60.8587850000,62.9040392500,58.3745493500,206628885,12688753520.2900
2026-01-30,60.5395258000,59.4620260000,61.0682988500,58.5441558000,131630865,7853863089.3600
2026-02-02,59.4620260000,56.8680450000,60.1105212500,56.7183922500,100838103,5888395179.7700
2026-02-03,57.8557531500,57.9854522000,58.0054059000,56.3492488000,78213058,4495687411.7900
2026-02-04,57.2870727000,56.7982070500,58.1450818000,56.2195497500,68123715,3878533158.6300
2026-02-05,56.0200127500,55.6209387500,56.8081839000,55.5311471000,50414774,2827155391.8300
2026-02-06,55.1220962500,54.6831148500,55.5111934000,54.1942492000,49832700,2740836894.7900
2026-02-09,55.6209387500,56.2794108500,56.5687395000,55.2218647500,63446965,3555871565.1000
2026-02-10,56.3692025000,56.7283691000,57.1074894000,55.6907767000,61844477,3506003300.7000
2026-02-11,56.3791793500,56.3392719500,57.0276746000,56.2494803000,41603442,2359057319.3000
2026-02-12,56.8181607500,57.6661930000,58.2648040000,56.4290636000,80709412,4639970912.3100
2026-02-13,56.7483228000,56.9877672000,57.5364939500,56.6784848500,54681803,3126377989.6500
2026-02-24,58.2648040000,57.0276746000,58.3146882500,55.7306841000,74094209,4223020217.7700
2026-02-25,56.5687395000,55.9900822000,56.9877672000,55.8304526000,57642499,3245816379.2500
2026-02-26,56.0000590500,55.5610776500,56.0499433000,55.2717490000,45653983,2543350300.6800
2026-02-27,55.3515638000,55.6907767000,56.1397349500,55.1719805000,44625965,2491942171.8300
2026-03-02,54.6332306000,54.1942492000,55.0821888500,53.9747585000,57718854,3150990301.8500
2026-03-03,54.4636241500,52.0292727500,54.6831148500,51.9694116500,65214027,3468043122.6900
2026-03-04,51.3408701000,51.6002682000,52.3884393500,51.1014257000,44006883,2283367038.7300
2026-03-05,52.7575828000,52.0691801500,52.8373976000,51.7898283500,36059485,1888642166.4900
2026-03-06,52.0791570000,52.4083930500,52.7076985500,51.7499209500,31099310,1629494278.1700
2026-03-09,51.6701061500,53.3761475000,53.5756845000,51.3807775000,54825499,2888883354.0900
2026-03-10,53.9847353500,53.5756845000,54.2541103000,53.0668651500,49323030,2650356475.7700
2026-03-11,53.5557308000,52.9571198000,53.5557308000,52.8473744500,33530526,1784316644.9200
2026-03-12,52.7875133500,52.5580458000,53.2763790000,52.1988792000,29675027,1565362445.1000
2026-03-13,52.3984162000,51.6800830000,52.3984162000,51.4905228500,28474658,1481886273.9400
2026-03-16,51.6301987500,52.0093190500,52.0192959000,50.8819350000,31012385,1597227335.7600
2026-03-17,52.0592033000,51.0515414500,52.2188329000,50.9916803500,27623125,1430552178.2200
2026-03-18,51.1114025500,51.4605923000,51.5204534000,50.5427221000,30233143,1544757566.4500
2026-03-19,50.5826295000,50.2434166000,50.9018887000,49.8942268500,34558637,1742837452.9500
2026-03-20,50.6823980000,48.9464261000,50.7123285500,48.9464261000,36042220,1794876999.4700
2026-03-23,47.9886485000,46.3424682500,48.5373752500,46.1928155000,51267857,2428440314.3200
2026-03-24,47.0508246000,46.7215885500,47.1705468000,45.6341119000,38375622,1781471179.1100
2026-03-25,47.0408477500,47.4598754500,47.8389957500,46.9909635000,34209609,1626959072.2700
2026-03-26,47.4898060000,46.4621904500,47.5097597000,46.3225145500,23796921,1118509968.4100
2026-03-27,45.7737878000,46.6317969000,46.7515191000,45.6640424500,21080746,978459699.6100
2026-03-30,45.8735563000,46.2925840000,46.3125377000,45.2549916000,25695313,1181652409.6200
2026-03-31,46.2925840000,46.1030238500,47.0408477500,45.9533711000,24872262,1160281838.7000
2026-04-01,47.1406162500,46.9011718500,47.2503616000,46.4422367500,27399585,1285642890.3200
2026-04-02,46.6018663500,45.7737878000,46.6018663500,45.6740193000,25133941,1160380935.4500
2026-04-03,45.9134637000,45.6141582000,46.1628849500,45.5143897000,18696054,858109985.3700
2026-04-07,45.6440887500,45.4744823000,45.8835331500,45.2749453000,17066994,779754339.6500
2026-04-08,46.3923525000,47.7990883500,47.8090652000,46.3923525000,52406841,2482663823.4400
2026-04-09,47.1505931000,47.1007088500,47.3002458500,46.6916580000,30245250,1426238983.5700
2026-04-10,47.3900375000,47.5297134000,48.2181160500,47.3601069500,39002542,1866549559.0600
2026-04-13,47.1206625500,47.6693893000,47.8090652000,46.9510561000,27860475,1326252522.5200
2026-04-14,48.3877225000,48.2181160500,48.5273984000,47.7591809500,36626803,1768145918.3300
2026-04-15,48.7468891000,47.4299449000,48.8666113000,47.2802921500,35978985,1729037367.0600
2026-04-16,47.7192735500,47.9886485000,48.3478151000,47.6893430000,35134960,1689317381.2400
2026-04-17,47.7492041000,48.1283244000,48.3378382500,47.5297134000,29099650,1399841760.3800
2026-04-20,48.0884170000,48.8267039000,48.9564029500,47.7891115000,43495977,2120636422.6400
2026-04-21,49.3854075000,48.6670743000,49.5250834000,48.2879540000,32747564,1597300298.9500
2026-04-22,48.4874910000,49.3953843500,49.6448056000,48.3976993500,40049724,1973915043.3000
2026-04-23,49.6148750500,48.7768196500,49.9740416500,48.5673058000,38515776,1896372750.2900
2026-04-24,48.3877225000,48.9564029500,49.3654538000,47.6394587500,39198106,1902140238.5800
2026-04-27,48.9663798000,49.6946898500,49.9042037000,48.4276299000,38620772,1913134435.4300
2026-04-28,49.4652223000,49.0561714500,49.9141805500,48.7867965000,35086313,1730764448.3900
2026-04-29,47.5696208000,47.9487411000,48.0684633000,46.9011718500,48923914,2342237704.8500
2026-04-30,47.8689263000,47.6793661500,48.2979308500,47.5795976500,38018174,1821756992.7000
2026-05-06,48.2380697500,49.3654538000,50.0738101500,48.2280929000,70810376,3509881052.9000
2026-05-07,49.6148750500,49.8642963000,49.9241574000,49.0960788500,52630932,2614014007.0600
2026-05-08,50.3830925000,49.7944583500,50.7622128000,49.5051297000,64741273,3248741394.7400
2026-05-11,49.8842500000,50.1835555000,50.5427221000,49.5649908000,58970515,2960786349.4100
2026-05-12,50.1835555000,48.7169585500,50.1835555000,48.6970048500,53809808,2649970104.6900
2026-05-13,48.4775141500,49.2856390000,49.4851760000,48.0086022000,52879775,2582084143.5200
2026-05-14,49.6547824500,47.5696208000,50.1735786500,47.5696208000,61328561,2973490827.7700
2026-05-15,47.5696208000,47.0308709000,48.4276299000,46.9311024000,52807889,2514352169.0200
2026-05-18,46.8911950000,48.5972363500,49.0062872000,46.7515191000,62270902,3018476027.7500
2026-05-19,48.5972363500,49.0062872000,49.4851760000,48.2380697500,50693124,2483938694.5900
2026-05-20,48.7668428000,47.8888800000,48.8267039000,47.7691578000,40329463,1945944527.5200
2026-05-21,48.1383012500,47.0907320000,49.2457316000,47.0408477500,58739722,2847680323.0400
2026-05-22,47.4698523000,47.2403847500,47.7691578000,46.6617274500,41252913,1949517529.1300
2026-05-25,47.5895745000,48.5673058000,48.5673058000,47.3002458500,53720367,2585302275.0200
2026-05-26,48.2280929000,49.1359862500,49.9840185000,47.6195050500,68937637,3387189240.9200
2026-05-27,49.1260094000,50.1336712500,50.8719581500,48.5872595000,108408481,5435962110.9800
2026-05-28,50.1536249500,49.0162640500,50.1536249500,47.7990883500,87309360,4268002313.5700
2026-05-29,49.5450371000,47.7891115000,50.3332082500,47.6993198500,72645080,3570329497.6200
2026-06-01,47.7891115000,49.0262409000,49.7545509500,47.4898060000,70303148,3444255489.8300
2026-06-02,49.1958473500,48.1482781000,49.3355232500,47.7691578000,53732395,2593490745.6400
2026-06-03,47.7092967000,47.4000143500,48.5074447000,46.9311024000,58098355,2770800876.3900
2026-06-04,46.8512876000,45.7338804000,46.8712413000,45.7239035500,60594363,2796621797.6700
2026-06-05,45.7239035500,45.9234405500,46.3225145500,44.9058018500,48205483,2200804678.6800
2026-06-08,44.8958250000,44.0178622000,45.2849221500,43.8582326000,43757662,1958185101.2900
2026-06-09,44.2074223500,44.4069593500,44.7960565000,43.8582326000,32675647,1453150806.5400
2026-06-10,44.1974455000,42.1920986500,44.2972140000,42.0125153500,54278138,2333194977.3400
2026-06-11,41.8030015000,40.6955711500,41.8030015000,40.4361730500,51036137,2098152814.8200
2026-06-12,41.1046220000,40.2964971500,41.2842053000,40.1468444000,72321924,2943754768.9600
2026-06-15,40.9150618500,41.3839738000,41.6733024500,40.9150618500,49322247,2039871206.1700
2026-06-16,41.3540432500,41.1844368000,41.4737654500,40.7654091000,36357613,1498105599.6500
2026-06-17,41.1744599500,41.4937191500,41.8528857500,40.4860573000,43108291,1782809795.4300
2026-06-18,41.2343210500,42.5113578500,43.4990660000,40.8552007500,66372710,2825097516.3600
2026-06-22,42.0923301500,43.7784178000,44.4767973000,41.9127468500,68438111,2993460402.7500
2026-06-23,43.3593901000,42.1521912500,43.8582326000,41.9526542500,53704066,2304844362.6700
2026-06-24,42.1521912500,42.5013810000,42.7807328000,41.4737654500,42032751,1776292054.2400
2026-06-25,42.4514967500,41.5835108000,42.6111263500,41.3041590000,44897562,1876254732.5500
2026-06-26,41.1844368000,39.0294372000,41.3340895500,38.9995066500,62995798,2513510995.4300
2026-06-29,39.0593677500,39.3686501000,40.0171453500,38.9795529500,37193096,1471307458.4900
2026-06-30,39.9173768500,40.7454554000,41.4039275000,39.8475389000,50811018,2070485085.1300
2026-07-01,40.6057795000,40.9350155500,41.6633256000,40.3663351000,44736636,1840979590.5400
2026-07-02,41.2941821500,40.9848998000,41.9027700000,40.5658721000,54363612,2236662434.7200
2026-07-03,40.4361730500,41.4139043500,41.9027700000,40.4361730500,53827592,2218691088.7000
2026-07-06,41.2941821500,40.5558952500,41.3839738000,40.4261962000,34444060,1408920665.3800
2026-07-07,40.1568212500,39.8575157500,40.9050850000,39.7777009500,28706264,1156295564.0200
2026-07-08,40.1967286500,40.8452239000,41.2143673500,39.8674926000,44273472,1802557496.9300
2026-07-09,40.6756174500,42.2719134500,42.3816588000,40.4062425000,65695327,2754346302.4500
2026-07-10,41.8927931500,43.0900151500,44.1974455000,41.4039275000,79759649,3446061915.9400
2026-07-13,43.1300000000,41.9000000000,43.3500000000,41.6300000000,48298698,2039026456.6300
2026-07-14,41.9500000000,41.1800000000,42.4700000000,40.2200000000,44844457,1838037592.8300
2026-07-15,41.0500000000,41.3500000000,41.8400000000,40.4600000000,38744059,1599948477.0800
2026-07-16,41.0900000000,41.9900000000,42.4500000000,40.8800000000,45275277,1896335585.3800
2026-07-17,41.6300000000,41.1200000000,42.3000000000,40.0300000000,53250513,2185504474.7500
2026-07-20,40.6000000000,40.9700000000,41.2300000000,40.3300000000,39792015,1620701455.2900
2026-07-21,40.6000000000,41.7000000000,41.7000000000,40.4900000000,46134332,1900912054.7800
2026-07-22,41.3600000000,40.8300000000,41.4400000000,40.6800000000,41814959,1713857403.3500
2026-07-23,40.6700000000,40.4900000000,40.7700000000,40.0300000000,32969505,1327311763.3900
2026-07-24,40.0000000000,38.8800000000,40.0400000000,38.8800000000,39047760,1538075149.2000
2026-07-27,38.8800000000,39.7300000000,39.7400000000,38.5500000000,27391189,1079029196.8700
2026-07-28,39.2100000000,39.8100000000,40.4500000000,39.2000000000,30040242,1201183015.1800
2026-07-29,39.7200000000,40.0700000000,40.2800000000,39.3000000000,30561898,1219474311.9500
2026-07-30,39.8000000000,39.8700000000,40.6600000000,39.7000000000,32333927,1301438249.6000
2026-07-31,40.4700000000,42.2200000000,43.2200000000,40.3000000000,95553680,4014826116.9200
