date,open,close,high,low,volume,amount
2020-01-02,27.7129860000,28.5637494000,28.9512258000,27.4350138000,74984234,2530294947.6100
2020-01-03,28.5553260000,28.7827578000,28.8922620000,28.3784346000,47900997,1630745424.3600
2020-01-06,28.6395600000,28.9849194000,29.5829808000,28.2689304000,58912538,2035676278.5200
2020-01-07,29.0186130000,28.9764960000,29.4482064000,28.7827578000,31456151,1084694852.2200
2020-01-08,28.6479834000,28.7069472000,29.3050086000,28.5553260000,36049030,1234135899.7500
2020-01-09,29.0270364000,29.1870810000,29.2965852000,28.7490642000,37890997,1305627478.2100
2020-01-10,29.0354598000,28.9428024000,29.1955044000,28.6479834000,36442765,1249566932.2500
2020-01-13,29.2713150000,29.6756382000,29.9030700000,29.0607300000,50855250,1785657225.5500
2020-01-14,29.9620338000,29.7851424000,29.9873040000,29.3555490000,37719451,1330874953.7600
2020-01-15,29.7514488000,30.9138780000,31.1665800000,29.4987468000,59945960,2161517159.7600
2020-01-16,30.7454100000,30.9981120000,31.0823460000,30.4590144000,45834312,1677054394.3100
2020-01-17,30.5685186000,30.0462678000,30.7875270000,29.9873040000,48021052,1732968996.5500
2020-01-20,29.9873040000,30.4253208000,30.8886078000,29.9030700000,48803321,1766903916.1600
2020-01-21,30.0462678000,29.4734766000,30.3747804000,29.3808192000,49215107,1734473855.4500
2020-01-22,29.3134320000,30.8380674000,30.9981120000,29.1533874000,55418587,1993790516.7500
2020-01-23,30.3326634000,30.3242400000,31.0149588000,29.5829808000,57062403,2057230929.3500
2020-02-03,27.2918160000,27.3507798000,28.8080280000,27.2918160000,84232907,2796702685.7400
2020-02-04,27.6455988000,28.7911812000,28.8838386000,27.6287520000,64232348,2177880568.6700
2020-02-05,28.8922620000,29.5661340000,30.4084740000,28.5805962000,73555887,2591506575.2700
2020-02-06,29.5745574000,29.9030700000,30.0968082000,28.9849194000,50035614,1761107367.1700
2020-02-07,29.4819000000,29.6503680000,29.9030700000,29.0438832000,46780370,1635388478.3200
2020-02-10,29.4987468000,29.5071702000,29.6082510000,29.0607300000,45266143,1574848744.3100
2020-02-11,29.6082510000,29.9536104000,30.1978890000,29.1281172000,51812994,1827309508.9900
2020-02-12,29.8188360000,30.3242400000,30.4168974000,29.5071702000,44368267,1579577351.5400
2020-02-13,30.2400060000,30.2905464000,30.8717610000,29.9957274000,45628760,1651770269.7200
2020-02-14,30.1052316000,30.1052316000,30.9644184000,29.7767190000,53712672,1933923573.8800
2020-02-17,29.9873040000,31.2929310000,31.3687416000,29.9873040000,66087167,2414717645.9600
2020-02-18,31.2339672000,31.0233822000,31.2339672000,30.5432484000,51012126,1870151058.2700
2020-02-19,31.0907694000,32.1521178000,32.4385134000,30.8043738000,98280870,3695422704.5300
2020-02-20,32.0173434000,32.6743686000,32.9607642000,31.9246860000,69039830,2663056805.0500
2020-02-21,32.6743686000,33.1881960000,33.7694106000,32.4806304000,82072444,3246530781.2600
2020-02-24,32.8512600000,32.8933770000,33.3482406000,32.4385134000,61297406,2395026124.2300
2020-02-25,32.0004966000,32.3037390000,32.5143240000,31.1581566000,75762316,2879413897.2000
2020-02-26,31.8151818000,31.0823460000,32.1268476000,30.9559950000,68380553,2546204276.8600
2020-02-27,31.2508140000,30.9981120000,31.6635606000,30.4927080000,51660450,1904767745.1100
2020-02-28,30.1557720000,29.4819000000,30.9138780000,29.3808192000,65868848,2346742292.3200
2020-03-02,29.4650532000,29.9873040000,30.4758612000,28.9006854000,94881087,3346843896.8800
2020-03-03,30.4927080000,30.1978890000,31.1244630000,29.9030700000,79589910,2886939646.9400
2020-03-04,29.9030700000,29.9283402000,30.1726188000,29.3134320000,59433860,2095559249.1900
2020-03-05,30.6190590000,30.4758612000,30.7454100000,29.7682956000,59922386,2152390761.4100
2020-03-06,30.0715380000,29.6672148000,30.2147358000,29.5492872000,48267285,1709746673.1000
2020-03-09,29.2123512000,28.2015432000,29.2207746000,28.1341560000,82420136,2795943335.9000
2020-03-10,27.8056434000,28.9764960000,29.1196938000,27.8056434000,58991116,1994628076.4100
2020-03-11,29.2713150000,28.5216324000,29.2713150000,28.4710920000,40146751,1369682038.1600
2020-03-12,27.9656880000,27.6961392000,28.1173092000,27.5866350000,47642899,1572588732.3000
2020-03-13,26.5337100000,26.9885736000,27.3760500000,25.4218212000,71395197,2246520554.0400
2020-03-16,27.1065012000,25.3544340000,27.1233480000,25.1691192000,74118273,2287783002.1200
2020-03-17,25.3291638000,24.4447068000,25.7756040000,23.5097094000,92341873,2682843163.0000
2020-03-18,24.7647960000,24.4278600000,25.5229020000,24.4278600000,70173265,2087429742.0600
2020-03-19,24.4278600000,24.4531302000,24.6805620000,23.3833584000,77980475,2230432956.5000
2020-03-20,24.9248406000,24.4952472000,25.0680384000,24.0825006000,57683610,1675295749.2400
2020-03-23,23.6023668000,22.8948012000,23.7371412000,22.8863778000,68195852,1882167393.1400
2020-03-24,23.7876816000,23.4507456000,23.7961050000,22.7431800000,60833126,1677744379.2900
2020-03-25,24.1498878000,24.3015090000,24.6384450000,24.0656538000,62753459,1811433940.5600
2020-03-26,24.3015090000,23.8550688000,24.3015090000,23.7034476000,42842226,1220961247.7400
2020-03-27,24.3436260000,23.9224560000,24.3773196000,23.8297986000,44708295,1278946202.3100
2020-03-30,23.4170520000,23.1475032000,23.4170520000,22.7937204000,53486792,1462659311.0200
2020-03-31,23.4844392000,23.5012860000,23.8382220000,23.4423222000,39635926,1109958358.8000
2020-04-01,23.6697540000,24.4110132000,24.5036706000,23.4760158000,73679183,2116047234.3600
2020-04-02,24.3352026000,25.6492530000,25.6492530000,24.2678154000,79423520,2357986090.6100
2020-04-03,25.7756040000,25.9272252000,26.2136208000,25.3797042000,70059739,2144867625.1200
2020-04-07,26.4915930000,26.2220442000,26.7021780000,25.6997934000,74303630,2299332696.0600
2020-04-08,26.0704230000,25.7671806000,26.0704230000,25.5565956000,44012282,1345505432.5100
2020-04-09,25.8345678000,25.3460106000,25.8851082000,25.1859660000,48998101,1474664218.0500
2020-04-10,25.2786234000,24.7647960000,25.2786234000,24.5036706000,40278827,1188959791.8700
2020-04-13,24.4278600000,24.5626344000,24.7311024000,24.2678154000,27593331,800761115.0700
2020-04-14,24.8827236000,25.4555148000,25.4639382000,24.8406066000,53863033,1611108375.1100
2020-04-15,25.5229020000,25.2954702000,25.6492530000,25.2028128000,32362581,974453991.5000
2020-04-16,25.1017320000,25.3544340000,25.3712808000,24.9753810000,27452430,821841805.2000
2020-04-17,25.5987126000,25.4723616000,25.8345678000,25.4218212000,40885456,1244494153.4400
2020-04-20,25.5229020000,26.0030358000,26.1125400000,25.4723616000,43697912,1341889394.7700
2020-04-21,25.8851082000,25.2617766000,25.8851082000,25.0343448000,50553550,1519701978.7600
2020-04-22,25.0174980000,25.2533532000,25.5060552000,24.8658768000,24833860,743307808.9300
2020-04-23,25.4639382000,25.1859660000,25.4639382000,25.1101554000,22648723,679114051.9100
2020-04-24,25.1775426000,25.0427682000,25.3038936000,24.8658768000,26700186,794572861.7400
2020-04-27,25.8008742000,26.1799272000,26.4326292000,25.6492530000,81101631,2518610457.4700
2020-04-28,26.2978548000,26.1125400000,26.4663228000,25.4386680000,50401297,1554738682.5100
2020-04-29,26.0283060000,26.2557378000,26.2557378000,25.8429912000,26996246,837026475.0700
2020-04-30,26.4494760000,27.0054204000,27.1654650000,26.3652420000,51092363,1627991776.2800
2020-05-06,26.5337100000,27.1233480000,27.1991586000,26.4494760000,59204740,1887194014.7800
2020-05-07,27.1233480000,26.6010972000,27.5108244000,26.5758270000,37764406,1204812993.5500
2020-05-08,26.8790694000,26.8201056000,27.3592032000,26.7948354000,34226689,1096892310.7700
2020-05-11,26.9211864000,26.9717268000,27.1738884000,26.7695652000,38472226,1231353537.1400
2020-05-12,27.0306906000,27.0896544000,27.0980778000,26.7358716000,29300379,938153850.4200
2020-05-13,26.9548800000,26.9969970000,27.0559608000,26.7864120000,18493433,590361171.3600
2020-05-14,26.8959162000,26.2894314000,26.8959162000,26.2388910000,35614389,1117866682.6300
2020-05-15,26.2810080000,26.0114592000,26.4494760000,25.8177210000,41056913,1270148473.3000
2020-05-18,25.8177210000,25.1859660000,25.8177210000,24.9922278000,59929852,1797113705.8200
2020-05-19,25.4218212000,25.5650190000,25.6071360000,25.1101554000,44431790,1335117769.7900
2020-05-20,25.4386680000,25.2954702000,25.4470914000,25.1522724000,28956574,868228317.4900
2020-05-21,25.5565956000,24.9416874000,25.5565956000,24.8574534000,30119466,898751223.1700
2020-05-22,25.2617766000,25.2365064000,25.7840274000,25.0006512000,52412348,1577161359.6300
2020-05-25,23.9056092000,23.5686732000,24.0572304000,23.0801160000,85273357,2391961088.0800
2020-05-26,23.5939434000,23.9056092000,24.3015090000,23.5939434000,50457303,1438104375.9300
2020-05-27,23.9140326000,23.8550688000,24.1414644000,23.7455646000,27697051,785352226.9700
2020-05-28,23.8382220000,23.9308794000,24.0319602000,23.4675924000,28053703,791177075.1900
2020-05-29,23.9654272500,23.7236139300,24.0517891500,23.5854348900,39704750,1091959268.3000
2020-06-01,23.8358844000,24.7858653000,24.8808633900,23.8358844000,64090227,1808425159.4400
2020-06-02,24.6995034000,24.7167757800,25.0190424300,24.3626919900,47034122,1342960980.2300
2020-06-03,24.8031376800,24.6649586400,24.8722272000,24.5267796000,31840893,910889443.8000
2020-06-04,24.6649586400,24.7340481600,24.8204100600,24.4576900800,31440127,895994878.1200
2020-06-05,24.7340481600,24.8463186300,24.8635910100,24.5440519800,26211257,750988247.4900
2020-06-08,24.8463186300,25.3644900300,25.6753928700,24.8376824400,47057464,1378683963.9100
2020-06-09,25.5113052600,25.2608557500,25.5544862100,25.0967681400,27711614,811527472.2100
2020-06-10,25.3472176500,25.2867643200,25.3472176500,24.9413167200,32677782,950354935.8200
2020-06-11,25.1313129000,24.8117738700,25.2263109900,24.6390500700,45445449,1309193179.7400
2020-06-12,24.2676939000,24.8894995800,25.0881319500,24.1295148600,45169078,1285973743.9800
2020-06-15,24.5181434100,24.4490538900,24.7772291100,24.4317815100,33068447,940704080.6600
2020-06-16,24.7858653000,24.6995034000,25.0104062400,24.4576900800,35493743,1015972500.6200
2020-06-17,24.8549548200,25.4767605000,25.4767605000,24.4749624600,61244417,1781522926.3300
2020-06-18,25.4767605000,25.9085700000,26.0899299900,25.2349471800,61908950,1848057499.7900
2020-06-19,25.8135719100,26.0640214200,26.2712899800,25.6235757300,56510625,1705915419.8800
2020-06-22,26.0640214200,25.7185738200,26.3144709300,25.6235757300,50723697,1517855355.4100
2020-06-23,25.6322119200,25.9172061900,25.9517509500,25.2867643200,47530164,1407464826.6800
2020-06-24,25.9258423800,26.1417471300,26.3403795000,25.7444823900,40652633,1227929034.4300
2020-06-29,25.8912976200,25.4076709800,25.9085700000,25.3040367000,43052181,1272691231.1700
2020-06-30,25.6322119200,26.2108366500,26.2194728400,25.5803947800,50726812,1526316815.1100
2020-07-01,26.3317433100,27.7394422800,27.8085318000,26.2281090300,113480242,3591072819.2500
2020-07-02,27.9812556000,28.5685165200,28.7585127000,27.6185356200,100223890,3297940062.7500
2020-07-03,28.4130651000,28.8276022200,28.9139641200,28.0158003600,70200675,2310649299.1000
2020-07-06,29.0348707800,30.5375678400,31.1334649500,29.0262345900,108425188,3819919039.4000
2020-07-07,31.0902840000,30.5721126000,31.9366306200,30.2266650000,115790793,4161313330.0500
2020-07-08,30.5634764100,30.6152935500,30.8484706800,30.1057583400,77720342,2731735713.8600
2020-07-09,30.8139259200,33.1284248400,33.4738724400,30.5375678400,130743147,4882801164.1500
2020-07-10,32.4720744000,31.9193582400,32.7138877200,31.7379982500,86550846,3231395538.5400
2020-07-13,31.8675411000,32.4979829700,32.8175220000,31.5220935000,90098042,3366992555.5000
2020-07-14,32.3338953600,31.5652744500,32.4288934500,31.0902840000,83101515,3049701126.0200
2020-07-15,31.6170915900,31.1161925700,32.0661734700,31.0902840000,74030074,2696476814.6500
2020-07-16,31.0902840000,30.0453050100,31.6689087300,29.3630460000,97437894,3414969540.2300
2020-07-17,30.0453050100,30.3216630900,30.6239297400,29.7948555000,60982763,2130215660.4700
2020-07-20,30.5721126000,30.2525735700,30.5980211700,29.6739488400,50692755,1767051337.3500
2020-07-21,30.4425697500,29.9589431100,30.6584745000,29.6134955100,65980026,2293715894.1100
2020-07-22,30.8139259200,31.1507373300,31.6948173000,30.3993888000,90125497,3256950322.9700
2020-07-23,30.5721126000,30.5721126000,30.9952859100,29.7516745500,77682911,2721527872.8200
2020-07-24,29.8812174000,29.0435069700,30.3389354700,28.9139641200,78955957,2692092077.5900
2020-07-27,30.1403031000,31.9452668100,31.9452668100,30.1403031000,160499295,5877425005.7900
2020-07-28,32.8779753300,31.7120896800,32.8779753300,31.0471030500,114102874,4176469098.7300
2020-07-29,31.5220935000,32.6447982000,32.8779753300,31.2543716100,106441872,3953389170.1600
2020-07-30,32.6447982000,32.2043525100,32.7743410500,32.0229925200,57687154,2160582506.5700
2020-07-31,32.1266268000,31.9452668100,32.6275258200,31.3493697000,75305963,2785918912.3800
2020-08-03,32.2216248900,33.2752400700,33.6811410000,32.2216248900,106753905,4100537265.1900
2020-08-04,33.2838762600,33.6206876700,33.9229543200,32.8261581900,76462244,2965267274.1900
2020-08-05,33.8538648000,33.6897771900,33.9747714600,32.8175220000,59291571,2298965162.0600
2020-08-06,33.6897771900,33.1370610300,33.6897771900,32.6879791500,49271726,1886982964.2900
2020-08-07,32.8952477100,33.4393276800,33.9402267000,32.6016172500,75453526,2920881331.6900
2020-08-10,32.9038839000,32.7829772400,33.2320591200,32.2820782200,52403248,1985331185.1200
2020-08-11,33.0852438900,33.9834076500,34.8556628400,33.0852438900,109950667,4377089044.7700
2020-08-12,34.1129505000,34.5447600000,34.9247523600,33.8365924200,95705432,3813485826.8400
2020-08-13,34.6397580900,34.2338571600,34.7520285600,33.8365924200,55463838,2188135500.0900
2020-08-14,33.8970457500,34.4065809600,34.9592971200,33.7070495700,53882385,2147291554.3700
2020-08-17,34.1129505000,34.5793047600,34.9765695000,33.8625009900,82626335,3291051363.6500
2020-08-18,34.5793047600,33.7415943300,34.5793047600,33.2061505500,74338923,2898720095.3600
2020-08-19,33.6638686200,32.9384286600,33.9315905100,32.8002496200,66835782,2561816890.7500
2020-08-20,32.9297924700,32.6534343900,33.2752400700,32.5411639200,43242166,1643668697.7500
2020-08-21,33.1543334100,32.5152553500,33.2493315000,32.2820782200,37643587,1420529771.5400
2020-08-24,32.8088858100,33.3356934000,33.6638686200,32.7138877200,52692981,2032691523.6800
2020-08-25,33.2838762600,33.1456972200,33.5515981500,32.9816096100,35153804,1349095660.7300
2020-08-26,32.9988819900,32.5498001100,33.2925124500,32.4116210700,31097882,1178325850.8000
2020-08-27,32.5411639200,31.9452668100,32.7311601000,31.7984515800,41264794,1534680277.6700
2020-08-28,31.9970839500,32.7829772400,32.9902458000,31.8070877700,46177724,1729649308.4500
2020-08-31,32.8607029500,32.3166229800,33.1629696000,32.3166229800,39439223,1494019774.8100
2020-09-01,32.3079867900,32.6620705800,33.0766077000,32.2734420300,32153927,1214196507.4800
2020-09-02,32.6447982000,33.1802419800,33.3529657800,31.9539030000,52915809,2011824553.3700
2020-09-03,33.2061505500,33.1802419800,33.8193200400,32.9902458000,44204972,1711355042.2400
2020-09-04,32.4720744000,32.6879791500,32.8002496200,32.0834458500,41248688,1552098412.5400
2020-09-07,32.3079867900,31.4270954100,32.5670724900,31.4270954100,54397794,2019889597.7900
2020-09-08,31.5652744500,31.3493697000,31.9107220500,31.0730116200,42320922,1540964535.9200
2020-09-09,31.0557392400,31.1766459000,31.6084554000,30.4339335600,40468666,1454115373.0800
2020-09-10,31.5220935000,31.0039221000,31.6602725400,30.8398344900,28760054,1040125618.0400
2020-09-11,30.9952859100,31.2457354200,31.3493697000,30.4857507000,32015579,1146500703.5400
2020-09-14,31.2630078000,31.5220935000,31.5220935000,30.9866497200,29487737,1067982002.0100
2020-09-15,31.5220935000,32.5066191600,32.5238915400,31.3493697000,32723209,1219489337.9400
2020-09-16,32.4720744000,32.3598039300,32.5498001100,31.8070877700,29913608,1112542820.7000
2020-09-17,31.9884477600,31.3925506500,32.1525353700,31.2802801800,27800019,1016701364.2500
2020-09-18,31.6861811100,31.6430001600,31.6861811100,31.0902840000,25267771,918577682.4500
2020-09-21,31.8502687200,31.3148249400,31.8502687200,31.2630078000,19671356,717817513.3900
2020-09-22,31.1593735200,31.1334649500,31.4875487400,31.0298306700,18609375,673004427.7900
2020-09-23,31.3839144600,31.6084554000,31.8502687200,31.3234611300,27035682,991402764.5200
2020-09-24,31.4357316000,31.7725430100,31.9107220500,31.3493697000,30603477,1122270824.4300
2020-09-25,31.7639068200,31.1507373300,32.1266268000,31.0298306700,26648299,970688523.7300
2020-09-28,31.0989201900,31.4616401700,31.6257277800,31.0557392400,25178230,913960891.6800
2020-09-29,31.5652744500,32.1352629900,32.4807105900,31.4184592200,33780090,1249830294.8100
2020-09-30,32.2129887000,32.9125200900,32.9384286600,32.1266268000,43457665,1646406372.0400
2020-10-09,33.4220553000,32.9470648500,33.4738724400,32.5584363000,33939058,1291934091.4600
2020-10-12,32.9643372300,33.3529657800,33.4047829200,32.6966153400,40511016,1550350945.6200
2020-10-13,33.3529657800,33.7415943300,34.1129505000,33.2493315000,33816440,1319746970.6200
2020-10-14,33.7415943300,33.6811410000,33.9402267000,32.9988819900,29668303,1150475353.7300
2020-10-15,33.5947791000,34.0265886000,34.2684019200,33.4825086300,36963076,1456672210.5100
2020-10-16,33.7070495700,33.2320591200,33.9402267000,33.0334267500,23040268,889850769.2700
2020-10-19,33.4652362500,33.9143181300,34.2079485900,33.3616019700,34531720,1355529438.9800
2020-10-20,33.9834076500,33.9229543200,34.3288552500,33.5515981500,22518599,883239530.1100
2020-10-21,33.6984133800,33.9056819400,34.2165847800,33.6293238600,21127537,830050291.6500
2020-10-22,33.7847752800,33.8020476600,35.1924742500,33.6638686200,56160206,2233263552.4100
2020-10-23,33.8020476600,33.8106838500,35.0802037800,33.6120514800,45933288,1829150385.5300
2020-10-26,34.1302228800,36.9542570100,37.1960703300,33.8538648000,133837307,5669104803.4700
2020-10-27,36.5310837000,38.1719598000,38.7333121500,36.3065427600,107791583,4718255511.2900
2020-10-28,38.0337807600,38.1805959900,39.4673883000,37.4810646000,88457126,3931322211.4200
2020-10-29,37.8265122000,38.7678569100,39.3464816400,37.8265122000,58241694,2606026780.4100
2020-10-30,39.2946645000,38.7764931000,40.0978301700,38.5864969200,57429793,2618665820.3900
2020-11-02,38.7333121500,39.3982987800,39.6142035300,38.6901312000,46770420,2124006374.8400
2020-11-03,39.4846606800,39.3982987800,39.6573844800,38.8455826200,41721005,1897097402.7000
2020-11-04,39.6919292400,40.2273730200,41.0219025000,39.4414797300,44260083,2065796473.7600
2020-11-05,41.1773539200,41.5573462800,41.7559786500,41.0219025000,60198891,2889935674.2400
2020-11-06,41.4537120000,42.4123290900,42.8614109700,41.0823558300,53762838,2622692376.1500
2020-11-09,42.1014262500,41.7991596000,43.2414033300,41.4537120000,68783472,3359309944.7000
2020-11-10,41.4709843800,42.1186986300,42.6455062200,41.0823558300,47937652,2336442159.2500
2020-11-11,41.7818872200,40.8578148900,42.3173310000,40.8578148900,45488200,2184005502.4300
2020-11-12,41.4623481900,41.4537120000,42.1877881500,40.9700853600,42636412,2049569779.5100
2020-11-13,40.5900930000,40.8491787000,41.4364396200,39.5537502000,63145308,2970437896.0500
2020-11-16,42.2827862400,41.6264358000,42.2827862400,40.5728206200,47057991,2255578075.5500
2020-11-17,41.6264358000,40.3655520600,41.8855215000,39.7178378100,56945956,2668247240.7400
2020-11-18,40.3741882500,39.5969311500,40.8923596500,38.6814950100,62335314,2862410077.0600
2020-11-19,40.3741882500,41.5400739000,41.6696167500,39.5969311500,46878926,2217180576.8600
2020-11-20,41.5487100900,41.1341729700,41.6264358000,40.6160015700,35357422,1684081211.2000
2020-11-23,41.4537120000,40.3828244400,41.5400739000,39.8905616100,42086943,1968911744.1900
2020-11-24,40.3828244400,39.8387444700,40.4605501500,39.3637540200,35880033,1653697562.8400
2020-11-25,39.5796587700,39.3896625900,40.4000968200,39.3896625900,27371859,1263159760.7600
2020-11-26,39.8301082800,39.7523825700,39.9855597000,38.6901312000,26579244,1211364439.0500
2020-11-27,40.2014644500,40.5900930000,40.7714529900,39.0528511800,39777013,1851851733.4300
2020-11-30,40.3310073000,39.4414797300,40.5123672900,39.4069349700,35322777,1626128183.0200
2020-12-01,39.6401121000,39.2773921200,39.9682873200,38.9060359500,41664222,1890821902.0300
2020-12-02,39.2946645000,38.7160397700,39.4501159200,38.6901312000,30590181,1375118456.0100
2020-12-03,38.9578530900,39.2946645000,39.5364778200,38.4396816900,32536890,1469920898.2000
2020-12-04,38.9837616600,39.6142035300,39.7264740000,38.9837616600,30725313,1403016057.1800
2020-12-07,38.8628550000,38.6901312000,39.3119368800,37.6019712600,50395029,2263334022.7800
2020-12-08,38.8196740500,38.2410493200,39.0355788000,37.7228779200,50285170,2234520121.5200
2020-12-09,38.4310455000,37.7487864900,38.5433159700,37.6106074500,35255241,1549925491.1300
2020-12-10,37.9905998100,38.8628550000,39.6314759100,37.4637922200,43498215,1952422222.5900
2020-12-11,38.9664892800,38.4051369300,39.2083026000,37.7401503000,45645362,2020677471.8600
2020-12-14,38.4137731200,39.5969311500,39.9855597000,38.3619559800,51018187,2331354749.4700
2020-12-15,39.9855597000,40.3396434900,40.7628168000,39.5969311500,48553183,2268365451.4700
2020-12-16,40.0287406500,39.7264740000,40.3396434900,39.4069349700,36743185,1691696731.2400
2020-12-17,39.5019330600,38.7505845300,39.7869273300,38.5346797800,38746736,1750203836.8000
2020-12-18,38.6037693000,39.6228397200,39.6228397200,38.4655902600,56884251,2577562464.6600
2020-12-21,39.2860283100,39.0269426100,39.3896625900,37.6624245900,47904587,2149480395.1000
2020-12-22,38.8455826200,38.7074035800,39.4846606800,38.5864969200,32690432,1478956161.1300
2020-12-23,38.3446836000,39.5192054400,40.3310073000,38.2151407500,53127321,2425960570.7100
2020-12-24,39.7696549500,40.6937272800,41.0219025000,39.7696549500,59939896,2812982475.6800
2020-12-25,40.9182682200,40.8059977500,41.3673501000,40.3310073000,43899940,2080711825.9200
2020-12-28,40.0114682700,40.5900930000,40.8837234600,40.0114682700,42322239,1983876317.9300
2020-12-29,40.7109996600,40.2532815900,41.0219025000,38.7851292900,45553009,2113307434.2700
2020-12-30,39.9941958900,40.5469120500,41.1600815400,39.7092016200,46188957,2175470227.9400
2020-12-31,39.8128359000,41.8941576900,42.4382376600,39.8128359000,118943687,5785848628.2900
2021-01-04,41.5400739000,43.0082262000,43.7423023500,40.5210034800,157793361,7675782065.9900
2021-01-05,42.7491405000,47.3090488200,47.3090488200,42.6627786000,147156104,7956690626.5400
2021-01-06,47.9308545000,47.8617649800,50.3662600800,47.3263212000,131752692,7419141928.2500
2021-01-07,48.3626640000,50.3403515100,51.3421495500,48.0863059200,93609657,5423116475.8200
2021-01-08,50.2626258000,49.5199134600,50.8671591000,48.1208506800,85544954,4894349567.8900
2021-01-11,50.0985381900,50.9535210000,52.9484808900,49.9517229600,129337078,7708604407.4500
2021-01-12,50.9880657600,52.8966637500,53.1557494500,50.9621571900,84141203,5112224389.3200
2021-01-13,52.5080352000,51.7394142900,53.0607513600,50.9535210000,72099546,4349146852.2200
2021-01-14,51.0571552800,49.4335515600,51.5494181100,49.0535592000,62406543,3629182990.3900
2021-01-15,49.7271820200,50.8671591000,52.6548504300,49.7271820200,57256014,3386754292.4600
2021-01-18,50.2712619900,51.6271438200,52.7671209000,49.2867363300,45947104,2736546475.0200
2021-01-19,51.6616885800,52.3266752100,53.7084656100,51.6616885800,48253933,2948151415.1600
2021-01-20,51.5666904900,52.1625876000,52.3180390200,51.1262448000,46239256,2771744366.9500
2021-01-21,52.3612199700,54.5807208000,55.7638788300,52.3353114000,74640858,4690048536.7600
2021-01-22,55.2716160000,57.6379320600,58.6224577200,54.8398065000,68616533,4524129348.9400
2021-01-25,57.6983853900,58.4238253500,60.8678671200,55.7293340700,62922402,4255124841.4400
2021-01-26,57.6292958700,56.2215969000,58.1906482200,55.8761493000,48400361,3175946151.8000
2021-01-27,56.2647778500,59.6588005200,60.2633338200,55.2197988600,59629095,3962059404.0800
2021-01-28,58.2942825000,55.2284350500,58.2942825000,53.6911932300,84618566,5470475334.4400
2021-01-29,54.9261684000,54.4079970000,56.0661454800,53.1212046900,62260960,3916791620.1300
2021-02-01,54.9175322100,54.9779855400,55.7034255000,52.9398447000,50235570,3157186160.0700
2021-02-02,54.9779855400,55.6861531200,57.0506711400,54.8398065000,45263816,2936284474.0100
2021-02-03,55.6861531200,51.7307781000,57.4220273100,51.0571552800,73388139,4634693197.8000
2021-02-04,52.6893951900,52.4907628200,54.0970941600,51.7307781000,63513554,3881094947.0800
2021-02-05,52.5253075800,51.5062371600,52.9398447000,50.1417191400,56512178,3363584285.7600
2021-02-08,51.4889647800,51.7135057200,52.9139361300,50.4353496000,53111027,3184120210.6000
2021-02-09,52.5425799600,53.9761875000,54.9693493500,51.9984999900,55688071,3462194271.8400
2021-02-10,53.9761875000,56.9988540000,57.4306635000,52.9225723200,55685991,3593450412.5700
2021-02-18,57.0074901900,52.9484808900,58.0351968000,52.7239399500,70039935,4421816430.0200
2021-02-19,52.3353114000,53.2680199200,53.7084656100,51.4026028800,41627554,2547252021.7200
2021-02-22,53.0262066000,50.6426181600,53.0262066000,49.9171782000,66889347,3944737225.3600
2021-02-23,50.5648924500,50.4008048400,51.6357800100,49.3212810900,44484595,2593228957.4000
2021-02-24,50.9362486200,48.4144811400,50.9707933800,47.6804049900,69842218,3965119327.5300
2021-02-25,49.3817344200,49.2090106200,50.4353496000,48.7944735000,36598018,2102497078.4700
2021-02-26,47.4990450000,47.9826716400,48.8721992100,46.9376926500,47652324,2651193801.9100
2021-03-01,49.8308163000,50.2885343700,51.4716924000,49.7962715400,49789524,2911832675.0600
2021-03-02,50.3489877000,51.3076047900,52.3180390200,50.3489877000,46738147,2775047815.7900
2021-03-03,51.3421495500,51.5407819200,51.7480504800,49.9171782000,25830891,1528435266.9400
2021-03-04,50.7980695800,50.0467210500,50.8326143400,49.5544582200,27211116,1574937495.6400
2021-03-05,49.2090106200,50.2626258000,51.6616885800,48.0863059200,49015730,2839053068.8700
2021-03-08,50.9535210000,48.4490259000,51.9207742800,48.2417573400,46149747,2660372097.9300
2021-03-09,48.0603973500,46.1863441200,48.0603973500,45.6854451000,65948243,3566533324.6700
2021-03-10,47.0326907400,46.9290564600,47.8704011700,46.6008812400,33347646,1823436300.5200
2021-03-11,47.3349573900,48.8981077800,49.4853687000,46.6613345700,36616992,2058729534.2200
2021-03-12,49.1399211000,48.1899402000,49.3990068000,47.7149497500,19707449,1102585181.3500
2021-03-15,46.6440621900,46.6267898100,47.6631326100,45.2622717900,41300079,2225417791.3300
2021-03-16,46.5922450500,46.0308927000,46.9808736000,43.8545728200,50358909,2633734086.2000
2021-03-17,46.0308927000,46.2036165000,46.9808736000,45.2363632200,24555905,1318260064.9000
2021-03-18,47.1276888300,47.0326907400,47.1967783500,46.3331593500,20055377,1086393814.5800
2021-03-19,46.2122526900,46.2036165000,48.3367554300,45.8408965200,23468276,1275394504.1000
2021-03-22,45.4954489200,45.7890793800,46.2036165000,44.4418337400,32872556,1724350449.8800
2021-03-23,45.8581689000,45.1672737000,46.2036165000,44.5627404000,26037363,1361179627.4900
2021-03-24,44.9513689500,44.2432013700,45.5559022500,44.0618413800,27695130,1430148407.5500
2021-03-25,44.1136585200,43.5177614100,44.5886489700,42.8959557300,36001721,1816768355.6700
2021-03-26,43.9495709100,46.1172546000,47.0672355000,43.6818490200,36243014,1910217265.5700
2021-03-29,46.6526983800,46.2467974500,47.7926754600,46.1172546000,29832527,1624508723.5800
2021-03-30,46.5317917200,47.7322221300,48.7772011200,46.0136203200,36531313,2020813833.0700
2021-03-31,47.8013116500,48.2763021000,48.8031096900,47.2054145400,23124763,1291534392.2500
2021-04-01,48.2935744800,48.6303858900,48.8981077800,47.7926754600,18564615,1040904137.3800
2021-04-02,49.0276506300,48.7944735000,49.8739972500,47.9308545000,31469474,1785461317.2100
2021-04-06,49.3040087100,48.6649306500,49.6149115500,48.0172164000,20112005,1137675545.6500
2021-04-07,48.3626640000,48.1985763900,49.3817344200,47.7149497500,18732726,1046702070.3200
2021-04-08,47.7235859400,49.6667286900,50.1417191400,47.5767707100,24935956,1427733028.6100
2021-04-09,49.6580925000,47.9394906900,49.6580925000,47.6804049900,21092249,1181209401.0700
2021-04-12,47.9308545000,46.3417955400,48.1467592500,46.0395288900,18994641,1023306065.0400
2021-04-13,46.3417955400,46.6354260000,47.3781383400,45.9618031800,16082950,869567462.7800
2021-04-14,47.3176850100,47.2140507300,48.0258525900,46.2899784000,22753248,1248677101.9300
2021-04-15,47.2572316800,48.6735668400,48.7944735000,46.9808736000,21985138,1219402181.7000
2021-04-16,48.7512925500,49.2521915700,49.7444544000,48.0603973500,25464037,1451264362.3500
2021-04-19,51.4716924000,52.8621189900,54.0193684500,51.4716924000,68676218,4197673371.7900
2021-04-20,52.8707551800,53.8898256000,54.2352732000,51.9898638000,39706454,2456260504.7900
2021-04-21,53.8639170300,53.5443780000,54.0193684500,52.6807590000,22331911,1380250191.8300
2021-04-22,54.1143665400,54.3043627200,55.7293340700,53.1298408800,37451371,2370355301.7100
2021-04-23,54.4770865200,54.6066293700,55.6516083600,54.1316389200,27131551,1728203018.8100
2021-04-26,54.6325379400,55.2716160000,55.7811512100,53.8380084600,34003750,2171671585.7300
2021-04-27,54.6670827000,53.9934598800,54.6670827000,53.0262066000,35065207,2178051692.0200
2021-04-28,53.9761875000,55.1679817200,55.6256997900,53.9761875000,23044238,1467752278.2900
2021-04-29,54.9261684000,54.9261684000,55.6084274100,54.2352732000,17081262,1086257703.2600
2021-04-30,54.9261684000,54.2180008200,55.1679817200,53.8034637000,17581983,1105756674.1700
2021-05-06,53.6221037100,53.4580161000,55.1852541000,53.2852923000,21871307,1366455844.6500
2021-05-07,54.3820884300,51.2298790800,54.4079970000,51.2126067000,26311408,1604124380.9900
2021-05-10,51.3076047900,52.3353114000,53.5443780000,51.2644238400,24346518,1481966450.3800
2021-05-11,51.8171400000,52.2921304500,52.5771247200,50.5044391200,22018013,1312835949.6300
2021-05-12,52.3439475900,53.1125685000,54.1143665400,52.0244085600,25786811,1590070849.9200
2021-05-13,52.4044009200,51.8948657100,52.6807590000,51.6703247700,20116006,1212917958.3800
2021-05-14,52.1539514100,52.4130371100,52.7239399500,50.8498867200,26944666,1618120564.0500
2021-05-17,52.5943971000,54.0193684500,54.4770865200,52.5943971000,31375963,1956787853.3100
2021-05-18,53.8034637000,53.8898256000,54.4079970000,53.4407437200,16168897,1007521843.7300
2021-05-19,53.3716542000,53.2852923000,53.9761875000,52.9398447000,15086799,932847858.9400
2021-05-20,53.1125685000,54.2093646300,54.8398065000,53.0089342200,23183732,1455404140.6000
2021-05-21,54.5634484200,55.2716160000,55.4443398000,54.0798217800,23272595,1480156108.6600
2021-05-24,55.3579779000,56.1352350000,56.3684121300,54.6066293700,25552711,1650248597.2500
2021-05-25,56.1352350000,56.4029568900,56.9124921000,55.6688807400,33551666,2187088945.4500
2021-05-26,56.3943207000,56.2906864200,56.5670445000,55.4443398000,20120255,1305369968.8100
2021-05-27,55.9625112000,55.5825188400,56.0488731000,54.5807208000,31828503,2032651617.1500
2021-05-28,55.6175004000,55.9672960000,56.8417850000,55.0053581000,25265369,1615648096.2500
2021-05-31,55.8711022100,56.4744996200,56.4919894000,55.1190416700,23538344,1504354988.7100
2021-06-01,55.9847857800,55.5125617200,57.6550597700,54.6555625000,32516877,2072203882.6800
2021-06-02,55.1277865600,53.8860121800,55.6175004000,52.6442378000,47323134,2899408494.7300
2021-06-03,53.8510326200,52.8191356000,54.2707873400,52.6792173600,30236944,1839906053.9100
2021-06-04,52.8016458200,53.4487676800,54.1046344300,51.6560652300,26083701,1584923963.5100
2021-06-07,53.2563801000,52.8103907100,53.3525738900,51.7697488000,31294482,1875020688.4000
2021-06-08,52.9940334000,52.1720137400,53.3875534500,51.8834323700,24410079,1466414308.7300
2021-06-09,52.1720137400,52.4605951100,52.6092582400,51.6473203400,15909909,951397544.0800
2021-06-10,52.2069933000,53.8860121800,53.9384815200,51.9009221500,30476486,1864340020.1200
2021-06-11,54.2183180000,54.2183180000,55.8623573200,53.1426965300,37347843,2305317410.5700
2021-06-15,53.6936246000,53.0989720800,53.8510326200,52.0320955000,30828888,1861534714.2000
2021-06-16,52.9065845000,51.3150145200,53.0814823000,50.7291068900,32140338,1893730325.2300
2021-06-17,51.1576065000,51.7172794600,52.4256155500,50.7640864500,20775443,1226221242.9900
2021-06-18,51.7172794600,52.4256155500,54.0521650900,51.6035958900,31626026,1917138989.0400
2021-06-21,52.4343604400,52.2244830800,53.0377578500,50.9040046900,28553280,1701071460.4600
2021-06-22,52.2944422000,52.4168706600,52.6879622500,51.1576065000,25519848,1526353641.9900
2021-06-23,52.4693400000,52.3818911000,53.0377578500,51.2363105100,28681978,1710213409.7800
2021-06-24,53.3263392200,55.4426026000,55.7923982000,52.4256155500,57809972,3584291262.5700
2021-06-25,55.3551537000,55.5387963900,55.7486737500,54.1658486600,43511274,2741734290.6000
2021-06-28,55.3114292500,55.2152354600,55.3464088100,53.6411552600,47615249,2969587267.0000
2021-06-29,55.1977456800,54.6293278300,55.7486737500,54.5331340400,39073733,2451687617.6800
2021-06-30,54.6380727200,56.4045405000,56.4482649500,54.1571037700,44245463,2817703335.1700
2021-07-01,56.7455912100,56.9642134600,57.0166828000,55.5125617200,38472610,2476286845.0300
2021-07-02,55.9672960000,54.4107055800,56.0547449000,54.4019606900,40952991,2568224331.6300
2021-07-05,54.3057669000,53.4924921300,54.7517562900,52.5567889000,33935469,2073529161.1000
2021-07-06,53.3438290000,53.0115231800,53.9734610800,52.2419728600,35948304,2173893979.0800
2021-07-07,52.8978396100,54.0171855300,54.4107055800,52.6005133500,26090740,1604016597.4800
2021-07-08,53.3525738900,53.3962983400,54.2183180000,52.7579213700,33380988,2033880543.2000
2021-07-09,53.3438290000,52.7841560400,53.7023694900,51.8571977000,37291102,2239805551.9600
2021-07-12,52.7841560400,54.7430114000,54.9878683200,51.4811674300,52435121,3195063114.2900
2021-07-13,54.6992869500,54.7692460700,55.3551537000,54.1133793200,25515859,1599603653.9100
2021-07-14,54.7430114000,54.3844709100,55.3026843600,53.2388903200,26965402,1675177191.8500
2021-07-15,54.0521650900,55.3901332600,55.7923982000,53.3700636700,35718345,2245214933.9500
2021-07-16,55.7049493000,55.0928070000,55.7486737500,54.5681136000,26432647,1664213636.0200
2021-07-19,54.5243891500,55.4251128200,55.7923982000,53.5449614700,30793432,1925770885.1300
2021-07-20,54.7692460700,55.9060817700,56.9642134600,54.4981544800,30214080,1938045533.5600
2021-07-21,56.7281014300,59.0105177200,60.3747205600,56.1859182500,81919851,5486843915.9800
2021-07-22,59.6401498000,59.0542421700,60.9343935200,58.5295487700,48705052,3312348123.7400
2021-07-23,59.2903542000,58.9405586000,60.0336698500,57.7425086700,43257174,2910912416.3600
2021-07-26,61.2142300000,56.9292339000,61.5990051600,55.5213066100,85992785,5623993365.9900
2021-07-27,56.6931218700,53.0902271900,56.7368463200,52.9940334000,90707812,5637093982.7300
2021-07-28,52.4693400000,53.3438290000,54.3582362400,51.3237594100,46578523,2817447343.5800
2021-07-29,54.6205829400,54.9966132100,55.6612248500,54.1745935500,42149324,2650412985.0600
2021-07-30,54.5856033800,53.3438290000,54.6293278300,52.4168706600,50036763,3039012110.5800
2021-08-02,52.3469115400,53.5449614700,54.1221242100,52.0320955000,37052761,2255831144.5300
2021-08-03,53.0639925200,52.8541151600,53.6586450400,52.4693400000,37401335,2261999506.5800
2021-08-04,52.7929009300,53.8860121800,54.1920833300,52.0495852800,41470924,2513637623.4900
2021-08-05,53.3525738900,52.8541151600,53.5012370200,52.3644013200,28964131,1751710086.7500
2021-08-06,52.4780848900,51.7085345700,52.8016458200,51.2100758400,43996870,2608085603.7900
2021-08-09,51.7260243500,52.0495852800,52.3644013200,50.9040046900,36718074,2170425141.6800
2021-08-10,51.7435141300,52.2944422000,52.3644013200,51.1576065000,34385762,2031738202.2200
2021-08-11,52.8191356000,52.4518502200,53.7810735000,52.3818911000,43032297,2613660120.7400
2021-08-12,52.4605951100,51.2450554000,52.7841560400,50.9127495800,41377520,2432491456.2900
2021-08-13,50.9827087000,49.5398018500,51.1925860600,49.2162409200,63771220,3647207037.1000
2021-08-16,49.2337307000,49.6097609700,49.9333219000,48.8664453200,30912335,1755116453.7600
2021-08-17,49.5835263000,48.0181909900,49.6010160800,47.2224060000,46364161,2562185323.3800
2021-08-18,47.6683953900,48.0881501100,48.5341395000,46.6277534800,31557244,1715703984.1600
2021-08-19,47.9219972000,48.0181909900,48.9276595500,47.3535793500,30069029,1660933990.2900
2021-08-20,47.6596505000,46.8463757300,47.7733340700,45.6046013500,50382504,2680172246.5500
2021-08-23,46.6977126000,48.1143847800,48.6740577400,46.1555294200,33352516,1823985645.5900
2021-08-24,48.1755990100,48.0968950000,48.7789964200,47.6596505000,25157017,1387540904.4800
2021-08-25,48.0968950000,48.7177821900,48.8664453200,47.5022424800,24707399,1365698053.9700
2021-08-26,48.4904150500,47.2398957800,48.5778639500,47.2224060000,19002043,1040037684.5600
2021-08-27,46.7851615000,46.0855703000,47.7820789600,45.1935915200,54834019,2885940034.3900
2021-08-30,45.9981214000,45.2110813000,46.0855703000,44.4677656500,66447729,3413023360.2600
2021-08-31,45.3859791000,44.9487346000,45.8669480500,44.5377247700,31170095,1610004063.1000
2021-09-01,45.1236324000,46.5315596900,46.5927739200,44.2229087300,58632567,3063380775.4700
2021-09-02,46.3304272200,44.9574794900,46.3304272200,44.5989390000,60305847,3114167880.5100
2021-09-03,44.7038776800,44.9487346000,45.0099488300,43.4533584100,40799078,2068540644.4600
2021-09-06,44.5989390000,46.7239472700,46.9425695200,44.4677656500,52412542,2765137698.6500
2021-09-07,46.7239472700,46.2779578800,46.8288859500,45.8407133800,34151520,1801530685.0500
2021-09-08,46.2867027700,46.3041925500,46.5403045800,45.7357747000,32333754,1707528514.7300
2021-09-09,46.2954476600,45.4384484400,46.7414370500,45.1323772900,29727994,1554766723.7400
2021-09-10,45.2985302000,46.9775490800,47.3098549000,45.1761017400,45962747,2456623292.3000
2021-09-13,47.0649979800,48.4379457100,49.1462818000,46.5053250200,48699725,2692759150.6900
2021-09-14,48.4292008200,47.5372220400,48.6128435100,47.3885589100,22338512,1223325827.5100
2021-09-15,47.2224060000,47.7995687400,48.8664453200,46.7851615000,23239328,1276442026.7200
2021-09-16,47.4760078100,47.4147935800,48.2717928000,46.9338246300,16566714,898080531.6900
2021-09-17,47.3710691300,48.1755990100,48.4292008200,47.2224060000,17914874,982772566.8400
2021-09-22,47.4585180300,46.4353659000,47.9832114300,45.9281622800,26357792,1405946059.3200
2021-09-23,46.4266210100,45.2985302000,46.8726104000,44.6601532300,37882058,1960075143.1300
2021-09-24,45.3072750900,45.8931827200,46.6190085900,45.1236324000,26418288,1382688474.8600
2021-09-27,45.7882440400,47.1961713300,48.0007012100,45.1323772900,39164894,2106781723.3400
2021-09-28,47.0737428700,47.7470994000,48.3592417000,46.4528556800,28442725,1552450053.8400
2021-09-29,47.4847527000,48.0968950000,48.5778639500,46.8726104000,21896221,1198832315.9600
2021-09-30,48.2717928000,48.0968950000,48.9538942200,47.7645891800,22740255,1257419497.7800
2021-10-08,48.9713840000,49.3911387200,50.0557503600,48.4816701600,38257651,2154280492.3200
2021-10-11,50.0207708000,49.9770463500,51.1138820500,49.4960774000,31547014,1820445965.9800
2021-10-12,49.9683014600,49.2599653700,50.3355868400,48.7615066400,19696778,1113692947.0800
2021-10-13,49.2162409200,48.9014248800,50.1082197000,48.5428843900,27149148,1522997094.1100
2021-10-14,48.9801288900,49.2249858100,50.1694339300,48.9014248800,20727990,1172396283.8800
2021-10-15,49.2249858100,48.8839351000,49.4261182800,48.5341395000,17214940,963133407.2900
2021-10-18,48.8926799900,47.7558442900,49.0413431200,47.0475082000,26976262,1468248731.1900
2021-10-19,47.7558442900,48.4816701600,48.8052310900,47.5722016000,16626960,917616390.5700
2021-10-20,48.1493643400,47.6334158300,49.3036898200,47.4934975900,19635566,1083365708.1200
2021-10-21,47.6596505000,48.3155172500,48.3155172500,47.0562530900,19567246,1066511830.5700
2021-10-22,48.5341395000,48.4816701600,48.5341395000,47.3973038000,17670065,969232322.9400
2021-10-25,48.6215884000,47.4235384700,48.7090373000,46.2254885400,42297224,2283080218.0000
2021-10-26,47.2224060000,46.8726104000,47.3710691300,46.3479170000,32081965,1715923291.4900
2021-10-27,46.7851615000,46.1730192000,46.7851615000,45.9194173900,21183064,1118999233.6700
2021-10-28,46.0855703000,45.5346422300,46.7239472700,45.4122137700,26973915,1418360959.3700
2021-10-29,45.5346422300,45.7007951400,46.3304272200,45.1673568500,27804957,1455706382.8200
2021-11-01,45.4384484400,46.3654067800,46.4965801300,45.1236324000,24188411,1273935707.0400
2021-11-02,46.3654067800,44.9224999300,46.3741516700,44.8612857000,33720043,1747115818.4300
2021-11-03,44.9224999300,44.5552145500,45.3247648700,44.1966740600,21983668,1120427511.0900
2021-11-04,44.5901941100,44.3540820800,44.8962652600,44.1616945000,20457485,1041684162.6700
2021-11-05,44.1616945000,45.0186937200,45.4297035500,44.1004802700,24918323,1281268302.2300
2021-11-08,45.2722955300,44.6426634500,45.3859791000,43.8293886800,26289943,1335949226.1700
2021-11-09,44.2491434000,45.6483258000,45.7882440400,43.8993478000,31215947,1604587690.1900
2021-11-10,45.6570706900,45.5171524500,46.0768254100,45.0799079500,29357010,1531414342.2600
2021-11-11,45.5258973400,45.7357747000,46.0593356300,44.9487346000,23548682,1227543636.9200
2021-11-12,45.8232236000,46.0156111800,46.1292947500,45.7357747000,19232760,1011442515.2900
2021-11-15,46.1292947500,45.8232236000,46.2254885400,45.4297035500,15537143,812067424.4000
2021-11-16,45.8494582700,45.1673568500,45.8756929400,44.8612857000,24763943,1279313956.2200
2021-11-17,45.0886528400,44.7301123500,45.0886528400,44.6076838900,22963770,1174624689.2400
2021-11-18,44.7301123500,43.8818580200,44.7301123500,43.7681744500,29585684,1493009425.1100
2021-11-19,43.8906029100,44.1529496100,44.3278474100,43.7069602200,27997627,1406977097.8700
2021-11-22,44.1354598300,44.1879291700,44.6776430100,43.7419397800,36197325,1825229828.0900
2021-11-23,44.2054189500,42.4127165000,44.2928678500,41.9842168900,83777893,4102480060.7300
2021-11-24,42.8412161100,43.4183788500,44.3453371900,42.5526347400,60258953,2995937288.4900
2021-11-25,43.4271237400,42.6138489700,43.5495522000,42.3340124900,34764054,1697163586.5300
2021-11-26,42.5001654000,41.8005742000,42.7012978700,41.4245439300,55965516,2678974991.3000
2021-11-29,41.2758808000,41.5994417300,41.6868906300,41.1097278900,35940496,1704532365.7600
2021-11-30,41.8005742000,42.5351449600,42.5438898500,41.6256764000,33268150,1601347823.9900
2021-12-01,42.4826756200,42.1678595800,42.5089102900,41.9842168900,21580008,1042291663.8800
2021-12-02,42.1241351300,41.4770132700,42.1416249100,41.1884319000,37997175,1802294101.9000
2021-12-03,41.5382275000,42.3252676000,42.4389511700,41.2846256900,29240157,1402424599.7900
2021-12-06,42.7625121000,43.1035628100,44.0655007100,42.7450223200,49532098,2462301384.5200
2021-12-07,43.2872055000,43.9867967000,44.1179700500,43.2872055000,40036437,2007005382.7000
2021-12-08,44.0567558200,45.1935915200,45.4034688800,43.5757868700,49114690,2516184398.7200
2021-12-09,44.7738368000,47.4585180300,48.5778639500,44.7738368000,88734397,4791960245.0900
2021-12-10,47.2398957800,46.7851615000,47.5109873700,46.3479170000,46078378,2469067330.5800
2021-12-13,46.9775490800,46.7239472700,48.3592417000,46.6539881500,38362809,2077695456.3600
2021-12-14,47.0999775400,47.2049162200,47.8782727500,46.6802228200,28271358,1529454443.3500
2021-12-15,46.7851615000,45.4734280000,47.1262122100,45.4559382200,36213974,1901903085.1400
2021-12-16,45.6133462400,45.6745604700,45.9981214000,44.6863879000,26596965,1380123025.0100
2021-12-17,45.3859791000,45.6046013500,46.0156111800,44.8350510300,24193886,1256697181.1700
2021-12-20,45.3859791000,44.9224999300,45.7794991500,44.7301123500,19641292,1015461079.0000
2021-12-21,44.9137550400,45.1148875100,45.6046013500,44.7563470200,17839647,921418574.1500
2021-12-22,45.3160199800,44.5202349900,45.5346422300,44.3365923000,24783619,1270665209.6600
2021-12-23,44.5289798800,44.3278474100,44.8962652600,44.1092251600,21557709,1094516067.5000
2021-12-24,44.1179700500,44.2054189500,44.5989390000,43.4621033000,24792595,1246575552.5600
2021-12-27,44.4240412000,44.2841229600,44.4940003200,43.6020215400,17661122,891066470.6200
2021-12-28,44.2928678500,45.9019276100,46.4353659000,44.1529496100,32725790,1707957746.4700
2021-12-29,45.6658155800,45.4471933300,46.3304272200,44.9050101500,26227185,1366394506.8000
2021-12-30,45.4646831100,44.9399897100,46.3916414500,44.9399897100,20579911,1071270761.6200
2021-12-31,45.3684893200,45.7532644800,45.9543969500,44.4677656500,28378208,1465376796.7700
2022-01-04,46.3479170000,45.8319684900,46.3479170000,45.2198261900,23913642,1253035114.1900
2022-01-05,45.6483258000,44.8875203700,45.6483258000,44.4940003200,22958073,1183390507.1700
2022-01-06,44.6514083400,43.6982153300,44.8350510300,43.6195113200,25229848,1266976502.8700
2022-01-07,43.7069602200,43.6107664300,44.3278474100,43.4621033000,18430171,923379305.4800
2022-01-10,43.4008890700,43.9693069200,44.2316536200,42.9461547900,22587445,1128294826.6100
2022-01-11,43.8993478000,43.4621033000,44.1442047200,43.3571646200,20117192,1006252644.9800
2022-01-12,43.4183788500,43.0685832500,43.7157051100,42.3515022700,32406556,1589520043.2500
2022-01-13,43.1123077000,42.0804106800,43.4621033000,41.9754720000,27128315,1316781676.7100
2022-01-14,42.0804106800,42.2378187000,42.5089102900,41.8442986500,17315735,834432759.6200
2022-01-17,42.3077778200,42.8499610000,43.0248588000,42.2378187000,18208951,888690357.2200
2022-01-18,42.8587058900,44.3628269700,45.6570706900,42.7450223200,45541509,2317507432.2400
2022-01-19,44.3715718600,43.8643682400,45.3422546500,43.4708481900,31678095,1601476265.4300
2022-01-20,44.0917353800,43.5058277500,44.1442047200,43.2259912700,17645441,879739289.2300
2022-01-21,43.5233175300,43.2784606100,43.5670419800,42.5876143000,23891009,1173101258.0500
2022-01-24,42.8499610000,42.8412161100,43.6195113200,42.4214613900,24632942,1207170532.0100
2022-01-25,42.6750632000,42.1940942500,43.1560321500,42.1591146900,18976178,926551737.9500
2022-01-26,42.1940942500,43.0510934700,43.2784606100,42.1940942500,17212479,845250367.0100
2022-01-27,43.2172463800,42.1766044700,43.2872055000,41.5732070600,28964749,1393826937.2100
2022-01-28,42.1766044700,41.5032479400,42.5001654000,41.1009830000,22646761,1078805697.5400
2022-02-07,41.9230026600,40.1477899900,41.9579822200,40.0515962000,32960173,1536926073.1300
2022-02-08,40.0515962000,40.4363713600,40.6637385000,39.5618823600,26585946,1218848196.3300
2022-02-09,40.2352388900,41.0834932200,41.1447074500,40.2264940000,22189186,1036416196.0000
2022-02-10,41.0922381100,41.0922381100,41.3808194800,40.4013918000,19012175,889104195.1300
2022-02-11,40.5762896000,40.2264940000,41.0485136600,40.0515962000,26671745,1234304067.1400
2022-02-14,40.0341064200,40.0515962000,40.3051980100,39.4744334600,15669676,714767043.5300
2022-02-15,40.0428513100,40.4101366900,40.4975855900,39.8941881800,13541347,623303433.7900
2022-02-16,40.4276264700,40.2177491100,40.6549936100,40.1040655400,11313979,520589532.7200
2022-02-17,39.9728921900,40.3051980100,40.4451162500,39.9466575200,12894965,593357588.4100
2022-02-18,40.1915144400,40.6637385000,40.6987180600,39.9641473000,13523690,623087901.8300
2022-02-21,40.5500549300,41.6868906300,41.7830844200,40.4538611400,22538639,1066463628.4100
2022-02-22,41.5382275000,40.9523198700,41.5732070600,40.6637385000,15951219,747155648.7200
2022-02-23,41.8005742000,42.7625121000,43.0685832500,41.5382275000,54762350,2663071065.0800
2022-02-24,42.3952267200,41.9667271100,42.9898792400,41.4157990400,21788740,1051041636.7900
2022-02-25,41.9667271100,42.1940942500,42.9898792400,41.9579822200,22276126,1085288825.5000
2022-02-28,42.0979004600,42.1503698000,42.4127165000,41.0660034400,16936985,811342544.0000
2022-03-01,42.1503698000,41.5557172800,42.3952267200,41.3633297000,19455334,925202416.0000
2022-03-02,41.4507786000,41.2758808000,41.7393599700,40.8736158600,13721530,648393760.0000
2022-03-03,41.5644621700,40.9348300900,41.6169315100,40.8211465200,10400914,488677968.0000
2022-03-04,40.6025242700,40.0253615300,40.7774220700,39.7892495000,22873745,1050890272.0000
2022-03-07,39.7280352700,38.3900671000,39.7280352700,38.0927408400,33259369,1466809184.0000
2022-03-08,38.3900671000,38.1277204000,38.9934645100,37.6030270000,18637526,813094416.0000
2022-03-09,38.1277204000,37.6117718900,38.3026182000,35.2419067000,38188296,1614237248.0000
2022-03-10,38.3113630900,38.4775160000,38.8885258300,37.7429452400,24817016,1088182496.0000
2022-03-11,37.8653737000,39.5968619200,39.7367801600,37.1133131600,31306716,1387234880.0000
2022-03-14,39.1596174200,37.5855372200,39.6405863700,37.5243229900,23722038,1037828896.0000
2022-03-15,37.0608438200,36.0639263600,37.5593025500,35.8802836700,31668475,1322417232.0000
2022-03-16,36.5536402000,36.6848135500,37.1657825000,34.4548666000,52023109,2118740480.0000
2022-03-17,37.6030270000,38.3725773200,38.7398627000,36.9908847000,43740379,1905310304.0000
2022-03-18,37.9528226000,37.9265879300,38.0402715000,37.2357416200,27145379,1170326209.7800
2022-03-21,38.1277204000,37.0783336000,38.1364652900,36.9559051400,24241491,1033399734.3700
2022-03-22,36.9384153600,37.0958233800,37.4281292000,36.6410891000,19236489,812745447.7700
2022-03-23,37.1045682700,37.7342003500,38.1102306200,37.0346091500,19763904,851462573.5900
2022-03-24,37.4980883200,36.7023033300,37.5068332100,36.5361504200,17260679,726476118.8300
2022-03-25,36.5623850900,35.9065183400,36.6848135500,35.5917023000,21612322,889287817.8600
2022-03-28,35.2419067000,34.9795600000,35.4168045000,34.7259581900,20788162,831313820.3700
2022-03-29,35.0145395600,34.9795600000,35.2768862600,34.1050710000,33361497,1326104316.1100
2022-03-30,35.3993147200,36.0289468000,36.4487015200,34.9970497800,32043413,1307734019.6900
2022-03-31,35.8453041100,35.8540490000,36.1513752600,35.5392329600,16740862,685921366.6400
2022-04-01,35.4168045000,36.0376916900,36.4224668500,35.3468453800,17041805,703549254.0600
2022-04-06,35.6616614200,35.8015796600,36.0901610300,35.4867636200,13985431,571696128.7600
2022-04-07,35.5917023000,35.1544578000,35.9414979000,35.1544578000,11040434,448742656.1000
2022-04-08,35.3905698300,34.4548666000,35.4955085100,34.1050710000,27210354,1079689747.4000
2022-04-11,34.4548666000,32.6709090400,34.5423155000,32.4085623400,34857340,1318639009.9900
2022-04-12,32.7058886000,33.4929287000,33.5016735900,31.8226547100,40198032,1494914991.5800
2022-04-13,33.1256433200,33.8164896300,34.6822337400,32.8982761800,36163815,1405496575.2000
2022-04-14,34.3149483600,34.6122746200,34.9620702200,33.5191633700,37036993,1455033911.7100
2022-04-15,34.2799688000,34.9183457700,35.1544578000,34.0526016600,17820943,706009036.0000
2022-04-18,35.8540490000,36.5011708600,36.7285380000,35.5567227400,65758438,2722416888.8200
2022-04-19,36.3874872900,36.3087832800,36.5711299800,35.9589876800,31162437,1292355484.6000
2022-04-20,36.3787424000,36.3350179500,37.2444865100,36.0289468000,27874804,1167886026.1300
2022-04-21,36.0551814700,35.6878960900,36.4487015200,35.2506515900,29519562,1207670732.8400
2022-04-22,35.6354267500,35.6791512000,36.0551814700,35.3818249400,30559798,1249420744.0600
2022-04-25,35.4168045000,34.5423155000,35.5567227400,34.5423155000,36505836,1464276469.7900
2022-04-26,34.6297644000,34.5510603900,35.5479778500,34.3499279200,29657134,1185073760.1000
2022-04-27,34.1138158900,36.2912935000,36.7023033300,34.0875812200,52377030,2154634601.2900
2022-04-28,36.2912935000,35.7403654300,36.6148544300,35.4255493900,33745823,1386885704.0500
2022-04-29,35.9414979000,37.1570376100,37.7167105700,35.5742125200,53590679,2255664893.2100
2022-05-05,33.4404593600,33.4404593600,33.9301732000,33.4404593600,117874937,4509976622.0200
2022-05-06,31.4028999900,30.4322172000,31.7876751500,30.0999113800,245212961,8571683817.5800
2022-05-09,29.7326260000,30.5021763200,30.8519719200,29.5577282000,127071973,4421444533.9300
2022-05-10,29.9075238000,30.1261460500,30.3272785200,29.2079326000,94639032,3230542059.0700
2022-05-11,30.0824216000,30.9831452700,31.5690529000,29.5577282000,138469919,4860344450.8800
2022-05-12,30.3972376400,29.8725442400,30.4584518700,29.6101975400,145492158,4974746421.3400
2022-05-13,29.8812891300,28.0536071200,29.9075238000,27.2140976800,220444547,7122373265.6700
2022-05-16,28.0536071200,28.5608107400,28.9893103500,28.0536071200,130939603,4282223897.1300
2022-05-17,28.2459947000,28.1498009100,28.9455859000,27.4239750400,126767879,4062190015.7900
2022-05-18,28.1498009100,29.1204837000,29.6451771000,27.5551483900,156388629,5124739468.8400
2022-05-19,28.4383822800,28.9280961200,29.1204837000,28.2722293700,78543807,2584951591.6400
2022-05-20,29.0417796900,29.2079326000,29.5577282000,28.8843716700,86999058,2908166311.7600
2022-05-23,29.2166774900,29.3128712800,29.7238811100,29.0505245800,77389994,2599633333.7100
2022-05-24,29.3391059500,28.1235662400,29.4527895200,28.0798417900,79307678,2608384819.1900
2022-05-25,28.1235662400,28.3421884900,28.4908516200,27.8174950900,56520682,1818138638.0200
2022-05-26,28.4950828800,28.7739173400,29.0887304400,28.3331790000,72333170,2314221762.0400
2022-05-27,30.2220576000,29.2596289800,30.4829027400,28.9448158800,128777168,4262351435.2600
2022-05-30,29.2326450000,29.6733833400,29.8262925600,29.0797357800,79807001,2614946522.0200
2022-05-31,29.5924314000,30.0421644000,30.1051270200,29.4485168400,69218247,2297518058.1700
2022-06-01,30.0781430400,30.0871377000,30.3479828400,29.7003673200,62328446,2084706974.8500
2022-06-02,29.9702071200,29.6733833400,30.0061857600,29.4395221800,54525853,1797334023.5700
2022-06-06,29.5924314000,31.3553847600,31.5622619400,29.5024848000,124786137,4236360210.8200
2022-06-07,31.4633206800,31.3823687400,31.4813100000,30.7617372000,60141313,2083093875.3100
2022-06-08,31.4093527200,32.1019415400,33.5860604400,31.4093527200,128251706,4641764641.2900
2022-06-09,32.1469148400,31.1395129200,32.1738988200,31.0315770000,63829808,2239467553.9400
2022-06-10,30.7617372000,31.2204648600,31.4003580600,30.7257585600,48834355,1688957508.5600
2022-06-13,31.4813100000,30.7977158400,31.4813100000,30.3659721600,54137396,1856448148.1500
2022-06-14,30.2670309000,30.8067105000,30.9596197200,29.8622712000,40579133,1368435265.3400
2022-06-15,30.7437478800,32.0119949400,32.3088187200,30.6807852600,81287788,2865810672.4100
2022-06-16,32.0119949400,31.5622619400,32.1828934800,31.3913634000,42912641,1512104912.7400
2022-06-17,31.2204648600,31.0765503000,31.4453313600,30.5818440000,64733191,2226327893.9000
2022-06-20,31.9310430000,31.6791925200,32.4257493000,31.5712566000,69468253,2462028794.8400
2022-06-21,31.6791925200,32.6326264800,32.9744235600,31.4543260200,95420925,3441640686.5700
2022-06-22,32.6506158000,31.5352779600,32.7855357000,31.5172886400,59149421,2094619950.7000
2022-06-23,31.4992993200,31.7691391200,31.7691391200,31.0765503000,43206763,1511855105.2900
2022-06-24,31.7961231000,32.1019415400,32.2008828000,31.4273420400,57293366,2022513048.5800
2022-06-27,32.2008828000,32.2728400800,32.9204556000,31.8231070800,62790899,2257486816.7100
2022-06-28,32.2278667800,32.9474395800,33.1723060800,31.8860697000,62674475,2274601883.1100
2022-06-29,32.9474395800,32.5606692000,33.7209803400,32.4707226000,62168834,2276808265.3600
2022-06-30,32.5606692000,32.5606692000,32.8754823000,32.4617279400,63057141,2288765108.9800
2022-07-01,32.5696638600,32.2008828000,32.9384449200,32.0929468800,51482306,1855825673.7200
2022-07-04,32.2908294000,32.0119949400,32.3447973600,31.7511498000,48758720,1730661657.6100
2022-07-05,32.1918881400,32.6416211400,32.9654289000,31.5712566000,73089892,2628098341.4500
2022-07-06,32.2908294000,31.4363367000,32.3358027000,31.0765503000,71528379,2520820992.2200
2022-07-07,31.3463901000,30.5548600200,31.3463901000,30.4019508000,73462591,2509901733.9000
2022-07-08,30.5368707000,30.6897799200,31.0135876800,30.4469241000,40495562,1382719655.6500
2022-07-11,30.5998333200,29.6014260600,30.6178226400,29.5204741200,59809508,1976774092.5800
2022-07-12,29.5924314000,29.2326450000,29.8712658600,29.0977251000,38095377,1244995850.2400
2022-07-13,29.2956076200,29.5114794600,29.6374047000,29.0977251000,32260151,1054205081.8000
2022-07-14,29.4035435400,29.4485168400,29.7183566400,29.1876717000,29433506,963699454.9400
2022-07-15,29.1606877200,28.5040775400,29.3135969400,28.4501095800,59408444,1901444072.4600
2022-07-18,28.4411149200,28.7019600600,28.8368799600,28.1532858000,42497504,1348381328.8600
2022-07-19,28.6929654000,28.6659814200,28.9448158800,28.5130722000,35573486,1135432363.6400
2022-07-20,28.8638639400,28.7019600600,28.9358212200,28.4680989000,42793549,1363340843.0400
2022-07-21,28.6929654000,28.4321202600,28.6929654000,28.4321202600,36186292,1148025471.9800
2022-07-22,28.4231256000,28.2702163800,28.5490508400,28.1173071600,29632325,931714316.9700
2022-07-25,28.2882057000,29.0707411200,29.1786770400,27.8834460000,52648303,1669529075.2300
2022-07-26,28.8548692800,29.0617464600,29.1606877200,28.7829120000,32095469,1035210493.5100
2022-07-27,29.0707411200,29.3945488800,29.7993085800,28.8728586000,39681498,1297700343.1100
2022-07-28,29.3945488800,29.4395221800,29.9792017800,29.2056610200,40810220,1343670102.2200
2022-07-29,29.3765595600,28.7289440400,29.5564527600,28.6030188000,37436854,1202914377.8900
2022-08-01,28.6030188000,28.5940241400,28.7289440400,28.1802697800,22782892,722186174.4800
2022-08-02,28.2432324000,27.4427076600,28.2432324000,27.2268358200,50983822,1564370231.8800
2022-08-03,27.4517023200,27.7665154200,28.1982591000,27.4517023200,35227121,1089238855.7100
2022-08-04,27.8834460000,28.0903231800,28.0903231800,27.7305367800,22282092,692266694.9400
2022-08-05,28.1173071600,29.2326450000,29.2776183000,27.9643979400,49082566,1571746148.5700
2022-08-08,29.2326450000,29.2596289800,29.6553940200,29.0797357800,34921793,1136011771.9100
2022-08-09,29.1696823800,29.3765595600,29.4755008200,29.0077785000,33762271,1100028191.3200
2022-08-10,29.3765595600,29.4934901400,29.6823780000,28.9268265600,39172303,1278091679.7300
2022-08-11,29.6733833400,29.9792017800,30.2220576000,29.6463993600,50434423,1681041496.8400
2022-08-12,29.9881964400,30.0511590600,30.2760255600,29.5564527600,51873629,1727623252.6000
2022-08-15,29.4934901400,28.6030188000,29.4934901400,27.9643979400,162324812,5154249210.0000
2022-08-16,28.3781523000,28.2612217200,28.6300027800,28.2252430800,68853462,2172028851.1300
2022-08-17,28.2882057000,28.4680989000,28.5220668600,27.9823872600,47917527,1506034290.7400
2022-08-18,28.3871469600,28.1532858000,28.3871469600,28.1083125000,38305248,1200166227.9500
2022-08-19,28.1532858000,27.8564620200,28.2342377400,27.8024940600,46291989,1439729791.4600
2022-08-22,27.7125474600,27.8744513400,28.0543445400,27.4966756200,42362860,1311805185.3900
2022-08-23,27.7575207600,27.7215421200,27.9913819200,27.5236596000,35118368,1082248594.9300
2022-08-24,27.7035528000,27.1908571800,27.7215421200,26.9839800000,64214270,1945695324.1500
2022-08-25,27.1998518400,26.4802790400,27.2538198000,26.3633484600,68081056,2012621631.0000
2022-08-26,26.5612309800,26.9210173800,27.1998518400,26.3183751600,53370414,1595574251.8600
2022-08-29,26.6062042800,26.9390067000,26.9390067000,26.4263110800,36138464,1068868191.5000
2022-08-30,26.8490601000,26.8220761200,27.1188999000,26.7141402000,27134720,810503571.5900
2022-08-31,26.7860974800,26.8670494200,27.0289533000,26.6241936000,35456005,1058705260.8700
2022-09-01,26.7950921400,26.7141402000,27.0109639800,26.6691669000,31560841,940276612.6800
2022-09-02,26.7411241800,26.5342470000,26.7950921400,26.4263110800,26282774,775640446.3000
2022-09-05,26.5252523400,25.5358397400,26.5252523400,25.2749946000,72035377,2061412933.6900
2022-09-06,25.5628237200,25.9675834200,26.1294873000,25.2839892600,56206042,1604830546.7200
2022-09-07,25.8146742000,25.6797543000,26.0935086600,25.5358397400,43532112,1247388936.7600
2022-09-08,25.7427169200,25.7697009000,25.9585887600,25.4009198400,39882114,1139941092.0600
2022-09-09,25.7337222600,26.0665246800,26.1744606000,25.6347810000,44376741,1283814255.0700
2022-09-13,26.1564712800,26.6421829200,26.6871562200,26.1474766200,55843391,1646972304.8700
2022-09-14,26.2644072000,26.3093805000,26.4622897200,26.0935086600,35242079,1029001886.1700
2022-09-15,26.3543538000,26.0755193400,26.6871562200,25.9136154600,40822038,1194927018.3000
2022-09-16,27.1638732000,26.8040868000,27.6136062000,26.5612309800,115765124,3494499556.7100
2022-09-19,26.5432416600,26.6691669000,26.9749853400,25.9046208000,53251227,1575243147.5800
2022-09-20,26.7051455400,27.1908571800,27.3257770800,26.5612309800,49862754,1500135935.0100
2022-09-21,27.1638732000,27.1998518400,27.5956168800,26.8130814600,45644490,1386427679.7900
2022-09-22,26.9839800000,26.6151989400,27.5146649400,26.6062042800,43354109,1304324009.6200
2022-09-23,26.5252523400,26.1294873000,26.5792203000,25.8146742000,48760811,1416022812.5200
2022-09-26,25.8416581800,25.9765780800,26.2194339000,25.7337222600,34858491,1009048358.4300
2022-09-27,25.9945674000,26.4892737000,26.5072630200,25.8596475000,33010554,961942119.8700
2022-09-28,26.3543538000,27.0739266000,27.3977343600,26.3003858400,74144654,2234354696.0000
2022-09-29,27.1548785400,27.3527610600,27.4247183400,27.0289533000,48833183,1479249965.1000
2022-09-30,27.1818625200,27.3617557200,27.6046115400,27.0199586400,41577144,1268536887.7000
2022-10-10,27.3617557200,26.1744606000,27.3617557200,26.1294873000,47581356,1404705046.3200
2022-10-11,26.1744606000,26.3543538000,26.7051455400,25.7337222600,32250254,940438636.4500
2022-10-12,26.2644072000,26.4173164200,26.4173164200,25.6347810000,38279677,1107718945.8100
2022-10-13,26.1654659400,26.5342470000,26.9390067000,25.9316047800,33992953,997767009.5600
2022-10-14,26.7411241800,27.2358304800,27.5236596000,26.3993271000,54478295,1639917704.1700
2022-10-17,27.0289533000,28.1442911400,28.2072537600,26.8490601000,61267237,1881734304.9900
2022-10-18,28.1622804600,27.9284193000,28.2252430800,27.6675741600,39431968,1223186412.6600
2022-10-19,27.8564620200,27.1278945600,27.8564620200,27.1188999000,34993844,1068147596.1000
2022-10-20,26.9839800000,27.3887397000,27.7665154200,26.9480013600,34959007,1065601779.1000
2022-10-21,27.4067290200,27.1458838800,27.5056702800,26.9929746600,22918269,693359042.4200
2022-10-24,27.1099052400,26.6241936000,27.3707503800,26.4892737000,36591581,1090868893.3700
2022-10-25,26.4443004000,26.1025033200,26.5252523400,25.9046208000,34395946,1000868769.7600
2022-10-26,26.1744606000,26.4083217600,26.6961508800,26.1025033200,31877410,937051057.1700
2022-10-27,26.4443004000,26.8670494200,27.1188999000,26.3003858400,36475403,1086874374.5800
2022-10-28,26.7591135000,25.5448344000,26.7771028200,25.2839892600,79935861,2285355056.6700
2022-10-31,24.2945766600,25.5628237200,25.8326635200,24.1056888000,78449052,2179270087.0000
2022-11-01,25.5268450800,25.9495941000,25.9675834200,25.1130907200,39890110,1138524851.1400
2022-11-02,25.7067382800,26.3543538000,26.6241936000,25.6977436200,51579231,1504482835.6400
2022-11-03,26.1744606000,26.3633484600,26.4802790400,25.9046208000,33238961,967015060.7400
2022-11-04,26.2644072000,27.0019693200,27.1638732000,26.1924499200,57037836,1701830979.1000
2022-11-07,26.8130814600,26.8310707800,27.1188999000,26.6961508800,35771214,1068915873.0900
2022-11-08,26.7860974800,26.5972096200,26.7950921400,26.3633484600,30493619,900518612.9800
2022-11-09,26.4443004000,26.0575300200,26.6331882600,25.9495941000,31941129,932577836.8000
2022-11-10,25.9046208000,25.7966848800,26.0395407000,25.6887489600,26308937,755824650.6300
2022-11-11,26.5972096200,26.8130814600,27.0289533000,25.9585887600,65561827,1937025804.3600
2022-11-14,26.8220761200,27.5146649400,27.5236596000,26.8220761200,62994469,1908445852.0400
2022-11-15,27.4786863000,28.5850294800,28.6030188000,27.1818625200,89918241,2803483712.5700
2022-11-16,28.5220668600,28.2612217200,28.6929654000,28.2072537600,49721217,1571135812.1400
2022-11-17,28.3331790000,28.3961416200,28.4770935600,27.8384727000,36266583,1134422749.8900
2022-11-18,28.4680989000,29.1786770400,29.6463993600,28.4321202600,88862380,2891975557.7600
2022-11-21,28.9448158800,29.2686236400,29.4035435400,28.1263018200,60937846,1951696404.5700
2022-11-22,29.0527518000,28.6839707400,29.2506343200,28.4591042400,34837460,1117426268.3900
2022-11-23,28.7379387000,28.1622804600,29.0347624800,27.8384727000,37430370,1174692182.2600
2022-11-24,28.2432324000,28.0633392000,28.3151896800,27.9554032800,19612253,613223710.4600
2022-11-25,28.0633392000,27.7934994000,28.3151896800,27.7575207600,23238480,723559256.7000
2022-11-28,26.7141402000,27.3167824200,27.8744513400,26.5612309800,40453729,1226979242.9600
2022-11-29,27.3257770800,28.4591042400,28.6030188000,27.3257770800,42017977,1315940515.1600
2022-11-30,28.4141309400,28.3421736600,29.0347624800,28.0903231800,37143263,1176415266.8700
2022-12-01,28.9628052000,28.8278853000,29.2956076200,28.6120134600,38112124,1225279810.7300
2022-12-02,28.6210081200,28.7379387000,29.0167731600,28.6210081200,23755275,760972745.9300
2022-12-05,29.2326450000,30.0691483800,30.1501003200,28.8009013200,78856316,2595966477.6000
2022-12-06,29.8802605200,30.6897799200,31.3733740800,29.8442818800,80871091,2783069779.3700
2022-12-07,30.6807852600,30.4019508000,30.9416304000,30.1950736200,35419113,1199972504.3700
2022-12-08,30.3120042000,30.3120042000,30.5458653600,29.9522178000,34599884,1164531166.0800
2022-12-09,30.2670309000,31.0675556400,31.5712566000,30.1770843000,64049892,2199212425.8600
2022-12-12,31.0315770000,30.9326357400,31.4723153400,30.8067105000,46535699,1615073407.4100
2022-12-13,30.9056517600,31.1395129200,31.4723153400,30.9056517600,31057780,1080738766.0700
2022-12-14,31.1664969000,31.4723153400,32.0749575600,31.0585609800,46670463,1648362500.6600
2022-12-15,31.4813100000,31.4003580600,31.6701978600,30.9596197200,28621268,995850103.0900
2022-12-16,31.0675556400,30.8876624400,31.9310430000,30.8696731200,28411258,989076533.6300
2022-12-19,31.4543260200,30.7617372000,31.4543260200,30.5998333200,30165713,1040430483.2500
2022-12-20,30.8426891400,30.0871377000,30.9326357400,29.6913726600,47198006,1585403629.7000
2022-12-21,30.1051270200,30.2760255600,30.5278760400,29.8802605200,20826670,702163118.3300
2022-12-22,30.5548600200,30.5818440000,31.2474488400,30.4019508000,28872194,992102962.3400
2022-12-23,30.5818440000,31.1485075800,31.4183473800,30.2220576000,30654468,1060032356.3600
2022-12-26,31.1485075800,31.4093527200,31.6612032000,30.9506250600,27661701,965475546.5200
2022-12-27,31.4633206800,31.0405716600,31.7151711600,30.8876624400,32494622,1124880524.4900
2022-12-28,31.0675556400,30.5818440000,31.0765503000,30.1770843000,37882433,1283801075.1900
2022-12-29,30.3120042000,30.8067105000,30.8516838000,30.0241750800,33150749,1125561031.6100
2022-12-30,30.9416304000,31.1934808800,31.2924221400,30.6627959400,29799813,1028905814.7800
2023-01-03,31.1215236000,30.8426891400,31.4273420400,30.5908386600,30060773,1035688643.7000
2023-01-04,30.7257585600,30.5098867200,31.0045930200,29.9971911000,34595811,1168725298.3900
2023-01-05,30.5098867200,30.8966571000,31.1754915600,30.4469241000,37657131,1289628576.4700
2023-01-06,30.8966571000,30.3569775000,30.8966571000,30.2850202200,27146597,918474683.8000
2023-01-09,30.1321110000,29.7453406200,30.4019508000,29.6913726600,45419139,1509679045.0800
2023-01-10,29.7543352800,29.9881964400,30.1950736200,28.9538105400,44753435,1477216120.6300
2023-01-11,29.9432231400,29.5834367400,29.9432231400,29.4125382000,35021648,1153769992.8900
2023-01-12,29.5834367400,29.3765595600,29.8172979000,29.2416396600,28030851,918373568.8100
2023-01-13,29.4125382000,30.2580362400,30.3120042000,29.3585702400,34717327,1153396533.9500
2023-01-16,30.2400469200,31.1844862200,31.5082939800,30.0781430400,58459365,2021984249.2200
2023-01-17,31.2114702000,31.2564435000,31.7061765000,31.1485075800,28581998,995956442.7200
2023-01-18,31.2114702000,31.6252245600,32.0749575600,31.1215236000,38037976,1342497924.0000
2023-01-19,31.6072352400,33.0913541400,33.1902954000,31.4813100000,61535511,2232133544.9500
2023-01-20,32.9744235600,33.0373861800,34.1797080000,32.9294502600,46936638,1746545501.5800
2023-01-30,33.3791832600,33.3252153000,34.6834089600,33.2622526800,51044324,1918690153.9000
2023-01-31,33.3252153000,32.2458561000,33.8918788800,32.0749575600,49470410,1788753229.9900
2023-02-01,32.2548507600,32.6056425000,32.9654289000,32.0749575600,32706870,1180240718.5300
2023-02-02,32.5966478400,32.7315677400,33.5141031600,32.3717813400,35384255,1295657131.6900
2023-02-03,32.6506158000,33.0104022000,33.1723060800,32.1379201800,34994274,1270726772.1800
2023-02-06,32.9204556000,32.8484983200,33.7749483000,32.5876531800,49820458,1838212362.9800
2023-02-07,32.9294502600,33.5141031600,33.9008735400,32.8844769600,55370900,2062122950.6700
2023-02-08,33.5320924800,33.1902954000,33.5410871400,32.9744235600,32058078,1183532335.7200
2023-02-09,32.9924128800,33.9368521800,34.0447881000,32.7405624000,38205508,1428022864.1900
2023-02-10,33.9368521800,33.0104022000,33.9458468400,32.7405624000,40399433,1490294048.6700
2023-02-13,32.8125196800,32.9204556000,33.0553755000,32.2458561000,34502764,1254114214.4000
2023-02-14,32.9204556000,32.5426798800,32.9564342400,32.3268080400,23980513,867367222.8100
2023-02-15,32.3987653200,32.5426798800,32.7135784200,32.0839522200,25627223,923623983.1300
2023-02-16,32.5336852200,33.6310337400,34.6474303200,32.5336852200,105007277,3946666196.9000
2023-02-17,33.2712473400,32.8395036600,33.6760070400,32.8395036600,45447908,1676368000.3800
2023-02-20,32.3807760000,34.8093342000,35.0342007000,32.2458561000,92302594,3514053209.7400
2023-02-21,34.8093342000,34.8633021600,35.7807574800,34.4135691600,61172781,2379282775.6000
2023-02-22,34.7283822600,34.3326172200,35.0701793400,34.0897614000,42449267,1621875087.4600
2023-02-23,34.3416118800,33.9458468400,34.4945211000,33.7029910200,28615684,1080396425.2200
2023-02-24,33.9728308200,33.8918788800,34.5035157600,33.6400284000,28233123,1067144763.6200
2023-02-27,33.7479643200,33.4781245200,34.0447881000,33.3791832600,26267852,981883062.1800
2023-02-28,34.0807667400,34.5215050800,34.9622434200,33.9098682000,42221387,1618936828.3100
2023-03-01,34.5215050800,35.8077414600,35.8886934000,34.4495478000,66608803,2630519538.4200
2023-03-02,35.6188536000,35.4389604000,36.2754637800,35.2590672000,42074899,1668002117.5400
2023-03-03,35.5289070000,35.4119764200,35.6098589400,34.8543075000,28589847,1118914824.4500
2023-03-06,35.5019230200,35.8886934000,36.2304904800,35.3580084600,34793931,1391047755.6300
2023-03-07,35.8437201000,35.0072167200,36.5812822200,34.8003395400,37317560,1467586577.8600
2023-03-08,34.8992808000,35.0791740000,35.1691206000,34.2876439200,32406482,1249580788.3400
2023-03-09,35.0791740000,34.4675371200,35.1601259400,34.2786492600,34915837,1341408235.0300
2023-03-10,34.2786492600,34.0088094600,34.8633021600,33.8199216000,40416418,1535014720.7800
2023-03-13,33.6400284000,35.2680618600,35.4029817600,33.6130444200,52013122,2010794073.2300
2023-03-14,35.2590672000,34.9892274000,35.5289070000,34.7013982800,39050440,1521646293.2000
2023-03-15,35.4299657400,35.1511312800,36.7701700800,35.0162113800,71782224,2868927645.4200
2023-03-16,34.8183288600,34.1887026600,35.2680618600,34.0447881000,41592519,1596316536.4100
2023-03-17,34.5394944000,36.2934531000,36.6982128000,34.5215050800,94618489,3786373031.2600
2023-03-20,36.2934531000,37.1119671600,38.4071982000,36.2844584400,112027519,4694980851.3300
2023-03-21,36.8871006600,36.8781060000,37.5617001600,36.4103836800,45371647,1863444849.4700
2023-03-22,36.8781060000,38.4971448000,38.5691020800,36.8691113400,72125638,3047723462.8400
2023-03-23,38.2722783000,40.2960768000,40.4759700000,38.0923851000,104929727,4615118116.7500
2023-03-24,40.2960768000,40.1161836000,40.4849646600,38.9828564400,67399973,2989750204.2400
2023-03-27,39.5765040000,39.2257122600,41.6812544400,38.6950273200,102035851,4506447596.7700
2023-03-28,39.1807389600,38.1823317000,39.1807389600,37.8495292800,67398164,2882374234.2100
2023-03-29,38.1823317000,38.4971448000,39.1357656600,37.4087909400,49497203,2111598013.8500
2023-03-30,38.3082569400,37.4177856000,38.4071982000,36.6262555200,70586757,2924683332.8400
2023-03-31,37.4987375400,38.3712195600,39.0907923600,37.1299564800,61288152,2601304037.2200
2023-04-03,38.5870914000,38.1643423800,39.2616909000,36.9140846400,91491642,3836277016.7800
2023-04-04,38.0923851000,40.3950180600,41.5283452200,37.7775720000,111194896,4904280240.6200
2023-04-06,39.2167176000,39.4505787600,40.4220020400,39.0188350800,76111171,3352414059.3800
2023-04-07,39.4865574000,40.9976602800,42.0950088000,39.4865574000,78473297,3572771702.3800
2023-04-10,43.1653733400,40.5209433000,43.9299194400,39.9722690400,102365118,4775743347.9800
2023-04-11,40.0352316600,39.9183010800,41.2764947400,39.2976695400,58956857,2632625896.2500
2023-04-12,39.8553384600,41.7082384200,41.9870728800,39.8553384600,65457211,2992021442.4200
2023-04-13,41.1325801800,40.6558632000,41.6003025000,40.3860234000,43848796,1989915773.9500
2023-04-14,40.5479272800,40.0802049600,40.6288792200,38.7669846000,68253486,3004695552.7800
2023-04-17,38.9378831400,39.5315307000,40.0262370000,37.8495292800,75462530,3294715524.0100
2023-04-18,39.4415841000,39.1627496400,39.8913171000,38.1823317000,54639287,2365180596.2100
2023-04-19,39.1087816800,38.8209525600,39.7563972000,38.5061394600,46669470,2030526193.4400
2023-04-20,38.8209525600,37.4357749200,39.1717443000,36.4913356200,136778685,5651599198.1000
2023-04-21,37.2378924000,35.7267895200,37.8225453000,35.7088002000,89176184,3619640017.2300
2023-04-24,36.0056239800,35.3040405000,36.6982128000,34.8812914800,58825767,2329736208.5200
2023-04-25,35.2590672000,33.6850017000,35.5019230200,33.2442633600,103449536,3905401995.2900
2023-04-26,33.7029910200,33.3701886000,33.9998148000,32.7675463800,71675056,2655551156.3400
2023-04-27,33.2802420000,34.0897614000,34.5754730400,33.1902954000,48149383,1823913800.8500
2023-04-28,33.7659536400,33.9548415000,34.3146279000,33.4871191800,43561336,1641296439.0500
2023-05-04,33.9098682000,33.4601352000,33.9548415000,32.9204556000,42939519,1593912285.1400
2023-05-05,33.4331512200,32.4347439600,33.6939963600,32.0749575600,60551317,2195611957.8900
2023-05-08,32.5516745400,32.3088187200,33.4241565600,32.0749575600,51445101,1862099583.1600
2023-05-09,32.3358027000,32.3358027000,32.7405624000,31.6791925200,39760400,1431613007.1700
2023-05-10,32.2908294000,32.7405624000,32.9204556000,32.1199308600,33392604,1208723852.4200
2023-05-11,32.7585517200,32.6236318200,32.9924128800,32.3897706600,23882754,869517332.4000
2023-05-12,32.6596104600,31.8860697000,32.8754823000,31.7061765000,33106160,1179969016.9300
2023-05-15,31.9130536800,31.8051177600,32.0209896000,31.1215236000,41427888,1448630038.0600
2023-05-16,31.9400376600,31.8860697000,32.1019415400,31.3463901000,31399602,1107451676.9700
2023-05-17,31.7061765000,31.4813100000,31.7421551400,31.2744328200,26589880,929146201.6600
2023-05-18,31.4903046600,31.9580269800,32.0839522200,31.0315770000,39314758,1381185530.3600
2023-05-19,32.1140050000,32.6828816600,32.9122674100,31.5176020500,48307970,1698930155.3600
2023-05-22,32.7562851000,32.9214428400,33.3893897700,32.4351450500,31408371,1127705594.5900
2023-05-23,32.9214428400,33.6554772400,33.9490910000,32.8755656900,45015352,1646861935.0100
2023-05-24,33.3985652000,33.0315480000,33.4536177800,32.8480394000,25537792,920795502.7300
2023-05-25,32.9856708500,32.0681278500,33.3526880500,31.7378123700,44221406,1557377120.4200
2023-05-26,32.2975136000,32.5177239200,32.6737062300,31.6185317800,34841440,1219071413.8100
2023-05-29,32.5177239200,31.1964620000,32.7287588100,30.9211991000,57736600,1980768901.1300
2023-05-30,31.1964620000,32.2608118800,32.2883381700,31.0129534000,37637369,1297536753.2400
2023-05-31,32.2699873100,31.9855489800,32.5544256400,31.7469878000,25712000,898775678.7100
2023-06-01,32.0130752700,32.9397937000,33.3985652000,31.6001809200,50762206,1811833583.4500
2023-06-02,32.9397937000,32.9489691300,33.1049514400,32.5544256400,29601261,1059791897.4600
2023-06-05,32.9581445600,33.0315480000,33.5637229400,32.6737062300,34177961,1232902733.1900
2023-06-06,33.0315480000,32.0222507000,33.1967057400,32.0130752700,31111660,1103335255.3200
2023-06-07,31.9855489800,31.8570929600,32.2975136000,31.6552335000,24492193,851616755.3100
2023-06-08,31.7928649500,31.7011106500,32.1140050000,31.4809003300,18568426,641478094.9600
2023-06-09,31.7469878000,29.6916914800,31.7836895200,28.8016747700,118653460,3851762503.3400
2023-06-12,29.5081828800,29.1319902500,29.8752000800,28.6365170300,81385784,2588196300.6300
2023-06-13,29.2237445500,30.8110939400,30.9762516800,29.0585868100,78126912,2577306356.1100
2023-06-14,30.7376905000,30.6184099100,31.2239882900,30.4440767400,46229683,1550844813.8000
2023-06-15,30.6275853400,30.6826379200,31.0771814100,30.1871647000,36967962,1235224261.9200
2023-06-16,30.9762516800,32.2424610200,32.5360747800,30.4716030300,62582202,2161041165.3400
2023-06-19,32.2424610200,33.1691794500,33.5637229400,31.8937946800,70493707,2535874656.9900
2023-06-20,33.0957760100,33.3435126200,33.6279509500,32.6737062300,50590314,1833538496.9400
2023-06-21,33.1875303100,32.2608118800,33.1875303100,32.2608118800,39545458,1409074096.6700
2023-06-26,31.8112158100,31.0496551200,32.2057593000,31.0129534000,42355354,1451251722.7700
2023-06-27,31.2148128600,31.2882163000,31.6552335000,31.0221288300,34778061,1187684146.6100
2023-06-28,31.3340934500,30.9579008200,31.3983214600,30.1412875500,36991926,1238253502.1700
2023-06-29,30.9487253900,30.6184099100,31.2331637200,30.4532521700,25911519,869085694.4200
2023-06-30,30.6275853400,30.3798487300,30.8477956600,30.2238664200,34220396,1135996348.3900
2023-07-03,30.3890241600,30.6459362000,30.8936728100,30.3523224400,34635357,1155896420.0000
2023-07-04,30.5908836200,31.7378123700,32.2149347300,30.4165504500,58292229,2005900061.3400
2023-07-05,31.6644089300,31.4441986100,31.7011106500,31.1047077000,29364770,1006405856.0900
2023-07-06,31.2698654400,31.0863568400,31.6644089300,30.9028482400,27812769,945843925.4700
2023-07-07,30.7835676500,30.5541819000,30.8202693700,30.1504629800,23179009,769467123.8600
2023-07-10,30.7468659300,31.2423391500,31.2606900100,30.4165504500,26389153,890734459.8000
2023-07-11,31.1964620000,31.3799706000,31.5359529100,31.0863568400,20807569,711369264.0400
2023-07-12,31.3891460300,31.4625494700,31.8203912400,30.9670762500,29986063,1026805635.8000
2023-07-13,31.4625494700,32.0038998400,32.0681278500,31.4625494700,25681906,890722422.1900
2023-07-14,31.9488472600,31.7928649500,32.3433907500,31.7011106500,22481094,784083373.5100
2023-07-17,31.7469878000,31.3891460300,31.7928649500,31.1872865700,16935249,579343571.9200
2023-07-18,31.3524443100,31.2606900100,31.6001809200,31.1964620000,17071654,583030477.2000
2023-07-19,31.2148128600,31.4625494700,31.4717249000,31.1138831300,13527612,461623538.9600
2023-07-20,31.7653386600,31.0313042600,31.8937946800,31.0129534000,18509939,630801660.9500
2023-07-21,30.9211991000,30.6642870600,31.1505848500,30.5633573300,14668262,492462326.0300
2023-07-24,30.5908836200,30.2330418500,30.7101642100,30.0036561000,19482638,643044269.8200
2023-07-25,30.6459362000,31.6460580700,31.9304964000,30.6092344800,36599152,1251282746.6400
2023-07-26,31.5634792000,31.2973917300,31.7378123700,31.1597602800,17476727,596645958.3500
2023-07-27,31.2973917300,31.8295666700,32.3525661800,31.2882163000,30169385,1050305826.2000
2023-07-28,31.6552335000,32.5911273600,32.8388639700,31.6093563500,37494436,1324971943.8300
2023-07-31,32.8113376800,33.3251617600,33.9490910000,32.8113376800,45236111,1651852696.9500
2023-08-01,33.3251617600,33.0315480000,33.6371263800,32.6920570900,26439577,953915180.5200
2023-08-02,33.0315480000,32.7195833800,33.2242320300,32.6003027900,16086155,575859418.0200
2023-08-03,32.6003027900,32.6003027900,33.0223725700,32.3617416100,19394418,689634680.3000
2023-08-04,32.8572148300,33.5361966500,33.7931086900,32.8572148300,34802435,1272450076.1400
2023-08-07,33.5270212200,33.5637229400,34.5454939500,33.2609337500,38430435,1419429977.9700
2023-08-08,33.6554772400,33.3343371900,33.8114595500,33.1233023000,17304506,629476261.1400
2023-08-09,33.1416531600,33.0131971400,33.5361966500,32.9856708500,13369201,484082429.9900
2023-08-10,32.9397937000,33.2150566000,33.5361966500,32.9397937000,14106791,510692317.1200
2023-08-11,33.1967057400,32.3525661800,33.3802143400,32.2149347300,28813831,1025916594.4300
2023-08-14,32.1140050000,32.0773032800,32.1231804300,31.6185317800,18746681,651486655.7000
2023-08-15,32.0773032800,31.9488472600,32.3892679000,31.5818300600,20448149,711752773.5900
2023-08-16,31.9396718300,30.9579008200,31.9396718300,30.9395499600,22899949,781453409.0000
2023-08-17,30.9303745300,31.5634792000,31.8203912400,30.7376905000,18199849,623515224.7600
2023-08-18,31.5910054900,31.1047077000,32.0222507000,31.0588305500,16890446,580431978.3200
2023-08-21,31.2148128600,31.5359529100,32.5268993500,31.1964620000,31668000,1101333590.7500
2023-08-22,31.8387421000,32.2883381700,32.4259696200,31.4350231800,26226897,913261254.8200
2023-08-23,32.2057593000,31.3616197400,32.5727765000,31.3524443100,27095614,942754950.9200
2023-08-24,31.5176020500,31.3707951700,31.8203912400,31.0129534000,18275546,626529474.7600
2023-08-25,31.0955322700,30.5358310400,31.1689357100,30.3247961500,25466252,851393166.2000
2023-08-28,32.1415312900,31.2331637200,32.3525661800,31.0129534000,37313131,1281621747.6900
2023-08-29,31.1505848500,32.4443204800,32.5544256400,30.9579008200,29423393,1026723440.2500
2023-08-30,32.4443204800,32.5268993500,32.7562851000,32.0406015600,23954106,845887614.2400
2023-08-31,32.4534959100,32.3709170400,32.7012325200,32.1507067200,13778385,487171250.7200
2023-09-01,32.3617416100,32.6186536500,32.8480394000,32.1140050000,18271825,647925391.6500
2023-09-04,32.7562851000,32.8572148300,33.2150566000,32.7195833800,27655091,994070620.9400
2023-09-05,32.7379342400,32.6003027900,33.1324777300,32.5177239200,23958401,855824916.0500
2023-09-06,32.4901976300,32.2699873100,32.7562851000,31.8387421000,24338851,857981421.2700
2023-09-07,32.2699873100,31.4717249000,32.2699873100,31.3799706000,22724852,786389006.4400
2023-09-08,31.4809003300,31.1781111400,31.6001809200,31.1230585600,16279507,554665271.6000
2023-09-11,31.1964620000,31.1964620000,31.6552335000,31.0129534000,26922289,918532534.2200
2023-09-12,31.2148128600,30.9854271100,31.3707951700,30.8477956600,21037831,710866019.2700
2023-09-13,30.9946025400,30.4899538900,31.0129534000,30.2789190000,31607899,1052486578.6100
2023-09-14,30.4807784600,30.4991293200,30.6734624900,30.3156207200,19111841,635655115.1800
2023-09-15,30.6459362000,29.8660246500,30.6918133500,29.5448846000,33584539,1098109404.1300
2023-09-18,29.7283932000,29.8109720700,30.2880944300,29.5357091700,20090852,654819999.6900
2023-09-19,29.8293229300,29.2237445500,29.8476737900,29.1044639600,35742404,1139201403.9500
2023-09-20,29.2237445500,29.3705514300,29.4072531500,29.0494113800,16877036,538803192.7400
2023-09-21,29.4347794400,29.2879725600,29.5724108900,29.1319902500,13538055,433460907.4700
2023-09-22,29.2787971300,30.4624276000,30.5450064700,29.2145691200,30287965,992854049.7600
2023-09-25,30.4624276000,30.3247961500,30.5908836200,30.1871647000,17838095,590719541.4200
2023-09-26,30.3706733000,30.7285150700,31.2790408700,30.3431470100,34107483,1148435320.2500
2023-09-27,30.5450064700,30.6918133500,30.7468659300,30.2972698600,14817427,494387038.3500
2023-09-28,30.6918133500,31.0129534000,31.0771814100,30.6275853400,19451418,655828498.0600
2023-10-09,31.0037779700,31.2056374300,31.3340934500,30.4440767400,21852743,738476479.1700
2023-10-10,31.3983214600,31.0221288300,31.4441986100,30.8936728100,16409724,557254078.9700
2023-10-11,31.0221288300,31.3616197400,31.5176020500,31.0221288300,18079069,618047197.1800
2023-10-12,31.5176020500,31.7469878000,31.8387421000,31.2698654400,21084344,727319830.1100
2023-10-13,31.6001809200,31.5726546300,31.8387421000,31.2882163000,16249208,559055880.3000
2023-10-16,31.5267774800,30.9854271100,31.5267774800,30.8844973800,14858072,502713702.8000
2023-10-17,31.1505848500,31.1414094200,31.5359529100,30.9487253900,14575533,496243214.2900
2023-10-18,31.1322339900,30.9120236700,31.2331637200,30.8294448000,12551499,423439088.3500
2023-10-19,30.8202693700,30.4991293200,30.9946025400,30.4716030300,13276004,444941714.4000
2023-10-20,30.4257258800,29.9944806700,30.5541819000,29.8935509400,14711471,482503594.9100
2023-10-23,30.8294448000,31.0129534000,31.3891460300,30.3706733000,38214351,1286515998.1600
2023-10-24,30.9395499600,31.0771814100,31.1964620000,30.2972698600,28529724,958465642.6800
2023-10-25,31.9304964000,32.3617416100,32.7471096700,31.8570929600,44779425,1580201713.1100
2023-10-26,32.1140050000,32.4259696200,32.4810222000,31.8937946800,24667352,866354490.1300
2023-10-27,32.3800924700,32.9397937000,33.2976354700,32.1598821500,34452048,1235553455.9600
2023-10-30,32.8755656900,33.5453720800,33.9490910000,32.6553553700,36481056,1331858046.2000
2023-10-31,33.5361966500,33.4444423500,33.6554772400,33.0223725700,22420571,813131573.6700
2023-11-01,33.4811440700,33.1875303100,33.5728983700,32.9397937000,20796463,751491005.5200
2023-11-02,33.1508285900,32.9122674100,33.4169160600,32.8755656900,14579907,525630240.5900
2023-11-03,33.0315480000,32.8572148300,33.3159863300,32.8113376800,16470767,592987815.6500
2023-11-06,32.9397937000,33.8848629900,34.0958978800,32.9397937000,34564179,1267792730.5300
2023-11-07,33.8481612700,33.8206349800,34.2335293300,33.6187755200,25342370,937293013.1100
2023-11-08,33.6463018100,34.1509504600,34.4353887900,33.5728983700,25535996,950399744.8900
2023-11-09,34.0958978800,34.0133190100,34.6372482500,33.7931086900,24429340,908363661.7600
2023-11-10,33.8573367000,34.1142487400,34.4078625000,33.5820738000,17580194,652796921.9800
2023-11-13,34.1784767500,34.1693013200,34.4812659400,33.8665121300,18444698,688325089.4800
2023-11-14,34.0958978800,33.4811440700,34.3436344900,33.4444423500,23420717,862896531.2600
2023-11-15,33.9032138500,33.6279509500,34.0775470200,33.2242320300,19141169,700813389.3500
2023-11-16,33.4903195000,33.0315480000,33.7564069700,33.0315480000,17176230,622176914.2000
2023-11-17,32.9856708500,32.7654605300,33.2884600400,32.6828816600,19833218,710774917.4400
2023-11-20,32.7562851000,32.8388639700,33.0866005800,32.5452502100,17957250,642473510.0100
2023-11-21,32.8755656900,32.9122674100,33.3618634800,32.7746359600,17502664,629365166.8300
2023-11-22,32.9214428400,32.6186536500,33.0040217100,32.3984433300,12594484,448657017.4000
2023-11-23,32.6186536500,32.8939165500,32.9856708500,32.3066890300,12844195,458138372.1100
2023-11-24,33.3068109000,32.8572148300,33.3526880500,32.6278290800,15074027,540096403.9400
2023-11-27,32.8572148300,32.3709170400,32.8663902600,32.2057593000,17493242,617485196.6000
2023-11-28,32.2791627400,32.3709170400,32.5636010700,32.2149347300,12326923,434855887.3800
2023-11-29,32.3709170400,32.1323558600,32.5177239200,32.0038998400,12495741,438948208.7200
2023-11-30,31.9580226900,31.9213209700,32.1874084400,31.8112158100,13060942,455240320.0600
2023-12-01,31.9671981200,32.5727765000,32.5727765000,31.6552335000,20254291,709156816.5700
2023-12-04,32.6645308000,32.0222507000,33.0223725700,32.0038998400,19880988,701561720.1700
2023-12-05,31.6093563500,31.0129534000,32.0038998400,30.9946025400,22448881,766527950.3400
2023-12-06,30.9854271100,30.8294448000,31.2423391500,30.6000590500,17069650,575107192.8000
2023-12-07,30.8294448000,30.3614978700,30.8477956600,30.2789190000,24768945,821678041.2500
2023-12-08,30.3706733000,29.9577789500,30.7560413600,29.9577789500,42855554,1413581351.3000
2023-12-11,29.9761298100,31.3616197400,31.4258477500,29.8293229300,41222360,1378790831.8200
2023-12-12,31.2056374300,31.2148128600,31.3340934500,30.7468659300,24803070,838023430.3600
2023-12-13,31.1781111400,30.7376905000,31.2148128600,30.6459362000,17858789,602268360.4500
2023-12-14,30.8294448000,30.5725327600,30.9762516800,30.5083047500,13770361,460738649.0500
2023-12-15,30.5725327600,30.5633573300,30.8110939400,30.3798487300,11371913,378807164.2500
2023-12-18,30.4349013100,30.4073750200,30.9303745300,30.1779892700,12694223,422959126.2500
2023-12-19,30.2972698600,30.5725327600,30.5725327600,30.0954104000,13152199,435108898.6200
2023-12-20,30.5633573300,30.0954104000,30.6642870600,30.0220069600,15626343,517117205.4600
2023-12-21,29.9761298100,30.1688138400,30.3523224400,29.9210772300,17876554,586256347.2300
2023-12-22,30.0862349700,30.0036561000,30.1688138400,29.7283932000,19413305,633053523.4600
2023-12-25,29.9027263700,30.2238664200,30.3981995900,29.8293229300,16316240,536725200.1200
2023-12-26,30.2238664200,30.0954104000,30.3064452900,30.0128315300,16309339,535699789.8300
2023-12-27,30.0587086800,30.2238664200,30.3431470100,30.0036561000,16717162,550386201.9300
2023-12-28,30.2238664200,31.0588305500,31.2239882900,30.0862349700,29455876,993731280.1600
2023-12-29,31.0221288300,31.8570929600,31.8846192500,30.9120236700,33234284,1141916799.6000
2024-01-02,31.8203912400,30.9854271100,31.8203912400,30.5083047500,38424575,1290363710.4100
2024-01-03,30.7193396400,30.3339715800,30.9211991000,30.1137612600,30483582,1008315315.0700
2024-01-04,30.2789190000,29.8935509400,30.2972698600,29.3980777200,34031311,1103184842.0700
2024-01-05,29.6916914800,29.7559194900,30.2238664200,29.4898320200,23476588,763550814.9400
2024-01-08,29.7467440600,29.0677622400,29.7467440600,28.7190959000,30361991,961036038.2200
2024-01-09,29.0494113800,28.5814644500,29.0677622400,27.9116580600,41364530,1276313395.4400
2024-01-10,28.3796049900,27.8474300500,28.4346575700,27.7097986000,29204978,889987096.4300
2024-01-11,27.8474300500,28.3153769800,28.6273416000,27.7189740300,32403085,998882370.9100
2024-01-12,28.1960963900,27.9208334900,28.3796049900,27.8566054800,29026511,886807429.1300
2024-01-15,27.9850615000,27.9850615000,28.1043420900,27.6639214500,28836170,876401002.5000
2024-01-16,27.9575352100,28.1410438100,28.1685701000,27.6914477400,22773962,695748353.1900
2024-01-17,28.2878506900,28.4254821400,28.6640433200,28.2144472500,35927530,1113438307.3500
2024-01-18,28.1318683800,29.0218850900,29.2696217000,27.9024826300,43260759,1343406436.6200
2024-01-19,28.9026045000,29.0677622400,29.2879725600,28.8108502000,27619781,874132260.4800
2024-01-22,29.0402359500,28.3429032700,29.1595165400,28.1135175200,31473367,985293957.7500
2024-01-23,28.3429032700,28.2052718200,28.5264118700,27.6272197300,33031274,1009871427.3300
2024-01-24,28.1777455300,28.7924993400,28.7924993400,27.6914477400,26717378,821964669.5900
2024-01-25,28.7924993400,29.4164285800,29.5265337400,28.6181661700,27730773,884704559.7300
2024-01-26,29.4347794400,29.0861131000,29.5815863200,28.9026045000,25680726,818356192.7100
2024-01-29,29.2512708400,28.9026045000,29.4714811600,28.8659027800,18524139,586931527.7600
2024-01-30,29.3338497100,29.1962182600,30.0036561000,29.1778674000,38819576,1249025389.3200
2024-01-31,29.0402359500,29.2879725600,29.4990074500,28.3153769800,30874917,976900404.4400
2024-02-01,29.1319902500,29.2512708400,29.5448846000,28.5906398800,25694085,816353786.4400
2024-02-02,29.2420954100,28.5172364400,29.5448846000,27.3611322600,33516213,1041445949.0300
2024-02-05,28.1318683800,28.5355873000,28.9943588000,27.7740266100,37724941,1170458613.2000
2024-02-06,28.2603244000,29.8660246500,30.0954104000,28.1869209600,41753381,1340638403.8300
2024-02-07,29.8935509400,30.2146909900,30.6000590500,29.5999371800,37651564,1243565591.6600
2024-02-08,30.7376905000,30.8753219500,31.1872865700,30.2972698600,41460695,1397333087.2600
2024-02-19,31.7561632300,31.0129534000,31.9304964000,30.7376905000,37876486,1290757135.0900
2024-02-20,30.6734624900,31.1138831300,31.2423391500,30.5450064700,26265910,885972732.4900
2024-02-21,30.8386202300,31.1781111400,31.6368826400,30.7468659300,32161025,1096765759.8100
2024-02-22,31.4166723200,31.4900757600,31.8020403800,31.2973917300,26206472,900734021.6600
2024-02-23,31.5451283400,31.7378123700,31.7836895200,31.1964620000,27810689,954374008.1200
2024-02-26,31.7194615100,31.4625494700,31.9488472600,31.4258477500,27281392,941116695.1600
2024-02-27,31.2973917300,32.0681278500,32.0681278500,31.0588305500,38588686,1329490554.0700
2024-02-28,32.1598821500,31.6552335000,32.6920570900,31.6552335000,42392494,1487752585.9900
2024-02-29,31.4350231800,32.0681278500,32.2241101600,31.3799706000,34757520,1208384377.3700
2024-03-01,32.0497769900,32.7379342400,32.9122674100,31.8662683900,47080217,1670943779.6800
2024-03-04,32.7471096700,32.1140050000,33.1233023000,31.7745140900,51739882,1817574718.1900
2024-03-05,31.9121455400,32.5911273600,33.7655824000,31.6644089300,69496078,2478546621.6000
2024-03-06,32.1140050000,31.5818300600,32.1140050000,31.4992511900,52280962,1806324419.5100
2024-03-07,31.5176020500,31.1505848500,31.8112158100,30.9670762500,37215865,1271517493.8500
2024-03-08,31.1872865700,31.1322339900,31.3524443100,30.6092344800,33591014,1134157901.6100
2024-03-11,30.9579008200,31.3799706000,31.4717249000,30.8294448000,34738179,1180884368.6800
2024-03-12,31.3891460300,31.5176020500,31.5910054900,31.0588305500,40384722,1379150861.0600
2024-03-13,31.5084266200,31.2056374300,31.7745140900,31.1781111400,35351353,1212384404.7800
2024-03-14,31.0863568400,30.7101642100,31.3065671600,30.5817081900,32845932,1106884354.8100
2024-03-15,30.6826379200,30.5174801800,30.6826379200,30.2330418500,41338904,1367763681.5100
2024-03-18,30.6275853400,30.7468659300,30.7560413600,30.3339715800,40386947,1342789699.7700
2024-03-19,30.6459362000,30.5725327600,30.8019185100,30.4716030300,33092139,1104319651.3000
2024-03-20,30.4624276000,30.7101642100,30.7193396400,30.3798487300,32544015,1084146682.0900
2024-03-21,30.7376905000,30.6092344800,30.8477956600,30.5174801800,30098104,1006108465.8900
2024-03-22,30.5541819000,30.0311823900,30.5541819000,29.9210772300,35787666,1174244097.4200
2024-03-25,30.0036561000,29.9577789500,30.6918133500,29.8293229300,29749646,980130893.0900
2024-03-26,29.6366389000,29.6825160500,29.8660246500,29.3797268600,27426415,885220718.2300
2024-03-27,29.6825160500,29.7742703500,30.0954104000,29.3889022900,29912388,973593189.4200
2024-03-28,29.6458143300,29.8660246500,30.2055155600,29.5265337400,28073169,913308087.8600
2024-03-29,29.7467440600,29.5081828800,29.9944806700,29.3613760000,29514844,951453044.8800
2024-04-01,29.5540600300,30.1412875500,30.2789190000,29.5540600300,39480894,1294665670.0200
2024-04-02,30.2422172800,29.5357091700,30.2605681400,29.4072531500,34644246,1122457555.2000
2024-04-03,29.5357091700,29.1595165400,29.5907617500,28.9760079400,34314682,1091570268.2300
2024-04-08,29.1411656800,28.9943588000,29.2696217000,28.9301307900,22759141,721381303.8900
2024-04-09,28.9760079400,29.2145691200,29.3063234200,28.7282713300,25628670,810828362.4700
2024-04-10,29.2145691200,28.6089907400,29.2145691200,28.5080610100,26366365,826806665.6600
2024-04-11,28.4988855800,28.6640433200,28.8659027800,28.3704295600,20755698,648617906.0400
2024-04-12,28.8108502000,28.3704295600,28.8750782100,28.3062015500,24932670,775707174.0000
2024-04-15,28.1043420900,28.6181661700,28.8659027800,28.1043420900,30807006,961643584.0500
2024-04-16,28.5814644500,28.9576570800,29.4347794400,28.4713592900,48655825,1542460470.9400
2024-04-17,29.0127096600,29.4623057300,29.4898320200,28.5355873000,39738243,1263569084.1400
2024-04-18,29.3705514300,29.3338497100,29.6549897600,29.1778674000,36600163,1174964271.8000
2024-04-19,29.2329199800,29.4531303000,29.5357091700,28.8200256300,33437904,1064415313.2500
2024-04-22,29.0861131000,30.1412875500,30.3706733000,29.0585868100,62785907,2053586165.6000
2024-04-23,30.1871647000,29.9119018000,30.2513927100,29.6366389000,34646158,1125912657.6800
2024-04-24,29.8476737900,29.8293229300,29.9210772300,29.4256040100,30959985,1002023702.5600
2024-04-25,29.7100423400,29.9486035200,29.9761298100,29.4347794400,31844073,1030645134.3200
2024-04-26,29.8384983600,30.1596384100,30.2055155600,29.7742703500,46684393,1528425988.7000
2024-04-29,30.1504629800,30.5174801800,30.6551116300,29.8752000800,48953672,1622842754.0600
2024-04-30,30.4991293200,30.3798487300,30.4991293200,30.2146909900,23663279,783068878.3400
2024-05-06,30.7468659300,30.9762516800,31.0771814100,30.6459362000,44545139,1499389027.8700
2024-05-07,30.8936728100,30.8569710900,31.0588305500,30.7835676500,22535413,759423628.8500
2024-05-08,30.8661465200,30.0403578200,30.8661465200,30.0311823900,42287853,1396203859.2200
2024-05-09,30.0311823900,30.3247961500,30.4349013100,30.0128315300,21876676,722651634.8300
2024-05-10,30.3431470100,30.4349013100,30.6918133500,30.1963401300,28342237,940821086.3400
2024-05-13,30.3339715800,30.4807784600,30.6367607700,29.9761298100,22132723,732160710.1200
2024-05-14,30.4807784600,30.7652167900,30.9028482400,30.4532521700,24135227,807010164.4300
2024-05-15,30.7652167900,30.4716030300,31.0129534000,30.4624276000,21076641,707232817.1200
2024-05-16,30.5725327600,30.3614978700,30.6642870600,30.2697435700,23143772,766753285.2000
2024-05-17,30.3706733000,30.9120236700,30.9120236700,30.2789190000,21462203,716731578.6000
2024-05-20,30.9120236700,31.0863568400,31.5084266200,30.8661465200,29802674,1011146519.1900
2024-05-21,31.2937224000,31.0297994400,31.3597031400,30.8695605000,24913323,823212410.3700
2024-05-22,30.8412830400,31.1334834600,31.2371674800,30.8412830400,15692570,517806009.1300
2024-05-23,31.0675027200,30.6150633600,31.4351097000,30.5019535200,20612999,673749610.7400
2024-05-24,30.5962117200,30.6150633600,30.8695605000,30.5019535200,17117007,557705552.9500
2024-05-27,30.6150633600,30.7093215600,30.7281732000,29.9929592400,25346529,816259578.2300
2024-05-28,30.6150633600,30.7187473800,30.9355412400,30.4548244200,13792512,449751728.7300
2024-05-29,30.7187473800,30.8224314000,30.9072637800,30.6150633600,15451478,505011004.5700
2024-05-30,30.6810441000,30.7847281200,30.9166896000,30.4831018800,14011223,457153960.1500
2024-05-31,30.8224314000,30.7375990200,30.9072637800,30.6904699200,15047384,491718849.3700
2024-06-03,30.8412830400,30.7847281200,30.8884121400,30.4925277000,17998610,585710448.0400
2024-06-04,30.6810441000,31.0580769000,31.5764970000,30.6716182800,25961748,858967388.5100
2024-06-05,31.1052060000,31.5010904400,31.7084584800,31.0769285400,33771108,1128144692.7900
2024-06-06,31.3879806000,31.2183158400,31.6519035600,31.0580769000,21283515,705690801.0900
2024-06-07,31.2183158400,31.2183158400,31.6707552000,30.9072637800,24399772,810105306.8000
2024-06-11,31.0297994400,31.5764970000,31.6047744600,31.0109478000,20956394,696760268.6200
2024-06-12,31.4916646200,30.9920961600,31.7650134000,30.9638187000,28547245,948089324.4900
2024-06-13,30.9072637800,30.6150633600,30.9261154200,30.0872174400,34352118,1111201246.4800
2024-06-14,30.5396568000,31.0392252600,31.1994642000,30.4642502400,22206427,728399141.8500
2024-06-17,30.8789863200,30.3511404000,31.3785547800,30.2286047400,35169169,1145805809.5200
2024-06-18,30.3794178600,30.5962117200,30.7187473800,30.2380305600,16668511,540384965.1800
2024-06-19,30.6810441000,30.3794178600,30.7187473800,30.3794178600,13356831,432066271.6600
2024-06-20,30.2757338400,29.8327203000,30.3794178600,29.5122424200,30242578,955747893.1300
2024-06-21,29.7101846400,30.0212367000,30.0683658000,29.6253522600,13613974,431623302.0600
2024-06-24,29.9646817800,29.6159264400,29.9646817800,29.4745391400,20907374,657643649.0600
2024-06-25,29.6159264400,29.1446354400,29.7950170200,28.9466932200,21011897,653158374.6300
2024-06-26,29.2200420000,29.2577452800,29.3520034800,28.8901383000,21768700,672897548.3200
2024-06-27,29.2671711000,28.9466932200,29.2765969200,28.7487510000,18062865,555156433.1600
2024-06-28,28.9089899400,29.1352096200,29.2954485600,28.8524350200,18162709,560939351.1300
2024-07-01,29.1540612600,29.0409514200,29.1823387200,28.6639186200,16045312,491852575.3800
2024-07-02,29.0409514200,28.3905698400,29.1917645400,28.3057374600,30642204,929680366.1900
2024-07-03,28.4188473000,28.4376989400,28.5602346000,28.1454985200,18584986,559389452.9300
2024-07-04,28.4282731200,28.0418145000,28.7770284600,27.9004272000,23981940,717446233.1300
2024-07-05,27.9569821200,28.1172210600,28.1454985200,27.6647817000,15654953,463627825.3200
2024-07-08,28.1172210600,27.6459300600,28.2303309000,27.3348780000,21406918,627815332.1600
2024-07-09,27.5233944000,27.7213366200,27.7401882600,27.2029165200,29027338,845499744.7800
2024-07-10,27.6553558800,27.7307624400,28.0135370400,27.4479878400,20848737,614645701.7400
2024-07-11,28.1077952400,28.3717182000,28.5602346000,27.9004272000,28907862,868321777.1800
2024-07-12,28.4188473000,28.3057374600,28.4188473000,28.0418145000,17373425,521112282.1300
2024-07-15,28.2586083600,28.3057374600,28.4094214800,28.0418145000,13582214,407068314.5900
2024-07-16,28.2586083600,28.5131055000,28.5602346000,28.1077952400,18666955,563135439.6000
2024-07-17,28.5036796800,28.5413829600,28.7298993600,28.2586083600,18816672,569135297.5900
2024-07-18,28.4188473000,28.2963116400,28.4188473000,27.9192788400,21238931,635014118.3600
2024-07-19,28.2963116400,28.5602346000,28.6356411600,28.1454985200,21024093,634847645.6000
2024-07-22,28.5790862400,28.6262153400,28.7864542800,28.3717182000,18828307,572049208.8500
2024-07-23,28.5131055000,27.8815755600,28.5602346000,27.8815755600,22720105,677818406.2600
2024-07-24,27.8532981000,27.6365042400,27.9381304800,27.3066005400,21510237,628996831.4300
2024-07-25,27.5233944000,27.6176526000,27.6459300600,27.2594714400,18361337,534964279.4500
2024-07-26,27.6176526000,27.8532981000,27.8627239200,27.4385620200,18778803,551120913.0900
2024-07-29,27.8532981000,27.4385620200,27.8910013800,27.3443038200,18700745,545809975.4100
2024-07-30,27.4197103800,27.0238259400,27.4197103800,26.5808124000,35902773,1021902891.3500
2024-07-31,26.8635870000,27.4008587400,27.5328202200,26.7033480600,44968530,1298984791.0900
2024-08-01,27.4102845600,27.1180841400,27.5045427600,27.0144001200,31511866,908522134.0700
2024-08-02,26.8730128200,26.7504771600,27.0898066800,26.7316255200,28939930,824830396.0500
2024-08-05,26.5996640400,25.9492824600,26.8070320800,25.8927275400,46121049,1284586049.7600
2024-08-06,26.1095214000,26.1377988600,26.2980378000,25.9587082800,25751085,712425213.0100
2024-08-07,26.1095214000,25.9398566400,26.2037796000,25.7701918800,26570756,731549366.7600
2024-08-08,25.8455984400,26.0058373800,26.0246890200,25.3177525200,36418175,993045138.4000
2024-08-09,26.0058373800,25.6382304000,26.1472246800,25.5816754800,21802953,597075594.7900
2024-08-12,25.5439722000,25.5722496600,25.6665078600,25.4874172800,16372100,443982372.7000
2024-08-13,25.6099529400,25.5911013000,25.6853595000,25.4497140000,18081284,490007743.4800
2024-08-14,25.5722496600,25.6853595000,25.7890435200,25.4874172800,16462006,448447828.7400
2024-08-15,25.6005271200,25.8738759000,25.9587082800,25.5533980200,19519599,534989976.7200
2024-08-16,25.8738759000,25.9587082800,26.1283730400,25.8455984400,22236150,612659097.0000
2024-08-19,25.2894750600,25.1763652200,25.5911013000,24.9972746400,61022018,1632420399.3200
2024-08-20,25.1669394000,24.9218680800,25.2140685000,24.6956484000,33208748,876669439.9800
2024-08-21,24.9218680800,25.0067004600,25.1480877600,24.8841648000,17721155,470852289.2900
2024-08-22,25.0161262800,24.7145000400,25.0632553800,24.6767967600,16928496,446284445.7800
2024-08-23,24.6767967600,25.0255521000,25.0726812000,24.6202418400,17201482,454244271.5900
2024-08-26,25.1480877600,24.8653131600,25.1575135800,24.6296676600,20020363,527743980.1800
2024-08-27,24.7993324200,24.6390934800,24.8276098800,24.5071320000,15366539,400844449.7800
2024-08-28,24.5825385600,24.6956484000,24.7804807800,24.5354094600,12399104,324455857.5600
2024-08-29,24.6390934800,24.6673709400,24.7993324200,24.5165578200,19570996,512835144.6500
2024-08-30,24.6485193000,25.1857910400,25.4025849000,24.5448352800,37137144,987425519.3700
2024-09-02,25.1009586600,24.6673709400,25.1198103000,24.6673709400,21800058,574749063.8200
2024-09-03,24.5825385600,24.8841648000,24.9501455400,24.5636869200,19781426,521179362.3400
2024-09-04,24.7899066000,25.0161262800,25.1198103000,24.7050742200,18483073,490039917.8300
2024-09-05,25.0255521000,24.9595713600,25.0726812000,24.8464615200,18740756,495888059.5100
2024-09-06,24.9407197200,24.6485193000,25.0067004600,24.6296676600,14062810,369666348.2000
2024-09-09,24.6108160200,23.8756020600,24.6202418400,23.8567504200,33015544,846010010.0900
2024-09-10,23.9321569800,24.3657447000,24.3845963400,23.5928274600,28046855,716034178.0000
2024-09-11,24.2055057600,24.2526348600,24.3657447000,24.0546926400,16202422,415753503.9300
2024-09-12,24.2620606800,23.8190471400,24.4600029000,23.8096213200,19998053,510785343.2500
2024-09-13,23.8190471400,23.6399565600,23.9321569800,23.5928274600,17147219,431545375.0000
2024-09-18,23.6588082000,23.6870856600,23.7247889400,23.2912012200,20137065,501801908.4400
2024-09-19,23.7719180400,23.7247889400,23.9698602600,23.4043110600,27341183,687930250.1800
2024-09-20,23.7530664000,23.8850278800,23.9227311600,23.4985692600,24269250,611454564.0500
2024-09-23,23.8756020600,23.8944537000,24.0923959200,23.8096213200,17657690,448645675.0100
2024-09-24,24.0358410000,24.6673709400,24.6673709400,23.8850278800,40903275,1057848635.0500
2024-09-25,25.0538295600,25.3648816200,26.0152632000,25.0538295600,66583677,1805529123.2600
2024-09-26,25.3648816200,26.5996640400,26.5996640400,25.3554558000,61906416,1712999961.2700
2024-09-27,27.3348780000,27.9852595800,28.5036796800,27.3254521800,105462536,3120097176.9800
2024-09-30,29.2388936400,30.4359727800,30.4642502400,28.8430092000,142607287,4514701467.7800
2024-10-08,33.4805126400,31.8875490600,33.4805126400,30.4453986000,227429988,7700155092.9000
2024-10-09,31.3879806000,29.6913330000,31.3879806000,29.6536297200,118968907,3814098800.3500
2024-10-10,29.4651133200,29.5687973400,30.3417145800,29.3143002000,79053485,2501204595.7600
2024-10-11,29.3897067600,27.9287046600,29.4179842200,27.5705235000,89187831,2692718942.3000
2024-10-14,27.9287046600,28.6733444400,28.9843965000,27.8155948200,109689143,3326150655.2600
2024-10-15,28.6921960800,27.6270784200,29.1729129000,27.5988009600,88697319,2667339896.5600
2024-10-16,27.2029165200,26.6562189600,27.3348780000,26.4677025600,87520762,2491709057.8100
2024-10-17,26.8258837200,26.3828701800,27.0144001200,26.3640185400,69624915,1973198333.8600
2024-10-18,26.2980378000,27.2123423400,27.9475563000,26.1283730400,99998382,2854837627.4300
2024-10-21,29.0315256000,28.9655448600,29.6819071800,28.2868858200,218849422,6743963243.7100
2024-10-22,28.9372674000,29.0692288800,29.2106161800,28.2868858200,82539861,2527713713.6200
2024-10-23,29.0786547000,29.1257838000,29.3614293000,28.8524350200,71244704,2202560817.8100
2024-10-24,28.9749706800,28.8995641200,29.0315256000,28.6073637000,52031288,1592052169.3000
2024-10-25,28.8995641200,29.1729129000,29.3143002000,28.6262153400,63722237,1960951041.5100
2024-10-28,28.7393251800,28.8524350200,28.8524350200,28.3717182000,75709547,2295201652.6100
2024-10-29,28.8618608400,28.7864542800,29.1069321600,28.5602346000,57709867,1762534692.1900
2024-10-30,28.5885120600,28.2868858200,28.6073637000,28.0889436000,56587721,1699960413.8700
2024-10-31,28.2680341800,28.3811440200,28.5602346000,27.6742075200,56480201,1690490290.4700
2024-11-01,28.2020534400,28.3905698400,28.5602346000,28.0418145000,46864132,1408295656.4000
2024-11-04,28.3999956600,29.2200420000,29.2200420000,28.2963116400,65297221,2006933905.0200
2024-11-05,29.2200420000,29.6159264400,29.7761653800,28.9561190400,79051119,2466094555.2800
2024-11-06,29.6159264400,29.4556875000,29.8044428400,29.2200420000,76227513,2387311872.0700
2024-11-07,29.2200420000,30.0023850600,30.0212367000,29.0409514200,64635918,2032670272.1900
2024-11-08,30.1720498200,29.7855912000,30.5019535200,29.6347780800,71488607,2278947032.3700
2024-11-11,29.6724813600,30.9920961600,31.2937224000,29.3897067600,108082576,3512640391.4300
2024-11-12,31.1052060000,30.3228629400,31.1052060000,30.1626240000,73316037,2384609381.5600
2024-11-13,30.2286047400,30.5585084400,30.7093215600,29.9741076000,59757146,1931136199.8100
2024-11-14,30.5679342600,29.8138686600,30.8224314000,29.7384621000,51233116,1647396165.3000
2024-11-15,29.8138686600,29.5970748000,30.4265469600,29.5970748000,49872392,1587994393.8200
2024-11-18,29.7855912000,28.9561190400,29.8892752200,28.8524350200,56635048,1754034811.7600
2024-11-19,28.9561190400,29.3048743800,29.3520034800,28.6921960800,38698545,1194992641.2200
2024-11-20,29.2671711000,29.3143002000,29.4839649600,29.1069321600,27377423,850623954.7300
2024-11-21,29.3237260200,29.1163579800,29.3237260200,28.9561190400,25734330,795014851.2000
2024-11-22,29.1069321600,28.2963116400,29.1729129000,28.2774600000,37554028,1143837510.7800
2024-11-25,28.2868858200,27.8910013800,28.3434407400,27.6930591600,32755321,973550786.3600
2024-11-26,27.9004272000,27.8910013800,28.1549243400,27.8438722800,18148400,538592251.7300
2024-11-27,27.8155948200,28.2963116400,28.2963116400,27.7590399000,28095857,837838461.0800
2024-11-28,28.2774600000,28.0889436000,28.4188473000,28.0418145000,25251319,755396034.6200
2024-11-29,28.1926276200,28.3528665600,28.5225313200,27.9381304800,28265313,848316007.7700
2024-12-02,28.2774600000,28.4942538600,28.5602346000,28.1926276200,45105242,1358858325.3100
2024-12-03,28.3811440200,28.2680341800,28.4659764000,28.0889436000,31960056,956358652.8900
2024-12-04,28.2209050800,27.9664079400,28.2303309000,27.9287046600,26656459,793373602.1600
2024-12-05,27.9664079400,28.0135370400,28.0700919600,27.7590399000,25538490,756445571.0800
2024-12-06,28.1832018000,28.8807124800,28.8901383000,28.1832018000,56027708,1699146508.0000
2024-12-09,28.8901383000,29.4745391400,29.9458301400,28.7110477200,70747739,2216839036.5200
2024-12-10,30.9826703400,30.1343465400,31.0675027200,30.0966432600,108002370,3500129892.0300
2024-12-11,30.1343465400,29.7007588200,30.2568822000,29.5499457000,47608072,1505249970.4900
2024-12-12,29.7101846400,29.7667395600,29.8327203000,29.5028166000,37941872,1194004057.6100
2024-12-13,29.6065006200,29.0409514200,29.6065006200,29.0315256000,54036052,1676811144.3900
2024-12-16,29.1352096200,28.6544928000,29.2954485600,28.4471247600,39977055,1216719192.3600
2024-12-17,28.6544928000,28.7487510000,29.0692288800,28.5225313200,32758970,1002591633.8700
2024-12-18,29.0409514200,29.2200420000,29.4556875000,29.0220997800,40744954,1264497592.7800
2024-12-19,28.8524350200,29.2577452800,29.3143002000,28.7770284600,30141506,930938607.8000
2024-12-20,29.2294678200,29.1069321600,29.2860227400,28.9843965000,31276152,966377287.5700
2024-12-23,29.1069321600,28.9561190400,29.3048743800,28.8430092000,39176631,1209473303.1500
2024-12-24,28.9372674000,28.9749706800,29.2954485600,28.7204735400,41383766,1274467040.5600
2024-12-25,29.0315256000,29.4556875000,29.5876489800,28.8995641200,53222772,1656411489.9000
2024-12-26,29.5216682400,29.6913330000,29.7007588200,29.1352096200,50349796,1578220424.4900
2024-12-27,29.7855912000,29.2765969200,29.8232944800,29.2200420000,34561772,1079996955.0800
2024-12-30,29.1729129000,29.2388936400,29.4179842200,29.1257838000,28868046,897020001.0400
2024-12-31,29.2671711000,28.9372674000,29.2860227400,28.6167895200,51107722,1566706226.4100
2025-01-02,28.8241575600,27.9004272000,28.8241575600,27.7213366200,48923150,1463495011.7600
2025-01-03,27.9569821200,27.1746390600,28.0700919600,27.0521034000,42986278,1253604683.6100
2025-01-06,27.1840648800,26.6939222400,27.2311939800,26.5808124000,38921570,1108551659.3500
2025-01-07,26.7033480600,26.7787546200,26.8353095400,26.5808124000,29322272,831108845.1300
2025-01-08,26.7316255200,26.4771283800,26.7410513400,25.9492824600,39003216,1088411639.8000
2025-01-09,26.3922960000,26.5148316600,26.7787546200,26.2791861600,28278615,797075235.2400
2025-01-10,26.5054058400,26.2037796000,26.6373673200,26.2037796000,21125766,592830952.4700
2025-01-13,26.0058373800,26.0812439400,26.4865542000,25.9304308200,26424577,732285442.2400
2025-01-14,26.1283730400,26.7316255200,26.7410513400,25.9775599200,49300165,1387307111.1100
2025-01-15,26.7410513400,26.4865542000,26.7410513400,26.2980378000,32765094,918633364.1900
2025-01-16,26.5242574800,26.5148316600,26.8258837200,26.3451669000,27525693,776562238.5600
2025-01-17,26.4111476400,26.5808124000,26.7410513400,26.2980378000,21510213,605876403.6200
2025-01-20,26.7410513400,26.6562189600,26.9012902800,26.5996640400,30135504,854751256.4800
2025-01-21,26.7787546200,26.7599029800,26.8353095400,26.5808124000,22956651,650598904.8600
2025-01-22,26.7599029800,26.8258837200,26.9389935600,26.4205734600,32526726,921169918.5600
2025-01-23,27.0992325000,26.9861226600,27.2783230800,26.7787546200,35126215,1006360881.2800
2025-01-24,26.8635870000,27.3537296400,27.4008587400,26.8164579000,37373278,1078910142.2000
2025-01-27,27.4574136600,27.3631554600,27.5705235000,27.2688972600,26862311,780936490.4600
2025-02-05,27.8532981000,28.2774600000,28.4659764000,27.5988009600,70403781,2104193842.5300
2025-02-06,28.1832018000,28.6262153400,28.7016219000,27.9569821200,56296911,1696165829.6900
2025-02-07,28.6262153400,29.1069321600,29.2388936400,28.6073637000,81288906,2499200984.1900
2025-02-10,29.1069321600,29.2671711000,29.4556875000,28.9089899400,55315692,1715151422.4000
2025-02-11,29.3143002000,29.4274100400,29.7667395600,29.1163579800,58968657,1847552660.8500
2025-02-12,29.4179842200,29.1352096200,29.4179842200,28.8430092000,55200448,1700023221.8500
2025-02-13,29.1257838000,28.7393251800,29.1257838000,28.5602346000,45233542,1384001654.0900
2025-02-14,28.7298993600,29.7290362800,30.0212367000,28.6544928000,68374600,2136041243.8300
2025-02-17,30.0495141600,29.7667395600,30.0683658000,29.5970748000,45227279,1429731248.3300
2025-02-18,29.7478879200,30.2568822000,30.7941539400,29.6159264400,105307854,3400549816.1900
2025-02-19,30.1626240000,30.3982695000,30.4642502400,29.8892752200,51403468,1648753114.5000
2025-02-20,30.3417145800,30.2474563800,30.8884121400,30.1437723600,39461081,1272685901.5300
2025-02-21,30.2568822000,30.8130055800,30.8884121400,30.2380305600,64066287,2081999872.1900
2025-02-24,30.3134371200,30.0212367000,30.9072637800,29.8327203000,110366637,3547916721.4300
2025-02-25,29.6536297200,29.3143002000,29.6536297200,29.0786547000,74326358,2315056405.0300
2025-02-26,29.3143002000,29.4179842200,29.4933907800,29.0598030600,49481104,1534882050.3400
2025-02-27,29.3802809400,29.1729129000,29.5970748000,28.7864542800,48379944,1497388766.6300
2025-02-28,29.1634870800,28.4094214800,29.3331518400,28.3717182000,42924766,1311411080.5500
2025-03-03,28.4565505800,28.7676026400,29.0503772400,28.4565505800,35372720,1080968524.1000
2025-03-04,28.6827702600,29.0786547000,29.1729129000,28.5602346000,39154421,1205393872.7200
2025-03-05,29.0315256000,29.3708551200,29.4933907800,28.9938223200,36964482,1145942744.7100
2025-03-06,29.4933907800,31.6707552000,31.8215683200,29.4556875000,179293813,5881985950.8300
2025-03-07,31.1711867400,31.6330519200,32.1137687400,31.0863543600,102924926,3451111466.3900
2025-03-10,31.4728129800,31.6990326600,31.8498457800,30.8318572200,66376885,2208007667.9600
2025-03-11,31.2560191200,31.2277416600,31.5482195400,30.9166896000,51378793,1698320829.6600
2025-03-12,31.2654449400,31.3691289600,31.7084584800,31.1052060000,40867584,1363500369.2400
2025-03-13,31.1994642000,31.2560191200,31.7461617600,30.8978379600,39195867,1299112200.7600
2025-03-14,31.0675027200,31.4351097000,31.4633871600,30.9920961600,45902836,1521541840.6800
2025-03-17,31.3691289600,31.4351097000,31.6236261000,31.2371674800,34218688,1142088880.6700
2025-03-18,31.7178843000,31.4539613400,31.9158265200,31.2937224000,33728784,1131126681.2100
2025-03-19,31.4539613400,31.3879806000,31.6707552000,31.2088900200,26741557,892369832.7500
2025-03-20,31.3974064200,30.0589399800,31.4633871600,29.9741076000,71786208,2318088758.0400
2025-03-21,30.0212367000,29.5310940600,30.1060690800,29.4651133200,35506259,1118983882.6700
2025-03-24,29.5405198800,29.6065006200,29.8704235800,29.1823387200,27245750,853325085.8500
2025-03-25,29.6065006200,29.4462616800,29.6913330000,29.3802809400,17058347,534154783.9300
2025-03-26,29.6065006200,29.2200420000,29.6159264400,29.1352096200,22827820,709255664.3400
2025-03-27,29.2200420000,29.2954485600,29.5310940600,29.0503772400,22897847,712614508.9200
2025-03-28,29.2860227400,29.1917645400,29.3802809400,29.1729129000,14384854,446367995.3500
2025-03-31,29.1257838000,28.9372674000,29.3048743800,28.4094214800,35216775,1074925784.7200
2025-04-01,28.9561190400,28.7110477200,28.9938223200,28.4754022200,32659176,995154265.1500
2025-04-02,28.7393251800,28.5885120600,28.7487510000,28.4754022200,22738957,689268727.5300
2025-04-03,28.3905698400,28.1926276200,28.5413829600,28.0889436000,31997100,958766000.0900
2025-04-07,26.9578452000,26.2886119800,27.1369357800,25.5062689200,74091233,2080174825.4900
2025-04-08,26.3451669000,26.4771283800,27.0144001200,25.9492824600,57401842,1607649749.2600
2025-04-09,26.3828701800,26.5525349400,26.6750706000,26.0435406600,65288510,1829621887.8400
2025-04-10,26.7881804400,27.1746390600,27.3066005400,26.6279415000,49210152,1412761968.7800
2025-04-11,26.9578452000,26.8635870000,27.1652132400,26.5713865800,41922274,1194632598.9800
2025-04-14,27.1463616000,27.0521034000,27.3820071000,27.0144001200,30530567,879383110.1500
2025-04-15,27.0521034000,26.9389935600,27.0992325000,26.6844964200,23901190,679860098.5200
2025-04-16,26.8730128200,26.7316255200,26.8730128200,26.4017218200,30763442,867674332.7700
2025-04-17,26.5808124000,26.5902382200,26.7221997000,26.5336833000,27324176,771904146.5300
2025-04-18,26.5808124000,26.7410513400,26.7599029800,26.4111476400,20847247,587956611.1200
2025-04-21,26.9389935600,27.2217681600,27.6836333400,26.8164579000,42867059,1240657671.8100
2025-04-22,27.1463616000,26.8541611800,27.2311939800,26.7221997000,32223655,920091094.0200
2025-04-23,26.9861226600,26.8447353600,27.0426775800,26.7504771600,30732248,875683138.1100
2025-04-24,26.8824386400,26.7033480600,26.9672710200,26.5619607600,32617815,924434717.8000
2025-04-25,26.6939222400,26.5619607600,26.7033480600,26.5148316600,33332666,940056713.9700
2025-04-28,26.5619607600,26.4488509200,26.6185156800,26.4111476400,26372329,741662946.1700
2025-04-29,26.4488509200,26.5242574800,26.5808124000,26.3168894400,17870823,502173920.4000
2025-04-30,26.5336833000,26.5902382200,26.6844964200,26.4865542000,23129660,652806908.4500
2025-05-06,26.7221997000,27.1746390600,27.1746390600,26.6750706000,38826813,1110450579.8700
2025-05-07,27.3820071000,27.1840648800,27.5893751400,26.9955484800,34500782,996400272.4900
2025-05-08,27.0332517600,27.2594714400,27.3348780000,27.0238259400,26358218,762003275.9800
2025-05-09,27.2594714400,27.0049743000,27.2594714400,26.9012902800,22194801,636217185.2500
2025-05-12,27.1369357800,27.2783230800,27.2877489000,27.0049743000,34235231,987151433.4900
2025-05-13,27.5893751400,27.1652132400,27.6082267800,27.0803808600,31152687,901057998.5700
2025-05-14,27.1746390600,27.3443038200,27.4102845600,27.0521034000,31825935,919245155.6900
2025-05-15,27.3160263600,27.1369357800,27.3160263600,27.0803808600,20099559,578986284.9100
2025-05-16,27.0521034000,27.1463616000,27.2029165200,26.9107161000,16930451,486869068.7900
2025-05-19,27.1557874200,27.1180841400,27.2029165200,26.9672710200,19415184,557555180.1600
2025-05-20,27.1470728000,27.2243598400,27.2436816000,26.9538552000,25877848,726235946.3200
2025-05-21,27.2243598400,27.5141862400,27.6880820800,27.1567336800,30361429,861690464.5300
2025-05-22,27.4368992000,27.3499512800,27.4948644800,27.2630033600,19357835,548167945.5500
2025-05-23,27.3306295200,27.2243598400,27.4272383200,27.1663945600,23755323,671120232.6900
2025-05-26,27.2243598400,27.2823251200,27.3113077600,27.0891075200,18936921,532483962.7400
2025-05-27,27.1953772000,27.1567336800,27.2243598400,27.0118204800,18594499,521531860.5700
2025-05-28,27.1470728000,27.0601248800,27.2243598400,27.0504640000,16116189,452466041.6800
2025-05-29,27.1180901600,27.3209686400,27.3789339200,27.0601248800,23610739,666452365.1700
2025-05-30,27.2340207200,27.1760554400,27.2630033600,27.0987684000,15228872,428402303.0400
2025-06-03,27.0891075200,27.0891075200,27.2340207200,26.9828378400,21592839,605673851.3300
2025-06-04,27.1277510400,27.2919860000,27.3306295200,27.0987684000,20005757,564200164.4200
2025-06-05,27.3306295200,27.5141862400,27.5624906400,27.2436816000,26559462,753867583.0800
2025-06-06,27.5818124000,27.5818124000,27.6784212000,27.3499512800,23292626,663638201.2600
2025-06-09,27.6011341600,27.4852036000,27.6784212000,27.3885948000,36301550,1033706098.9000
2025-06-10,27.4852036000,27.1760554400,27.4948644800,27.0214813600,39311829,1106474618.0600
2025-06-11,27.1760554400,27.1663945600,27.3209686400,27.0891075200,33289079,936562782.4400
2025-06-12,27.1374119200,27.0408031200,27.1374119200,26.8669072800,38373174,1071476921.6800
2025-06-13,26.9635160800,26.8186028800,26.9924987200,26.7509767200,37660872,1045624845.7300
2025-06-16,26.6833505600,26.6543679200,26.8282637600,26.4804720800,45667750,1258522078.7600
2025-06-17,26.5770808800,26.6833505600,26.7219940800,26.5094547200,20525407,566029532.9600
2025-06-18,26.6833505600,26.7123332000,26.7219940800,26.5191156000,18574639,512527937.6600
2025-06-19,26.6447070400,26.5191156000,26.6833505600,26.3742024000,30540453,837238377.5000
2025-06-20,26.4031850400,26.3355588800,26.5094547200,26.3162371200,20800055,568151398.8700
2025-06-23,26.1326804000,26.3935241600,26.4225068000,26.1036977600,19887937,540488460.1900
2025-06-24,26.4514894400,26.6736896800,26.7026723200,26.3838632800,28127600,774094086.4800
2025-06-25,26.7123332000,26.8669072800,26.8765681600,26.5964026400,32056602,887219822.3100
2025-06-26,26.8572464000,26.6543679200,27.0311422400,26.6060635200,31480830,871626806.8700
2025-06-27,26.6543679200,26.7026723200,26.8958899200,26.6253852800,28215365,780884763.3000
2025-06-30,26.1133586400,26.7896202400,26.8379246400,26.1133586400,44230073,1215035054.1500
2025-07-01,26.6640288000,26.5964026400,26.6930114400,26.4514894400,32806540,901660674.8100
2025-07-02,26.5674200000,26.5770808800,26.6350461600,26.4514894400,21287180,584614298.2900
2025-07-03,26.5577591200,26.7702984800,26.8186028800,26.5287764800,32689225,905049835.3400
2025-07-04,26.7799593600,26.6736896800,26.8572464000,26.6543679200,29922600,828603656.4600
2025-07-07,26.6833505600,26.4997938400,26.6833505600,26.4708112000,22958675,629863850.3500
2025-07-08,26.5094547200,26.6833505600,26.7123332000,26.5094547200,25614982,706339653.9000
2025-07-09,26.6930114400,26.7413158400,26.8282637600,26.6157244000,32650256,903779820.9300
2025-07-10,26.7219940800,26.8379246400,26.9152116800,26.6157244000,30483456,844228428.0000
2025-07-11,26.8475855200,26.9538552000,27.0987684000,26.8475855200,48918413,1366329581.4200
2025-07-14,26.9538552000,26.8186028800,26.9731769600,26.7799593600,28636688,795812812.9400
2025-07-15,26.8186028800,26.9828378400,27.0021596000,26.6930114400,46228837,1284598500.6500
2025-07-16,26.8669072800,26.7799593600,26.9055508000,26.7413158400,36651762,1017030735.3600
2025-07-17,26.7799593600,26.9924987200,27.0311422400,26.7123332000,44850193,1248362421.2200
2025-07-18,27.0408031200,27.0601248800,27.2050380800,26.9731769600,42985575,1205792652.8800
2025-07-21,27.1277510400,27.1857163200,27.3306295200,27.0601248800,44539432,1251130075.3600
2025-07-22,27.1760554400,27.4368992000,27.5335080000,27.0697857600,63659303,1798929052.1400
2025-07-23,27.4465600800,27.3113077600,27.8233344000,27.2436816000,65732297,1873084917.5100
2025-07-24,27.2919860000,27.6687603200,27.6687603200,27.2630033600,48612625,1383918300.1400
2025-07-25,27.7460473600,27.6880820800,27.8426561600,27.6204559200,38655315,1108600549.3300
2025-07-28,27.7750300000,27.6204559200,27.8426561600,27.4948644800,46419583,1328452395.2000
2025-07-29,27.5335080000,27.5914732800,27.6204559200,27.2823251200,44379737,1261139262.8400
2025-07-30,27.5818124000,27.5238471200,27.7170647200,27.2919860000,48365182,1378418518.1500
2025-07-31,27.4755427200,27.1470728000,27.5045253600,27.0504640000,54243077,1530864325.3500
2025-08-01,27.3016468800,28.1228216800,28.5575612800,27.1470728000,130564407,3793419996.7900
2025-08-04,27.7750300000,27.6011341600,28.1614652000,27.4079165600,114128187,3266338733.2600
2025-08-05,27.6880820800,28.3353610400,28.3933263200,27.6880820800,107630133,3133436709.1700
2025-08-06,28.3063784000,28.2870566400,28.6734918400,28.2194304800,79940445,2351431325.4400
2025-08-07,28.3160392800,28.1614652000,28.7701006400,28.1131608000,65613285,1923263399.7000
2025-08-08,28.2097696000,27.7943517600,28.2387522400,27.7846908800,51256720,1479854187.5600
2025-08-11,27.8233344000,27.8716388000,27.9875693600,27.7170647200,49379449,1424360683.1400
2025-08-12,28.1034999200,28.2580740000,28.6348483200,28.0648564000,66891599,1961048829.3000
2025-08-13,28.3063784000,28.5189177600,28.6445092000,28.2387522400,65516999,1931536929.0300
2025-08-14,28.4995960000,28.2001087200,28.6445092000,28.1131608000,57326820,1685314835.4800
2025-08-15,28.1807869600,28.5575612800,28.5575612800,28.1711260800,56637891,1663746388.6000
2025-08-18,28.6058656800,29.0019617600,29.4656840000,28.5962048000,109384547,3296400496.6700
2025-08-19,29.0019617600,28.8473876800,29.1468749600,28.7894224000,57784483,1729825287.9800
2025-08-20,28.7894224000,29.1661967200,29.1661967200,28.6058656800,60242515,1805583307.9600
2025-08-21,29.2531446400,29.3014490400,29.7072060000,29.0309444000,70048326,2130708778.1500
2025-08-22,29.2241620000,30.0356759200,30.0936412000,29.1372140800,99802967,3073840134.2000
2025-08-25,30.4124502400,30.1226238400,30.4800764000,29.7651712800,102105891,3180160108.5000
2025-08-26,29.9583888800,30.2192326400,30.4027893600,29.8327974400,67290054,2102228949.7800
2025-08-27,30.4800764000,29.8038148000,31.1756597600,29.7748321600,117736600,3726441578.7600
2025-08-28,29.7651712800,30.1226238400,30.2385544000,29.3690752000,90716760,2803129927.5100
2025-08-29,30.1226238400,30.1129629600,30.5090590400,29.9970324000,86500233,2709144477.9500
2025-09-01,30.1419456000,30.0936412000,30.2578761600,29.7555104000,69932677,2171963597.3400
2025-09-02,30.0260150400,29.6009363200,30.1322847200,29.2338228800,75306939,2310385500.2300
2025-09-03,29.6105972000,28.8860312000,29.8327974400,28.7507788800,64823677,1956421186.0200
2025-09-04,28.9729791200,28.3063784000,29.0502661600,27.9489258400,74905648,2197851399.2800
2025-09-05,28.3063784000,28.6155265600,28.6541700800,28.0068911200,55723637,1637903223.4500
2025-09-08,28.6251874400,29.3014490400,29.6395798400,28.6251874400,74952066,2269926292.9900
2025-09-09,29.3014490400,29.1565358400,29.3014490400,28.9826400000,45418683,1369352609.1000
2025-09-10,29.2724664000,29.1758576000,29.6589016000,28.9343356000,49545198,1499729560.5000
2025-09-11,29.1565358400,29.8424583200,29.8424583200,29.0599270400,69017208,2110916725.6800
2025-09-12,29.9294062400,29.7072060000,30.2482152800,29.6975451200,70497789,2187807277.7600
2025-09-15,29.6975451200,29.4560231200,29.8424583200,29.2821272800,49098976,1498757340.8300
2025-09-16,29.3787360800,29.8231365600,29.9100844800,29.2821272800,52135558,1599359737.8100
2025-09-17,29.8231365600,29.7072060000,29.9100844800,29.3497534400,48006194,1472246994.1000
2025-09-18,29.7072060000,29.8714409600,31.0114248000,29.5526319200,119137259,3727138853.2700
2025-09-19,29.8714409600,29.6685624800,30.0066932800,29.6202580800,57449779,1770162061.2000
2025-09-22,29.6105972000,29.3787360800,29.7265277600,29.1758576000,56041671,1704414624.5100
2025-09-23,29.3787360800,29.2628055200,29.6202580800,28.8667094400,58540738,1768501191.1400
2025-09-24,29.1565358400,29.9197453600,29.9873715200,29.0019617600,80514666,2460617368.9600
2025-09-25,29.9487280000,30.1805891200,30.4317720000,29.8327974400,76454546,2388389969.5500
2025-09-26,30.1322847200,29.6202580800,30.2771979200,29.5236492800,55166826,1702939762.0800
2025-09-29,29.6202580800,30.1612673600,30.2385544000,29.1855184800,65929399,2025428182.1000
2025-09-30,30.1612673600,30.4510937600,30.8085463200,30.0260150400,78501363,2470207367.4000
2025-10-09,30.7215984000,33.0112269600,33.4942709600,30.7215984000,291095522,9883137909.1200
2025-10-10,33.0209971800,33.1480762100,33.7052688800,32.5224563700,192092499,6529742130.3100
2025-10-13,32.0141402500,32.6104341600,32.8157156700,31.5938019200,154199912,5075046931.1700
2025-10-14,32.7668391200,32.5029057500,33.9985281800,32.3073995500,139943219,4740161991.1600
2025-10-15,32.3660514100,32.6202094700,33.0503231100,31.8284093600,102301172,3391789503.9100
2025-10-16,32.4638045100,32.6495354000,33.4511108200,32.0630168000,100157146,3341044489.0000
2025-10-17,32.6006588500,32.3171748600,33.3338071000,31.8968365300,116180306,3857658496.5700
2025-10-20,33.1285255900,31.6329031600,33.2360540000,31.3298685500,127913183,4186908902.1500
2025-10-21,31.6329031600,31.8479599800,32.0532414900,31.4960488200,75199461,2449246069.9100
2025-10-22,31.5840266100,32.7179625700,32.8450416000,31.2418907600,100321456,3304836689.0500
2025-10-23,32.6202094700,32.6788613300,32.9427947000,32.0239155600,70412997,2343588102.1500
2025-10-24,32.6788613300,32.5420069900,33.0894243500,32.4344785800,71580595,2391640133.0200
2025-10-27,32.8743675300,33.1383009000,33.5097626800,32.6299847800,94747722,3206845210.8200
2025-10-28,32.7961650500,32.2389723800,32.9818959400,32.2096464500,74750881,2489095789.5500
2025-10-29,32.3562761000,32.6006588500,32.6886366400,32.2682983100,50588481,1680721443.0600
2025-10-30,32.5322316800,32.4735798200,33.1871774500,32.3562761000,75104552,2513012908.7100
2025-10-31,32.3562761000,32.1314439700,32.9134687700,32.0630168000,73380725,2432170771.1800
2025-11-03,32.1412192800,31.8675106000,32.4051526500,31.3396438600,59034023,1917342461.2500
2025-11-04,31.8186340500,31.0757104900,31.8968365300,30.8020018100,62853368,2009488488.9400
2025-11-05,30.7531252600,30.7922265000,30.9193055300,30.3621128600,58225187,1825640597.8300
2025-11-06,30.9877327000,31.0854858000,31.2321154500,30.8899796000,45062832,1432288356.1000
2025-11-07,30.8411030500,30.6651474700,30.9584067700,30.6455968500,39681247,1249820793.7200
2025-11-10,30.6749227800,31.0952611100,31.2321154500,30.6749227800,41366332,1312089107.8400
2025-11-11,31.0952611100,31.0072833200,31.2614413800,30.9095302200,36548961,1161834960.1500
2025-11-12,30.8411030500,30.7237993300,30.9779573900,30.4109894100,37316878,1174338136.0500
2025-11-13,30.6944734000,30.9779573900,31.2321154500,30.6553721600,37703415,1197168604.7700
2025-11-14,30.7922265000,30.6064956100,30.8704289800,30.6064956100,36440923,1145330572.4200
2025-11-17,30.4989672000,29.7755942600,30.5771696800,29.7755942600,63141990,1941162272.6800
2025-11-18,29.7658189500,30.0395276300,30.0981794900,29.6973917800,33843907,1037641324.2700
2025-11-19,30.0395276300,29.7364930200,30.2057079000,29.5996386800,28458735,869432614.1100
2025-11-20,29.9417745300,29.5507621300,30.0004263900,29.5312115100,22881226,696969113.2200
2025-11-21,29.2868287600,29.1499744200,29.6680658500,29.1304238000,41085567,1231660318.6400
2025-11-24,29.2281769000,29.1890756600,29.4139077900,29.0326707000,40630416,1214858257.8400
2025-11-25,29.4236831000,29.3161546900,29.7364930200,29.2868287600,45432220,1371641367.2000
2025-11-26,29.3454806200,29.2281769000,29.4041324800,29.1793003500,29928875,896599313.1600
2025-11-27,29.2966040700,29.0619966300,29.3454806200,29.0424460100,29737424,888837157.0100
2025-11-28,29.0619966300,29.3454806200,29.3552559300,28.9740188400,25531109,761711725.0800
2025-12-01,29.3357053100,29.8928979800,29.8928979800,29.2575028300,42357906,1285247626.8400
2025-12-02,29.8244708100,29.8342461200,29.9906510800,29.6680658500,25369000,773849369.9200
2025-12-03,29.8049201900,29.6582905400,29.8635720500,29.5507621300,20861567,633782017.1300
2025-12-04,29.6191893000,29.6680658500,29.8635720500,29.5605374400,18438196,559477072.2700
2025-12-05,29.6680658500,29.3943571700,29.6973917800,29.1890756600,39751051,1193536335.6700
2025-12-08,29.4725596500,29.7462683300,29.9711004600,29.4627843400,42477281,1293161198.1100
2025-12-09,29.7169424000,29.3161546900,29.7364930200,29.2672781400,35184985,1058664975.7800
2025-12-10,29.3161546900,29.3259300000,29.4334584100,29.0815472500,24783061,740775488.3500
2025-12-11,29.3552559300,28.7394114000,29.4236831000,28.6905348500,42561847,1263635595.0500
2025-12-12,28.7394114000,28.9642435300,29.0228953900,28.4754780300,49128113,1445998276.8200
2025-12-15,28.7589620200,28.3679496200,28.9055916700,28.3483990000,43488694,1271943118.7100
2025-12-16,28.3483990000,28.0453643900,28.3679496200,27.9671619100,35446543,1018006502.1500
2025-12-17,28.0453643900,28.4168261700,28.5341298900,28.0062631500,26961175,779553415.0900
2025-12-18,28.3092977600,28.3679496200,28.5439052000,28.2506459000,21735110,632012643.8200
2025-12-19,28.4363767900,28.5341298900,28.6905348500,28.4363767900,25116793,734364021.2200
2025-12-22,28.5927817500,28.4950286500,28.7198607800,28.4266014800,33966100,992189726.3000
2025-12-23,28.5048039600,28.4852533400,28.6709842300,28.2995224500,30235474,880879442.7500
2025-12-24,28.4461521000,28.6709842300,28.7882879500,28.3679496200,31494145,922046480.6700
2025-12-25,28.6807595400,28.9642435300,29.0033447700,28.6416583000,36113503,1066941016.2900
2025-12-26,28.9544682200,29.1499744200,29.3552559300,28.8958163600,40172140,1197977495.9300
2025-12-29,29.1499744200,28.9349176000,29.2184015900,28.8664904300,30591067,908336075.1200
2025-12-30,28.8469398100,29.1793003500,29.2672781400,28.7980632600,27017127,804085745.5200
2025-12-31,29.1793003500,29.1695250400,29.2477275200,28.9642435300,33021376,983772804.8200
2026-01-05,29.2086262800,29.3259300000,29.4432337200,29.1988509700,54303058,1629147314.1900
2026-01-06,29.3552559300,29.7071670900,29.7169424000,29.2477275200,50362262,1522876619.9600
2026-01-07,29.7755942600,29.3943571700,29.8244708100,29.3259300000,50324183,1518569594.5600
2026-01-08,29.3357053100,29.3357053100,29.5409868200,29.1988509700,40319400,1210748013.9200
2026-01-09,29.3063793800,29.5800880600,29.6191893000,29.2281769000,46610524,1404991697.0000
2026-01-12,29.8146955000,30.9290808400,31.1441376600,29.7951448800,117704345,3693297953.4000
2026-01-13,31.1343623500,30.1763819700,31.1636882800,30.0786288700,89939100,2803787613.0000
2026-01-14,30.3230116200,30.7237993300,31.2809920000,30.3230116200,108964251,3435757191.5600
2026-01-15,30.5478437500,30.5869449900,30.8313277400,30.3816634800,55622132,1739516760.4200
2026-01-16,30.7140240200,30.3034610000,30.7629005700,30.0590782500,65137451,2020580354.5500
2026-01-19,30.3034610000,30.3132363100,30.5576190600,30.1568313500,45917919,1424836545.7800
2026-01-20,30.3621128600,30.4403153400,30.5185178200,29.9026732900,55312870,1706945444.1900
2026-01-21,31.3103179300,31.8675106000,32.2487476900,31.0952611100,189209367,6133973287.5600
2026-01-22,31.9652637000,31.3689697900,32.0532414900,31.2907673100,85897882,2772982981.5300
2026-01-23,31.3689697900,31.2321154500,31.7013303300,31.2027895200,74342427,2385282978.1000
2026-01-26,31.3298685500,31.5840266100,31.7013303300,30.7629005700,98214737,3143057140.3500
2026-01-27,31.4764982000,31.1832389000,31.5351500600,31.0854858000,57429669,1838612957.9600
2026-01-28,31.2418907600,31.3103179300,31.5938019200,31.1148117300,60617298,1943330057.9700
2026-01-29,31.3103179300,31.4764982000,31.7306562600,31.1441376600,76072830,2447988225.9500
2026-01-30,31.2614413800,30.6260462300,31.4471722700,30.4794165800,71684201,2264810055.3800
2026-02-02,30.5967203000,30.8997549100,31.0952611100,30.5282931300,69919131,2206702949.7300
2026-02-03,30.8997549100,31.1441376600,31.1441376600,30.1470560400,65892547,2068478962.6300
2026-02-04,30.8997549100,31.2125648300,31.2516660700,30.5478437500,47790609,1512058963.7700
2026-02-05,30.8899796000,31.7697575000,31.9261624600,30.8508783600,92244938,2991347050.3500
2026-02-06,31.5742513000,31.9066118400,31.9750390100,31.5351500600,58649694,1909525722.8500
2026-02-09,32.0630168000,31.8088587400,32.1021180400,31.6231278500,50971898,1656336391.8400
2026-02-10,31.8186340500,32.1216686600,32.3367254800,31.6720044000,52396597,1720479925.2900
2026-02-11,32.0727921100,31.6720044000,32.1607699000,31.6426784700,41471351,1348595723.6500
2026-02-12,31.6524537800,31.7599821900,31.9261624600,31.6035772300,38172063,1241747087.6600
2026-02-13,31.6720044000,31.6524537800,31.9652637000,31.4764982000,31770425,1033018334.9800
2026-02-24,31.8479599800,31.6133525400,32.1509945900,31.5449253700,38146143,1240962278.6300
2026-02-25,31.5938019200,31.2125648300,31.7795328100,31.1343623500,53525933,1721294072.9700
2026-02-26,31.1539129700,30.8508783600,31.2712166900,30.4989672000,65740354,2068034156.1600
2026-02-27,30.6944734000,30.7335746400,30.7433499500,30.4403153400,39916641,1249090104.6400
2026-03-02,30.3132363100,30.4598659600,30.7042487100,30.1177301100,48418999,1508143165.4000
2026-03-03,30.4794165800,29.6289646100,30.5771696800,29.5703127500,74135596,2262977957.5100
2026-03-04,29.3552559300,29.5800880600,29.8635720500,29.2770534500,42789610,1294295424.8800
2026-03-05,29.9222239100,30.0688535600,30.1959325900,29.9124486000,36805558,1131908756.6400
2026-03-06,29.8049201900,30.3718881700,30.3914387900,29.7755942600,27243868,842767524.3100
2026-03-09,29.9222239100,30.4598659600,30.4891918900,29.7560436400,41295200,1273101780.0400
2026-03-10,30.5967203000,30.6162709200,30.6651474700,30.3523375500,31038825,969915238.6200
2026-03-11,30.6358215400,30.9388561500,30.9877327000,30.4794165800,38285918,1207713256.8600
2026-03-12,30.8215524300,31.2027895200,31.2125648300,30.7433499500,34586215,1095703456.8100
2026-03-13,30.9779573900,31.2223401400,31.3005426200,30.9095302200,36707395,1170137175.8000
2026-03-16,31.2027895200,31.0463845600,31.3200932400,30.9193055300,31416117,998942290.7800
2026-03-17,31.0952611100,30.9095302200,31.3298685500,30.8117771200,34872542,1109175277.6500
2026-03-18,30.8997549100,31.4471722700,31.4764982000,30.4794165800,49430816,1569298078.0200
2026-03-19,31.1832389000,30.5478437500,31.2809920000,30.4305400300,43323182,1363673587.9200
2026-03-20,30.5673943700,30.5967203000,30.9095302200,30.4696412700,31569796,991088740.7200
2026-03-23,29.9515498400,29.3357053100,30.3816634800,29.2770534500,47952087,1458279263.9700
2026-03-24,29.6973917800,29.5996386800,29.7951448800,28.8958163600,41866836,1256810298.7600
2026-03-25,29.5996386800,30.0884041800,30.1372807300,29.5312115100,31597727,968493464.6300
2026-03-26,30.0395276300,29.6876164700,30.3034610000,29.4921102700,28777667,881257877.4400
2026-03-27,29.3943571700,29.6680658500,29.9124486000,29.3552559300,19770966,601179615.4000
2026-03-30,29.3259300000,29.8440214300,29.8733473600,28.9349176000,34865263,1045696922.9900
2026-03-31,29.6680658500,29.7364930200,29.9906510800,29.5800880600,23340712,712089884.9500
2026-04-01,30.0590782500,30.0297523200,30.1470560400,29.8342461200,21174877,649690395.2500
2026-04-02,30.0297523200,29.7169424000,30.1666066600,29.5214362000,24219766,737731056.6700
2026-04-03,29.8049201900,29.5898633700,29.9613251500,29.5116608900,19636378,596933455.6800
2026-04-07,29.5898633700,29.5214362000,29.8146955000,29.2477275200,28159442,849410644.6700
2026-04-08,29.8635720500,30.1861572800,30.2839103800,29.7560436400,34576598,1062317913.5700
2026-04-09,29.8928979800,30.0688535600,30.1666066600,29.7658189500,23877304,731842429.1800
2026-04-10,30.1861572800,30.9975080100,31.3787451000,30.1372807300,62290076,1966517737.0100
2026-04-13,30.8020018100,31.9163871500,31.9261624600,30.7042487100,64249030,2068425798.4700
2026-04-14,32.0043649400,32.7277378800,33.1187502800,32.0043649400,124315176,4133900017.4700
2026-04-15,32.6984119500,32.4540292000,32.7472885000,32.1705452100,57562254,1911958868.2300
2026-04-16,32.5420069900,32.7863897400,32.8352662900,32.3073995500,47934877,1600607706.4100
2026-04-17,32.7375131900,32.3856020300,32.9916712500,32.0141402500,79890112,2654570773.1600
2026-04-20,34.0278541100,33.7345948100,34.4970689900,33.6270664000,133441112,4638404768.9400
2026-04-21,33.7248195000,32.9721206300,33.8714491500,32.9330193900,72940714,2473931322.6300
2026-04-22,32.8059403600,32.8743675300,33.1871774500,32.6593107100,48598202,1633804245.5200
2026-04-23,32.7472885000,32.7375131900,33.3631330300,32.6006588500,49683407,1674350427.2300
2026-04-24,32.9232440800,32.8450416000,33.2360540000,32.5517823000,40525869,1363939697.6600
2026-04-27,32.7961650500,33.2067280700,33.6172910900,32.7570638100,50032769,1701721545.0000
2026-04-28,33.2458293100,33.8714491500,34.3895405800,32.9232440800,76610657,2641005784.9300
2026-04-29,33.7248195000,34.0278541100,34.5068443000,33.5195379900,58598289,2036328451.3700
2026-04-30,33.9692022500,35.4745999900,36.0122420400,33.7932466700,117530949,4226180593.8100
2026-05-06,35.8558370800,35.2302172400,36.2566247900,34.9858344900,93010573,3381203623.0400
2026-05-07,35.1129135200,35.1520147600,35.6310049500,34.7610023600,63023100,2268752402.4500
2026-05-08,35.0738122800,34.7512270500,35.0738122800,34.4090912000,57655174,2043398379.1000
2026-05-11,34.9956098000,34.5654961600,36.0317926600,34.3797652700,94613453,3393069491.8000
2026-05-12,34.5654961600,33.7834713600,34.7121258100,33.7736960500,79001173,2755822924.4500
2026-05-13,33.7248195000,33.7150441900,33.9105503900,33.0307724900,72189171,2469167517.8900
2026-05-14,33.8127972900,32.6984119500,34.0669553500,32.6984119500,69196378,2350342093.4900
2026-05-15,32.8743675300,32.3758267200,33.3142564800,32.2780736200,61854638,2073595063.0900
2026-05-18,32.4051526500,32.2585230000,32.7179625700,32.0141402500,48705480,1610547459.3400
2026-05-19,32.1118933500,32.6299847800,32.6593107100,31.8186340500,52847553,1741210511.8800
2026-05-20,32.6000000000,32.5500000000,33.5000000000,32.4600000000,56430590,1851762349.1200
2026-05-21,32.8400000000,31.6300000000,33.1500000000,31.6000000000,62309800,2019419145.8400
2026-05-22,31.8000000000,31.8300000000,31.9400000000,31.2900000000,41830469,1322985375.3200
2026-05-25,32.0100000000,32.2700000000,32.4000000000,31.8400000000,47925768,1539667238.6400
2026-05-26,32.1500000000,32.0000000000,32.8400000000,31.4200000000,66343893,2119256196.5300
2026-05-27,31.9200000000,31.6500000000,32.5400000000,31.4600000000,58235093,1857668919.6000
2026-05-28,31.4100000000,30.7600000000,31.4500000000,30.2300000000,88997891,2739940344.1900
2026-05-29,31.0000000000,30.5600000000,31.2000000000,30.1500000000,75180864,2297985606.2800
2026-06-01,30.5600000000,30.0600000000,30.7600000000,30.0100000000,70762722,2145921550.7300
2026-06-02,30.1100000000,30.7500000000,30.9600000000,30.0000000000,74735614,2272434740.4800
2026-06-03,30.5500000000,30.7700000000,31.1500000000,30.2800000000,58557327,1800874251.3500
2026-06-04,30.6200000000,30.6300000000,30.9200000000,30.4500000000,41257438,1266647252.1500
2026-06-05,30.7700000000,31.2800000000,31.5300000000,30.5100000000,76152720,2379650205.4400
2026-06-08,30.7000000000,30.3000000000,31.1100000000,30.1000000000,68110663,2080449478.1700
2026-06-09,30.5700000000,30.4900000000,30.8300000000,30.2000000000,54269417,1652717386.7200
2026-06-10,30.2000000000,30.3800000000,30.5000000000,30.1100000000,44484236,1346163562.7200
2026-06-11,30.2000000000,29.9800000000,30.3000000000,29.7600000000,51330421,1536863034.3100
2026-06-12,30.2500000000,30.2400000000,30.6700000000,30.1200000000,66250098,2013463745.0900
2026-06-15,30.6000000000,30.7100000000,31.0000000000,30.3500000000,54637729,1675104137.3200
2026-06-16,30.7800000000,32.2000000000,32.5900000000,30.6000000000,105785466,3343731925.2200
2026-06-17,31.8500000000,32.3600000000,32.8700000000,31.7000000000,80575640,2607765210.6900
2026-06-18,32.0700000000,32.3000000000,32.7400000000,31.4500000000,82463307,2639932965.6600
2026-06-22,32.2000000000,32.8300000000,32.9000000000,31.4100000000,91641019,2943360218.7900
2026-06-23,32.5100000000,31.4100000000,32.9000000000,31.3600000000,68967537,2208908016.0100
2026-06-24,31.4000000000,34.0300000000,34.4900000000,31.0200000000,167170936,5542712458.4500
2026-06-25,33.9000000000,34.4400000000,35.5400000000,33.8400000000,147523146,5114177376.3600
2026-06-26,34.4200000000,33.3200000000,34.6700000000,33.2500000000,78493175,2649151670.8700
2026-06-29,33.5000000000,32.9900000000,34.2600000000,32.4700000000,101185376,3372300151.2300
2026-06-30,33.0000000000,34.2000000000,35.2600000000,32.9800000000,123372197,4238812248.9600
2026-07-01,34.8200000000,34.0300000000,36.1600000000,33.8200000000,144591110,5059760383.7000
2026-07-02,33.5600000000,33.6100000000,34.8300000000,33.1000000000,97404133,3301220004.4700
2026-07-03,33.8000000000,34.0000000000,34.6300000000,33.4500000000,93377649,3189522227.4200
2026-07-06,34.1400000000,33.8300000000,34.2800000000,32.8500000000,91868298,3075405802.9800
2026-07-07,33.5500000000,33.8600000000,34.8200000000,33.4200000000,87680107,2989542236.1700
2026-07-08,34.1400000000,34.3500000000,34.8900000000,34.0600000000,106195620,3665593586.8100
2026-07-09,33.9000000000,35.3900000000,35.4100000000,33.8500000000,109191661,3805472457.2300
2026-07-10,35.2000000000,34.4500000000,35.8600000000,34.4300000000,115613820,4054309986.8700
2026-07-13,34.2000000000,33.1900000000,34.2300000000,33.0500000000,93963383,3152929687.6200
2026-07-14,33.0700000000,33.5800000000,33.7200000000,32.8800000000,66192106,2204506718.5600
2026-07-15,33.3500000000,34.1000000000,34.4300000000,33.1900000000,65428045,2224517939.3900
2026-07-16,33.7700000000,34.1200000000,34.7600000000,33.6500000000,69697472,2389803558.7100
2026-07-17,34.1300000000,33.1500000000,34.5000000000,32.8200000000,96118110,3223351418.4400
2026-07-20,33.6800000000,34.2800000000,34.8200000000,33.5200000000,101232781,3467024691.4600
2026-07-21,34.5900000000,35.1100000000,35.2600000000,33.5000000000,130742284,4504066174.2800
2026-07-22,34.7200000000,35.6300000000,35.8800000000,34.1500000000,121862210,4281917085.1600
2026-07-23,35.5900000000,35.7700000000,36.0000000000,35.2000000000,90900852,3239218394.4000
2026-07-24,35.4000000000,35.4900000000,35.7800000000,34.7600000000,78148919,2760348475.2100
2026-07-27,36.9300000000,36.9900000000,38.0900000000,36.1700000000,289934387,10757769681.4700
2026-07-28,36.5600000000,36.1400000000,37.0000000000,36.1000000000,119471431,4356810887.1900
2026-07-29,36.4600000000,35.7400000000,36.5100000000,34.7800000000,126300501,4494796748.0900
2026-07-30,35.5900000000,35.6200000000,36.0900000000,35.1300000000,98817495,3517549178.6700
2026-07-31,36.1500000000,37.6500000000,38.0000000000,35.5600000000,171557416,6330183556.9800
