date,open,close,high,low,volume,amount
2020-01-02,55.0938252700,55.2531302400,55.9365999500,54.3178559000,20611589,2213454650.9500
2020-01-03,55.2531302400,56.2963208500,56.6252085300,54.4566053900,18084178,1956828808.7400
2020-01-06,57.1956231000,56.0599328300,58.8400615000,55.3970186000,26500200,2958351779.8700
2020-01-07,56.0188218700,55.7567395000,56.3425706800,55.1966026700,13507544,1461154189.4700
2020-01-08,56.0188218700,56.3220152000,57.2984005000,55.0372977000,19224068,2098374347.2900
2020-01-09,57.5553440000,59.0970050000,59.3539485000,56.5327088700,20164351,2287090666.4400
2020-01-10,58.6858954000,58.2285359700,58.6858954000,57.3909001600,14428007,1628569248.4500
2020-01-13,59.6108920000,60.0733903000,60.8853317600,58.6858954000,21597445,2516539925.0900
2020-01-14,61.4146353700,59.4567259000,62.0518552500,59.1895046600,21768473,2585867747.0900
2020-01-15,59.4567259000,59.2511711000,60.4228334600,57.6632602700,17758720,2031327383.2000
2020-01-16,59.6108920000,59.8164468000,59.8678355000,58.5060349500,12934158,1492301746.7600
2020-01-17,59.7958913200,59.1381159600,60.4125557200,58.5831180000,14662407,1694771901.3000
2020-01-20,59.0918661300,63.3108784000,64.2769859600,58.0178423000,24892200,2992287056.7900
2020-01-21,62.9562963700,62.5143535500,63.2081010000,61.9028280200,14267108,1734790906.5200
2020-01-22,62.5143535500,68.7683583400,68.7683583400,61.3478300600,34991561,4493837402.1600
2020-01-23,68.0900275000,67.0982255900,70.4025190000,64.2872637000,35986224,4755930193.2900
2020-02-03,65.0375387200,69.5597443200,73.7325067600,65.0067055000,52634602,7148822247.2700
2020-02-04,74.9093079900,76.5177743000,76.5177743000,71.9493188700,35913583,5283954889.5600
2020-02-05,81.2815067900,84.1695517300,84.1695517300,80.3205381000,53082382,8588999756.7300
2020-02-06,79.6576238700,87.3042624300,87.3042624300,78.6195721300,57918993,9265610935.7100
2020-02-07,85.3052420000,82.3246974000,87.0164857100,81.6823386500,45499480,7426674364.7400
2020-02-10,82.7358070000,84.9249656200,86.6310704600,82.2219200000,37540921,6161572536.5400
2020-02-11,85.9219064000,81.3997008000,86.3330160000,80.9885912000,33994559,5451183356.8500
2020-02-12,78.9073488500,82.0420595500,83.1674720800,78.1262406100,32586206,5174595055.6500
2020-02-13,80.1612331300,80.3410935800,81.9033100600,78.9792930300,31360960,4914616428.0000
2020-02-14,81.6566443000,77.0316613000,82.1705313000,76.4972188200,43961853,6739413554.7600
2020-02-17,76.5691630000,79.1899867000,80.2485939200,76.5074965600,34447133,5309578996.4400
2020-02-18,79.1899867000,80.4849819400,81.7080330000,78.5476279500,28230513,4400767113.9100
2020-02-19,84.7913550000,78.7274884000,84.8427437000,78.5681834300,41816783,6598898913.7800
2020-02-20,80.4233155000,82.2219200000,84.7913550000,78.6247110000,51844020,8254242623.0400
2020-02-21,81.0913686000,82.1705313000,83.5066375000,79.7655401400,33805137,5376640660.2400
2020-02-24,80.6802590000,79.3492916700,82.1448369500,78.3574897600,36523081,5670550935.3900
2020-02-25,76.9494393800,83.1726109500,85.0482985000,76.4869410800,51602630,8116792624.5500
2020-02-26,81.5538669000,78.5527668200,82.6587239500,77.4427709000,33827986,5273485008.9700
2020-02-27,79.7038737000,76.8158287600,80.5055374200,76.4663856000,33200245,5062343300.3300
2020-02-28,71.9390411300,69.7190492900,74.5136150000,69.6368273700,50844719,7090643685.9900
2020-03-02,71.3275156000,71.9390411300,72.9462596500,69.3490506500,31815002,4426474527.3100
2020-03-03,75.0275020000,74.9144468600,76.9237450300,73.9483393000,29691061,4366384638.6300
2020-03-04,73.9945891300,73.8455619000,74.9658355600,71.8311248600,20594614,2945905656.0900
2020-03-05,75.3050009800,74.6266701400,75.9679152100,72.9719540000,22463328,3254884224.3200
2020-03-06,72.9770928700,73.7530622400,75.6955551000,72.7150105000,15980869,2309879439.4500
2020-03-09,71.4251541300,68.5782201500,72.4066783000,68.3469710000,29425285,4022533011.7600
2020-03-10,68.6604420700,72.2165401100,72.8126490300,68.3521098700,29274470,4026499803.8300
2020-03-11,73.4858410000,72.3450118600,76.3533304600,71.3275156000,33923207,4857506589.4700
2020-03-12,69.9914094000,68.9636354000,70.2843249900,67.4836408400,33385759,4454589854.6000
2020-03-13,64.8011507000,67.8844727000,68.7580806000,64.7549008700,27455284,3557983786.6000
2020-03-16,65.7775360000,61.1833862200,66.2297565600,61.0960254300,49048485,5992811655.6800
2020-03-17,62.1803270000,60.6129716500,63.1721289100,57.1699287500,39220328,4571660103.9400
2020-03-18,61.1011643000,60.3046394500,63.4650445000,59.6108920000,31338376,3757216350.3200
2020-03-19,61.1525530000,59.1175604800,61.4094965000,57.3960390300,33156307,3803916536.7100
2020-03-20,60.6386660000,59.5389478200,61.5122739000,58.1822861400,22514220,2615607081.5300
2020-03-23,56.9386796000,55.2325747600,57.3343725900,53.9632738700,30761809,3324031004.2800
2020-03-24,56.8359022000,57.3343725900,58.0075645600,54.9859090000,29116996,3222263478.7700
2020-03-25,59.7136694000,62.1803270000,62.7867136600,59.6108920000,38592846,4603104636.2700
2020-03-26,61.1576918700,61.4763018100,62.8740744500,60.7928321000,19437090,2344662560.1400
2020-03-27,62.8021302700,61.0035257700,63.3776837100,60.3097783200,17499077,2101160340.2500
2020-03-30,59.6108920000,61.3118579700,61.9953276800,56.8872909000,26165539,3010412506.6300
2020-03-31,61.8051894900,61.8668559300,63.2749063100,60.5667218200,19485192,2350421157.9400
2020-04-01,63.2594897000,61.8719948000,64.5236517200,61.1936639600,29895088,3664714147.4600
2020-04-02,60.3817225000,63.5164332000,63.5164332000,59.9757517700,20958836,2523168230.1600
2020-04-03,64.0560145500,62.1803270000,64.2358750000,61.5636626000,18220415,2225897354.0200
2020-04-07,63.5164332000,64.0817089000,64.7960118300,63.2183787400,18372889,2284706364.5900
2020-04-08,63.6705993000,63.2081010000,64.4876796300,63.0025462000,11946973,1479285370.1800
2020-04-09,63.7117102600,61.7743562700,63.9686537600,61.5688014700,16052778,1944405072.9300
2020-04-10,62.2574100500,60.8750540200,63.2440730900,60.6026939100,14569554,1748457124.1100
2020-04-13,59.0456163000,58.9377000300,60.1196401300,58.1103419600,12458136,1432291941.7000
2020-04-14,60.6386660000,64.8319839200,64.8319839200,60.3817225000,38893873,4803638073.8300
2020-04-15,66.7025326000,65.7775360000,67.7765564300,65.3818430100,32564492,4226641423.3300
2020-04-16,65.9162854900,68.3212766500,68.7118307700,65.1711493400,21638110,2835377036.9800
2020-04-17,69.9297429600,70.3768246500,72.2422344600,69.4261337000,29252182,4024198915.3600
2020-04-20,70.0941868000,69.1229403700,70.2740472500,67.7714175600,18700233,2507578389.9100
2020-04-21,67.8279451300,67.0725312400,68.2750268200,65.2636490000,19391746,2519303194.6900
2020-04-22,65.4332317100,67.2421139500,67.9872501000,65.4178151000,14686885,1904011483.1100
2020-04-23,68.2955823000,66.7539213000,68.2955823000,66.0858682000,12537857,1635621701.8900
2020-04-24,66.8053100000,67.6737790300,69.8886320000,66.8053100000,16991648,2263542699.2100
2020-04-27,68.3572487400,68.8146081700,69.8886320000,67.8741949600,14365453,1933994988.8000
2020-04-28,70.4025190000,71.0705721000,71.9955687000,67.6378069400,22691656,3115997363.1300
2020-04-29,69.9554373100,71.2864046400,72.0418185300,69.8937708700,11954408,1659513004.4200
2020-04-30,73.9997280000,74.1950050600,76.3173583700,73.9997280000,23338521,3409837973.1300
2020-05-06,71.4302930000,74.9195857300,75.4386116000,71.3018212500,19146391,2769607852.4900
2020-05-07,75.1816681000,73.5886184000,75.6441664000,72.4580670000,16078680,2302059541.3300
2020-05-08,73.4858410000,74.0408389600,74.6266701400,72.4015394300,14133880,2024998124.8400
2020-05-11,74.1025054000,70.7211289400,75.0172242600,69.4055782200,28536431,3959234289.1500
2020-05-12,71.4611262200,71.4302930000,71.8825135600,69.7498825100,16027660,2208624438.5100
2020-05-13,70.5721017100,71.0500166200,71.7643195500,70.3408525600,12154242,1678255895.3600
2020-05-14,70.8393229500,69.6830772000,71.0448777500,69.6316885000,11433488,1560698259.4900
2020-05-15,71.9133467800,74.7602807600,75.8959710300,71.4097375200,32212118,4605864489.3800
2020-05-18,74.5136150000,72.8743154700,74.5136150000,71.7848750300,16088936,2287442333.5600
2020-05-19,73.5886184000,73.6194516200,74.9247246000,73.2391752400,10425183,1499320586.0400
2020-05-20,77.0830500000,76.7233291000,79.8580398000,76.5743018700,32969279,5027432242.2700
2020-05-21,78.0131854700,75.7777770200,78.9073488500,75.3255564600,15487607,2328717775.5000
2020-05-22,75.3461119400,73.3882024700,75.4694448200,72.4580670000,14817295,2127136883.1100
2020-05-25,73.3213971600,74.1538941000,74.2104216700,72.2268178500,10378205,1482241104.4300
2020-05-26,74.9093079900,77.0984666100,77.2937436700,74.6163924000,17486531,2596292602.2800
2020-05-27,77.0624945200,77.8538805000,79.6524850000,77.0316613000,18104917,2763780108.4700
2020-05-28,77.0779111300,75.9730540800,77.5455483000,73.7427845000,17424709,2553996974.3500
2020-05-29,75.5413890000,74.7859751100,75.9679152100,74.2566715000,14142791,2060033605.2400
2020-06-01,75.7829158900,77.5712426500,78.6401276100,75.2125013200,15176562,2284037537.3700
2020-06-02,79.1385980000,76.8055510200,79.5959574300,75.5311112600,13703028,2055312032.7900
2020-06-03,77.0830500000,76.3122195000,77.6586034400,75.9576374700,11363532,1693882301.3300
2020-06-04,77.0944202000,77.1973500000,79.3228503700,76.4768414000,13757396,2082248431.5700
2020-06-05,76.9657579500,77.8149288000,77.8921261500,75.7872117400,9862700,1475831340.8700
2020-06-08,79.1221372600,77.9178586000,79.5390029500,77.4340885400,10560379,1605995418.5900
2020-06-09,79.5132705000,79.2353600400,80.2698045300,78.7927619000,15069925,2325730459.8600
2020-06-10,82.2923751000,80.6352053200,82.2923751000,78.9986215000,19821016,3097487314.6000
2020-06-11,82.3438400000,84.3921430200,87.5315019200,81.3814463700,36817709,6056179350.3900
2020-06-12,82.4364768200,81.9835857000,83.6304625000,81.7674331200,25244551,4038133987.3900
2020-06-15,80.4036132700,81.1601473000,82.9922977400,80.0330659900,15945246,2526289032.8200
2020-06-16,82.8584890000,82.3438400000,84.0318887200,81.3196884900,13129741,2107390563.2200
2020-06-17,81.8497769600,81.2116122000,82.6011645000,80.2903904900,12529134,1973464261.5800
2020-06-18,81.2116122000,81.8034585500,82.1225409300,80.2852440000,9656214,1526258395.5400
2020-06-19,82.3335470200,85.3802691000,86.8727512000,81.9063883500,25019327,4137793351.6700
2020-06-22,85.3030717500,84.9170850000,88.1593737000,84.6597605000,19041226,3191062036.8700
2020-06-23,85.4317340000,86.9190696100,87.0425853700,84.1554044800,15947506,2662217150.9800
2020-06-24,87.7579474800,88.2623035000,89.3327734200,87.1300757000,14660407,2515400581.4200
2020-06-29,87.7476545000,88.0255649600,88.7769525000,86.9808274900,11604049,1980641413.0400
2020-06-30,89.0342770000,89.7341996400,92.3640560300,89.0342770000,16251433,2849476587.9900
2020-07-01,91.8648465000,87.1815406000,93.6146531000,86.3992741200,28657478,4991087872.7600
2020-07-02,88.5196280000,86.0493128000,88.6122648200,84.6649069900,27047963,4535545521.6200
2020-07-03,87.4903300000,86.2551724000,87.8711702600,85.9618224700,24026447,4054240060.7600
2020-07-06,86.5639618000,91.5045922000,92.6368200000,86.2500259100,30715268,5324573165.3400
2020-07-07,96.7540120000,100.6550514200,100.6550514200,96.4966875000,25360423,4915716571.7300
2020-07-08,101.8953555100,101.6792029300,102.3225141800,97.7730170200,28889036,5645451323.9300
2020-07-09,101.3858530000,105.5133379800,106.4139737300,100.8712040000,27903552,5622121400.9700
2020-07-10,104.4634540200,104.9369311000,106.6146868400,103.2385894000,16829333,3436550911.7000
2020-07-13,108.8997284000,115.3379873900,115.4306242100,108.8997284000,30326879,6609862260.4200
2020-07-14,110.1348860000,111.1384515500,113.5830343000,107.4895901400,33329626,7129824248.0000
2020-07-15,112.7081310000,106.5477824700,113.5161299300,104.0157093900,27435061,5785551114.4000
2020-07-16,107.0469920000,101.2674837300,109.5584791200,101.0770636000,27254968,5596500616.3500
2020-07-17,101.3909994900,100.7168093000,103.5370858200,96.7951839200,30378591,5903627257.0500
2020-07-20,105.0347144100,105.6574397000,108.6475503900,102.4614694100,28999908,5919664189.9600
2020-07-21,108.0711435100,106.5323430000,108.0711435100,104.4737470000,18656592,3855792321.1000
2020-07-22,105.5030450000,106.9903806100,108.6887223100,104.4891864700,19165779,3992449598.5900
2020-07-23,106.5323430000,109.8775615000,110.9120059900,106.0176940000,25589954,5395410864.9500
2020-07-24,107.5616410000,102.2504633200,108.0248251000,100.7940066500,34398314,6943402672.1800
2020-07-27,101.9005020000,98.4523537000,103.4341560200,97.7781635100,25155581,4870628815.6000
2020-07-28,100.8969364500,101.6534704800,103.1871245000,100.6190259900,20148990,3988264848.1400
2020-07-29,101.6534704800,105.0810328200,105.5030450000,100.4955102300,18998583,3844683433.8500
2020-07-30,105.5030450000,105.6831721500,106.5220500200,104.1649576000,14353072,2944644012.9000
2020-07-31,106.0176940000,109.1930783300,110.8039297000,105.7603695000,20704980,4378422256.0400
2020-08-03,110.0731281200,110.9583244000,111.0612542000,108.1020224500,15106133,3216865097.6400
2020-08-04,110.2892807000,108.4313978100,114.7564340200,108.2409776800,19958062,4309494880.3600
2020-08-05,108.4571302600,108.2564171500,109.5173072000,106.3007509500,12730060,2664523682.8500
2020-08-06,111.6170751200,108.8482635000,112.1317241200,107.0469920000,14565688,3082282259.6000
2020-08-07,107.5616410000,105.1376442100,110.2892807000,104.0157093900,18055246,3733669851.5100
2020-08-10,105.0913258000,103.2797613200,105.6574397000,101.9416739200,13078744,2629646475.4100
2020-08-11,103.3157867500,102.1166545800,105.2971854000,101.9674063700,12233213,2468198212.5900
2020-08-12,102.8783351000,100.7322487700,103.0636087400,96.8569418000,25272741,4855191798.7600
2020-08-13,103.3415192000,100.8660575100,103.9488050200,100.0837910300,13061210,2581164116.9100
2020-08-14,101.7461073000,103.1202201300,103.1613920500,100.8660575100,11970002,2373752130.6900
2020-08-17,102.9298000000,101.1902863800,103.1202201300,99.9448358000,19707410,3866925434.6400
2020-08-18,102.7239404000,102.5592527200,105.5030450000,100.8094461200,22122398,4415130040.5500
2020-08-19,101.7975722000,97.8810933100,101.7975722000,97.7833100000,18714680,3610137183.1700
2020-08-20,96.2393630000,96.9701645800,98.2979590000,95.2100650000,13020138,2444311254.4900
2020-08-21,98.4832326400,98.9309772700,99.8110270600,97.7833100000,14655272,2815939720.4000
2020-08-24,99.9448358000,103.9642444900,107.0469920000,98.9361237600,25806984,5156579057.6300
2020-08-25,103.9642444900,102.8886280800,106.0176940000,102.3945650400,14549072,2935647680.1800
2020-08-26,102.4202974900,100.0477656000,102.9195070200,99.2963780600,15240258,2985718224.0800
2020-08-27,104.2164225000,105.4773125500,107.3043165000,102.4151510000,28397772,5799779573.0600
2020-08-28,106.1823816800,107.2013867000,107.8189655000,104.8237083200,16967122,3510925235.0700
2020-08-31,107.9013093400,106.1978211500,108.4674232400,105.5081914900,13514481,2797718777.3300
2020-09-01,106.2750185000,110.2635482500,110.6495350000,105.5081914900,19716189,4175644975.0000
2020-09-02,109.8055106400,108.7504801900,110.2017903700,107.0469920000,14608611,3084140607.8600
2020-09-03,108.0762900000,108.0248251000,108.5909390000,105.9610826100,12452889,2600401902.4800
2020-09-04,104.0723207800,105.1222047400,105.8427133400,103.2282964200,14773663,2993649066.2800
2020-09-07,104.4222821000,95.9305736000,105.4258476500,92.6368200000,44789699,8540774209.6800
2020-09-08,95.2100650000,96.1878981000,96.7540120000,92.3846419900,22073272,4063178479.3900
2020-09-09,92.1221710000,94.8601036800,96.4966875000,91.6023755100,18934368,3444737254.9000
2020-09-10,95.2100650000,95.1894790400,97.5259855000,94.9527405000,14826421,2775741169.2100
2020-09-11,95.7247140000,96.3937577000,97.4230557000,94.3608941500,11765001,2188559588.6500
2020-09-14,98.0406345000,99.2140342200,100.3462620200,97.7833100000,14289637,2755344741.2300
2020-09-15,100.6138795000,100.2021603000,101.3858530000,99.2346201800,11703665,2283119874.7800
2020-09-16,101.2777767100,98.9464167400,101.3343881000,98.0406345000,11837864,2289962853.4000
2020-09-17,98.9361237600,102.1063616000,103.9333655500,98.2979590000,18130771,3567477518.3200
2020-09-18,102.3688325900,101.9159414700,102.9298000000,100.4749242700,10548691,2089777817.1000
2020-09-21,103.9076331000,101.8644765700,107.0469920000,101.3138021400,16068319,3253235561.8200
2020-09-22,102.9298000000,103.1871245000,105.0913258000,101.8644765700,12339378,2486477010.9700
2020-09-23,102.7239404000,101.3858530000,102.8371631800,98.3494239000,15719429,3068479262.2400
2020-09-24,99.6617788500,98.2053221800,100.7682742000,97.8399213900,10668028,2053506543.5500
2020-09-25,99.6360464000,98.5552835000,100.2021603000,98.0869529100,6801208,1308079227.2800
2020-09-28,99.5588490500,99.2809385900,101.3601205500,98.7148246900,8233195,1600223953.9900
2020-09-29,100.6087330100,105.4978985100,106.1463562500,100.5778540700,20243551,4072131575.3100
2020-09-30,105.6574397000,107.6645708000,108.5960854900,104.8854662000,15990837,3336273480.5300
2020-10-09,113.2176335100,115.7291206300,117.7928631200,113.1044107300,23959241,5376329911.3200
2020-10-12,117.3399720000,120.8292922200,120.9425150000,116.9797177000,18938222,4398493906.5200
2020-10-13,120.8807571200,121.2873298300,122.7849584200,117.8546210000,10746666,2516817784.3200
2020-10-14,121.9718130000,122.1262077000,125.5743560000,120.8395852000,13770183,3291861335.6600
2020-10-15,124.0870203900,122.7952514000,125.6258209000,121.9718130000,9953526,2390083998.4200
2020-10-16,123.2584355000,117.3914369000,123.5157600000,115.4409171900,20304062,4680601973.5300
2020-10-19,119.0537531700,118.0656270900,121.5086289000,117.3399720000,13002499,3013473695.5100
2020-10-20,118.6934988700,124.3391984000,124.3391984000,117.8237420600,13596634,3215157955.2100
2020-10-21,123.5466389400,119.5684021700,123.8399888700,117.1752843200,16167925,3765707374.2300
2020-10-22,118.4721998000,119.3368101200,120.3249362000,116.8253230000,9055157,2083319770.7800
2020-10-23,119.6610389900,115.7960250000,122.8775952400,115.5129680500,11593811,2675565182.5000
2020-10-26,116.2952345300,119.9904143500,120.2374458700,112.8779651700,10802773,2483444489.1300
2020-10-27,120.9425150000,122.0798892900,122.8467163000,119.3985680000,9101539,2142729170.5900
2020-10-28,117.1598448500,123.6495687400,126.3308900300,116.6503423400,22415826,5333295829.7800
2020-10-29,121.9821059800,123.5157600000,125.5846489800,119.5632556800,17435230,4141992876.8300
2020-10-30,124.0407019800,127.2057933300,132.0589334000,122.6408567000,22958747,5697363353.3200
2020-11-02,127.1183030000,133.8807908600,136.6393095000,125.8368269900,18946131,4851443507.7800
2020-11-03,133.8087400000,131.7604369800,133.8087400000,127.2109398200,18456665,4678655503.4300
2020-11-04,131.2354950000,131.5185519500,133.8087400000,128.6622500000,11061672,2823450164.9200
2020-11-05,134.3233890000,138.1832565000,138.1832565000,134.3028030400,15795924,4183384889.7800
2020-11-06,139.6654456200,135.6100115000,141.6468442700,133.8087400000,15658385,4181642685.9600
2020-11-09,137.9259320000,137.1179330700,140.4477121000,134.3748539000,13228570,3519918484.6300
2020-11-10,136.5466726800,136.8554620800,139.9227701200,131.5185519500,14417544,3798315741.0000
2020-11-11,135.9239473900,129.0945551600,137.6583145200,129.0945551600,15758398,4067832842.2000
2020-11-12,133.8087400000,130.8495082500,133.8087400000,129.9900444200,9716864,2484194228.5100
2020-11-13,132.8411998800,130.3142732900,134.2050197300,130.2061970000,11377678,2916695926.7200
2020-11-16,130.6642346100,131.1840301000,132.6250473000,127.3396020700,12312065,3117461904.9100
2020-11-17,132.4191877000,129.0122113200,133.8087400000,126.8609785000,13674853,3446644846.0600
2020-11-18,128.7240078800,123.7730845000,129.7224269400,121.8791761800,19283321,4666571941.1800
2020-11-19,124.0355554900,124.5965229000,125.3427639500,122.0284243900,9758010,2347767353.9600
2020-11-20,125.8265340100,129.7327199200,130.5149864000,125.8213875200,12303462,3074188105.8100
2020-11-23,129.7327199200,130.2061970000,133.6543453000,128.7137149000,12091293,3074248590.1100
2020-11-24,132.7794420000,131.0811003000,133.3455559000,128.6673964900,9791966,2493964413.5700
2020-11-25,132.0589334000,126.7168767800,132.2030351200,125.7802156000,11709894,2919290534.9200
2020-11-26,126.9124434000,126.2639856600,126.9124434000,123.1040408000,8629485,2093179753.5400
2020-11-27,126.3051575800,124.5450580000,128.0292317300,122.4864620000,8433221,2042276835.5300
2020-11-30,125.5743560000,124.9567772000,125.5743560000,120.4381589800,12666236,3027343940.0400
2020-12-01,122.8981812000,126.6911443300,126.9381758500,122.4864620000,9491971,2313881357.9600
2020-12-02,126.6036540000,125.4148148100,126.6036540000,121.7659534000,11965310,2878299332.5800
2020-12-03,125.4148148100,126.5985075100,127.1028635300,122.6768821300,10688561,2599398532.0400
2020-12-04,126.1198839400,128.5181482800,129.3312937000,125.7544831500,9233784,2301628558.3100
2020-12-07,129.1254341000,134.5601275400,136.2944946700,129.1254341000,17112954,4455396830.0100
2020-12-08,136.6393095000,136.9120734700,138.8986186100,136.1246605000,11636158,3104188969.8700
2020-12-09,138.3016257700,136.8966340000,140.2933174000,134.8792099200,15363649,4118082968.0100
2020-12-10,135.4298843500,136.2893481800,137.6686075000,133.2940910000,9985664,2632528799.1000
2020-12-11,135.5122281900,137.1848374400,137.6789004800,134.6836433000,12893673,3422455576.5200
2020-12-14,137.1899839300,136.8966340000,138.3016257700,134.8895029000,10724116,2853628548.5500
2020-12-15,137.9259320000,143.3297465000,143.7774911300,136.0989280500,17781261,4843902027.0000
2020-12-16,144.2046498000,147.2204929400,147.3440087000,142.5577730000,14288803,4031211462.8300
2020-12-17,146.2632458000,146.5771816900,148.1159822000,145.1361644900,8812326,2508931372.6300
2020-12-18,146.9322895000,149.2430635100,150.7664245500,145.7588897800,9512618,2747669766.8500
2020-12-21,152.7220907500,167.2609250000,167.2609250000,150.9465517000,19810397,6099782514.5300
2020-12-22,164.6825335100,161.4145123600,170.0040041700,160.4160933000,16874400,5377597576.0300
2020-12-23,161.4299518300,163.6583820000,169.4739157000,158.0898798200,17390320,5538718908.3800
2020-12-24,163.1437330000,160.0558390000,163.9980503400,158.7692165000,9478596,2959419425.0700
2020-12-25,159.0265410000,160.9770607100,162.2173648000,157.4877404900,9539934,2967552613.6000
2020-12-28,162.2173648000,163.0305102200,164.6876800000,160.0558390000,11973062,3782275235.6800
2020-12-29,163.0356567100,158.5118920000,164.0701012000,156.1342136200,12174791,3759197905.4800
2020-12-30,164.6876800000,174.9806600000,179.0669730600,164.6876800000,22881682,7648664797.9700
2020-12-31,177.5436120200,180.6984103900,182.1342811000,175.8607097900,15200521,5283669711.7900
2021-01-04,184.2958069000,207.9696609000,211.5773503900,184.2958069000,22480807,8687099006.9800
2021-01-05,203.2863550000,206.8888980000,207.8152662000,198.6596604900,22745201,9014539649.1900
2021-01-06,209.9767920000,209.3437737300,214.0939840000,201.2329054900,18668114,7476239865.7800
2021-01-07,206.3691025100,212.6684062700,213.5793350000,204.2538951200,17389487,7064219721.5400
2021-01-08,215.6379310000,208.1755205000,218.7206785100,204.5215126000,21006685,8534719468.5200
2021-01-11,210.9443321200,200.7131100000,210.9443321200,198.6545140000,23005038,9098694885.5800
2021-01-12,198.3971895000,206.4617393300,208.1240556000,195.5666200000,16559671,6519876504.7500
2021-01-13,205.8596000000,198.1398650000,211.2634145000,191.9537840200,27261967,10634079156.7400
2021-01-14,193.0963048000,189.9106274900,197.6252160000,189.4011249800,19606569,7315308913.4600
2021-01-15,189.3856855100,195.8496769500,197.6149230200,187.8468850000,19822928,7439894398.9700
2021-01-18,193.8888642600,197.5737511000,201.6394782000,193.3896547300,14201178,5471186934.2800
2021-01-19,197.6252160000,188.4181453900,198.6545140000,187.6152929500,16286661,6085692761.1100
2021-01-20,192.3757962000,201.4336186000,202.4526236200,190.8884605900,21341613,8254525726.9700
2021-01-21,199.1691630000,201.3821537000,205.3449510000,195.5666200000,17479166,6831720356.6200
2021-01-22,201.4850835000,209.9767920000,211.1501917200,201.4850835000,19044156,7637563994.4400
2021-01-25,209.1018887000,204.2899205500,215.2982626600,201.9173886600,21741425,8762929073.7400
2021-01-26,204.2178696900,198.3971895000,204.2178696900,197.5017002400,15104374,5853513769.9500
2021-01-27,201.7424080000,200.9807274800,202.3599868000,191.4494280000,14838511,5705898439.0400
2021-01-28,195.5666200000,190.3686651000,197.1157134900,189.3908320000,18182027,6792412556.1800
2021-01-29,193.5131704900,182.2423573900,194.0226730000,176.2981614400,27601326,9896345998.5500
2021-02-01,181.6710970000,180.2969841700,183.6782281000,178.1714838000,17525081,6170654212.2100
2021-02-02,181.1615944900,189.2879022000,190.4149835100,173.6271331300,25086475,8919403723.1800
2021-02-03,195.0519710000,196.0709760200,199.4573664400,193.0191074500,21107294,8082621707.6500
2021-02-04,198.0935465900,199.9411365000,202.6687762000,195.3092955000,21630174,8354708667.4700
2021-02-05,203.2863550000,192.1956690500,204.3105065100,191.8868796500,18411695,7036248026.1800
2021-02-08,192.9933750000,207.9181960000,208.3299152000,191.9692234900,24402658,9586610901.7700
2021-02-09,211.6236688000,211.1090198000,213.5793350000,206.2713192000,16203746,6632109518.7300
2021-02-10,213.0595395100,212.3750563400,214.4027734000,208.9474940000,16282957,6704613974.9100
2021-02-18,217.1818780000,204.3156530000,217.1818780000,199.1074051200,23824929,9491493857.2600
2021-02-19,200.7131100000,199.4264875000,203.8010040000,192.5816558000,18690354,7159858378.6100
2021-02-22,199.4264875000,192.9933750000,203.6980742000,192.9419101000,16720351,6411239336.7100
2021-02-23,190.4201300000,193.7859344600,193.7859344600,185.7265311200,13604746,5027757786.2700
2021-02-24,192.9933750000,178.5832030000,194.5373220000,174.6718706000,30272084,10682015850.8300
2021-02-25,182.1085486500,173.4881779000,182.1085486500,172.4074150000,24575702,8445690070.1600
2021-02-26,166.2316270000,165.8353472700,171.3781170000,163.5503057100,22950635,7449904802.0300
2021-03-01,170.6112899900,177.3480454000,177.8729873800,168.9489737200,20539402,6964880536.0700
2021-03-02,181.6710970000,179.9212904000,181.7740268000,175.5261879400,15281131,5308970364.6100
2021-03-03,178.0942864500,179.9367298700,179.9367298700,175.1659336400,10464433,3617077585.6400
2021-03-04,177.5539050000,167.5542749300,177.5539050000,166.1853085900,18103403,5984259540.0300
2021-03-05,161.0902834900,164.6876800000,168.2284651200,158.6817261700,17307341,5511104280.1900
2021-03-08,166.2316270000,156.9679450000,172.2633132800,154.8475911200,21295514,6751702325.5900
2021-03-09,154.3947000000,154.3947000000,159.7985145000,148.7335610000,27357719,8235734794.8900
2021-03-10,162.6290840000,161.8571105000,165.8610797200,161.0851370000,23763768,7542999117.7600
2021-03-11,162.6290840000,170.4929207200,171.6251485200,160.2102337000,20964281,6829108561.8200
2021-03-12,173.3903945900,175.7320475400,177.5539050000,170.5032137000,18952041,6424536234.8900
2021-03-15,174.9806600000,160.7248827000,174.9806600000,157.9972430000,23040352,7361113706.9000
2021-03-16,163.1437330000,166.2316270000,167.2557785100,161.3424615000,13712397,4384184142.3200
2021-03-17,163.5966241200,171.3781170000,173.0249938000,161.1366019000,14672578,4829807794.6400
2021-03-18,171.8927660000,172.8191342000,176.5812183900,171.6405879900,11366956,3840901084.2800
2021-03-19,167.2609250000,162.8864085000,171.3729705100,160.0558390000,18971590,6051504889.6100
2021-03-22,164.1730310000,158.4089622000,165.2023290000,153.8234396100,23171883,7137600231.1200
2021-03-23,156.9679450000,156.4069775900,159.8705653600,154.4564578800,15116923,4603584945.6400
2021-03-24,156.9679450000,148.6254847100,157.0194099000,146.6749650000,25208186,7334176816.4100
2021-03-25,144.3641909900,150.0459159500,150.9722841500,144.1274524500,18439889,5281518749.0800
2021-03-26,151.8214550000,161.4042193800,161.6255184500,150.7921570000,23710285,7292443310.7400
2021-03-29,161.3424615000,160.3646284000,164.5693107300,156.9730914900,15563243,4871068353.9500
2021-03-30,160.3697748900,164.1627380200,165.1920360200,158.5118920000,12640386,4003150838.6300
2021-03-31,164.1164196100,165.8044683300,167.8579178400,161.0851370000,16054553,5133802498.7500
2021-04-01,166.6433462000,169.8290235100,172.6595930100,166.3860217000,11333813,3741712771.4800
2021-04-02,171.3523845500,171.0693276000,173.0147008200,168.2284651200,9262891,3074575828.1700
2021-04-06,172.4074150000,167.6726442000,173.9513620000,164.2193494100,10463817,3421873640.8000
2021-04-07,171.3317985900,164.6876800000,171.3317985900,160.6476853500,13393147,4245479570.2300
2021-04-08,161.5997860000,164.6104826500,165.5419973400,160.0558390000,7870973,2507089321.0000
2021-04-09,166.7514224900,160.5704880000,166.7514224900,159.5411900000,9323686,2918718120.0000
2021-04-12,163.7921907400,162.1195814900,167.2815109600,161.1366019000,14059546,4483570206.7700
2021-04-13,161.2395317000,167.1374092400,171.3781170000,161.1366019000,14021091,4558191605.5100
2021-04-14,170.4826277400,178.0685540000,178.8353810100,169.1548333200,18504345,6295708676.4000
2021-04-15,174.9600740400,173.4367130000,175.7526335000,171.4656073300,12474137,4202803202.7600
2021-04-16,174.9806600000,171.8104221600,175.1865196000,167.0550654000,11536269,3834287110.7600
2021-04-19,172.4074150000,187.3322360000,187.5895605000,170.5289461500,20547682,7250923622.2400
2021-04-20,184.2340490200,184.7589910000,189.7974047100,181.9284215000,14283434,5154523734.9200
2021-04-21,180.7241428400,183.0555028100,184.1928771000,178.9949222000,12399643,4373022068.6400
2021-04-22,188.3615340000,186.4882116400,188.6703234000,181.9953258700,10791346,3907120259.5100
2021-04-23,186.4882116400,191.1921035000,191.9640770000,185.2787864900,11536538,4255126795.1900
2021-04-26,192.2728664000,179.6125010000,195.5666200000,178.6861328000,25623665,9238754935.9700
2021-04-27,180.1271500000,179.4066414000,180.5388692000,175.1144687400,15180979,5243699574.4400
2021-04-28,181.6762434900,188.8916224700,192.9933750000,181.1564480000,23632614,8597828977.9300
2021-04-29,190.8369956900,195.5614735100,196.5444531000,189.3239276300,18086320,6806129765.7700
2021-04-30,191.9640770000,199.7713023300,201.7424080000,189.3496600800,25865106,9896566189.3800
2021-05-06,200.7131100000,197.6252160000,200.7131100000,189.6481565000,18968026,7198512557.3000
2021-05-07,197.6252160000,189.0202847200,199.4522199500,188.4284383700,15138529,5685506805.9000
2021-05-10,187.7439552000,189.4989082900,192.4735795100,185.2736400000,12455280,4573789550.4100
2021-05-11,186.3029380000,188.6703234000,190.3686651000,181.6710970000,11412084,4142445890.2700
2021-05-12,188.8761830000,186.0456135000,189.9415064300,183.0040379100,13360160,4812795101.1800
2021-05-13,182.3401407000,180.6932639000,184.6457682200,179.9727553000,11347605,4017576452.1100
2021-05-14,181.9387144800,184.7589910000,185.5309645000,176.6120973300,17657660,6228877398.1000
2021-05-17,185.2736400000,192.0567138200,193.4462661200,185.2684935100,19330918,7172265166.2100
2021-05-18,191.4494280000,189.9569459000,195.1549008000,188.5982725400,8962010,3323751525.1800
2021-05-19,188.6188585000,193.0191074500,195.5666200000,186.8175870000,11746435,4407782455.5000
2021-05-20,194.4343922000,194.4035132600,197.5686046100,190.4715949000,12843969,4839062724.4700
2021-05-21,196.9921977300,193.2867249300,199.3132647200,189.8900415300,14056597,5316782152.9000
2021-05-24,195.5666200000,199.6632260400,199.9668689500,193.6006608200,16961148,6535959080.0200
2021-05-25,200.4249065600,203.5591189700,203.8010040000,198.5001193000,14957705,5881748189.7300
2021-05-26,203.2863550000,198.3560175800,205.8493070200,197.9648843400,12698850,4932244991.4700
2021-05-27,199.4316339900,197.6252160000,200.7131100000,196.5187206500,7959838,3073473014.8300
2021-05-28,200.7131100000,210.8002304000,216.9245535000,200.7131100000,27715051,11346592533.3400
2021-05-31,214.0939840000,223.4091309000,224.1656649300,213.0646860000,20006312,8540083588.8100
2021-06-01,216.1525800000,218.9008056600,221.8137190000,214.3616014800,15875357,6727933260.3700
2021-06-02,220.8358859000,218.4685005000,223.1981248100,215.7768862300,11571216,4933369539.6600
2021-06-03,219.2404740000,213.4661122200,220.4138737200,211.0060900000,12375991,5164432660.2300
2021-06-04,215.6379310000,222.4364442900,226.1882355000,213.6616788400,18010150,7765736027.4500
2021-06-07,218.1339786500,209.7194675000,218.2060295100,205.8596000000,21529447,8812647425.8500
2021-06-08,207.9181960000,210.7950839100,218.6486276500,207.9181960000,16631690,6887633928.4500
2021-06-09,210.4914410000,210.6818611300,214.0939840000,207.4035470000,9358239,3829137540.8800
2021-06-10,211.0524084100,223.6818948700,228.8438243400,211.0524084100,19350231,8400201736.8400
2021-06-11,227.9895070000,232.6110550200,235.6268981600,221.3299489400,19796063,8816469190.8200
2021-06-15,233.1359970000,229.0188050000,234.6284791000,224.1296395000,10252153,4562143371.3500
2021-06-16,226.9138905900,216.2452168200,228.4012262000,214.6137794900,13969365,5989483516.4500
2021-06-17,218.3398382500,223.6201369900,225.2824532600,218.3398382500,10272398,4433456914.8200
2021-06-18,224.9993963100,231.5920500000,234.2682248000,224.9993963100,15600042,7001105223.4600
2021-06-21,232.5184182000,233.0330672000,234.6284791000,226.5587827800,12082314,5452180813.1000
2021-06-22,231.6846868200,231.7104192700,233.6454995100,226.5587827800,8847005,3966367403.9600
2021-06-23,233.6918179200,241.0873240500,242.9194744900,232.3640235000,12445699,5774145630.9500
2021-06-24,243.4958813700,240.4954777000,244.3965171200,237.7729844900,9213246,4302188924.1100
2021-06-25,243.4289770000,245.0912932700,245.4875730000,236.2238910000,9955534,4686222357.5300
2021-06-28,245.0861467800,254.1851411000,258.8581540200,241.0152731900,14643927,7224070341.9500
2021-06-29,264.3494588500,261.7041629900,267.4116204000,259.4963187800,15340180,7834685995.7700
2021-06-30,261.9614874900,275.2342852000,278.9397580000,256.2952020000,14455682,7574604647.6100
2021-07-01,276.2635832000,272.5066455000,277.9104600000,266.5933284900,11324700,5996925819.8400
2021-07-02,269.7429803700,267.4064739100,275.4195588400,262.2960093400,13871718,7242849769.0000
2021-07-05,265.1668050000,267.3653724900,272.2104591600,261.5986380900,14351499,7406241681.9100
2021-07-06,267.7412400000,265.2852290100,278.5384203900,258.4269341700,18055540,9395935106.7100
2021-07-07,267.7412400000,279.3261975000,279.3261975000,261.1146443100,18145691,9654261557.2600
2021-07-08,283.6975881300,287.9042149200,294.2579205000,279.3982816800,15879012,8888330054.7200
2021-07-09,287.8166841300,281.0665155600,287.8166841300,275.2328458500,15660730,8521226651.9400
2021-07-12,286.3338095700,291.3179157300,297.0897990000,286.3338095700,15476312,8772503853.0600
2021-07-13,288.3367200000,289.8865298700,298.4285052000,284.2176240000,13637065,7678988306.0800
2021-07-14,285.7622850000,283.8932451900,289.3047075600,278.5538670000,12587871,6965504600.6800
2021-07-15,280.6134150000,292.4558160000,292.9089165600,278.5796113500,13733347,7628510590.3900
2021-07-16,291.9409290000,273.4049970000,291.9409290000,271.9272713100,17849493,9719489197.6200
2021-07-19,278.0389800000,269.5433445000,278.9039901600,265.6816920000,18012945,9474773727.2200
2021-07-20,265.1668050000,271.8809314800,277.6631124900,265.1668050000,13000547,6869197468.7200
2021-07-21,272.9004077400,286.1638968600,286.3183629600,270.8357108700,18204911,9878628606.9100
2021-07-22,286.5861042000,286.8332499600,290.2366530300,280.9686870300,10883599,6027459316.6000
2021-07-23,285.7622850000,281.6483378700,290.3911191300,281.1283020000,9332873,5157401634.6400
2021-07-26,280.0985280000,277.9257048600,284.6964689100,269.0284575000,12728980,6852321740.9500
2021-07-27,279.5939387400,254.8690650000,287.9196615300,254.8690650000,17846033,9419312665.1500
2021-07-28,255.3839520000,270.3414193500,274.5892371000,255.3839520000,21724743,11221667797.3400
2021-07-29,281.1283020000,286.6890816000,287.1730753800,272.3752230000,18620249,10167714631.3200
2021-07-30,290.9111550000,283.3938048000,299.7672114000,278.0389800000,20181013,11332846398.7700
2021-08-02,286.7920590000,284.2176240000,296.0548761300,274.3729845600,18297279,10131832068.1300
2021-08-03,285.7622850000,273.4049970000,286.2771720000,269.2859010000,12238308,6535093739.8100
2021-08-04,274.9496580000,292.9707030000,293.9953281300,270.3156750000,17400431,9647161978.2700
2021-08-05,291.4260420000,286.7920590000,291.4260420000,281.4011921100,12979233,7197921132.8200
2021-08-06,290.8030287300,280.0367415600,291.9409290000,277.5240930000,14371245,7918384463.8200
2021-08-09,273.9198840000,265.6816920000,274.1773275000,258.9830121300,18583111,9534234240.4300
2021-08-10,263.1124058700,262.8498135000,267.3241815300,256.9286130000,18016853,9152881562.6200
2021-08-11,262.5923700000,266.3253007500,269.2859010000,259.9561485600,11236434,5790098627.4900
2021-08-12,263.6272928700,258.4732740000,264.1318821300,254.3541780000,17116184,8599262131.0100
2021-08-13,247.1457600000,258.4990183500,272.8386213000,247.1457600000,27725763,14085448989.0500
2021-08-16,254.3541780000,245.6010990000,259.4464104300,241.9351035600,22043980,10620462840.2500
2021-08-17,249.7201950000,247.1457600000,254.7660876000,245.7246718800,15610638,7586087133.6800
2021-08-18,250.5131209800,254.8690650000,258.9366723000,245.8122026700,15957481,7861906061.1700
2021-08-19,258.4732740000,258.9881610000,262.4533505100,249.2053080000,14453518,7215253955.3700
2021-08-20,256.9286130000,254.4108155700,257.0315904000,248.4329775000,12527606,6160678537.9000
2021-08-23,260.0179350000,268.7195253000,269.3991761400,258.4784228700,16224431,8359923041.0600
2021-08-24,265.8876468000,269.2859010000,278.0904687000,265.2285914400,13313712,7011227150.0000
2021-08-25,269.8007880000,273.0136828800,274.0228614000,263.2102344000,9530347,4963866861.0900
2021-08-26,278.0286822600,268.2561270000,287.7909397800,268.1994894300,16798255,8951110526.8500
2021-08-27,267.7412400000,261.3051525000,269.8007880000,258.4732740000,11958157,6098898952.5700
2021-08-30,261.2794081500,260.1415078800,270.7275846000,256.8565288200,15714333,8036791726.7300
2021-08-31,263.5912507800,254.8021296900,263.5912507800,250.1578489500,14762087,7288932626.7700
2021-09-01,253.3244040000,251.6304257700,254.3541780000,242.7692205000,14462675,7006043909.9000
2021-09-02,253.3244040000,254.0967345000,255.4405895700,250.1218068600,11464887,5637614465.9400
2021-09-03,256.4137260000,250.4925255000,259.4412615600,247.5988605600,11282023,5523301032.3800
2021-09-06,253.8392910000,265.7331807000,266.7114660000,248.6904210000,14791957,7471544141.6500
2021-09-07,265.1668050000,264.6570668700,271.1703874200,262.5923700000,9422232,4866454172.2200
2021-09-08,267.2263530000,258.9881610000,269.5845354600,257.4435000000,9739395,4960557751.5300
2021-09-09,262.3349265000,261.1506864000,267.2160552600,252.7065396000,11016209,5541869353.3400
2021-09-10,254.0658412800,258.5247627000,259.3897728600,252.6447531600,11296936,5625272662.4300
2021-09-13,258.5247627000,258.8851836000,263.6736327000,255.3839520000,8968966,4498932655.1400
2021-09-14,261.1094954400,272.8386213000,278.5538670000,258.9469700400,23383657,12347086768.7800
2021-09-15,272.8901100000,270.4958854500,273.9147351300,263.5243154700,10501454,5470153200.6900
2021-09-16,269.2859010000,256.4137260000,269.2859010000,256.4137260000,11260408,5712849969.4500
2021-09-17,255.8988390000,258.9881610000,262.0774830000,253.3913393100,8193837,4095076761.7600
2021-09-22,254.6631102000,253.9989059700,257.9583870000,251.3163447000,6423920,3170987210.0700
2021-09-23,259.9458508200,253.8341421300,259.9458508200,253.2214266000,7971421,3955499103.7100
2021-09-24,254.8021296900,257.4332022600,263.8847363700,252.5520735000,10262492,5155614316.0700
2021-09-27,260.0179350000,264.3944745000,267.6382626000,257.3353737300,14496264,7441411134.8100
2021-09-28,263.6221440000,257.6649014100,266.6857216500,256.5167034000,9222505,4682091359.4900
2021-09-29,255.3839520000,258.7358663700,263.5191666000,254.3541780000,9395464,4739177462.6300
2021-09-30,260.0179350000,270.6915425100,274.1773275000,258.4784228700,16714235,8696962248.1100
2021-10-08,274.9496580000,274.9496580000,283.2238920900,269.2344123000,12516925,6710477515.5500
2021-10-11,275.4645450000,268.2561270000,276.8032512000,266.7423592200,7830888,4112416011.4000
2021-10-12,268.5547614600,260.0179350000,269.0902439400,256.8668265600,9590683,4879529812.4200
2021-10-13,260.0179350000,268.9048846200,269.0284575000,259.5030480000,7652244,3950317431.2200
2021-10-14,270.3156750000,274.0743501000,275.4027585600,270.3156750000,7841554,4161069009.1300
2021-10-15,273.9198840000,292.9707030000,298.0526376900,271.9118247000,22951299,12822713734.8700
2021-10-18,299.1493470000,306.3680627400,306.4813378800,293.4855900000,18670216,10933506377.6200
2021-10-19,310.9917480000,304.0922622000,316.6452072600,301.2088950000,15088955,8990013549.6000
2021-10-20,306.3577650000,303.5258865000,315.8213880600,302.2386690000,12466583,7444464950.0900
2021-10-21,303.7833300000,306.8726520000,308.4173130000,298.6344600000,10142297,6008461971.0300
2021-10-22,312.0112242600,309.6530418000,312.0112242600,303.9532427100,11021603,6612493209.1400
2021-10-25,315.1108440000,314.4775329900,321.8867569200,310.6467737100,14052090,8636989621.9700
2021-10-26,327.3445591200,307.8972771300,328.7450517600,306.8366099100,14827692,9075608784.6000
2021-10-27,307.8972771300,316.6761004800,316.6761004800,305.4155217900,13548574,8191755889.7400
2021-10-28,321.8043750000,312.6393864000,326.9532450000,310.4408189100,17282868,10650216882.8600
2021-10-29,316.8048222300,329.1260681400,332.3544096300,308.3864197800,20268702,12687999698.0600
2021-11-01,330.0425670000,334.6765500000,349.6082730000,324.9606323100,22179659,14502525103.6400
2021-11-02,337.2509850000,338.7956460000,342.7911691200,333.6467760000,13140789,8630072694.3500
2021-11-03,335.1914370000,329.5276800000,337.7761697400,323.3490360000,12760630,8165156864.7200
2021-11-04,333.6467760000,333.0546559500,337.2509850000,327.4938763500,9201009,5951843600.4200
2021-11-05,329.0127930000,326.4846978300,334.5632748600,326.4332091300,8555085,5465118685.4600
2021-11-08,327.9830190000,340.2373296000,342.3895572600,324.8936970000,12269565,8026800882.2700
2021-11-09,343.8106453800,341.5142493600,343.9445160000,336.2881463100,6674583,4413176640.3500
2021-11-10,335.2583723100,333.6467760000,338.0078688900,326.9532450000,12739826,8216658651.9100
2021-11-11,335.1914370000,337.6886389500,342.4667903100,334.7280387000,7701413,5069135677.3500
2021-11-12,338.2807590000,330.0425670000,340.7831098200,326.3971670400,11420150,7312301472.1000
2021-11-15,330.0374181300,319.2299400000,330.0374181300,313.0307005200,14007599,8684428486.2700
2021-11-16,319.2299400000,316.6400583900,321.8661614400,312.5364090000,8433513,5202056654.9900
2021-11-17,320.7746010000,322.2574755600,324.6002114100,317.9736157200,7561643,4721304801.7500
2021-11-18,322.2574755600,322.3192620000,327.8079574200,315.9295143300,7527274,4697499805.4100
2021-11-19,324.8936970000,329.0127930000,329.0127930000,319.2556843500,8456790,5343617369.6600
2021-11-22,332.0969661300,350.6380470000,350.6380470000,330.6140915700,15308991,10215261575.4900
2021-11-23,350.2827749700,346.0040640000,350.2827749700,342.9147420000,9931174,6671378514.5900
2021-11-24,345.0618207900,339.2075556000,347.9606346000,334.8516115800,8550354,5653890107.4700
2021-11-25,336.2212110000,336.7360980000,339.0530895000,332.2514322300,5822028,3798078532.3900
2021-11-26,335.1914370000,338.7956460000,344.3564256000,335.1914370000,5850222,3865245640.5500
2021-11-29,336.7360980000,350.0201826000,352.4401515000,336.2212110000,11465261,7758115212.0500
2021-11-30,352.5740221200,350.1231600000,353.0374204200,346.6888637100,7188131,4874671005.4900
2021-12-01,350.1231600000,346.0040640000,352.6924461300,341.9416055700,6984571,4696868393.2400
2021-12-02,345.9937662600,354.2422560000,354.8601204000,344.4594030000,9178956,6268320478.2400
2021-12-03,354.7365475200,353.7273690000,356.3018040000,345.4891770000,8078164,5501798477.2200
2021-12-06,348.1151007000,338.4249273600,350.2261374000,337.7658720000,11261215,7509355191.6100
2021-12-07,340.8551940000,323.8639230000,341.3700810000,315.2138214000,22139147,13913426092.2200
2021-12-08,326.8451187300,329.0127930000,331.9888398600,322.4479837500,11886602,7580712087.9100
2021-12-09,329.0127930000,326.3353806000,329.5276800000,320.7231123000,13427209,8443913158.9000
2021-12-10,320.3729891400,329.5019356500,336.4065703200,319.8375066600,21384418,13738235947.2500
2021-12-13,329.4761913000,338.9810053200,340.1652454200,324.4200009600,16082778,10409792154.6300
2021-12-14,338.4558205800,335.1965858700,338.4558205800,331.5769302600,8781080,5704000135.3500
2021-12-15,334.3830644100,334.1616630000,340.3403070000,333.1061446500,7048016,4606545054.1800
2021-12-16,338.4352251000,337.2818782200,338.4352251000,333.1730799600,6150222,4018260859.3000
2021-12-17,335.1965858700,335.2892655300,336.7309491300,329.3732139000,13649081,8863377800.1100
2021-12-20,334.1616630000,314.1891962700,334.1616630000,312.8865321600,15511352,9648533093.7700
2021-12-21,312.0215220000,311.0277900900,316.4958900300,305.8840689600,12565780,7553655489.8500
2021-12-22,313.4632056000,314.2046428800,317.6852790000,310.4768610000,8361840,5103433201.9800
2021-12-23,318.7047552600,320.2957560900,324.7907196000,315.1520349600,7971819,4954754967.5200
2021-12-24,321.2894880000,296.9868216000,321.9330967500,289.8813810000,24608084,14321299320.4700
2021-12-27,295.6481154000,297.9136182000,302.7484071300,295.2876945000,10183543,5915820121.3700
2021-12-28,297.6046860000,301.2088950000,302.3828373600,293.4392501700,9659574,5589310230.3200
2021-12-29,301.2088950000,296.3432128500,301.7186331300,293.3723148600,9963963,5731323286.0300
2021-12-30,297.0897990000,303.7833300000,307.0219692300,296.3535105900,12420946,7323088709.6000
2021-12-31,308.0568921000,302.7535560000,312.0163731300,299.6642340000,9371117,5540408920.9700
2022-01-04,312.0215220000,292.9089165600,312.5364090000,288.8516070000,17456845,9975828427.5300
2022-01-05,291.6319968000,281.9006325000,291.8791425600,278.0389800000,16657881,9167983226.1600
2022-01-06,277.2717983700,278.7958638900,281.6431890000,273.8117577300,13882602,7480050944.2400
2022-01-07,283.1878500000,277.9874913000,286.2771720000,271.8603360000,13169468,7135966663.6000
2022-01-10,275.4542472600,277.2151608000,282.6729630000,269.9243608800,14862906,7964179734.5700
2022-01-11,278.6105045700,276.3398529000,283.1363613000,276.1905356700,8472277,4582697695.6800
2022-01-12,283.7027370000,290.9317504800,293.4649945200,283.6512483000,19164163,10752974048.4400
2022-01-13,294.0004770000,290.9111550000,299.6642340000,285.6284143800,13899742,7924626260.7000
2022-01-14,286.8229522200,297.2957538000,299.0463696000,286.2771720000,11612818,6663124572.0200
2022-01-17,303.1963588200,312.4591759500,313.3087395000,298.0165956000,14352844,8591412091.3200
2022-01-18,312.4591759500,302.1356916000,312.9328719900,301.7237820000,10701672,6345099027.8400
2022-01-19,303.5258865000,293.4804411300,306.3577650000,287.5643895000,14487439,8273655033.1600
2022-01-20,291.4260420000,293.0376383100,297.6046860000,290.0615914500,8065361,4600905692.7800
2022-01-21,289.8813810000,293.2229976300,298.4285052000,284.2176240000,9917398,5620817937.8900
2022-01-24,290.3962680000,299.1441981300,304.9469746200,287.8269818700,11562129,6686725178.4800
2022-01-25,295.1383772700,291.2200872000,300.3490337100,290.9111550000,7199229,4119696709.7200
2022-01-26,294.4123866000,302.4961125000,304.0922622000,291.6834855000,11603676,6718821593.4100
2022-01-27,301.2088950000,296.0548761300,306.3526161300,293.4855900000,12948188,7546107243.4500
2022-01-28,306.1518102000,305.1220362000,310.9917480000,293.7121402800,24331734,14395957436.7200
2022-02-07,312.0215220000,298.3461232800,314.0707722600,295.6378176600,14528859,8588397059.1700
2022-02-08,298.3461232800,278.4817828200,298.3461232800,268.6783343400,20650297,11166726687.4800
2022-02-09,277.5240930000,281.7461664000,283.6512483000,271.3454490000,11494712,6212329182.1200
2022-02-10,284.1146466000,266.7629547000,284.2176240000,257.3868624300,29233587,14959750643.4300
2022-02-11,260.5328220000,252.2894811300,264.4356654600,251.7797430000,23979847,11994983924.8400
2022-02-14,250.2350820000,261.5625960000,264.0803934300,249.7510882200,19628564,9914026667.4200
2022-02-15,267.2263530000,271.3454490000,273.0600227100,263.1072570000,15150828,7915477348.1500
2022-02-16,271.8603360000,273.3020196000,279.2901554100,269.7956391300,12706794,6783859294.8100
2022-02-17,272.8798122600,275.4645450000,279.8410845000,270.6143094600,10747219,5758516460.8300
2022-02-18,272.8901100000,271.6028925000,275.4645450000,269.2756032600,11384779,5993089911.6000
2022-02-21,271.0880055000,262.5923700000,271.0880055000,260.2599318900,15630631,8011219920.8400
2022-02-22,260.8674985500,259.5030480000,261.5625960000,253.5149121900,13632851,6788745089.2400
2022-02-23,260.5328220000,267.2263530000,267.2520973500,258.7204197600,15433230,7922652049.1500
2022-02-24,261.5625960000,261.4081299000,268.5547614600,257.9583870000,16160023,8252994692.4600
2022-02-25,268.2561270000,272.2722456000,275.4645450000,268.1994894300,16967238,8978907317.4200
2022-02-28,269.8007880000,274.6201303200,276.2368755000,269.8007880000,9965701,5284369408.0000
2022-03-01,277.6270704000,276.0721116600,282.1992669600,272.8901100000,9749032,5244201472.0000
2022-03-02,273.4049970000,264.5695360800,273.8117577300,262.0156965600,13412932,6925800192.0000
2022-03-03,266.2995564000,264.1318821300,267.1233756000,261.0322623900,8698927,4456406528.0000
2022-03-04,260.0179350000,253.2162777300,262.0774830000,251.2648560000,16283350,8081812224.0000
2022-03-07,244.5713250000,234.2169474300,249.7201950000,233.7638468700,24599264,11425969408.0000
2022-03-08,238.8972702600,234.5052841500,240.1741900200,228.1000898700,22754060,10355465472.0000
2022-03-09,234.7884720000,243.7835478900,244.0564380000,230.6693760000,23457419,10851981824.0000
2022-03-10,252.2946300000,252.7116884700,260.3011228500,249.8798099700,23961693,11860996864.0000
2022-03-11,247.5731162100,254.1224788500,254.8690650000,244.1079267000,17102172,8275316992.0000
2022-03-14,248.6904210000,238.3926810000,250.8683930100,238.3926810000,16291014,7715325184.0000
2022-03-15,237.3629070000,238.4956584000,247.8099642300,232.0080822000,21268688,9944131840.0000
2022-03-16,245.1891894000,259.0396497000,259.2301578900,241.2194106300,28223653,13816433664.0000
2022-03-17,266.4540225000,270.0582315000,275.4645450000,265.2182937000,27630079,14545565696.0000
2022-03-18,267.2263530000,262.8498135000,270.0427848900,259.5030480000,16391807,8401871659.7700
2022-03-21,267.7412400000,267.7412400000,275.0526354000,266.5055112000,13634076,7164824307.3500
2022-03-22,267.7412400000,264.1370310000,267.7412400000,261.0477090000,10228257,5229898248.4700
2022-03-23,267.7412400000,265.3161222300,269.2756032600,262.5408813000,8410966,4336729378.4500
2022-03-24,262.5666256500,264.6519180000,266.5467021600,256.6093830600,8480580,4303359299.2100
2022-03-25,263.5809530400,258.5093160900,266.8041456600,258.4732740000,9283639,4724122668.3300
2022-03-28,262.0156965600,250.7499690000,262.0156965600,246.1571769600,14946512,7277413365.9500
2022-03-29,250.7499690000,250.6984803000,257.4435000000,248.1755340000,11235947,5508775198.9200
2022-03-30,253.3244040000,267.2263530000,267.2263530000,253.3244040000,16216979,8276504323.9700
2022-03-31,265.2440380500,263.7766101000,266.7114660000,259.0653940500,9623922,4899473611.9600
2022-04-01,261.5625960000,267.1748643000,270.0582315000,260.0848703100,9518241,4923473198.4900
2022-04-06,265.9494332400,261.6501267900,266.7114660000,258.9881610000,8542810,4336158375.4500
2022-04-07,257.7266878500,254.9823401400,260.0179350000,250.7757133500,11958082,5909983777.6400
2022-04-08,253.6848249000,254.8690650000,259.9509996900,251.7797430000,9357130,4635752788.2900
2022-04-11,244.7103444900,236.3331330000,246.1159860000,232.7804127000,20738205,9541686135.0400
2022-04-12,237.2444829900,243.0266640000,243.4282758600,237.1054635000,12498201,5825410117.3200
2022-04-13,239.8807044300,239.9373420000,248.0725566000,237.8777940000,9523122,4479994702.5300
2022-04-14,244.5713250000,236.7450426000,245.0862120000,233.7586980000,13752370,6360122750.6000
2022-04-15,232.2861211800,232.1419528200,235.2982101300,222.8276469900,19989104,8854163487.9400
2022-04-18,227.5800540000,232.2140370000,232.7186262600,224.1303111000,11957617,5318801159.4100
2022-04-19,231.9359980200,226.6841506200,236.6317674600,225.7522051500,14382133,6429594317.7500
2022-04-20,226.0405418700,209.5590090000,228.0949410000,208.9308468600,31199615,12923538889.3700
2022-04-21,212.0716575600,210.6454205700,214.9653225000,205.3884243000,21116568,8609961842.9600
2022-04-22,210.0738960000,213.8531665800,217.8898806600,208.5292350000,20136651,8387810458.1400
2022-04-25,204.8220486000,200.8574187000,209.0956107000,200.8059300000,21316508,8439172173.3100
2022-04-26,198.8030195700,194.1123990000,201.8357040000,194.1123990000,18510510,7103865395.4100
2022-04-27,188.9635290000,209.5847533500,210.4652101200,188.8296583800,31612406,12266669602.1300
2022-04-28,205.9445022600,199.5187125000,207.2420175000,196.6868340000,25917727,10137614863.2800
2022-04-29,202.8654780000,210.7689934500,211.0933722600,193.0929227400,33647657,13205553635.4100
2022-05-05,187.9337550000,193.5975120000,198.3756633600,181.7551110000,60277207,22255526266.5800
2022-05-06,186.3890940000,193.5923631300,199.1222495100,186.2964143400,24080095,9064522986.7800
2022-05-09,192.5677380000,189.7358595000,194.0918035200,187.2695507700,16668032,6152776454.9200
2022-05-10,184.9988991000,195.2297037900,198.2314950000,183.8867431800,24437791,9143581643.0300
2022-05-11,195.6416133900,210.9749482500,215.6243778600,195.3996165000,31753974,12827256128.6100
2022-05-12,208.2203028000,207.7620533700,210.6917604000,204.8632395600,13420805,5425822344.4300
2022-05-13,209.5590090000,213.5751276000,215.4544651500,206.2173923700,14854635,6105079498.1600
2022-05-16,214.7027301300,209.5641578700,220.2686586000,209.5641578700,14387809,5996721399.5600
2022-05-17,211.0933722600,217.5706507200,218.6107224600,210.2026177500,13889853,5834497816.1300
2022-05-18,218.5386382800,215.7376530000,219.3418620000,213.3897682800,10712014,4495183512.1400
2022-05-19,213.3949171500,215.7376530000,217.2308253000,210.4137214200,12632956,5249401699.0800
2022-05-20,220.3716360000,219.8052603000,222.4311840000,214.9653225000,15826754,6751273074.2400
2022-05-23,219.8052603000,214.5534129000,219.8052603000,211.1036700000,13791772,5750871726.5100
2022-05-24,212.9881564200,207.0051694800,212.9933052900,206.8970432100,15012680,6109883602.3800
2022-05-25,208.2717915000,205.4296152600,209.0750152200,203.1229215000,13934882,5567079615.2800
2022-05-26,205.1773206300,200.8110788700,206.8970432100,200.2292565600,14059810,5535883498.8900
2022-05-27,203.8952520000,203.0714328000,210.6608671800,201.9026393100,18780191,7541807254.3700
2022-05-30,207.1338912300,206.8815966000,209.6619864000,205.3369356000,12529544,5046715321.4100
2022-05-31,205.9033113000,210.0738960000,212.1282951300,202.6080345000,17799522,7205121141.2700
2022-06-01,211.1551587000,218.8424216100,221.9162970000,209.0441220000,19178459,8078892455.6800
2022-06-02,217.6839258600,224.9026416000,228.4965528600,216.7725758700,17447774,7640886792.4500
2022-06-06,225.0056190000,239.9321931300,241.4871518700,225.0056190000,19037806,8745175350.1500
2022-06-07,239.5202835300,236.3331330000,240.4470801300,232.1110596000,12759509,5850493850.2000
2022-06-08,234.7884720000,236.8480200000,236.8480200000,219.3367131300,40541428,17870045928.1900
2022-06-09,229.1298638700,222.0965074500,230.6693760000,221.6588535000,20255738,8867551604.3900
2022-06-10,220.3561893900,233.7586980000,234.6854946000,220.3561893900,24766336,11049948030.4300
2022-06-13,228.6149768700,228.1103876100,233.8513776600,225.6543766200,18621582,8285211256.4700
2022-06-14,225.6337811400,227.4873743400,227.8889862000,220.7320569000,17481068,7624999753.2600
2022-06-15,232.7289240000,239.7622804200,246.1159860000,229.6962395700,37861947,17488407041.3200
2022-06-16,239.9373420000,237.0024861000,244.1130755700,234.0212903700,24020226,11103375000.0600
2022-06-17,232.8833901000,250.2659752200,252.6447531600,232.3273121400,28293869,13595198657.5900
2022-06-20,254.2666472100,260.8005632400,265.7383295700,254.2666472100,25114285,12753850232.8900
2022-06-21,259.5030480000,261.4853629500,264.0752445600,255.4405895700,14566608,7338298827.8500
2022-06-22,264.6519180000,261.0477090000,268.8997357500,260.9962203000,14663173,7542601018.5500
2022-06-23,265.1668050000,276.4788723900,276.4788723900,263.5603575600,17713862,9275986878.0600
2022-06-24,282.1580760000,290.1388245000,290.1388245000,272.7819837300,19301235,10593589950.8800
2022-06-27,290.3911191300,282.6729630000,290.8957083900,280.6082661300,16623983,9200423080.1600
2022-06-28,280.6134150000,280.0985280000,282.8583223200,270.3671637000,18643267,9996283502.4100
2022-06-29,274.4296221300,274.1979229800,279.3261975000,270.8254131300,14582986,7781239268.3000
2022-06-30,274.1876252400,274.9496580000,277.9360026000,271.1755362900,13076119,6974435836.0100
2022-07-01,274.4244732600,269.1005416800,275.9794320000,266.5569999000,12292780,6449278118.4000
2022-07-04,262.5975188700,268.7710140000,270.6606492900,262.5923700000,12193209,6343210119.7000
2022-07-05,270.0582315000,269.7338526900,276.0669627900,263.9722671600,15459404,8098493521.1200
2022-07-06,271.4020865700,268.7710140000,274.6819167600,264.9505524600,13081352,6860550182.0400
2022-07-07,273.8426509500,283.1878500000,285.5305858500,273.4049970000,24601436,13437832045.4900
2022-07-08,285.7622850000,278.5538670000,290.8957083900,275.5829690100,16577009,9078792373.0300
2022-07-11,275.0732308800,266.9689095000,275.7219885000,265.8361581000,13807042,7190790421.8400
2022-07-12,267.2263530000,259.3434330300,270.4701411000,257.2478429400,15130247,7699493189.2800
2022-07-13,261.7170621000,277.5240930000,279.7020650100,258.3548499900,24564472,12933672939.7600
2022-07-14,275.7219885000,286.2823208700,289.3664940000,273.0188317500,19955644,10980995202.0900
2022-07-15,282.9304065000,274.4347710000,290.1130801500,274.4347710000,15862819,8689665142.0100
2022-07-18,279.0687540000,284.0425624200,284.2433683500,273.0703204500,14371055,7799775032.0000
2022-07-19,283.4761867200,270.1148690700,283.4761867200,269.8007880000,16308711,8687404438.9800
2022-07-20,272.8798122600,270.8305620000,275.5366291800,269.2138168200,7835906,4141353786.4800
2022-07-21,269.2859010000,268.2561270000,277.0349503500,266.8247411400,8807088,4636560562.4100
2022-07-22,276.8650376400,273.9198840000,280.0933791300,270.8511574800,14281747,7665508992.9000
2022-07-25,273.9198840000,268.6422922500,274.9239136500,267.2263530000,8648858,4524233836.3200
2022-07-26,268.6577388600,268.7710140000,271.8603360000,265.2955267500,7969269,4162433402.1400
2022-07-27,268.5135705000,265.2697824000,268.8225027000,263.2102344000,9335528,4814402385.8800
2022-07-28,266.9689095000,265.4757372000,271.1909829000,264.1473287400,9267516,4813731200.9900
2022-07-29,269.7750436500,261.8715282000,269.8007880000,259.0447985700,11912482,6111548922.4600
2022-08-01,261.4956606900,275.4233540400,275.8764546000,259.8119802000,16299226,8555439339.9500
2022-08-02,268.9151823600,269.7338526900,274.1464342800,267.4580521500,12143004,6378119035.2500
2022-08-03,269.8007880000,259.5030480000,274.8878715600,256.8256356000,17025569,8730930401.2500
2022-08-04,261.0477090000,257.9068983000,262.1238228300,254.9205537000,11365073,5688825506.5300
2022-08-05,257.4435000000,260.3526115500,264.6004293000,254.8690650000,12183074,6150342343.0400
2022-08-08,255.3839520000,258.2158305000,260.6255016600,251.7797430000,8964693,4476021798.2200
2022-08-09,257.9583870000,263.3955937200,267.0203982000,256.1562825000,11307870,5783358776.0000
2022-08-10,262.6438587000,259.4927502600,264.0340536000,257.4435000000,8049083,4052412586.0900
2022-08-11,259.5751321800,262.5923700000,264.1473287400,254.3541780000,9800710,4937131682.2200
2022-08-12,262.6953474000,258.4732740000,263.6221440000,256.3725350400,7383805,3710909399.3800
2022-08-15,259.9612974300,265.7331807000,269.2859010000,258.9263745600,13757541,7097079971.6600
2022-08-16,267.6897513000,269.6978106000,277.0092060000,266.8041456600,16097367,8515873353.3700
2022-08-17,271.5925947600,281.6431890000,283.1724033900,269.7904902600,18350657,9888546881.2000
2022-08-18,281.6431890000,280.5104376000,288.3367200000,279.3004531500,14280044,7867922329.7300
2022-08-19,282.6729630000,273.9198840000,283.0282350300,272.9004077400,10769608,5767786048.9700
2022-08-22,274.9496580000,283.9756271100,286.1021104200,271.4484264000,14305361,7811232130.1600
2022-08-23,283.1775522600,286.7354214300,290.7360934200,280.8451141500,13156177,7304906011.2400
2022-08-24,295.0456976100,269.8007880000,296.0600250000,268.7710140000,30068394,16294721095.1300
2022-08-25,270.3156750000,264.6519180000,271.1034521100,260.0642748300,18017523,9216432421.8600
2022-08-26,264.1370310000,260.9344338600,267.2160552600,258.9881610000,12216984,6216728234.8800
2022-08-29,258.9830121300,258.4732740000,260.9344338600,255.5487158400,11260993,5635359010.1200
2022-08-30,258.4732740000,253.0669605000,258.4732740000,250.1321046000,15616079,7672805176.8300
2022-08-31,248.0159190300,248.6904210000,252.1916526000,244.3241792400,17450158,8386004449.6000
2022-09-01,247.1457600000,240.7302679800,249.7201950000,240.2771674200,15476559,7331268725.6600
2022-09-02,244.5095385600,240.0712126200,245.0862120000,237.7645188600,11560877,5408298592.1700
2022-09-05,237.8829428700,241.1524753200,243.0266640000,236.3382818700,9110009,4237267562.7800
2022-09-06,240.9671160000,234.3765624000,241.1524753200,228.5480415600,27524567,12407748956.2200
2022-09-07,232.4663316300,244.0152470400,245.3385066300,231.6991500000,21677712,10095265237.2300
2022-09-08,241.1473264500,231.4417065000,242.5117770000,230.9268195000,21552631,9838886096.7000
2022-09-09,233.0378562000,232.8421991400,233.9800994100,229.8970455000,12246752,5523516959.1500
2022-09-13,236.3331330000,235.2570191700,236.9509974000,230.0772559500,10202890,4632953568.3200
2022-09-14,231.6991500000,223.6154241000,233.2438110000,220.5158043600,25893786,11348915618.3600
2022-09-15,223.6154241000,213.3434284500,223.9758450000,211.7215344000,25383594,10651219569.9900
2022-09-16,213.3176841000,211.1036700000,215.3772321000,210.5887830000,14963208,6192462419.5200
2022-09-19,210.9131618100,212.9933052900,217.0763592000,210.6093784800,13964359,5802232517.5100
2022-09-20,215.2227660000,216.7725758700,221.4014100000,213.6781050000,16569030,7024157606.9000
2022-09-21,214.7078790000,216.4070061000,218.0340490200,212.8388391900,8809861,3695152639.3600
2022-09-22,213.8325711000,213.6729561300,216.2525400000,209.0441220000,9642094,3992662500.7700
2022-09-23,214.1723965200,214.8829405800,218.7239976000,211.1294143500,12018488,5009444372.5100
2022-09-26,212.6689264800,220.7114614200,223.9758450000,212.6689264800,18835151,8081168715.1100
2022-09-27,223.4043204300,221.1439665000,224.1457577100,217.8023498700,11561928,4948766642.9500
2022-09-28,220.1898090000,214.9248489300,221.1334796100,212.8621809300,10697441,4464647185.6100
2022-09-29,218.7562547400,216.0644730000,219.4163085000,214.0430583600,8894778,3723447020.5900
2022-09-30,216.2088597600,206.7257436300,216.6832734000,206.5246335000,11814011,4808089720.0000
2022-10-10,207.2981340000,202.5849376200,208.5873015000,201.7444004100,11465353,4534844088.0900
2022-10-11,208.3294680000,214.6721721000,214.6721721000,207.7570776300,18444138,7582938837.5100
2022-10-12,214.5174720000,225.7744826100,226.0065327600,213.2231478300,18514747,7894831669.6100
2022-10-13,223.7994780000,222.7681440000,226.0065327600,221.2262996700,10443411,4521426256.2200
2022-10-14,225.8621460000,225.3000689700,228.1001407800,221.0045628600,13565344,5900627937.7100
2022-10-17,223.2838110000,221.4016264500,223.2838110000,216.9668902500,10537258,4492096854.7700
2022-10-18,223.2992810100,221.4996031800,226.3159329600,220.9323694800,9101920,3937490986.7300
2022-10-19,221.7471233400,222.4278037800,227.9248140000,221.5717965600,12333044,5381599273.5300
2022-10-20,216.7245267600,214.0018050000,218.4726378900,208.3294680000,17120183,7066412982.9800
2022-10-21,210.3921360000,212.9704710000,215.0125123200,209.9796024000,8259882,3412503680.6500
2022-10-24,209.6805155400,208.3397813400,213.4861380000,205.7562896700,14532727,5885833135.5100
2022-10-25,207.8138010000,207.1434339000,210.4282326900,202.1311506600,14039050,5599142147.2000
2022-10-26,208.8451350000,206.8134070200,210.6809095200,205.2767193600,14072386,5666134368.6400
2022-10-27,205.2354660000,201.2648301000,207.3342306900,201.1101300000,15281736,6026009209.1000
2022-10-28,198.6864951000,188.4762885000,199.8209625000,188.2184550000,24071225,8960919232.8900
2022-10-31,185.6401200000,192.2819109600,196.0669067400,183.8765388600,16554600,6168694636.8100
2022-11-01,194.1486255000,199.1505954000,200.5325829600,189.8273360400,19916486,7598072350.3900
2022-11-02,198.5317950000,201.8836305000,204.4052421300,195.9586166700,14266969,5554821785.3400
2022-11-03,201.1101300000,198.0780080400,203.1727980000,196.4845970100,14717451,5672637394.2900
2022-11-04,198.9443286000,208.5357348000,210.5519927700,198.0161280000,20971141,8386135000.9500
2022-11-07,210.3921360000,211.6813035000,213.7645981800,208.8451350000,14778112,6063354150.1000
2022-11-08,211.6813035000,211.3203366000,218.0240076000,208.0716345000,12080878,4982583901.0600
2022-11-09,209.3608020000,204.7507390200,210.1755558600,203.6884650000,10941091,4370881066.7200
2022-11-10,202.6571310000,198.6864951000,203.1727980000,198.0161280000,12924178,4995761138.0300
2022-11-11,206.7824670000,207.5456541600,209.2009452300,203.2862447400,19481969,7814365728.9600
2022-11-14,208.3810347000,199.6559490600,210.3921360000,198.8154118500,18481701,7242184171.9400
2022-11-15,200.1613027200,204.2969520600,204.9673191600,194.9221260000,17273987,6711717380.4500
2022-11-16,202.6622876700,198.0522246900,203.2656180600,197.6448477600,13603663,5261351647.1500
2022-11-17,196.7888405400,193.4370050400,196.9796373300,190.8019466700,14217164,5314975792.2800
2022-11-18,194.9221260000,196.3608369300,199.5631290000,191.3124570000,16407334,6269734685.9900
2022-11-21,193.4370050400,197.1910608000,198.9701119500,193.0141581000,8038709,3060476255.9800
2022-11-22,195.9534600000,193.3751250000,197.4334242900,192.3437910000,9836241,3701483129.4300
2022-11-23,193.3751250000,195.7059398400,197.4437376300,192.6016245000,8829427,3343581161.4300
2022-11-24,197.5623410400,194.2105055400,197.6139077400,193.3802816700,8546530,3229088100.3000
2022-11-25,192.3747310200,191.9312574000,193.3751250000,191.3124570000,6138945,2286870202.5700
2022-11-28,188.2184550000,190.9566467700,191.9879807700,185.6504333400,11114051,4052491291.7700
2022-11-29,191.8332806700,194.8705593000,196.6753938000,189.5076225000,11717222,4394005281.6800
2022-11-30,195.4377930000,198.5317950000,198.5317950000,191.9157873900,14041956,5331830945.8400
2022-12-01,204.7971490500,203.8173817500,207.3754840500,203.6472116400,20937498,8341109690.9300
2022-12-02,204.7197990000,202.0795839600,205.9006764300,202.0383306000,8292566,3280784282.2100
2022-12-05,202.0795839600,202.3013207700,204.6527622900,200.0787960000,12098474,4739442183.9700
2022-12-06,200.6563430400,206.2771133400,208.3500946800,200.5944630000,13661164,5426417622.5500
2022-12-07,206.2668000000,215.7086627700,217.4464605600,205.7511330000,24410839,10135126000.4700
2022-12-08,215.7138194400,216.8225034900,219.1584750000,213.4912946700,10433749,4388660430.7700
2022-12-09,217.3948938600,218.9522082000,219.5194419000,216.8379735000,9353940,3960316858.9000
2022-12-12,217.1473737000,213.6666214500,218.4004445100,213.5583313800,8789953,3671244196.2300
2022-12-13,214.0018050000,209.0565584700,214.4659053000,207.3239173500,11270707,4592141157.8600
2022-12-14,211.4234700000,207.4528341000,212.4290206500,205.8955197600,9197282,3697346495.0100
2022-12-15,207.3548573700,218.5396746000,218.7304713900,206.7824670000,17298775,7174962345.0400
2022-12-16,215.8117961700,215.5539626700,218.0240076000,213.4242579600,8942249,3733194675.7600
2022-12-19,216.0644730000,216.7864068000,221.7883767000,215.5797460200,10105860,4284899628.3500
2022-12-20,216.5801400000,211.1759498400,216.8895402000,210.9078030000,8120795,3362795549.3100
2022-12-21,211.4234700000,209.7836489400,212.6971674900,208.5924581700,5403052,2201256399.9100
2022-12-22,211.9339803300,207.2981340000,211.9339803300,206.2668000000,7390460,2976952976.8300
2022-12-23,204.6682323000,205.4829861600,207.7261376100,203.2243647000,7385760,2939594065.5400
2022-12-26,205.4829861600,208.2882146400,210.0053857500,201.6773637000,11512345,4606937089.5600
2022-12-27,207.4167374100,208.1077311900,209.3556453300,204.5444722200,8139710,3268646818.5400
2022-12-28,205.2664060200,203.1727980000,205.3901661000,196.0978467600,18529322,7206541527.1900
2022-12-29,201.6257970000,203.1521713200,205.1323326000,201.3163968000,9897472,3909060455.9100
2022-12-30,205.4932995000,202.8737111400,207.2981340000,202.6571310000,7405249,2943110661.9100
2023-01-03,202.1414640000,200.9244898800,202.4353941900,196.8404072400,10482036,4056787273.5000
2023-01-04,199.3052955000,198.0212846700,199.5631290000,197.0105773500,19602262,7527791631.3600
2023-01-05,200.0787960000,210.1394591700,211.5111333900,198.5369516700,26043260,10371713857.9700
2023-01-06,209.3608020000,214.8578122200,219.1481616600,208.3604080200,18392495,7641585134.1500
2023-01-09,218.0652609600,214.8268722000,218.0652609600,213.4861380000,12840302,5373244035.5600
2023-01-10,215.3734792200,222.7681440000,224.3151450000,213.1251711000,18260652,7781973489.7500
2023-01-11,221.9946435000,220.6332826200,224.8308120000,218.6428080000,12241806,5252326720.8500
2023-01-12,222.7681440000,223.5416445000,226.2643662600,221.5717965600,11136798,4837460192.5700
2023-01-13,228.9561480000,226.6356465000,233.3496308400,221.7368100000,20757496,9140635813.6500
2023-01-16,226.1199795000,230.3123522100,231.7923165000,224.3718683700,16809099,7451169294.7100
2023-01-17,230.4670523100,229.7863718700,233.0144472900,228.7550378700,9895801,4416180657.6200
2023-01-18,231.2818061700,231.2766495000,232.5039369600,228.4972043700,7344325,3292955688.4600
2023-01-19,229.6419851100,230.3845455900,232.8236505000,228.0227907300,7309990,3254123919.0400
2023-01-20,230.3845455900,233.0814840000,233.1846174000,229.0902214200,10765650,4841543970.5500
2023-01-30,247.1952897900,242.6986735500,252.9656035200,241.0588524900,21174307,10102385367.3600
2023-01-31,242.3016099600,239.8882884000,246.2309925000,238.4650474800,13954034,6565989151.2400
2023-02-01,242.8740003300,245.8700256000,247.1901331200,242.6110101600,11502167,5464594493.8100
2023-02-02,246.9374562900,240.3523887000,247.3654599000,239.7232749600,13455712,6339908128.4700
2023-02-03,239.2694880000,235.2472854000,240.4039554000,232.7617704600,12020001,5495174744.4200
2023-02-06,233.0814840000,232.3595502000,233.8652978400,227.4555570300,10752918,4811799061.1600
2023-02-07,232.3028268300,231.0703827000,234.0096846000,229.2964882200,7211237,3231274189.8000
2023-02-08,231.8438832000,230.6114390700,233.8292011500,229.4718150000,7329853,3293742443.5700
2023-02-09,230.6114390700,233.5919943300,235.1389953300,227.6669805000,8031440,3627030215.2700
2023-02-10,233.5971510000,229.9616986500,234.9791385600,229.4769716700,8397790,3773477538.5300
2023-02-13,232.5555036600,237.2068200000,238.0164171900,230.5083056700,13418543,6143224997.1500
2023-02-14,241.8478230000,232.5916003500,242.0025231000,229.8791919300,12812190,5816558282.0200
2023-02-15,233.6487177000,231.3282162000,235.6598190000,231.0188160000,7773387,3508461573.1100
2023-02-16,233.0763273300,228.5436144000,234.3706515000,225.8621460000,10091069,4514542232.0400
2023-02-17,227.9248140000,216.6781167300,227.9248140000,216.5801400000,21469551,9171648847.1200
2023-02-20,214.5174720000,216.8225034900,217.5495939600,209.5309721100,16829872,6992852566.6200
2023-02-21,215.2806591600,214.0069616700,217.8641508300,212.4548040000,13184596,5490561030.8800
2023-02-22,210.9078030000,211.1501664900,213.5377047000,209.7062988900,12363920,5069312343.6500
2023-02-23,211.4234700000,213.0890744100,214.0688417100,210.0827358000,9537265,3922375682.1700
2023-02-24,211.9391370000,209.0514018000,212.3516706000,208.3397813400,9989388,4060495069.8600
2023-02-27,207.6745709100,206.8340337000,209.0926551600,206.3183667000,9220633,3705001333.8700
2023-02-28,208.3243113300,208.2779013000,210.5468361000,207.0403005000,9323092,3769996772.1800
2023-03-01,207.8653677000,212.3413572600,213.5789580600,207.8292710100,12602005,5166296897.9400
2023-03-02,211.1656365000,206.6793336000,211.9391370000,204.3072654000,16145270,6483446930.1600
2023-03-03,207.4528341000,207.4631474400,209.2112585700,206.2668000000,8203090,3300669920.5000
2023-03-06,207.3857973900,210.6087161400,210.8407662900,202.1466206700,16626662,6674565924.0700
2023-03-07,208.3294680000,207.4012674000,210.9026463300,207.2104706100,9918350,4014218858.7700
2023-03-08,206.2719566700,205.0962359100,207.7777043100,203.7451883700,8129373,3231604462.3700
2023-03-09,204.3072654000,204.7249556700,206.9268537600,200.2025560800,8136684,3228769655.4700
2023-03-10,207.1382772300,209.2525119300,211.3873733100,204.1525653000,19142596,7722447890.1800
2023-03-13,207.8292710100,202.1414640000,209.7011422200,201.1101300000,18833197,7424578060.0500
2023-03-14,201.5639169600,199.6817324100,201.6257970000,194.9221260000,18484663,7095007800.0000
2023-03-15,202.6571310000,200.0787960000,204.0700585800,197.8201745400,12968291,5046344791.3600
2023-03-16,198.0161280000,198.5885183700,201.0637199700,197.7582945000,10113155,3897781767.8800
2023-03-17,200.5944630000,193.8804786600,201.1049733300,193.6329585000,20144747,7641555518.3800
2023-03-20,193.1379181800,195.9276766500,198.3255282000,189.7654560000,15836974,6002000932.0700
2023-03-21,197.0879274000,203.0593512600,203.2656180600,195.2830929000,17292373,6720740862.2600
2023-03-22,205.6170595800,205.8542664000,210.7324762200,204.7301123400,17687241,7125770900.7600
2023-03-23,205.2354660000,205.4314194600,207.2568806400,203.3945348100,10028867,3981184717.6800
2023-03-24,205.4417328000,202.9562178600,207.4322074200,201.1101300000,11765252,4645723682.2300
2023-03-27,201.6825203700,204.4619655000,205.5448662000,198.2327081400,16115721,6311744702.5600
2023-03-28,203.1727980000,202.4508642000,204.2969520600,201.2132634000,7590561,2976678086.1900
2023-03-29,203.7967550700,206.3596200600,208.4738547600,202.6726010100,13754611,5508159641.4800
2023-03-30,206.7773103300,206.3235233700,207.2981340000,204.9002824500,8681922,3465633464.9900
2023-03-31,208.5873015000,209.3865853500,213.9914916600,208.5873015000,19607572,8033742420.2300
2023-04-03,209.4175253700,205.6015895700,209.7733356000,204.2041320000,16763218,6698371580.7600
2023-04-04,206.2616433300,200.0787960000,206.2616433300,196.8868172700,20089701,7782699958.8700
2023-04-06,198.0161280000,200.0891093400,200.8780798500,196.0308100500,10581589,4064823971.1900
2023-04-07,199.1248120500,201.3731201700,203.1727980000,198.2017681200,10058114,3923098225.1300
2023-04-10,203.1160746300,207.3032906700,207.3548573700,200.0787960000,17237941,6844475287.4700
2023-04-11,206.2719566700,206.2410166500,211.3564332900,205.2354660000,14366294,5785418237.5400
2023-04-12,206.2668000000,202.1466206700,206.2668000000,202.1414640000,8736733,3443470020.8700
2023-04-13,201.1101300000,200.2128694200,201.8114371200,198.5317950000,10046445,3896072549.1200
2023-04-14,200.0272293000,204.8693424300,207.4889307900,199.8209625000,15923654,6337229777.1100
2023-04-17,204.3743021100,210.3302559600,211.4234700000,204.1009986000,17663158,7173869978.8200
2023-04-18,210.3354126300,210.9078030000,215.5488060000,210.0260124300,14060517,5793046443.7300
2023-04-19,213.7439715000,211.6142667900,213.9192982800,209.3608020000,11622355,4770263894.6300
2023-04-20,211.5781701000,204.2041320000,211.5781701000,204.2041320000,15843790,6335888038.9700
2023-04-21,208.5873015000,208.8399783300,213.9605516400,205.7511330000,25275978,10288953392.0200
2023-04-24,208.8967017000,204.6579189600,209.3608020000,202.5952509600,17377384,6922771298.2900
2023-04-25,205.2354660000,198.9958953000,205.2354660000,195.9534600000,16898929,6532955961.9700
2023-04-26,199.0054740000,209.7499010000,212.9732291000,196.2119229800,39707529,8801110231.2600
2023-04-27,209.2827520000,215.8228380000,217.2055990400,207.7037883800,33969078,7764148296.3400
2023-04-28,218.6257320000,215.6826933000,221.7369443400,211.9828732200,27104800,6269727389.4700
2023-05-04,215.8228380000,210.7028849600,217.2242850000,209.7966159000,19409080,4416464194.7600
2023-05-05,210.2170500000,212.0856460000,214.8885400000,209.0211485600,16740879,3793534213.0700
2023-05-08,214.8885400000,215.6453213800,218.4295294200,211.2074058800,22753135,5237667345.1300
2023-05-09,215.2435732400,210.9925173400,215.2435732400,209.3294669000,19653772,4447695097.7700
2023-05-10,210.9644884000,217.2429709600,218.8593065000,206.6760605800,28956810,6637247354.0800
2023-05-11,217.2709999000,224.6052392000,227.0157280400,216.0096976000,34747371,8292776226.8700
2023-05-12,226.0907730200,222.3442380400,228.4919188800,222.3442380400,22309979,5363787910.1700
2023-05-15,225.1751609800,222.6338704200,227.9687120000,219.6534598000,26706471,6408351582.3100
2023-05-16,222.7366432000,223.2972220000,225.1377890600,221.2137374600,13973953,3336944402.0500
2023-05-17,223.2972220000,224.2315200000,225.8011406400,220.5503858800,18246432,4350981986.9700
2023-05-18,225.4461074000,217.1308552000,225.5115082600,215.8602099200,24123880,5653225268.5900
2023-05-19,216.5235615000,214.8885400000,218.7939056400,214.8885400000,19472168,4503095902.7300
2023-05-22,213.9542420000,215.1688294000,217.2242850000,212.0856460000,14679114,3373155581.4300
2023-05-23,215.7107222400,210.6094551600,216.4861895800,210.3571947000,19613196,4466450818.9400
2023-05-24,210.0301904000,210.4506245000,213.4964359800,209.0211485600,14785735,3347225922.2400
2023-05-25,210.0769053000,209.3668388200,212.7209686400,207.8719620200,13753272,3096261721.0200
2023-05-26,209.4696116000,205.5455600000,209.7499010000,203.2098150000,18211695,4001016009.0200
2023-05-29,207.6010156000,202.7987238800,207.6197015600,201.4346488000,16537161,3599743503.6100
2023-05-30,202.7426660000,210.2077070200,210.2077070200,201.8177109800,26467083,5890767209.3100
2023-05-31,210.2637649000,206.6386886600,211.9828732200,205.6950476800,18869744,4194067555.1600
2023-06-01,208.0121067200,208.2550242000,213.0199440000,206.9563499800,15941049,3583431678.5600
2023-06-02,210.1236202000,213.4310351200,214.8791970200,209.2827520000,23181483,5283702827.0800
2023-06-05,211.0579182000,205.3587004000,211.0579182000,202.1727442200,33595114,7357059963.1800
2023-06-06,203.6863069800,204.8728654400,207.6944454000,202.7239800400,17242526,3782524816.1200
2023-06-07,202.1634012400,193.6799754000,202.2755170000,191.0172261000,50093939,10438080444.8300
2023-06-08,198.7718995000,194.3433269800,199.2857634000,193.3996860000,23857940,5007821210.1400
2023-06-09,194.8478479000,198.1085479200,199.1269327400,194.8478479000,24261728,5126984497.8900
2023-06-12,198.0244611000,198.0244611000,199.9397720000,195.1748522000,18131632,3835654848.6300
2023-06-13,197.1462209800,199.0989038000,199.8743711400,196.8379026400,13243699,2813381281.4300
2023-06-14,202.8828107000,199.3791932000,203.3312737400,199.0054740000,16362927,3508630636.2200
2023-06-15,200.8647270200,215.7107222400,215.7107222400,200.7712972200,50495682,11301760757.2700
2023-06-16,216.7571360000,215.9162678000,218.7845626600,213.3002334000,29639828,6849470339.8000
2023-06-19,217.6820910200,212.9078282400,217.6820910200,211.1513480000,18707081,4271126762.3000
2023-06-20,212.8984852600,213.0199440000,216.1124703800,210.9364594600,17960501,4094614886.1300
2023-06-21,213.7767253800,210.1329631800,215.3556890000,210.1236202000,17118438,3897370633.4500
2023-06-26,205.4614731800,210.3758806600,212.0389311000,205.2465846400,15910609,3564403987.1200
2023-06-27,209.2640660400,208.7875740600,211.4316374000,206.6480316400,13420648,2996519806.9100
2023-06-28,207.6197015600,209.7499010000,211.6184970000,207.4141560000,13558644,3044798943.1100
2023-06-29,208.8249459800,207.8813050000,212.0015591800,207.8813050000,9930233,2228285745.3800
2023-06-30,209.2734090200,213.7580394200,214.8791970200,205.8725643000,21551522,4901528280.4600
2023-07-03,216.7104211000,214.7764242400,218.5790171000,213.5338079000,15554352,3592766609.9500
2023-07-04,213.4870930000,214.1878165000,214.9352549000,212.7209686400,10155673,2322971861.7200
2023-07-05,214.1971594800,212.5621379800,215.2716021800,210.6841990000,8636414,1968738616.8300
2023-07-06,212.0856460000,210.0769053000,213.4684070400,209.2547230600,10283568,2323630148.9200
2023-07-07,210.0301904000,207.6477305000,210.0769053000,207.0404368000,9808377,2186457550.5900
2023-07-10,208.3484540000,213.7673824000,214.8885400000,208.3484540000,16093831,3674535624.5900
2023-07-11,214.5615357000,214.0383288200,214.8791970200,211.6932408400,9158787,2094183189.2700
2023-07-12,213.4870930000,212.0763030200,214.3279612000,211.6184970000,8693260,1976029055.3400
2023-07-13,213.2161465800,214.8885400000,219.5600300000,213.2161465800,22257672,5166809845.9400
2023-07-14,215.0286847000,213.2815474400,215.7574371400,211.6652119000,13004091,2971007805.7900
2023-07-17,212.0949889800,210.8243437000,213.0199440000,208.9090328000,10452522,2354412853.9800
2023-07-18,212.8330844000,210.6841990000,212.9078282400,209.7499010000,8575776,1934097473.9000
2023-07-19,209.2827520000,205.0784110000,210.1703351000,204.2188568400,17600182,3880774172.3600
2023-07-20,204.6112620000,206.5265729000,211.7960136200,204.6112620000,14441648,3226693428.1700
2023-07-21,206.3397133000,207.0310938200,208.3297680400,205.3213284800,8393526,1858027959.3400
2023-07-24,202.8828107000,204.5925760400,206.3677422400,200.0705737200,13719339,2990356786.5000
2023-07-25,210.1236202000,211.4783523000,212.6835967200,206.4985439600,19286245,4336672443.8400
2023-07-26,210.3291657600,211.7679846800,212.0856460000,208.9650906800,15456786,3484702635.4700
2023-07-27,215.8228380000,212.0669600400,217.5793182400,211.9735302400,20859235,4786800627.7900
2023-07-28,212.0669600400,214.9352549000,215.8228380000,210.2637649000,18803095,4304001295.0300
2023-07-31,218.6257320000,222.1293495000,223.7643710000,217.7848638000,29902754,7103701374.9100
2023-08-01,221.8023452000,220.0271790000,223.3906518000,219.0928810000,15615168,3695389756.8100
2023-08-02,221.4286260000,220.9614770000,223.7550280200,220.0271790000,14147185,3350493844.7800
2023-08-03,220.4943280000,223.4280237200,224.2034910600,220.0552079400,16180526,3859823088.5300
2023-08-04,228.9030100000,229.3795019800,233.5371280800,225.2685907800,31569675,7737835221.3100
2023-08-07,228.4358610000,230.2951140200,230.7155481200,227.3240463800,14927749,3665507786.2600
2023-08-08,229.8186220400,230.9024077200,232.9485203400,228.7908942400,15066676,3733050028.8400
2023-08-09,229.3701590000,230.7716060000,231.4069286400,227.1652157200,11684661,2873152335.3400
2023-08-10,231.6124742000,230.3044570000,234.8171163400,228.0808277600,14040964,3469375410.8400
2023-08-11,232.5934871000,225.6329670000,232.5934871000,225.6329670000,17204064,4212036439.7300
2023-08-14,223.4840816000,217.5980042000,224.2128340400,215.0847425800,25693218,6000203547.3000
2023-08-15,217.5793182400,216.1031274000,219.1863108000,214.3279612000,14610073,3378905588.3100
2023-08-16,216.3086729600,217.3177148000,218.9807652400,214.9913127800,14009045,3263663519.3600
2023-08-17,219.5506870200,219.7936045000,220.9614770000,213.8421262400,20442773,4767790092.0500
2023-08-18,219.8309764200,220.3728692600,223.4093377600,219.0181371600,16769998,3977909566.3500
2023-08-21,218.6163890200,217.6540620800,220.3728692600,216.9439956000,10780439,2524111214.4700
2023-08-22,219.3731704000,215.5892635000,219.7282036400,212.5621379800,15188941,3507619500.4900
2023-08-23,215.5425486000,212.5527950000,216.6637062000,212.0856460000,11874911,2721026997.6700
2023-08-24,213.8421262400,213.9075271000,216.3273589200,211.6184970000,14157716,3254958699.7500
2023-08-25,212.9545431400,213.3376053200,214.8605110600,210.9738313800,11185129,2549494197.0000
2023-08-28,225.6329670000,215.3556890000,227.9313400800,214.4213910000,22311515,5230083379.8100
2023-08-29,216.0096976000,222.8300730000,227.0344140000,215.7480941600,29174995,6966379985.5700
2023-08-30,223.6709412000,221.8957750000,226.1001160000,221.8957750000,14591637,3492477897.8300
2023-08-31,221.5220558000,221.0081919000,222.8300730000,220.6157867400,9671527,2294576162.0400
2023-09-01,221.0549068000,220.8680472000,223.7737139800,219.1863108000,9101132,2157778480.9000
2023-09-04,222.5591265800,222.0359197000,223.0729904800,218.0651532000,14052387,3327817522.4300
2023-09-05,221.4286260000,221.2604523600,223.7643710000,220.6438156800,11581665,2752197345.2600
2023-09-06,220.5410429000,219.0181371600,221.5874566600,217.5045744000,12474783,2921536581.5400
2023-09-07,217.6914340000,211.6278399800,218.3921575000,211.6278399800,19266090,4405103044.4400
2023-09-08,210.2170500000,208.2923961200,212.2725056000,206.0127090000,16499443,3670618814.6200
2023-09-11,208.2550242000,206.9750359400,208.8623179000,205.2465846400,17060897,3774798958.6500
2023-09-12,207.4141560000,203.6115631400,207.7972181800,203.2471869200,18231209,3994776422.1300
2023-09-13,202.7426660000,202.3689468000,204.7514067000,200.9020989400,15135693,3278699755.0900
2023-09-14,199.6407966400,200.8086691400,202.0886574000,199.0335029400,18294104,3919045406.3800
2023-09-15,198.0711760000,194.1097524800,199.9397720000,193.0259668000,33679992,7033151411.1100
2023-09-18,192.4653880000,199.0615318800,200.5844376200,192.4653880000,26593485,5645065103.3200
2023-09-19,199.0615318800,198.3701513600,199.4539370400,196.7631588000,15024395,3183848137.2800
2023-09-20,199.0054740000,196.1091502000,199.3137923400,194.9693066400,13087485,2750166643.0800
2023-09-21,196.2119229800,193.1474255400,197.0901631000,193.0913676600,16214929,3368171869.9300
2023-09-22,191.9982390000,197.0714771400,197.5573121000,191.9982390000,22509065,4696859644.0100
2023-09-25,199.0241599600,195.5298854400,199.5847387600,194.9973355800,13605355,2864421900.0000
2023-09-26,193.0913676600,191.0639410000,193.7266903000,190.1296430000,20253782,4150919714.5500
2023-09-27,192.7456774000,190.2791306800,194.7917900200,189.1486301000,21848959,4470658972.5500
2023-09-28,190.5967920000,189.6905229400,192.9325370000,189.2700888400,15809524,3223265861.0700
2023-10-09,187.7938980000,182.6552590000,188.0555014400,180.3195140000,33742826,6617775154.2900
2023-10-10,184.8788882400,181.9265065600,184.9910040000,181.9265065600,19865460,3895932691.6200
2023-10-11,184.8695452600,181.9732214600,185.5515828000,181.3472418000,20248245,3964353022.6100
2023-10-12,182.1974529800,183.0663501200,184.8041444000,181.2538120000,24205912,4744179131.3200
2023-10-13,181.1136673000,178.0771988000,182.0292793400,177.1429008000,28422238,5429864563.1500
2023-10-16,177.8342813200,172.6208984800,178.0117979400,171.8267451800,24683649,4603170882.7000
2023-10-17,173.3216219800,173.2562211200,176.8626114000,172.4433818600,21558300,4027297387.8200
2023-10-18,172.9385598000,174.0597174000,175.8815985000,171.5371128000,17651925,3284047971.3100
2023-10-19,172.2938941800,170.6962446000,173.4804526400,170.3038394400,17454160,3209465700.0900
2023-10-20,167.2393420000,169.1079380000,175.3583916200,167.2393420000,30026893,5478351217.1200
2023-10-23,168.4539294000,165.6136634800,168.4539294000,164.2495884000,20223321,3597554198.2000
2023-10-24,166.3050440000,164.8288531600,167.4262016000,163.7824394000,24379459,4310104361.2100
2023-10-25,166.4919036000,164.4177620400,167.7064910000,164.1374726400,21534181,3818928277.2300
2023-10-26,162.5678520000,166.3704448600,166.5853334000,157.7188453800,41420567,7175542946.8100
2023-10-27,166.1648993000,172.5835265600,173.6673122400,164.4551339600,47795283,8729936697.8000
2023-10-30,174.7137260000,175.6667099600,177.4045042400,172.6582704000,32259492,6050993028.9600
2023-10-31,174.4147506400,173.4057088000,174.9192715600,172.4714108000,18152535,3369355372.2900
2023-11-01,173.5832254200,175.2182469200,177.7969094000,172.3779810000,19727265,3695120175.7500
2023-11-02,176.1151730000,173.3776798600,177.4045042400,173.3776798600,13762677,2577685558.5000
2023-11-03,173.7794280000,175.1248171200,176.2833466400,172.4714108000,14365450,2683301612.3500
2023-11-06,176.1805738600,184.1314498400,184.1501358000,176.0684581000,34968430,6798069246.6200
2023-11-07,183.1130650200,178.6751495200,183.2251807800,177.6287357600,26080293,5008846046.1500
2023-11-08,177.6847936400,179.2357283200,180.2634561200,177.5166200000,14652166,2809047604.8900
2023-11-09,178.1052277400,178.8713521000,179.9271088400,178.0117979400,10997097,2104229338.2100
2023-11-10,176.5823220000,176.6103509400,177.4885910600,175.6947389000,11609956,2189830819.3500
2023-11-13,179.3852160000,175.5078793000,179.5720756000,174.7324119600,12519595,2362258976.0400
2023-11-14,175.5078793000,171.6118566400,176.3954624000,170.9765340000,23488284,4346598777.4700
2023-11-15,174.6109532200,172.3592950400,176.1992598200,171.5184268400,23807191,4423251194.8200
2023-11-16,173.2935930400,169.2480827000,173.3029360200,168.2670698000,17466200,3180032494.6100
2023-11-17,168.0334953000,168.8556775400,169.3415125000,167.6971480200,11084035,2000359414.0400
2023-11-20,168.8650205200,168.4539294000,169.8553764000,167.2486849800,12408719,2235037632.5800
2023-11-21,170.0422360000,168.7435617800,171.9108320000,168.1829829800,19766221,3601130909.8600
2023-11-22,167.7532059000,165.3707460000,169.3882274000,165.3707460000,18688569,3332638164.0000
2023-11-23,164.4457909800,166.0247546000,166.0247546000,163.3993772200,15720253,2771265524.6300
2023-11-24,165.3987749400,163.5021500000,166.4919036000,163.0350010000,16621248,2918741661.2800
2023-11-27,162.8387984200,159.4846686000,163.0350010000,159.3912388000,18422007,3161041987.5400
2023-11-28,158.8586889400,160.6245121600,160.6712270600,157.7749032600,20210730,3443539749.6600
2023-11-29,159.7649580000,155.8876213000,160.1199912400,155.4391582600,25188527,4235346582.0800
2023-11-30,154.3647155600,156.0277660000,157.5787006800,153.6826780200,23027161,3834512348.6900
2023-12-01,156.2987124200,154.6263190000,156.6817746000,153.6266201400,16962209,2816101715.1600
2023-12-04,152.7577230000,151.0292717000,153.6359631200,150.6462095200,23930401,3892529224.8600
2023-12-05,149.6278247000,148.3758653800,151.7019662600,148.2263777000,24807739,3978910664.0800
2023-12-06,148.2263777000,152.1784582400,155.8969642800,147.8246295600,36769276,6024339619.7500
2023-12-07,151.3562760000,153.6826780200,155.4298152800,150.9825568000,26908427,4410841808.1700
2023-12-08,154.1591700000,152.8418098200,155.4017863400,152.4026897600,24502047,4030383346.8500
2023-12-11,151.3656189800,154.4861743000,154.8038356200,149.6371676800,21489569,3497265739.5000
2023-12-12,153.2248720000,152.8791817400,154.3647155600,152.2718880400,14733877,2415527908.8500
2023-12-13,151.8701399000,148.8803863000,152.8418098200,148.2824355800,25259399,4045085653.7700
2023-12-14,150.3098622400,146.3390957400,150.8797840200,146.1615791200,22751400,3596263195.6300
2023-12-15,146.8716456000,144.8161900000,148.2544066400,144.4424708000,20204635,3158101585.2900
2023-12-18,143.0503667800,137.3137770600,143.5922596200,136.6691114400,42912920,6398809829.4800
2023-12-19,136.6971403800,139.2104020000,140.1260140400,136.6597684600,25185181,3734066912.7800
2023-12-20,139.3972616000,138.6965381000,141.2658576000,138.5750793600,21249368,3174602188.4200
2023-12-21,137.8743558600,144.2462682200,145.1245083400,137.8743558600,42131501,6433383992.7300
2023-12-22,143.4147430000,146.0214344200,148.0021461800,142.2001556000,28032127,4359921761.5200
2023-12-25,145.2833390000,147.1893069200,147.5069682400,144.6293304000,13005608,2036117775.2700
2023-12-26,146.6567570600,145.8719467400,147.1519350000,144.5732725200,12767252,1994477782.0700
2023-12-27,147.1799639400,144.1902103400,147.6190840000,143.7604332600,17356460,2686313989.0600
2023-12-28,144.0874375600,152.2812310200,152.4400616800,143.4801438600,37850179,6079407754.8700
2023-12-29,153.2061860400,152.5334914800,154.1591700000,151.3562760000,22683782,3707101874.0400
2024-01-02,151.5618215600,146.5259553400,151.8514539400,146.3297527600,21403268,3390080350.2100
2024-01-03,145.8439178000,145.5636284000,146.9463894400,144.2556112000,19757581,3070016674.0700
2024-01-04,145.2833390000,141.2658576000,145.4888845600,139.9298114600,27241762,4114835334.9300
2024-01-05,141.0696550200,140.9855682000,144.5639295400,139.6682080200,21035318,3195235676.6700
2024-01-08,140.3315596000,140.1447000000,143.3119702200,139.2851458400,19385405,2926528361.7500
2024-01-09,140.1073280800,138.9301126000,141.4246882600,136.1739335000,23391625,3473507460.2300
2024-01-10,137.2857481200,140.7613366800,143.0503667800,136.9213719000,23211960,3500326619.8900
2024-01-11,140.7613366800,144.6480163600,147.4041954600,138.7525959800,32801802,5037065544.2500
2024-01-12,143.8818920000,144.4704997400,146.9931043400,142.2001556000,25462228,3943737150.6300
2024-01-15,143.4147430000,141.7330066000,143.6016026000,139.5374063000,17272193,2618158007.7200
2024-01-16,141.6956346800,146.6380711000,146.9183605000,140.6679068800,28469270,4421625828.6500
2024-01-17,146.5539842800,142.2375275200,146.5539842800,141.7797215000,21761525,3343384131.7600
2024-01-18,140.2381298000,144.4518137800,145.0030496000,140.1540429800,30778779,4688436698.4100
2024-01-19,143.6950324000,144.7227602000,147.5163112200,143.3213132000,26594908,4136034233.3400
2024-01-22,143.4147430000,145.4328266800,149.4409651000,140.7519937000,40488810,6323471152.6200
2024-01-23,144.8161900000,143.7978051800,148.3665224000,143.1251106200,32305895,5033058276.4000
2024-01-24,144.3490410000,143.3960570400,144.8068470200,139.6868939800,24870983,3776131708.0600
2024-01-25,142.0132960000,144.8161900000,144.9096198000,139.8737535800,29479609,4503492567.8800
2024-01-26,142.4804450000,140.1447000000,144.3303550400,140.1447000000,27181270,4118576147.8100
2024-01-29,139.6214931200,137.3604919600,140.8734524400,137.3604919600,21767500,3235910042.9200
2024-01-30,135.9403590000,131.5024435000,137.7528971200,131.1754392000,32727425,4680164654.3200
2024-01-31,135.4732100000,141.6302338200,142.9102220800,134.5389120000,59522108,8943013792.7600
2024-02-01,141.6208908400,139.2290879600,142.4991309600,138.8179968400,27968844,4197978843.1700
2024-02-02,138.2761040000,136.4075080000,139.2104020000,133.9503042600,30706037,4494266567.6800
2024-02-05,133.2402377800,141.9572381200,144.3490410000,132.9506054000,47132613,7035622773.0500
2024-02-06,141.2565146200,147.9274023400,148.7962994800,140.9108243600,43745926,6828296924.0600
2024-02-07,147.6190840000,149.1139608000,149.2914774200,145.7504880000,36607040,5800699416.4500
2024-02-08,149.0205310000,152.1410863200,154.1591700000,148.4412662400,30901156,5016344779.0400
2024-02-19,154.1217980800,149.5717668200,154.1217980800,148.6374688200,27092476,4355156562.9500
2024-02-20,151.2441602400,147.9274023400,151.2441602400,145.8158888600,22194791,3506366283.1100
2024-02-21,147.0398192400,150.6088376000,152.5708634000,146.0681493200,25782663,4135575623.9600
2024-02-22,150.7302963400,149.8146843000,150.7302963400,148.4412662400,20955947,3349275886.9700
2024-02-23,151.3282470600,149.9548290000,151.3562760000,148.6094398800,21017639,3368773226.4600
2024-02-26,148.7682705400,145.7504880000,149.4783370200,144.5359006000,36066425,5638931754.2900
2024-02-27,144.8909338400,147.4602533400,147.4789393000,144.3864129200,29040075,4531078101.3100
2024-02-28,147.7872576400,146.6941289800,152.5708634000,146.6941289800,40091711,6423464926.2700
2024-02-29,145.8439178000,152.7670659800,153.0099834600,145.4328266800,39167504,6315294345.2700
2024-03-01,152.7857519400,153.7387359000,154.6823768800,151.7299952000,28101336,4610970231.3500
2024-03-04,154.1591700000,153.1314422000,156.8312622800,152.0756854600,26808577,4424835389.7400
2024-03-05,151.4497058000,153.8321657000,154.3460296000,149.4876800000,27549599,4478109343.9100
2024-03-06,151.8981688400,152.8885247200,155.9343362000,151.0759866000,18718009,3067856204.7900
2024-03-07,152.2905740000,149.6278247000,153.3837026600,149.0018450400,22145021,3568786297.0000
2024-03-08,148.6748407400,147.6190840000,150.2351184000,146.3577817000,20217023,3194520067.0200
2024-03-11,154.1591700000,168.9677933000,169.7152317000,153.3183018000,76335047,13248182793.0200
2024-03-12,171.2941953200,173.6299403200,174.1811761400,168.1736400000,62164900,11428112945.3400
2024-03-13,174.7137260000,173.0133036400,175.3583916200,171.2568234000,34795798,6444102061.7200
2024-03-14,172.7423572200,171.7333153800,175.6106520800,170.9391620800,30535646,5642924971.2600
2024-03-15,171.5651417400,169.1079380000,171.8174022000,165.2306013000,35483644,6371462215.2000
2024-03-18,177.5539919200,178.4135460800,181.0295804800,176.5356071000,48305173,9229188790.0800
2024-03-19,177.9744260200,174.9473005000,179.6655054000,174.3400068000,26957576,5099068938.6700
2024-03-20,173.3216219800,177.0307850400,178.6751495200,173.3216219800,21031584,3987105281.5900
2024-03-21,177.0588139800,176.6570658400,179.2731002400,176.6570658400,18756720,3571619013.5900
2024-03-22,176.6664088200,174.2559199800,177.4325331800,172.8357870200,19103367,3563063417.1200
2024-03-25,173.3776798600,172.6582704000,175.8348836000,172.3592950400,16413365,3046334226.2800
2024-03-26,173.4991386000,179.1983564000,180.4409727400,173.4897956200,30247308,5746016495.9500
2024-03-27,179.1422985200,175.6480240000,179.1516415000,175.6480240000,20645704,3910050276.4000
2024-03-28,175.7134248600,176.3767764400,179.1049266000,174.3400068000,20036725,3792149244.8200
2024-03-29,177.7969094000,177.6661076800,182.1881100000,176.9373552400,16464806,3154024728.7300
2024-04-01,181.2538120000,184.8415163200,186.7007693400,180.6932332000,27513187,5438688735.1700
2024-04-02,185.0844338000,186.5793106000,188.3264478600,183.5895570000,24038110,4793028386.5000
2024-04-03,185.8692441200,184.6639997000,185.8785871000,181.8143908000,23489041,4635543375.8300
2024-04-08,184.6639997000,181.8143908000,186.7661702000,181.8143908000,18957556,3729974586.6600
2024-04-09,181.2538120000,183.1224080000,183.5895570000,180.9828655800,14570001,2845224466.8800
2024-04-10,181.3565847800,180.0765965200,182.1881100000,178.9460959400,17961495,3459617610.9100
2024-04-11,178.2734013800,179.9457948000,181.5341014000,174.7137260000,19295444,3681659227.9600
2024-04-12,178.4509180000,176.0124002200,179.3665300400,175.6573669800,16625645,3153751598.8100
2024-04-15,181.1136673000,184.1875077200,184.1875077200,179.2544142800,30548250,5978911501.3200
2024-04-16,185.9253020000,184.1968507000,186.2055914000,182.1133661600,27623120,5450235800.7300
2024-04-17,182.5151143000,183.1130650200,183.9913051400,180.3381999600,21619164,4211033978.0600
2024-04-18,181.2257830600,182.7113168800,184.4771401000,178.8152942200,19539576,3808772286.5100
2024-04-19,180.3755718800,178.2640584000,181.6835890800,177.0588139800,18491472,3533488436.0500
2024-04-22,180.1326544000,178.0771988000,182.0853372200,178.0491698600,15098743,2903026005.6900
2024-04-23,178.5723767400,177.4512191400,179.8523650000,175.5359082400,11113796,2113386949.5100
2024-04-24,179.3852160000,177.1429008000,179.7589352000,174.1531472000,15154279,2865374635.4800
2024-04-25,176.1805738600,180.5063736000,181.5808163000,175.5452512200,16418323,3150746112.0000
2024-04-26,179.3945589800,185.4394670400,185.8131862400,179.3945589800,22488071,4413524312.7100
2024-04-29,187.3921498600,195.8568897400,199.4726230000,186.8596000000,43863035,9119637969.0400
2024-04-30,196.9479164800,193.9232498000,196.9479164800,193.3489460000,21433024,4377316692.3600
2024-05-06,201.9635030000,198.1156675400,202.6335241000,197.2063531900,27099899,5634660009.9100
2024-05-07,197.3499291400,198.0199502400,198.9771232400,196.3640409500,13179902,2722386147.5300
2024-05-08,198.1348110000,194.5262687900,198.9005494000,194.4114080300,12432997,2544539625.5600
2024-05-09,197.4360747100,200.4320262000,201.4944882300,197.3690726000,21921628,4575999960.0600
2024-05-10,200.4320262000,194.7847055000,200.4320262000,194.3061190000,22801132,4675581900.3500
2024-05-13,187.8930599000,190.8124375500,193.1287962100,187.1368932300,22196723,4425713327.7000
2024-05-14,192.0089038000,190.4869987300,192.5832076000,189.6351147600,10694712,2131826963.9100
2024-05-15,190.4869987300,189.4149649700,194.6219860900,189.0416675000,13074116,2607766831.7400
2024-05-16,190.2859924000,191.1187329100,193.0043637200,188.5439375400,15378204,3065019508.6100
2024-05-17,191.1474481000,194.3061190000,194.3061190000,190.0754143400,18496201,3727316446.1000
2024-05-20,198.3262456000,194.7368468500,198.9771232400,194.3156907300,19917171,4083626152.6900
2024-05-21,194.9474249100,192.9277898800,195.8184523400,191.9706168800,12296358,2480343309.6400
2024-05-22,193.8275325000,196.1151759700,198.1348110000,192.9660768000,25236561,5153120079.0700
2024-05-23,195.4547266000,195.5887308200,196.8426274500,194.4305514900,17654820,3602986569.3900
2024-05-24,194.1146844000,192.3726295400,196.0864607800,192.1907666700,15510693,3136303496.7900
2024-05-27,193.1575114000,191.4441717300,193.1575114000,189.9988405000,16361785,3261446783.1300
2024-05-28,190.9177265800,189.3288194000,191.9897603400,189.1373848000,12689994,2517505166.3900
2024-05-29,189.5298257300,190.2764206700,193.8275325000,189.3288194000,13338755,2663801635.2600
2024-05-30,190.5252856500,190.8124375500,192.2769122400,189.1948151800,12784004,2548445865.2400
2024-05-31,190.8124375500,189.2905324800,193.5882392500,189.2905324800,13808627,2760668470.7700
2024-06-03,189.2905324800,193.8275325000,194.8804228000,187.4144734000,18718068,3757638839.5000
2024-06-04,193.3393742700,197.1489228100,198.3645325200,192.3917730000,17714939,3639805938.3100
2024-06-05,196.8904861000,195.3781527600,198.9484080500,195.2728637300,11777390,2420867501.8200
2024-06-06,195.2441485400,196.0194586700,198.0199502400,193.5403806000,12412570,2544442658.2300
2024-06-07,190.3434227800,184.9258236000,193.7796738500,179.5560830700,51686760,10008885040.6400
2024-06-11,180.9056970000,180.6855472100,183.7772160000,176.7037075300,42072363,7876263876.2000
2024-06-12,178.0341780000,177.6513088000,181.6331484800,177.5364480400,20310392,3788449182.2400
2024-06-13,178.9913510000,177.2492961400,181.8724417300,177.1918657600,22117637,4134985666.2200
2024-06-14,178.1298953000,176.9717159700,178.5893383400,170.9319543400,37184949,6764196086.1300
2024-06-17,174.7319311500,180.1399586000,182.3414565000,174.5022096300,26929318,5044213365.1600
2024-06-18,180.0920999500,182.1787370900,182.3127413100,179.0104944600,15652909,2959271843.3200
2024-06-19,182.4371738000,180.9152687300,182.5328911000,179.6422286400,10753975,2030697600.0400
2024-06-20,181.8532982700,179.9389522700,181.9681590300,179.0870683000,11562370,2172637229.0500
2024-06-21,180.2452476300,177.2301526800,180.8674100800,174.5596400100,18467717,3416688219.7600
2024-06-24,175.1626590000,178.9722075400,179.9389522700,175.1626590000,18035490,3363422625.7200
2024-06-25,178.9913510000,178.3404733600,181.0971316000,177.6513088000,14414412,2696969882.2400
2024-06-26,177.1918657600,177.5651632300,178.6371969900,175.3540936000,10481398,1940490559.3800
2024-06-27,177.5651632300,177.0770050000,177.9193172400,175.1722307300,12653577,2330478210.9500
2024-06-28,175.9283974000,172.3198551900,177.5364480400,172.1379923200,19420506,3539244333.2200
2024-07-01,171.5158298700,168.5294501100,171.6019754400,163.8393024100,26995744,4709620520.8500
2024-07-02,166.4045260500,168.5390218400,169.3813340800,164.7390450300,14415586,2529552189.4800
2024-07-03,169.4196210000,171.8125535000,174.6840725000,168.7591716300,16205321,2906473773.9700
2024-07-04,172.6644374700,171.9082708000,175.1530872700,171.5254016000,11834646,2137596470.1800
2024-07-05,173.2483130000,170.0130682600,174.6745007700,168.9410345000,13524707,2414693953.9600
2024-07-08,168.4720197300,168.3763024300,170.7309480100,167.5148467300,10806397,1907514420.0000
2024-07-09,167.7924269000,168.2422982100,169.7067729000,165.6770745700,16443915,2876833389.6200
2024-07-10,167.5148467300,165.6387876500,172.3772855700,165.6387876500,17772919,3123226777.3800
2024-07-11,167.5052750000,169.4291927300,171.3148235400,166.0599437700,20811148,3678618339.7000
2024-07-12,170.2332180500,172.0997054000,173.9853362100,169.4196210000,19550460,3523525353.7100
2024-07-15,170.6639459000,170.4916547600,172.2432813500,169.5249100300,11469696,2041627402.3400
2024-07-16,169.8982075000,171.6211189000,172.7697265000,169.7067729000,15148737,2710034963.0500
2024-07-17,170.3767940000,173.1430239700,174.8372201800,168.4050176200,18590141,3346445646.3700
2024-07-18,172.2911400000,180.2835345500,181.0014143000,171.9848446400,31994401,5957621426.2100
2024-07-19,178.3691885500,181.3268531200,181.9490155700,178.2256126000,20847631,3929663334.9300
2024-07-22,183.0019058700,181.4034269600,185.8638531400,179.3742202000,17168252,3259890052.7800
2024-07-23,180.9152687300,178.2256126000,181.5757181000,178.2256126000,11903104,2233862306.3000
2024-07-24,178.0341780000,178.3404733600,180.9918425700,177.4503024700,14468136,2708577542.7200
2024-07-25,178.1490387600,179.6900872900,182.5616062900,177.1344353800,20595888,3863507112.2400
2024-07-26,181.8628700000,181.2407075500,185.0215409000,179.9963826500,23347718,4436931314.6600
2024-07-29,178.9913510000,176.6271336900,178.9913510000,172.2911400000,21362366,3918833597.9600
2024-07-30,175.3732370600,176.9717159700,177.3928720900,175.3732370600,12725163,2349179517.9500
2024-07-31,174.2054860000,178.3309016300,178.8764902400,174.2054860000,19896940,3690880179.0300
2024-08-01,177.0770050000,172.5782919000,178.0341780000,172.3868573000,23012659,4180640117.6700
2024-08-02,171.3339670000,169.5057665700,172.2911400000,169.1707560200,15493685,2753866402.3200
2024-08-05,167.5148467300,169.4196210000,172.4730028700,167.5052750000,19347659,3451887572.3200
2024-08-06,170.7692349300,167.4574163500,171.7072644700,166.2705218300,15768703,2771240102.2900
2024-08-07,167.4574163500,166.2322349100,168.6825977900,166.2322349100,12753959,2230380711.0600
2024-08-08,165.6005007300,165.0166252000,166.1652328000,162.8342707600,14658996,2520197340.4500
2024-08-09,166.1652328000,162.7194100000,167.3808425100,162.7194100000,15412989,2646422840.3100
2024-08-12,163.2649986100,161.7622370000,163.7914437600,159.6564564000,17415581,2934605437.6300
2024-08-13,161.6569479700,166.3375239400,167.4669880800,161.1687897400,19389256,3336604796.2400
2024-08-14,165.5813572700,164.8347623300,166.9788298500,164.3657475600,9966285,1720375362.2300
2024-08-15,164.6337560000,165.9737982000,167.1224058000,163.9541631700,14481202,2511442939.3900
2024-08-16,165.9737982000,166.1843762600,168.4624480000,165.4760682400,11150641,1941327488.9800
2024-08-19,165.9259395500,168.0795788000,170.3193636200,165.7345049500,14035843,2473581500.6300
2024-08-20,167.5052750000,167.3808425100,168.4624480000,166.2226631800,8436955,1475662465.9200
2024-08-21,166.5481020000,166.5576737300,167.8977159300,164.6337560000,11147405,1940113037.7200
2024-08-22,167.4861315400,171.1425324000,172.2624248100,166.8352539000,19901136,3536569763.9200
2024-08-23,169.4196210000,174.0140514000,174.7032159600,169.4196210000,18415176,3332172741.0900
2024-08-26,174.1097687000,176.0432581600,176.6558488800,173.2483130000,14838749,2717728514.0100
2024-08-27,174.7032159600,175.6412455000,176.5888467700,173.7268995000,9976992,1827225122.2600
2024-08-28,174.9712244000,174.9903678600,175.8231083700,173.5163214400,10639015,1940292275.3000
2024-08-29,171.4966864100,173.0568784000,175.1530872700,171.4966864100,15670242,2839993927.1700
2024-08-30,173.0568784000,176.4452708200,177.9958910800,173.0568784000,25429171,4689604094.3200
2024-09-02,176.5409881200,173.4301758700,177.6417370700,173.2483130000,12985176,2371406001.7800
2024-09-03,172.5782919000,177.6991674500,178.7041991000,172.3102834600,18196886,3362146073.3300
2024-09-04,177.3833003600,179.1349269500,180.9056970000,176.9334290500,16564524,3101382415.2900
2024-09-05,179.1349269500,178.7999164000,181.4321421500,177.8427434000,12318215,2302962597.2300
2024-09-06,178.1490387600,177.9863193500,180.4271105000,177.4598742000,7525486,1404159124.5100
2024-09-09,177.1822940300,177.2205809500,180.5802581800,175.6125303100,13475355,2494206446.2000
2024-09-10,177.5555915000,173.4014606800,177.5555915000,173.2961716500,15424413,2809100737.4500
2024-09-11,174.5883552000,178.5701948800,179.7379459400,173.4014606800,21197083,3938430662.6400
2024-09-12,179.9485240000,181.2407075500,183.9303636800,178.7137708300,20709986,3931885572.8300
2024-09-13,180.7908362400,175.6412455000,180.7908362400,175.6412455000,17287288,3202147524.2700
2024-09-18,175.7369628000,178.4170472000,179.4029353900,175.4402391700,11377895,2116044596.2200
2024-09-19,178.9913510000,178.8956337000,180.1591020600,175.7369628000,15769409,2940618896.6400
2024-09-20,178.8956337000,177.6513088000,179.8528067000,175.8135366400,15502703,2874252971.7400
2024-09-23,178.6659121800,180.1399586000,181.3172813900,177.5555915000,15792549,2968348168.2200
2024-09-24,183.7389290800,189.0608109600,189.6829734100,180.8004079700,35451735,6891613101.7300
2024-09-25,198.5081084700,194.4018363000,198.5176802000,193.9136780700,42010119,8606648805.9500
2024-09-26,194.9761401000,196.7086232300,198.4506780900,190.4104248900,35489346,7190132217.1900
2024-09-27,202.9206760000,217.0964081300,221.7578406400,202.6048089100,70181326,15567947397.4300
2024-09-30,223.0404524600,241.1023069700,244.0791150000,222.0641360000,91361145,22246725636.1500
2024-10-08,283.3232080000,286.1947270000,288.5876595000,256.1969251800,137646479,39285155658.4100
2024-10-09,267.9127227000,244.0791150000,267.9988682700,244.0791150000,108691594,29017394644.9200
2024-10-10,244.0791150000,246.9506340000,254.5984462700,239.4463976800,60833833,15786972610.8900
2024-10-11,244.5577015000,231.4348596700,244.5577015000,227.7401718900,47640230,11668275358.2100
2024-10-14,239.2836782700,239.0252415600,241.9733344000,234.4499546200,46759863,11671765786.3800
2024-10-15,239.1113871300,230.8892710600,240.0972753200,230.8031254900,32765334,8057930637.1400
2024-10-16,228.5920558600,223.8349060500,228.5920558600,223.3371760900,33585954,7918107275.6600
2024-10-17,223.9784820000,221.5855495000,228.6494862400,220.9729587800,26164672,6135626737.1500
2024-10-18,220.1497900000,239.1879609700,247.7929462400,219.7669208000,68013787,16734812130.4700
2024-10-21,247.9078070000,242.5093512800,251.2866276900,240.9683027500,58455809,14972853360.1700
2024-10-22,243.1219420000,239.8196951500,243.6579588800,236.6705959800,27876033,6986426718.6000
2024-10-23,237.1970411300,238.6232289000,244.0216846200,236.2877267800,32154122,8076690148.3200
2024-10-24,239.0731002100,235.6177056800,240.7290095000,234.5073850000,21465790,5297733385.7300
2024-10-25,241.5330348200,247.7929462400,253.6508450000,235.7517099000,57898551,14887536977.8900
2024-10-28,245.1607204900,245.2660095200,247.5345095300,242.1647690000,27601935,7053002719.8300
2024-10-29,245.2660095200,240.9970179400,246.6730538300,240.4801445200,26994808,6853075171.3900
2024-10-30,239.2932500000,237.4076191900,241.4947479000,234.0287985000,27134374,6734690047.3300
2024-10-31,236.4121592700,235.4454145400,239.7718365000,233.5502120000,25500279,6286268642.6700
2024-11-01,235.9718596900,235.6559926000,239.1209588600,234.6796761400,25915829,6418140472.7700
2024-11-04,233.5502120000,240.4418576000,243.4090939000,233.5502120000,24247222,6074686403.4000
2024-11-05,239.8484103400,250.1954504700,251.5642078600,238.4605094900,48482094,12547431634.8200
2024-11-06,247.8982352700,245.5148745000,257.9581235000,242.6433555000,45239310,11840068810.2200
2024-11-07,246.9506340000,251.5450644000,251.5450644000,243.0070812400,33571027,8698717048.5000
2024-11-08,258.1112711800,246.4720475000,260.3510560000,246.0891783000,40294127,10612727375.4100
2024-11-11,241.5426065500,256.0437775000,257.4699652700,240.2599947300,49153907,12844920271.7900
2024-11-12,266.3621024400,261.3273724600,272.9857396000,259.3747395400,74403008,20764206510.3800
2024-11-13,257.4795370000,269.9227860000,275.8572586000,255.3450412100,55773688,15410247017.5500
2024-11-14,270.8799590000,263.2225750000,272.7847332700,262.8971361800,42657210,11940874423.6000
2024-11-15,257.9581235000,254.1868618800,263.2225750000,254.1868618800,35198317,9488134617.7700
2024-11-18,254.1868618800,251.6599251600,259.3460243500,249.8221530000,30650010,8135717135.8600
2024-11-19,250.7984694600,257.2115285600,260.3510560000,246.9506340000,34812887,9211079120.5100
2024-11-20,255.5173323500,256.0916361500,258.3409927000,253.2679758000,22708778,6060616028.9200
2024-11-21,254.2825791800,256.7712289800,259.8054673900,252.3682331800,20550827,5510533650.3900
2024-11-22,256.4553618900,248.0035243000,257.4795370000,247.7929462400,22555101,5937579845.2100
2024-11-25,251.7939293800,252.7893893000,255.1440348800,249.9944441400,26239071,6923644963.0300
2024-11-26,250.3677416100,245.7254525600,252.6649568100,244.7108491800,27360405,7076484876.2400
2024-11-27,243.7919631000,248.7692627000,249.7264357000,240.7002943100,27400665,7033615361.6900
2024-11-28,248.0992416000,243.7919631000,248.4151086900,242.6433555000,22355598,5728197559.5300
2024-11-29,240.4705727900,250.0518745200,256.5127922700,240.4705727900,31366272,8192074188.2600
2024-12-02,247.5632247200,250.9611888700,252.2629441500,246.1944673300,20647547,5387882833.8500
2024-12-03,249.8221530000,250.6261783200,251.7269272700,247.9078070000,17310789,4514867561.7200
2024-12-04,248.8649800000,247.8790918100,250.7793260000,246.4720475000,16181395,4186965339.3800
2024-12-05,246.9410622700,245.0362880000,247.8599483500,244.0886867300,16021580,4109014221.9500
2024-12-06,245.0362880000,255.1344631500,258.3409927000,244.0791150000,33038136,8719647873.9700
2024-12-09,255.5556192700,256.5702226500,258.1112711800,253.0861129300,22456090,6005103478.7000
2024-12-10,269.2336214400,258.9822986100,269.4441995000,257.7954040900,32904436,9035442039.7100
2024-12-11,262.2271150800,255.6609083000,267.5298535000,255.1057479600,19400821,5262014871.7500
2024-12-12,254.5123007000,261.9878218300,263.5863007400,253.8422796000,22329514,6055502392.4900
2024-12-13,258.3218492400,255.5939061900,260.3510560000,254.6080180000,28316441,7596460114.5600
2024-12-16,254.8185960600,255.7566256000,257.9581235000,252.7415306500,16257508,4333963457.3000
2024-12-17,255.5651910000,262.0739674000,266.0940940000,255.1248914200,28214610,7746201690.5200
2024-12-18,262.5621256300,259.7863239300,262.9641382900,258.7334336300,15085329,4110472402.5500
2024-12-19,257.7284019800,258.2357036700,260.6860665500,255.2014652600,15346018,4137668599.4500
2024-12-20,258.2357036700,251.4589188300,259.2024484000,249.1712753600,27740098,7313368050.8100
2024-12-23,251.4589188300,252.2150855000,257.3646762400,251.4589188300,20639383,5482614221.4300
2024-12-24,251.7364990000,256.7425137900,256.7616572500,251.7364990000,19615352,5229920631.8400
2024-12-25,257.3933914300,256.4936488100,259.3077374300,254.8568829800,11413810,3058526680.1000
2024-12-26,255.7566256000,250.0614462500,255.7566256000,249.8221530000,22443762,5898437344.1600
2024-12-27,249.4105686100,250.7793260000,252.1385116600,244.0791150000,24351918,6338085456.5800
2024-12-30,249.7072922400,255.1631783400,256.0437775000,249.3531382300,22631352,6013633016.5700
2024-12-31,253.7369905700,254.6080180000,258.9152965000,253.7369905700,24933952,6694555730.6700
2025-01-02,254.8473112500,247.6972289400,254.8951699000,245.9934610000,23354576,6090661831.1700
2025-01-03,247.6972289400,246.5964799900,251.7364990000,246.1944673300,18523758,4812148522.4200
2025-01-06,246.9506340000,245.7541677500,248.8649800000,242.1647690000,17289077,4433101113.4700
2025-01-07,232.5930390000,238.7668048500,241.2075960000,230.7552668400,40103599,9934923663.6000
2025-01-08,235.4549862700,234.8328238200,237.6756276300,232.8993343600,27185752,6681628785.1100
2025-01-09,231.0137035500,236.7375980900,239.5325432500,230.8318406800,16932878,4168600175.9200
2025-01-10,235.9431445000,235.4645580000,239.2453913500,234.2010896400,14729433,3643092329.0800
2025-01-13,233.0716255000,236.3355854300,239.2932500000,231.6358660000,18092226,4467775090.6500
2025-01-14,237.1013238300,245.2277226000,245.9934610000,234.7083913300,20246734,5108567634.5200
2025-01-15,245.2277226000,240.1259905100,245.4191572000,238.9773829100,15062665,3798504600.2300
2025-01-16,241.2075960000,239.2262478900,243.6962458000,237.6277689800,16188378,4056598313.8900
2025-01-17,237.8574905000,240.7290095000,242.6433555000,237.4554778400,11106600,2786220135.4000
2025-01-20,245.5148745000,254.1485749600,256.1490665300,245.3330116300,34283497,9048642227.0100
2025-01-21,257.0009505000,252.8659631400,257.2498154800,251.9470770600,13893306,3681448144.1300
2025-01-22,250.7793260000,246.9506340000,253.5551277000,243.3229483300,25040737,6440345376.1600
2025-01-23,248.7214040500,246.4720475000,251.2579125000,245.9743175400,16553688,4291744662.3500
2025-01-24,246.2219696700,250.6557155400,254.6566662600,246.2219696700,22439796,5876198259.6400
2025-01-27,250.6653332100,247.1741190000,252.9158679900,247.1741190000,17102637,4460049868.7900
2025-02-05,250.0594200000,242.4806960400,251.9829540000,241.4516053500,24048140,6141794779.1800
2025-02-06,241.4035170000,243.4232277000,243.7983168300,239.6723364000,24896101,6261792979.6800
2025-02-07,247.1741190000,251.2904817600,252.5215435200,241.9998125400,34441254,8922582684.0600
2025-02-10,251.2904817600,248.5686811500,251.4732174900,245.4237030600,22926710,5928297100.6500
2025-02-11,250.4825974800,242.1729306000,250.5403035000,241.4612230200,24791980,6268157349.5100
2025-02-12,240.4513676700,245.5391151000,246.2123520000,237.6333903600,27382214,6902713445.3900
2025-02-13,246.2027343300,251.3962761300,253.8968703300,245.3467617000,37534967,9803005760.9800
2025-02-14,251.5309235100,259.3981775700,262.5623910000,251.5309235100,38780030,10409880413.1300
2025-02-17,264.3897483000,259.1000298000,264.3897483000,255.8492573400,24182960,6513084025.5500
2025-02-18,262.5239203200,260.4176505900,264.9668085000,258.7153230000,23845755,6497674092.8200
2025-02-19,258.3017631900,263.0913628500,265.4476920000,258.2825278500,20445539,5580141095.9800
2025-02-20,262.3700376000,259.8694434000,262.3700376000,256.7917890000,19589001,5267400818.8100
2025-02-21,258.3113808600,265.0148968500,266.2940469600,257.5419672600,30951906,8443562273.0900
2025-02-24,262.5720086700,261.1197405000,264.1973949000,257.9074387200,27753762,7510840227.9000
2025-02-25,257.2534371600,259.1769711600,263.5241580000,254.3969891700,23209375,6243748571.2600
2025-02-26,261.0716521500,258.3498515400,262.4469789600,256.9649070600,21173074,5698649749.8600
2025-02-27,259.9367670900,259.6770900000,261.3120939000,257.4361728900,23185110,6250587949.6900
2025-02-28,259.2923832000,254.1950181000,260.9370047700,253.5313988700,22265458,5935077344.8500
2025-03-03,254.8682550000,263.0721275100,268.6215231000,252.2137780800,38736403,10603328988.1200
2025-03-04,259.6770900000,252.9447210000,260.6388570000,252.6850439100,26836542,7115460892.0900
2025-03-05,252.9447210000,251.0115693300,253.8006936300,248.6167695000,20869610,5438997025.6000
2025-03-06,252.2233957500,254.2046357700,255.3779915100,251.0211870000,25027321,6601078271.8700
2025-03-07,252.9062503200,250.7903629200,253.5025458600,248.7898875600,22287108,5812794648.7500
2025-03-10,251.7906006000,246.6932355000,251.8483066200,243.9137288700,28675074,7355227161.0500
2025-03-11,243.3943746900,245.4429384000,245.7314685000,243.3751393500,17135077,4355529582.6900
2025-03-12,246.2219696700,244.7697015000,246.8086475400,241.8747828300,19914690,5058919203.7600
2025-03-13,244.2888180000,243.5386397400,249.2900064000,243.3270510000,16885150,4316530458.8900
2025-03-14,243.3270510000,251.9829540000,254.7239899500,242.9904325500,35108935,9148092796.9400
2025-03-17,253.0408977000,246.2123520000,255.3202854900,245.9622925800,33515486,8685706367.0600
2025-03-18,248.1358860000,247.1741190000,250.8095982600,245.7314685000,22576732,5817534421.1700
2025-03-19,247.3664724000,255.2433441300,256.7629359900,246.9625302600,36954120,9737109378.5400
2025-03-20,255.2433441300,252.1272190500,256.3109055000,251.0404223400,14424653,3794188019.6400
2025-03-21,252.6369555600,246.2123520000,254.4162245100,245.8949688900,19432006,5026360931.8800
2025-03-24,247.8473559000,248.2897687200,249.0784176600,246.4816467600,16730217,4311680872.5800
2025-03-25,247.8569735700,249.5593011600,250.0594200000,245.5294974300,12785778,3303477319.9800
2025-03-26,249.4823598000,247.0971776400,252.6561909000,246.8855889000,12904626,3336108307.5800
2025-03-27,246.3950877300,248.9822409600,252.7523676000,244.5292597500,14179206,3675726420.1000
2025-03-28,246.3181463700,246.9817656000,248.9822409600,246.0199986000,11242068,2888588257.9100
2025-03-31,246.2700580200,243.2693449800,248.1166506600,242.4806960400,19463355,4951863265.8500
2025-04-01,243.2693449800,239.5376890200,244.7697015000,239.0760408600,19416208,4862442756.2100
2025-04-02,240.6341034000,239.6146303800,242.8076968200,238.0950385200,13732112,3433096886.4500
2025-04-03,235.6329150000,233.7863223600,238.2296859000,233.2765858500,23281639,5693962717.1700
2025-04-07,217.4459010300,206.9914937400,221.2064100000,201.1150973700,72364582,15811389636.0400
2025-04-08,211.5406516500,210.6750613500,216.3975750000,208.1263788000,47659421,10471952816.2700
2025-04-09,204.7794296400,203.3079261300,210.3865312500,202.0576290300,53602339,11459705354.4600
2025-04-10,212.5505070000,209.6459706600,214.2720699300,207.2223178200,37274119,8168675412.1800
2025-04-11,207.7416720000,215.4358080000,216.9265468500,206.4913749000,30299115,6696905324.8700
2025-04-14,218.4653740500,215.4358080000,219.2828760000,214.1662755600,20696504,4642121045.0100
2025-04-15,217.3593420000,219.4271410500,221.6392051500,216.5129870400,26686542,6087451729.5000
2025-04-16,218.3211090000,216.2917806300,218.4942270600,213.0794788500,21655096,4838764472.0100
2025-04-17,214.4740410000,217.3593420000,218.6384921100,213.7238627400,15737659,3551280611.3400
2025-04-18,216.5995460700,216.8399878200,217.8402255000,215.1088072200,11512794,2588857714.9300
2025-04-21,216.8399878200,222.5144131200,226.0152450000,215.6089260600,22008191,5088523082.0800
2025-04-22,225.6341400000,226.3110424200,226.7721208800,222.8872896000,16935423,3885729764.4400
2025-04-23,230.5392300000,228.9205503000,234.2180475000,228.5771940000,19197980,4507058716.1300
2025-04-24,230.0487210000,232.3737336600,234.1297558800,227.8414305000,18155439,4297351278.4700
2025-04-25,232.6974696000,232.1088588000,233.4038025600,230.6275216200,12761989,3016796564.9800
2025-04-28,233.7275385000,230.3920773000,233.7373486800,228.7733976000,14312432,3357178149.0800
2025-04-29,229.5582120000,227.6256065400,230.3430264000,226.3404729600,16742435,3892978723.5700
2025-04-30,228.6262449000,227.1056670000,229.9309988400,227.1056670000,15632835,3635403837.2800
2025-05-06,229.4699203800,227.2331993400,231.8145534000,226.8113616000,19687679,4591289270.2200
2025-05-07,231.9617061000,234.0807049800,236.3076158400,231.5987294400,31280985,7444719326.7500
2025-05-08,234.9440008200,239.9275722600,243.9595562400,233.4626636400,31285640,7666995082.2800
2025-05-09,241.3990992600,243.5573388600,245.0288658600,240.0060537000,23693317,5858468263.5900
2025-05-12,250.1595900000,252.1216260000,253.0928338200,248.1975540000,30231506,7731591601.2700
2025-05-13,257.0267160000,253.8580278600,257.0267160000,250.1792103600,20480591,5281511474.7800
2025-05-14,253.8580278600,257.6153268000,259.4400202800,251.1504181800,23146307,6020688165.3100
2025-05-15,257.6349471600,255.2412632400,257.8802016600,254.6722728000,14111893,3685574613.8400
2025-05-16,254.2210045200,254.4368284800,256.7618411400,252.8377691400,18900058,4904611047.5700
2025-05-19,255.5551890000,255.0646800000,255.5944297200,252.3865008600,16974017,4399897902.7600
2025-05-20,259.4203999200,258.0077340000,260.4602790000,250.3557936000,34642364,9053425367.2600
2025-05-21,261.9219958200,268.8774134400,274.6752298200,260.7545844000,56524517,15470587405.4600
2025-05-22,272.5268004000,265.2378366600,272.6641429200,263.1776988600,27608118,7470701466.9200
2025-05-23,265.8656881800,261.9219958200,268.7989320000,261.8827551000,23000352,6218224096.6300
2025-05-26,259.9697700000,251.0425062000,261.3235748400,248.0994522000,33012215,8477228630.0100
2025-05-27,251.0326960200,249.1687618200,252.3276397800,247.5991330200,17667995,4491281265.9800
2025-05-28,250.7580109800,248.7861648000,253.3675188600,248.5114797600,15456265,3946773465.4900
2025-05-29,248.1975540000,247.0693833000,249.1589516400,244.2734820000,21788285,5487937547.6400
2025-05-30,246.1374162000,245.2545000000,247.8541977000,242.7725244600,20433747,5107325147.8500
2025-06-03,247.2165360000,246.3826707000,249.0804702000,245.6861479200,15841166,3989341996.1600
2025-06-04,247.7070450000,246.2845689000,248.7861648000,245.9412126000,13040195,3285855858.9400
2025-06-05,246.5886844800,246.7260270000,247.6481839200,243.5573388600,13525851,3386751734.8200
2025-06-06,247.2165360000,244.1557598400,248.5212899400,243.7829730000,16551474,4138221069.7300
2025-06-09,244.1557598400,240.9184004400,246.1177958400,240.8399190000,18549757,4593124638.4900
2025-06-10,240.3494100000,238.5247165200,242.1741034800,237.6221799600,13932459,3406606343.2100
2025-06-11,241.4187196200,245.7450090000,247.6481839200,240.1532064000,27993404,7006354612.9300
2025-06-12,247.2165360000,245.0681065800,247.7070450000,244.0478478600,17569617,4386403720.6100
2025-06-13,243.3905658000,243.4886676000,245.6567173800,241.6934046600,17403245,4322411795.8800
2025-06-16,243.2924640000,241.9778998800,243.9791766000,241.1342244000,12217571,3013514215.1100
2025-06-17,242.2722052800,241.5854926800,243.7143017400,240.5652339600,9765024,2407928749.8000
2025-06-18,242.2918256400,240.9085902600,244.8424724400,240.9085902600,10460561,2586543839.2900
2025-06-19,240.6437154000,237.5044578000,241.4873908800,237.0139488000,14798456,3604508604.0000
2025-06-20,236.4841990800,235.6993846800,238.5050961600,234.9538110000,13688340,3293985956.9700
2025-06-23,234.7576074000,235.0617229800,236.0329308000,233.5117145400,12709927,3040680713.4600
2025-06-24,236.0133104400,241.2519465600,243.3709454400,236.0133104400,23501081,5767361453.6700
2025-06-25,241.8209370000,250.0614882000,251.0228858400,241.3304280000,31537723,7930320892.2000
2025-06-26,251.0228858400,247.9915402200,251.4251032200,247.5697024800,19914530,5062386536.5800
2025-06-27,251.6311170000,246.2257078200,252.5630841000,245.3624119800,23620067,5985026676.0600
2025-06-30,246.7260270000,247.4323599600,248.6880630000,244.9601946000,17623370,4434817078.0900
2025-07-01,247.7070450000,246.7260270000,247.9424893200,245.1367778400,9532258,2395104336.3900
2025-07-02,246.7260270000,245.6959581000,247.2263461800,244.4598754200,11571374,2897311834.3900
2025-07-03,246.6965964600,257.6055166200,258.2137477800,245.8333006200,33803747,8746803693.2200
2025-07-04,259.9795801800,260.7545844000,264.8552396400,256.0260776400,27206013,7214227943.1600
2025-07-07,260.7545844000,255.9377860200,263.7761198400,253.9659398400,17466498,4568972964.9700
2025-07-08,255.7513926000,258.3118495800,260.8526862000,254.8880967600,15592292,4104293094.0400
2025-07-09,257.2229196000,265.6596744000,269.2502002800,257.1248178000,29388371,7948423738.8400
2025-07-10,269.7701398200,266.8368960000,269.7701398200,263.4033330000,24239349,6594201202.2400
2025-07-11,266.3463870000,266.3463870000,268.7989320000,264.9729618000,21328153,5798544034.0200
2025-07-14,265.8558780000,263.4033330000,266.1698037600,261.0488898000,14978884,4013693003.0200
2025-07-15,263.4033330000,262.6675695000,267.3274050000,260.9507880000,16952649,4553827628.4100
2025-07-16,263.4033330000,259.3811592000,263.5995366000,258.0469747200,15626479,4135841242.0900
2025-07-17,260.3327466600,260.4602790000,262.6675695000,259.3419184800,14511017,3852746250.9600
2025-07-18,263.5995366000,266.0520816000,267.2783541000,260.7545844000,22186558,5981601234.6800
2025-07-21,271.7419860000,274.3514938800,276.6470760000,268.3574739000,32486275,9047295148.5300
2025-07-22,274.6850400000,281.2186198800,284.4952200000,273.8806052400,33309029,9468912161.3300
2025-07-23,282.6901468800,281.5717863600,285.2309835000,281.1499486200,20018974,5772653125.6100
2025-07-24,283.5142020000,279.7863336000,283.7104056000,277.5398023800,22389114,6394082072.2600
2025-07-25,279.7863336000,277.4318904000,279.7863336000,276.4018215000,13432601,3802835260.3500
2025-07-28,277.6477143600,280.8654534000,283.6024936200,275.9603634000,23897336,6830867028.9800
2025-07-29,281.2578606000,286.2806727600,286.4572560000,281.2382402400,23394555,6785427583.3000
2025-07-30,286.6534596000,271.8302776200,286.6534596000,271.1141344800,41594301,11712764593.4000
2025-07-31,275.4698544000,259.5969831600,276.6274556400,259.5969831600,44710355,12088514551.3500
2025-08-01,259.7735664000,258.0764052600,261.5393988000,257.7624795000,25250002,6682814646.1100
2025-08-04,258.0077340000,261.4216766400,262.9128240000,256.7324106000,23768168,6286238371.4100
2025-08-05,262.4223150000,260.6564826000,263.8938420000,258.4982430000,21976040,5844478669.6200
2025-08-06,260.1855939600,259.9697700000,261.8337042000,258.2333681400,15323311,4058482395.7200
2025-08-07,259.9697700000,258.0567849000,261.4314868200,257.2229196000,16548104,4363462114.2800
2025-08-08,258.9887520000,258.4786226400,261.1077508800,257.0365261800,17428216,4604736202.8800
2025-08-11,258.4786226400,258.6552058800,261.0979407000,257.5172250000,21330876,5627553110.2300
2025-08-12,258.4982430000,258.2529885000,260.1463532400,252.8279589600,22240739,5829140856.3600
2025-08-13,259.7441358600,268.4065248000,269.7799500000,259.4890711800,39466769,10661084796.9300
2025-08-14,271.6340740200,274.5771280200,276.6470760000,269.2698206400,37170757,10378442059.4300
2025-08-15,273.0957908400,275.3423220600,276.9413814000,270.8590698000,24109169,6735591187.3000
2025-08-18,275.3423220600,277.6280940000,280.0610186400,272.7426243600,28528793,8056186541.6600
2025-08-19,277.6280940000,272.5268004000,278.6091120000,270.9767919600,24428585,6816442573.3900
2025-08-20,273.2159550000,274.8897104000,275.6675143800,267.8500921000,23353492,6414344336.6000
2025-08-21,274.9586297400,274.6927980000,277.4495716000,273.7082360000,18269814,5103914720.5000
2025-08-22,274.6238786600,282.7465151600,284.8830147000,274.2989732000,26421851,7543698627.9800
2025-08-25,285.5229800000,285.7986573600,289.3430805600,282.3526903600,31229720,9046692965.1400
2025-08-26,282.5889852400,285.0306990000,286.4976963800,281.1712159600,23024462,6648848315.0900
2025-08-27,284.5384180000,274.0036046000,285.0700814800,273.8953027800,38258429,10859010299.8800
2025-08-28,271.7981857200,273.1273444200,274.6829523800,268.5097486400,30466401,8407974991.2100
2025-08-29,274.0134502200,301.4531931600,311.7714029200,273.6590079000,78013892,23482893636.7300
2025-09-01,301.7682530000,299.3068480000,302.1620778000,294.6794066000,42996421,13012795663.3200
2025-09-02,299.3363848600,298.1942929400,306.2972382000,294.4135748600,37116889,11289093082.8300
2025-09-03,298.8145670000,304.2296580000,306.8387473000,298.3518228600,50897473,15640548986.1700
2025-09-04,308.6306501400,299.3363848600,318.3384314600,295.9888740600,65754754,20442631453.0800
2025-09-05,295.2701438000,320.0909518200,320.0909518200,295.1913788400,70819779,22440211715.7400
2025-09-08,328.8437080000,320.3469379400,332.4373593000,318.5058070000,58834578,19349632049.4700
2025-09-09,317.8166136000,315.0598400000,329.4147539600,312.2636839200,43402397,14085497657.5900
2025-09-10,313.0808703800,311.1609744800,317.0289640000,308.1679060000,36752683,11649703595.3700
2025-09-11,310.6785391000,317.5704731000,317.9938347600,304.2690404800,38034460,12060756826.8300
2025-09-12,320.8687558000,319.9826500000,324.8070038000,317.2258764000,33871316,11031032652.9800
2025-09-15,340.6682976200,349.2241414000,365.7844742400,338.7090192400,71841023,25586615240.5300
2025-09-16,350.6123738200,347.9639020400,353.4577580000,343.1198570000,37744465,13325722241.6400
2025-09-17,351.2917216000,371.2783302000,375.9845365600,348.5349480000,54377100,20113064234.2100
2025-09-18,368.8070795800,361.2259521800,374.1335600000,355.2299696000,51889690,19308545613.5400
2025-09-19,359.3651300000,362.8012513800,369.9097890200,356.1357666400,33914886,12515443886.5600
2025-09-22,364.7802210000,364.3371681000,366.9659486400,357.1794023600,28527763,10474484764.4100
2025-09-23,362.3188160000,362.4665003000,371.1404915200,354.4423200000,34849315,12813882349.6300
2025-09-24,365.2725020000,374.0646406600,374.1335600000,360.4087657200,38314548,14311189086.3600
2025-09-25,370.7860492000,386.7851817000,396.3748155800,370.6580561400,46639338,18251421707.6000
2025-09-26,385.9679952400,374.5273848000,393.8149543800,374.1335600000,36263326,14106499741.5300
2025-09-29,380.3756830800,391.2354019400,393.7164981800,380.0507776200,38964745,15381134070.0900
2025-09-30,389.8865520000,395.7939240000,402.5677105600,389.8865520000,33031310,13278445666.9300
2025-10-09,393.8051087600,403.5621181800,417.8087303200,393.5688138800,41208823,16989122538.1300
2025-10-10,394.8093620000,376.0534559000,397.5661356000,373.1588436200,53311798,20684330795.0500
2025-10-13,357.2581673200,368.7184690000,378.6625452000,357.2581673200,47150998,17618650276.7700
2025-10-14,375.1181220000,352.4731960000,379.8440196000,350.2776227400,49639939,18319370880.7700
2025-10-15,352.9654770000,363.5987466000,364.0024170200,349.2832151200,36993355,13383852916.9600
2025-10-16,361.8265350000,362.8110970000,368.1277318000,358.8728490000,27629467,10185159269.4000
2025-10-17,361.8265350000,352.6110346800,369.2107500000,351.4787883800,31905761,11588825855.0300
2025-10-20,359.3651300000,360.8419730000,363.1950761800,353.9795758600,28432420,10372513059.3200
2025-10-21,367.2416260000,370.0968558000,375.4627187000,357.4944622000,44632870,16784956526.0300
2025-10-22,370.0968558000,367.1037873200,373.0308505600,362.5157284000,21945879,8178934535.0000
2025-10-23,368.0292756000,370.6383649000,372.9520856000,363.3033780000,23998098,8982628026.7300
2025-10-24,374.1040231400,379.8144827400,381.8131436000,372.1644360000,32041578,12276721104.4200
2025-10-27,386.9328660000,380.2181531600,386.9328660000,370.7565123400,40451018,15542852577.4600
2025-10-28,380.1984619200,380.5135217600,387.7205156000,377.1069372400,28708295,11160796766.3100
2025-10-29,380.0409320000,393.8248000000,393.8641824800,378.7610014000,34474046,13644645225.5500
2025-10-30,399.7124807600,392.1411989800,402.7646229600,390.7037384600,34306088,13797530228.7000
2025-10-31,391.8556760000,382.7681687400,400.5198216000,382.2069684000,34048350,13515773431.1800
2025-11-03,381.0254940000,380.8876553200,385.8596934200,369.9688627400,26368177,10106566781.1000
2025-11-04,377.1463197200,373.0997699000,380.5332130000,368.2261880000,23939074,9091842152.9900
2025-11-05,367.0939417000,382.6992494000,386.9328660000,366.2570640000,31142532,11937586811.0200
2025-11-06,383.9791800000,388.5869301600,393.3226733800,382.6992494000,23447477,9261688311.6000
2025-11-07,387.4251470000,389.2662779400,391.3732406200,382.8764705600,16554892,6516185370.8900
2025-11-10,392.2495008000,378.5739346200,394.1300142200,377.4023058400,23895991,9267204047.4900
2025-11-11,380.0409320000,379.6471072000,388.6755407400,378.5640890000,19303175,7500041113.2000
2025-11-12,384.7471383600,380.4150655600,386.9230203800,378.0521167600,21299825,8261238196.7300
2025-11-13,379.1055981000,409.1839672000,414.7959706000,379.1055981000,56265449,22945441956.4700
2025-11-14,400.7167340000,397.8811954400,408.1994052000,397.6449005600,24172120,9879119548.4700
2025-11-17,382.0100560000,384.7471383600,386.3421288000,376.5949650000,47685503,18542294255.2400
2025-11-18,382.9946180000,379.0563700000,392.4759500600,375.1181220000,39565814,15353867656.8000
2025-11-19,379.5486510000,385.0621982000,392.2888832800,379.0169875200,29266686,11462348543.0600
2025-11-20,388.8035338000,373.5329771800,388.9019900000,371.1897196200,33674285,12895238922.6100
2025-11-21,369.2107500000,364.2879400000,377.0872460000,364.2879400000,31631335,11850710342.4200
2025-11-24,368.0292756000,364.8294491000,369.1122938000,361.5114751600,22845819,8464724008.4100
2025-11-25,369.2107500000,366.6115063200,373.7988089200,364.8688315800,20633246,7733117131.6400
2025-11-26,369.7030310000,367.0644048400,369.7030310000,364.3568593400,18910660,7048903988.1600
2025-11-27,367.2416260000,365.4694144000,373.0308505600,364.2879400000,22200259,8289124681.2400
2025-11-28,364.7802210000,367.4385384000,369.6833397600,360.5072219200,20340263,7542337298.2600
2025-12-01,368.9744551200,377.0577091400,377.0577091400,368.2557248600,26751013,10120862870.7400
2025-12-02,377.5795270000,374.2123249600,379.0366787600,371.5736988000,16348461,6220569501.6000
2025-12-03,374.2221705800,370.2740769600,377.4515339400,369.2107500000,13991135,5294871742.7900
2025-12-04,373.3360647800,377.4318427000,377.6779832000,369.3584343000,19165809,7299943081.3500
2025-12-05,381.2224064000,383.0832285800,383.2998322200,376.1026840000,23291559,9004580815.9900
2025-12-08,384.4025416600,386.4405850000,389.2761235600,379.5486510000,21659758,8476698700.2800
2025-12-09,385.4560230000,381.6063855800,386.2042901200,380.0409320000,18691773,7255076087.4600
2025-12-10,379.1055981000,376.4768175600,382.0100560000,371.4358601200,19433405,7399361240.7100
2025-12-11,378.9579138000,382.9847723800,392.7023993200,377.4613795600,28215378,11089031994.5700
2025-12-12,385.9483040000,385.7513916000,387.3168451800,379.5486510000,24002022,9355490916.0200
2025-12-15,385.4560230000,379.5486510000,388.8724531400,379.2631280200,18274993,7099251459.2100
2025-12-16,380.0409320000,372.5681064200,383.0733829600,372.1939728600,19121676,7292054834.5800
2025-12-17,370.6383649000,377.5007620400,378.5640890000,369.2698237200,22257408,8453303233.6200
2025-12-18,373.7101983400,366.2570640000,375.0688939000,364.2977856200,29639283,11079385459.4300
2025-12-19,368.3049529600,368.2261880000,371.8493761600,365.0755896000,17559945,6572807889.6100
2025-12-22,370.1953120000,366.0995340800,372.1545903800,362.4172722000,25493538,9489773616.3200
2025-12-23,366.2570640000,372.2628922000,374.6258410000,365.8632392000,23604086,8879315764.0600
2025-12-24,372.2432009600,369.8014872000,372.2432009600,366.2570640000,21088387,7902857946.3700
2025-12-25,368.4329460200,367.2514716200,368.4329460200,363.4215254400,20343144,7559336244.0000
2025-12-26,367.2022435200,368.6495496600,372.1644360000,364.3863962000,25723689,9616116052.7400
2025-12-29,368.2261880000,363.6085922200,368.6495496600,362.3188160000,24124072,8924502782.7000
2025-12-30,361.4327102000,363.5002904000,365.2725020000,360.9010467200,19030821,7014015793.5900
2025-12-31,364.0811819800,361.5902401200,366.2570640000,361.4819383000,16026597,5920431545.0300
2026-01-05,364.2879400000,371.6721550000,372.1644360000,362.5058827800,33688135,12583419573.9700
2026-01-06,374.1335600000,368.2163423800,374.6258410000,363.3427604800,34147710,12764795666.7200
2026-01-07,367.1923979000,365.2823476200,369.6833397600,362.8012513800,26228535,9730943679.3900
2026-01-08,362.3188160000,363.5101360200,367.5665314600,361.3342540000,26959035,9962397479.5500
2026-01-09,363.4707535400,363.5298272600,371.8001480600,361.3440996200,31477187,11681035309.1400
2026-01-12,362.3188160000,356.0963841600,362.3188160000,346.2310729200,48830739,17505537198.6500
2026-01-13,360.5958325000,353.4577580000,362.0923667400,351.4886340000,29670920,10745692370.4400
2026-01-14,354.4718568600,348.5152567600,355.6434856400,346.2803010200,38083365,13553362724.0600
2026-01-15,347.3042455000,348.2888075000,352.7488733600,346.3689116000,32370912,11474019059.8800
2026-01-16,352.4633503800,346.8808838400,356.1357666400,346.0833886200,31981842,11350569563.2200
2026-01-19,346.0440061400,343.5136818000,349.8542610800,339.9987954600,33864284,11842421263.8000
2026-01-20,344.5967000000,344.2028752000,351.4000234200,342.5291198000,35440589,12466608900.3900
2026-01-21,346.5067502800,344.4096332200,352.1679817800,343.6121380000,39393573,13919426404.5100
2026-01-22,345.6107988600,340.4615396000,348.2691162600,334.2587990000,45994818,15851213229.0400
2026-01-23,342.6374216200,341.6430140000,344.5967000000,337.9509065000,33976127,11775914385.6700
2026-01-26,346.5855152400,336.7694321000,347.1073331000,335.9424000200,33291386,11468681279.2100
2026-01-27,339.5655881800,334.1603428000,339.5754338000,328.8633992400,32294885,10953698562.4600
2026-01-28,332.6638085600,334.7412343800,338.6893280000,327.8689916200,46308171,15638344008.5700
2026-01-29,335.2433610000,336.6119021800,339.8314199200,332.9394859200,33844419,11569006794.2400
2026-01-30,343.0214008000,344.5967000000,348.2986531200,338.7877842000,48650115,17048600000.2000
2026-02-02,351.4886340000,343.5924467600,352.4633503800,338.8173210600,39191747,13766144457.6100
2026-02-03,343.6121380000,342.5389654200,347.3534736000,338.1970470000,26516325,9220045792.0000
2026-02-04,345.5418795200,359.3946668600,360.9896573000,342.1451406200,48531685,17369398061.7700
2026-02-05,360.1232427400,357.3369322800,361.0881135000,350.5237632400,28427157,10268243283.1300
2026-02-06,353.7728178400,363.4116798200,367.1234785600,352.4830416200,39372618,14514523059.0300
2026-02-09,364.7802210000,363.1261568400,366.7493450000,357.0021812000,27448630,10080946318.6000
2026-02-10,359.5325055400,359.3355931400,365.0755896000,358.3805680000,18563499,6798020174.4700
2026-02-11,361.2357978000,362.3188160000,365.2626563800,358.8728490000,19653459,7239804070.6800
2026-02-12,364.2879400000,370.0673189400,372.0462885600,362.3483528600,27754580,10410892196.3600
2026-02-13,369.8113328200,359.6998810800,371.1798740000,359.3749756200,22314532,8229700941.4500
2026-02-24,366.8871836800,356.3622159000,367.7339070000,356.3622159000,22695131,8316534692.7100
2026-02-25,358.0753537800,356.5886651600,360.9404292000,354.5407762000,18716639,6802110618.5500
2026-02-26,350.5533001000,340.6584520000,352.6701084000,338.1970470000,43541381,15108143010.0700
2026-02-27,341.7611614400,336.7300496200,343.5530642800,336.7300496200,25446620,8775054149.2700
2026-03-02,335.7356420000,334.9676836400,339.5754338000,331.4823341600,28351326,9643254983.6300
2026-03-03,340.9833574600,338.7582473400,348.8795447000,338.7188648600,40007479,13919957237.9800
2026-03-04,335.8340982000,333.6680618000,336.7398952400,329.0406204000,25080441,8468604901.5300
2026-03-05,339.2603739600,344.8428405000,348.3872637000,337.3700149200,31006068,10819502021.1900
2026-03-06,343.6121380000,349.2930607400,351.5083252400,339.3391389200,20963113,7388868682.3900
2026-03-09,343.4546080800,351.9809150000,354.2946357000,339.7329637200,31797613,11217996825.3000
2026-03-10,369.2107500000,370.4906806000,373.9071107400,360.8419730000,50741728,19049080512.7400
2026-03-11,373.7200439600,390.6742016000,397.3199951000,373.1293067600,57598685,22642696276.0600
2026-03-12,393.8248000000,389.3942710000,394.7109058000,386.6374974000,29150375,11537671606.6200
2026-03-13,387.7992805600,390.8711140000,397.7532023800,387.7205156000,35582639,14201304444.4400
2026-03-16,395.5674747400,402.0951208000,406.7914815400,391.8556760000,37352104,15195015004.7600
2026-03-17,409.3611883600,398.7476100000,413.5160400000,398.3144027200,35980678,14787230789.8700
2026-03-18,399.1020523200,395.8136152400,399.7321720000,390.6446647400,26529996,10653633584.4600
2026-03-19,395.7348502800,394.3170810000,407.6086680000,393.8248000000,29286635,11867380765.3900
2026-03-20,398.8263749600,406.6241060000,415.5639289600,393.9527930600,53729677,22252017693.2200
2026-03-23,410.8872594600,395.7840783800,410.9167963200,392.5940975000,44614145,18193336487.1700
2026-03-24,398.7476100000,390.8612683800,405.5410878000,382.0100560000,36410525,14439124609.6300
2026-03-25,386.9328660000,391.6686092200,394.3170810000,381.8131436000,26752828,10553996246.7900
2026-03-26,387.7598980800,396.2862050000,407.3329906400,385.9483040000,26763697,10811439764.3000
2026-03-27,399.8503194400,409.7550131600,411.8718214600,395.5280922600,30258043,12465856864.0800
2026-03-30,406.6241060000,406.6241060000,412.3837937000,399.3383472000,25348419,10440376424.4800
2026-03-31,406.6241060000,395.4985554000,410.5131259000,395.3804079600,24925645,10159878345.8000
2026-04-01,403.4045882600,399.4466490200,403.5424269400,389.8865520000,23170073,9384266504.4100
2026-04-02,401.6028398000,394.9767375400,405.6296983800,391.0680264000,22305638,8988161794.1900
2026-04-03,393.8248000000,380.4938305200,394.6124496000,379.1843630600,24751501,9640031385.1200
2026-04-07,383.9594887600,378.6526995800,387.1297784000,375.6005573800,17257622,6675632984.2900
2026-04-08,390.3788330000,385.2591106000,391.5110793000,382.2266596400,36418443,14315333338.2800
2026-04-09,388.0158842000,383.9693343800,388.1931053600,380.6907429200,25955199,10132744607.1600
2026-04-10,387.9174280000,409.5777920000,412.5314780000,386.6178061600,50788702,20752496341.0800
2026-04-13,411.5469160000,420.5359670600,426.6402514600,409.5777920000,41239924,17625505878.0200
2026-04-14,414.9928830000,424.1394639800,425.8132193800,408.0024928000,44220826,18663656302.9000
2026-04-15,432.1045705600,424.3462220000,432.6756165200,420.4768933400,37353628,16122379460.4300
2026-04-16,434.1918420000,446.9714567600,452.8985200000,426.3350372400,63506218,28517416468.4000
2026-04-17,448.9208895200,437.3424404000,450.5749536800,434.2016876200,36535848,16290232435.5000
2026-04-20,426.3153460000,425.8230650000,431.1396998000,419.4332576200,52927821,22768028849.9400
2026-04-21,428.2844700000,440.6899512000,443.1808930600,418.5373062000,57774562,25412275748.9300
2026-04-22,441.0100000000,436.3500000000,447.9700000000,433.1300000000,46025432,20173924647.5400
2026-04-23,443.5000000000,438.9000000000,443.6000000000,435.0000000000,35430966,15566836621.1800
2026-04-24,442.0000000000,444.9000000000,448.4500000000,438.0000000000,39542497,17517374359.1500
2026-04-27,444.6300000000,434.8800000000,448.7600000000,433.8000000000,33061283,14514326132.3600
2026-04-28,426.1900000000,427.6700000000,433.3000000000,423.0000000000,35012113,14992134063.1800
2026-04-29,432.0000000000,445.0000000000,445.1500000000,428.0000000000,37633560,16473164317.5500
2026-04-30,446.5000000000,436.0000000000,449.5000000000,436.0000000000,29812094,13127297981.6100
2026-05-06,457.5000000000,460.0000000000,465.8800000000,448.6300000000,47372718,21679900613.2700
2026-05-07,468.7500000000,451.6400000000,468.7500000000,447.0000000000,38621274,17551196925.0900
2026-05-08,449.0000000000,437.0000000000,455.5000000000,436.2000000000,36604851,16224287222.1800
2026-05-11,440.0000000000,446.1100000000,450.5100000000,435.1000000000,34190101,15198345088.4900
2026-05-12,446.5900000000,431.2500000000,446.8500000000,429.2900000000,34151497,14869224127.6900
2026-05-13,431.0100000000,434.0500000000,436.5800000000,427.0800000000,31685823,13668347813.8200
2026-05-14,449.3800000000,427.0000000000,450.4500000000,427.0000000000,34704614,15157645640.1000
2026-05-15,428.0800000000,423.6000000000,431.5000000000,421.0000000000,29704893,12638150861.8500
2026-05-18,420.5800000000,417.2300000000,422.9000000000,414.0000000000,28498347,11894351176.4100
2026-05-19,415.8600000000,417.9200000000,419.9000000000,406.8000000000,26087668,10805349153.4300
2026-05-20,417.0000000000,414.7500000000,422.9900000000,412.6600000000,28119031,11734883867.8100
2026-05-21,419.8700000000,411.6300000000,427.6200000000,411.4200000000,33867172,14239107292.9100
2026-05-22,414.7000000000,411.1600000000,416.5000000000,410.0000000000,27788381,11472585703.4400
2026-05-25,411.2800000000,402.8800000000,414.5000000000,400.0000000000,38197710,15479408961.5100
2026-05-26,406.1900000000,402.5000000000,408.7700000000,400.3600000000,35062703,14152427064.2000
2026-05-27,413.9200000000,414.8000000000,428.9000000000,411.2900000000,53372888,22373358897.1100
2026-05-28,420.0000000000,415.6800000000,420.5800000000,406.2000000000,32777149,13502296106.5700
2026-05-29,423.0000000000,424.0000000000,430.8600000000,416.5500000000,49811891,21139031903.9200
2026-06-01,432.1000000000,420.1000000000,438.2400000000,418.1800000000,38600452,16554495936.4800
2026-06-02,425.0000000000,433.8900000000,437.7500000000,423.0000000000,38798160,16719046201.4100
2026-06-03,437.0000000000,426.4200000000,437.0000000000,420.1000000000,38552608,16460790912.5200
2026-06-04,426.4200000000,408.2000000000,426.9000000000,407.1800000000,43115462,17788218035.1600
2026-06-05,407.8900000000,403.0000000000,412.6500000000,402.7000000000,28738930,11711423569.5000
2026-06-08,395.8000000000,393.0200000000,402.6800000000,390.7000000000,28652636,11335280869.7000
2026-06-09,399.9900000000,399.5000000000,401.8700000000,388.0000000000,27735147,10926469616.6500
2026-06-10,395.2800000000,388.5000000000,399.0000000000,385.1200000000,24435715,9535581227.1700
2026-06-11,386.9800000000,382.2000000000,391.3400000000,380.0300000000,26865447,10301875915.6500
2026-06-12,389.9900000000,394.8500000000,399.5400000000,383.3000000000,41420838,16278999883.4000
2026-06-15,402.0000000000,398.1000000000,407.9000000000,393.4100000000,34074882,13613555701.1800
2026-06-16,408.8800000000,403.5300000000,409.0200000000,398.5000000000,34839262,14107808734.8100
2026-06-17,400.0000000000,399.0000000000,403.3000000000,395.5800000000,25009264,9965557905.6600
2026-06-18,400.3900000000,391.5500000000,409.8900000000,389.9200000000,38548105,15327443707.0200
2026-06-22,393.0000000000,408.9800000000,413.3300000000,386.0000000000,59464844,23926025745.9700
2026-06-23,411.0000000000,392.5100000000,414.0400000000,390.7300000000,37374094,14957779394.1100
2026-06-24,392.0000000000,395.3600000000,399.2700000000,386.6600000000,34427057,13521407675.7300
2026-06-25,399.8800000000,401.9000000000,402.5500000000,392.5800000000,32404638,12900279038.1100
2026-06-26,401.0000000000,381.0000000000,409.8100000000,381.0000000000,46525303,18133875467.4900
2026-06-29,386.9600000000,392.3600000000,396.0000000000,378.2000000000,42525908,16529881652.5300
2026-06-30,392.4900000000,393.0100000000,402.3600000000,390.0000000000,27038346,10665434439.0400
2026-07-01,390.0000000000,383.8400000000,391.0000000000,370.0000000000,44088579,16758898184.0000
2026-07-02,387.6800000000,382.3500000000,390.9900000000,380.3900000000,34075435,13139767259.3600
2026-07-03,381.9600000000,380.0000000000,387.9500000000,379.0000000000,25884940,9910832542.2400
2026-07-06,379.2300000000,374.5100000000,381.8900000000,374.0500000000,21648005,8167456241.1200
2026-07-07,376.0000000000,372.4900000000,378.8800000000,370.7600000000,20848582,7796643168.1800
2026-07-08,374.0000000000,361.0000000000,376.6800000000,361.0000000000,27051874,9902742689.3200
2026-07-09,361.0000000000,375.5000000000,376.6600000000,360.0700000000,37794162,13905775669.8100
2026-07-10,375.0000000000,348.7600000000,375.2000000000,346.1600000000,55601355,19867664607.1700
2026-07-13,349.0000000000,359.0600000000,362.0000000000,348.0000000000,46290681,16540015163.1600
2026-07-14,352.6000000000,364.0100000000,364.6300000000,352.4900000000,43631637,15701875681.9200
2026-07-15,368.0100000000,373.0000000000,379.9900000000,363.0800000000,35849258,13440215220.7800
2026-07-16,369.4800000000,366.2000000000,375.0200000000,364.5000000000,25186882,9290699880.4000
2026-07-17,372.3000000000,360.0000000000,375.2400000000,360.0000000000,51245336,18846714585.5500
2026-07-20,354.0000000000,376.4300000000,377.6000000000,353.8000000000,44790768,16632779398.8900
2026-07-21,372.6700000000,382.2000000000,391.0000000000,372.5000000000,44036045,16935106631.2700
2026-07-22,382.8500000000,372.2600000000,385.0000000000,369.8700000000,31193761,11690411404.2500
2026-07-23,373.0000000000,385.9900000000,386.0000000000,366.0100000000,35940928,13610468721.5300
2026-07-24,383.1800000000,383.0100000000,390.8600000000,382.6500000000,25454224,9822803975.1200
2026-07-27,398.0100000000,400.0000000000,403.8000000000,394.0000000000,47327210,18875798862.6600
2026-07-28,396.2600000000,390.8600000000,399.9900000000,390.8600000000,37191082,14652804727.4400
2026-07-29,390.0000000000,396.8400000000,401.8600000000,381.3800000000,40435873,15926245585.8200
2026-07-30,390.0000000000,401.8800000000,403.8000000000,389.8000000000,45239048,18103458993.7200
2026-07-31,395.5500000000,395.3000000000,400.2000000000,389.0000000000,39414948,15602984033.0000
