date,open,close,high,low,volume
2020-01-02,28.0227858000,28.6491168000,28.8259632000,28.0154172000,82624452
2020-01-03,28.7006970000,29.0322840000,29.1943932000,28.6785912000,52010611
2020-01-06,28.8775434000,28.9143864000,29.5922976000,28.6638540000,54887720
2020-01-07,29.1428130000,28.8480690000,29.4301884000,28.8112260000,34767128
2020-01-08,28.7006970000,28.3027926000,28.7006970000,28.3027926000,36323418
2020-01-09,28.6196424000,28.6638540000,28.7375400000,28.4280588000,30335989
2020-01-10,28.6638540000,28.7670144000,28.9438608000,28.5533250000,28593121
2020-01-13,28.9438608000,28.8112260000,28.9438608000,28.5533250000,32780852
2020-01-14,28.8407004000,28.5975366000,29.2017618000,28.5164820000,33564638
2020-01-15,28.6196424000,28.0891032000,28.6564854000,28.0154172000,48859891
2020-01-16,28.1627892000,27.9712056000,28.2585810000,27.8238336000,45384826
2020-01-17,28.0448916000,27.9490998000,28.1259462000,27.7648848000,42135711
2020-01-20,28.1627892000,28.2291066000,28.4796390000,28.0006800000,58580886
2020-01-21,27.9638370000,27.8459394000,28.1112090000,27.7796220000,41720185
2020-01-22,27.7796220000,27.8680452000,28.0743660000,27.3743490000,53125460
2020-01-23,27.6543558000,27.1238166000,27.7796220000,26.8585470000,78750274
2020-02-03,24.9058680000,25.8122058000,26.1585300000,24.9058680000,113106226
2020-02-04,25.8195744000,26.0480010000,26.1437928000,25.5543048000,122967652
2020-02-05,26.0406324000,26.0553696000,26.1658986000,25.6648338000,80257198
2020-02-06,26.1585300000,26.3427450000,26.4016938000,25.8858918000,73070159
2020-02-07,25.8637860000,26.0995812000,26.1290556000,25.7974686000,67552464
2020-02-10,25.8858918000,25.8637860000,25.9669464000,25.7532570000,57504178
2020-02-11,26.0111580000,26.2101102000,26.4164310000,25.9006290000,55743628
2020-02-12,26.1585300000,26.2322160000,26.2764276000,25.9669464000,40538973
2020-02-13,26.1806358000,25.9890522000,26.1953730000,25.9374720000,42235080
2020-02-14,25.9448406000,26.2616904000,26.3132706000,25.9448406000,40339677
2020-02-17,26.2543218000,26.6522262000,26.6522262000,26.0701068000,66942541
2020-02-18,26.5269600000,26.3059020000,26.5269600000,26.2322160000,51639665
2020-02-19,26.2322160000,26.1806358000,26.4459054000,26.1290556000,41952131
2020-02-20,26.2764276000,26.5122228000,26.5638030000,25.9374720000,74600588
2020-02-21,26.4532740000,26.2616904000,26.4753798000,26.1364242000,73031468
2020-02-24,26.1511614000,25.8269430000,26.2985334000,25.8122058000,79856482
2020-02-25,25.6500966000,25.5174618000,25.8490488000,25.4216700000,87373432
2020-02-26,25.3553526000,25.6648338000,25.7827314000,25.2374550000,77970475
2020-02-27,25.6353594000,25.9522092000,26.0480010000,25.5690420000,68937853
2020-02-28,25.6795710000,25.2006120000,25.9227348000,25.2006120000,83534097
2020-03-02,25.2300864000,25.6058850000,25.7016768000,25.1269260000,70429063
2020-03-03,25.7385198000,25.5100932000,25.8637860000,25.3627212000,68607306
2020-03-04,25.5543048000,25.6279908000,25.6427280000,25.3774584000,56088606
2020-03-05,25.7827314000,26.6964378000,26.7627552000,25.6427280000,135541300
2020-03-06,26.4090624000,26.0922126000,26.5416972000,26.0922126000,67067378
2020-03-09,25.7016768000,25.1858748000,25.7016768000,25.1858748000,96659166
2020-03-10,25.1932434000,25.5543048000,25.7458884000,25.1121888000,66829810
2020-03-11,25.6132536000,25.3848270000,25.7827314000,25.3553526000,56655064
2020-03-12,25.3258782000,25.1711376000,25.4879874000,25.0679772000,61918002
2020-03-13,24.1690080000,24.6184926000,24.7290216000,23.8742640000,114095770
2020-03-16,24.6037554000,23.3363562000,24.6037554000,23.3142504000,106602730
2020-03-17,23.3216190000,23.3805678000,24.0290046000,22.9237146000,84344133
2020-03-18,23.4910968000,22.7100252000,23.7858408000,22.6658136000,82431704
2020-03-19,22.4594928000,21.5973666000,22.4594928000,21.1552506000,155945747
2020-03-20,21.9584280000,22.8721344000,22.9237146000,21.9584280000,134315310
2020-03-23,22.1131686000,22.2236976000,22.4815986000,22.0173768000,92897116
2020-03-24,22.9531890000,23.2184586000,23.3216190000,22.7026566000,82535893
2020-03-25,23.7489978000,23.9405814000,24.0805848000,23.7047862000,80952655
2020-03-26,23.6532060000,24.1100592000,24.6258612000,23.6237316000,69463585
2020-03-27,24.4048032000,24.1100592000,24.5595438000,23.9332128000,58177545
2020-03-30,23.7121548000,24.0584790000,24.1100592000,23.4321480000,47749415
2020-03-31,24.2574312000,23.7858408000,24.3016428000,23.6974176000,37754006
2020-04-01,23.6679432000,23.6753118000,24.0584790000,23.5795200000,35814313
2020-04-02,23.3953050000,23.8300524000,23.8300524000,23.3658306000,28960147
2020-04-03,23.5795200000,23.6900490000,23.8153152000,23.5721514000,25161829
2020-04-07,24.1984824000,23.9626872000,24.2279568000,23.8742640000,43184378
2020-04-08,23.9479500000,23.7416292000,23.9479500000,23.6679432000,31813445
2020-04-09,23.7932094000,23.8005780000,23.8374210000,23.6605746000,28664595
2020-04-10,23.8816326000,23.6532060000,23.9921616000,23.5132026000,43743153
2020-04-13,23.5205712000,23.5279398000,23.7268920000,23.4468852000,23055549
2020-04-14,23.7121548000,24.1026906000,24.1026906000,23.6384688000,42707944
2020-04-15,24.0142674000,23.8890012000,24.0437418000,23.8153152000,23783848
2020-04-16,23.7268920000,23.6532060000,23.8816326000,23.5500456000,29499982
2020-04-17,23.9111070000,24.2132196000,24.4637520000,23.8300524000,69795242
2020-04-20,24.2353254000,24.2426940000,24.3753288000,23.9847930000,33602426
2020-04-21,24.2426940000,24.0584790000,24.3458544000,24.0068988000,32871489
2020-04-22,23.9111070000,24.1174278000,24.1321650000,23.8226838000,27943538
2020-04-23,24.1837452000,24.0879534000,24.2869056000,24.0584790000,24614551
2020-04-24,24.1100592000,23.9553186000,24.1100592000,23.8816326000,22259784
2020-04-27,24.1321650000,24.7437588000,25.0385028000,24.1100592000,65341471
2020-04-28,24.7584960000,24.9500796000,24.9795540000,24.5374380000,36651091
2020-04-29,24.9795540000,25.8048372000,25.8637860000,24.9721854000,65876588
2020-04-30,25.9006290000,25.8564174000,26.5638030000,25.8269430000,71533247
2020-05-06,25.4437758000,25.5174618000,25.6279908000,25.1858748000,50173590
2020-05-07,25.4953560000,25.3848270000,25.5100932000,25.0900830000,29948465
2020-05-08,25.6206222000,25.7679942000,25.9227348000,25.4585130000,39215460
2020-05-11,25.7753628000,25.7606256000,26.1437928000,25.7016768000,29584829
2020-05-12,25.7827314000,25.4879874000,25.8195744000,25.3774584000,34963382
2020-05-13,25.3479840000,25.4511444000,25.5543048000,25.1269260000,27983494
2020-05-14,25.3406154000,25.0016598000,25.3627212000,24.9058680000,42063019
2020-05-15,25.1932434000,24.9427110000,25.2448236000,24.8321820000,36192753
2020-05-18,24.7732332000,24.9058680000,25.2742980000,24.6921786000,36370093
2020-05-19,25.3479840000,25.2521922000,25.4069328000,25.0974516000,26430448
2020-05-20,25.2521922000,25.5543048000,25.8122058000,25.1269260000,38051757
2020-05-21,25.7237826000,25.5911478000,25.9227348000,25.5395676000,36252721
2020-05-22,25.4143014000,24.7806018000,25.5616734000,24.7658646000,42396439
2020-05-25,24.9942912000,24.3826974000,25.0090284000,24.2426940000,43264917
2020-05-26,24.5374380000,24.6332298000,24.6774414000,24.3826974000,32246077
2020-05-27,24.7363902000,24.6332298000,25.0385028000,24.4932264000,32083331
2020-05-28,24.7437588000,25.2153492000,25.5690420000,24.6332298000,69362331
2020-05-29,24.9500796000,24.9206052000,25.1490318000,24.8321820000,37237481
2020-06-01,25.1637690000,25.6574652000,25.7679942000,25.1269260000,48823746
2020-06-02,25.4585130000,25.8195744000,25.9816836000,25.4511444000,49295713
2020-06-03,26.1216870000,25.9522092000,26.5269600000,25.8048372000,61018691
2020-06-04,26.1585300000,25.9006290000,26.1953730000,25.8416802000,25756086
2020-06-05,26.0111580000,25.9669464000,26.1364242000,25.6500966000,32717303
2020-06-08,26.1953730000,26.2837962000,26.6669634000,26.1585300000,50180979
2020-06-09,26.2395846000,26.1806358000,26.2985334000,25.9816836000,30093079
2020-06-10,26.2616904000,26.0406324000,26.2690590000,25.9227348000,27273061
2020-06-11,25.9448406000,25.3995642000,26.0258952000,25.2816666000,58892745
2020-06-12,25.0458714000,25.4216700000,25.4216700000,24.8321820000,54661576
2020-06-15,25.0827144000,24.7363902000,25.1858748000,24.6553356000,65434347
2020-06-16,25.0532400000,25.1564004000,25.1858748000,24.9132366000,38163105
2020-06-17,25.0532400000,25.2006120000,25.2816666000,24.9279738000,30627774
2020-06-18,24.9648168000,24.9721854000,25.0974516000,24.3311172000,92293933
2020-06-19,24.9058680000,24.9500796000,25.3037724000,24.7584960000,67949603
2020-06-22,24.8027076000,24.6848100000,24.9427110000,24.5595438000,59581469
2020-06-23,24.5374380000,24.5742810000,24.7142844000,24.3974346000,45252939
2020-06-24,24.6995472000,24.9795540000,25.0237656000,24.6921786000,47989117
2020-06-29,25.1785062000,24.7879704000,25.2742980000,24.6774414000,56729748
2020-06-30,24.9427110000,24.8469192000,25.0237656000,24.7879704000,39156798
2020-07-01,24.8984994000,25.6353594000,25.6427280000,24.7658646000,79909645
2020-07-02,25.5321990000,26.0111580000,26.1364242000,25.2742980000,124517798
2020-07-03,26.0848440000,27.0722364000,27.0869736000,26.0480010000,153570417
2020-07-06,27.3964548000,29.7765126000,29.7765126000,27.3964548000,187492888
2020-07-07,30.8007480000,30.2554716000,31.9060380000,29.8428300000,201633829
2020-07-08,30.1375740000,29.8428300000,30.8523282000,29.4522942000,182703889
2020-07-09,29.8501986000,29.4080826000,29.9312532000,29.1280758000,169323629
2020-07-10,29.4081031300,28.2989367500,29.6284170000,28.1469961500,152815945
2020-07-13,28.1166080300,28.3369219000,28.8687140000,27.8583090100,163406373
2020-07-14,28.1621902100,27.7367565300,28.4280862600,27.5240396900,131086591
2020-07-15,28.1014139700,27.2429495800,28.1242050600,27.1213971000,134114248
2020-07-16,27.3872931500,27.0454268000,27.7899357400,27.0378297700,142952326
2020-07-17,27.2505466100,27.4100842400,27.5012486000,26.8251129300,116991781
2020-07-20,27.4252783000,28.3141308100,28.4508773500,27.2353525500,159415734
2020-07-21,28.3141308100,27.9874585200,28.4432803200,27.7443535600,83162093
2020-07-22,27.9418763400,27.6835773200,28.1849813000,27.5468307800,99881181
2020-07-23,27.4860545400,27.0454268000,27.6607862300,26.7795307500,119707588
2020-07-24,26.9694565000,26.2857238000,27.1973674000,25.9286633900,130419436
2020-07-27,26.5440228200,26.0198277500,26.5668139100,25.8374990300,89346903
2020-07-28,26.3313059800,26.2705297400,26.4984406400,25.9894396300,78035052
2020-07-29,26.2097535000,26.6427842100,26.8555010500,26.0046336900,96913071
2020-07-30,26.6275901500,26.2553356800,26.7187545100,26.1945594400,79887927
2020-07-31,26.2857238000,26.4376644000,26.8555010500,26.2021564700,98989455
2020-08-03,26.7415456000,26.5896050000,26.8858891700,26.4224703400,102185800
2020-08-04,26.6959634200,27.8659060400,28.2229664500,26.5896050000,235440404
2020-08-05,27.6531892000,27.5772189000,27.8507119800,27.2049644300,106065970
2020-08-06,27.6759802900,28.1242050600,28.3597129900,27.6076070200,125242884
2020-08-07,28.0178466400,27.8127268300,28.0178466400,27.5012486000,89795414
2020-08-10,27.8811001000,28.1090110000,28.4204892300,27.2657406700,122448139
2020-08-11,28.2229664500,28.5192506200,29.4764764000,28.2229664500,173638283
2020-08-12,28.7015793400,28.7091763700,29.0662367800,28.1318020900,93003691
2020-08-13,28.7547585500,28.3597129900,28.9978635100,28.3521159600,64048694
2020-08-14,28.3597129900,28.8687140000,28.9294902400,28.3065337800,67065745
2020-08-17,28.9142961800,29.6664021500,30.0310595900,28.9142961800,148309043
2020-08-18,29.6284170000,29.5144615500,29.7499694800,29.2713565900,57366054
2020-08-19,29.5068645200,29.1346100500,29.6891932400,29.1346100500,56393694
2020-08-20,29.0282516300,28.5040565600,29.0434456900,28.2077723900,73440819
2020-08-21,28.8687140000,28.6939823100,28.8763110300,28.4584743800,56125442
2020-08-24,28.9294902400,28.4888625000,29.1042219300,28.3901011100,62098893
2020-08-25,28.7167734000,28.5496387400,29.0206546000,28.4280862600,54524608
2020-08-26,28.6408031000,28.2837426900,28.7851466700,28.1166080300,62700022
2020-08-27,28.2837426900,28.0330407000,28.3293248700,27.6607862300,57481502
2020-08-28,27.9950555500,29.2105803500,29.2105803500,27.8051298000,118294177
2020-08-31,29.2485655000,28.6332060700,29.6284170000,28.5268476500,119031365
2020-09-01,28.4584743800,28.4280862600,28.6408031000,28.1166080300,71275936
2020-09-02,28.4812654700,28.2609516000,28.5496387400,27.9570704000,79722127
2020-09-03,28.2001753600,28.0938169400,28.4356832900,27.9266822800,64047956
2020-09-04,27.8279208900,27.9570704000,28.0254436700,27.6152040500,48543721
2020-09-07,27.9570704000,27.9494733700,28.5496387400,27.8735030700,61613878
2020-09-08,28.2457575400,28.5572357700,28.5800268600,28.1242050600,68354491
2020-09-09,28.3141308100,28.5648328000,28.8307288500,28.2305634800,60543334
2020-09-10,28.7775496400,28.6408031000,28.8003407300,28.3901011100,55014607
2020-09-11,28.7699526100,28.2913397200,28.7775496400,28.1242050600,55310513
2020-09-14,28.4128922000,28.3749070500,28.5496387400,28.1621902100,46023997
2020-09-15,28.3065337800,28.7927437000,28.9370872700,28.2837426900,53080495
2020-09-16,28.8383258800,28.9142961800,29.0966249000,28.7015793400,47887482
2020-09-17,28.9446843000,28.7699526100,29.2257744100,28.7547585500,55771354
2020-09-18,28.7547585500,29.6208199700,29.6208199700,28.7167734000,108169240
2020-09-21,29.6284170000,29.3245358000,29.7271783900,29.3245358000,50152092
2020-09-22,29.2485655000,28.7775496400,29.3245358000,28.6711912200,58311689
2020-09-23,28.7319674600,28.4888625000,28.9066991500,28.4128922000,43076028
2020-09-24,28.3749070500,28.1545931800,28.3749070500,28.0330407000,54027975
2020-09-25,28.1849813000,28.2457575400,28.4128922000,28.1697872400,35225153
2020-09-28,28.2609516000,28.2989367500,28.6028179500,28.1469961500,35324476
2020-09-29,28.3749070500,27.5848159300,28.4508773500,27.5544278100,79668910
2020-09-30,27.5772189000,27.3493080000,27.7823387100,27.1973674000,65466059
2020-10-09,27.6531892000,27.4860545400,27.9570704000,27.4480693900,49472433
2020-10-12,27.6531892000,28.5344446800,28.6028179500,27.5772189000,99864635
2020-10-13,28.4736684400,28.7091763700,28.8763110300,28.2077723900,51141560
2020-10-14,28.7167734000,28.9066991500,28.9446843000,28.4052951700,64294015
2020-10-15,28.9750724200,29.6360140300,29.8031486900,28.9066991500,119665720
2020-10-16,29.5600437300,30.2209853400,30.5400606000,29.5372526400,110589580
2020-10-19,30.6084338700,30.3805229700,31.5656596500,30.3045526700,98154659
2020-10-20,30.3881200000,30.3653289100,30.6236279300,30.1602091000,42436836
2020-10-21,30.4337021800,30.9958824000,31.0490616100,30.3805229700,54185565
2020-10-22,31.1478230000,31.2921665700,31.9075260000,30.6388219900,64497499
2020-10-23,31.0794497300,31.3149576600,31.9834963000,31.0414645800,55183362
2020-10-26,31.6492269800,30.8591358600,31.6492269800,30.4488962400,50454000
2020-10-27,30.8591358600,30.7299863500,31.3377487500,30.6388219900,45883207
2020-10-28,30.8667328900,30.4640903000,31.2085992400,30.0918358300,69355712
2020-10-29,30.1981942500,30.5324635700,31.0414645800,30.1374180100,52307034
2020-10-30,30.7679715000,30.2437764300,31.2617784500,30.0690447400,43842279
2020-11-02,30.7603744700,30.5780457500,30.9199121000,29.7651635400,51692798
2020-11-03,30.9199121000,31.3301517200,31.9834963000,30.9199121000,87069016
2020-11-04,31.9986903600,32.6140497900,32.7356022700,31.4365101400,88450085
2020-11-05,32.7431993000,32.5076913700,33.2066181300,32.1962131400,68048685
2020-11-06,32.5152884000,32.2721834400,32.5532735500,31.9758992700,46364547
2020-11-09,32.6596319700,32.6900200900,33.0242894100,32.3633478000,49714162
2020-11-10,33.2522003100,33.2142151600,33.7156191400,32.9711102000,56207925
2020-11-11,33.4269320000,33.6928280500,33.6928280500,33.0546775300,52696972
2020-11-12,33.4269320000,33.1078567400,33.7612013200,32.9331250500,47159435
2020-11-13,32.8191696000,32.3481537400,32.8191696000,31.7631824300,54486290
2020-11-16,32.6292438500,32.6672290000,32.7431993000,32.4013329500,38943199
2020-11-17,32.6672290000,33.3053795200,33.4269320000,32.5152884000,47285620
2020-11-18,33.1230508000,33.9967092500,34.1866350000,32.9787072300,62820215
2020-11-19,33.8295745900,34.0878736100,34.1866350000,33.4193349700,47734174
2020-11-20,34.0043062800,34.2246201500,34.4145459000,33.8143805300,31468757
2020-11-23,34.2246201500,34.4905162000,34.6272627400,34.0498884600,58462113
2020-11-24,34.1866350000,34.0878736100,34.4145459000,33.8295745900,39946734
2020-11-25,34.5816805600,33.7536042900,34.6196657100,33.5560815100,37807249
2020-11-26,33.7839924100,34.2550082700,34.4753221400,33.7839924100,35153429
2020-11-27,34.4905162000,34.8323825500,34.9235469100,33.9587241000,44607770
2020-11-30,34.8323825500,33.5788726000,36.2910123100,33.4497230900,115360181
2020-12-01,33.7308132000,35.0982786000,35.3641746500,33.7232161700,78072787
2020-12-02,34.9463380000,35.5541004000,35.7288320900,34.3841577800,61994358
2020-12-03,35.5161152500,35.3185924700,35.7820113000,34.5664865000,50237589
2020-12-04,35.3033984100,34.7792033400,35.4021598000,34.2702023300,46115543
2020-12-07,34.7184271000,33.7460072600,34.7564122500,33.5029023000,70482524
2020-12-08,33.7232161700,33.6244547800,34.0043062800,33.4269320000,37716735
2020-12-09,33.7080221100,33.6092607200,34.1334557900,33.5940666600,37519456
2020-12-10,33.4573201200,33.6396488400,33.9055448900,33.2749914000,36887355
2020-12-11,33.6168577500,32.4241240400,33.6320518100,32.4241240400,77143525
2020-12-14,32.9103339600,33.7080221100,33.9283359800,32.9103339600,60742701
2020-12-15,33.7687983500,33.6928280500,34.1410528200,33.0014983200,43879226
2020-12-16,34.0270973700,33.4725141800,34.0726795500,33.3357676400,36790200
2020-12-17,33.3509617000,33.4649171500,33.5560815100,32.9331250500,50232903
2020-12-18,33.4953052700,32.7431993000,33.7232161700,32.5152884000,76059993
2020-12-21,32.6976171200,32.5836616700,32.7811844500,32.1430339300,62385090
2020-12-22,32.6596319700,31.8391527300,32.6672290000,31.8087646100,78468607
2020-12-23,31.6872121300,32.1506309600,32.2190042300,31.6872121300,71181993
2020-12-24,32.1734220500,32.3405567100,32.7431993000,32.1506309600,48211014
2020-12-25,32.3253626500,32.4545121600,32.5912587000,31.8923319400,47673197
2020-12-28,32.4773032500,32.6976171200,32.9103339600,32.0822576900,84140901
2020-12-29,32.8647517800,32.5380794900,32.8875428700,32.4013329500,72714756
2020-12-30,32.5684676100,32.7052141500,32.7052141500,31.8315557000,93349643
2020-12-31,32.7052141500,33.3889468500,33.6928280500,32.5532735500,89119921
2021-01-04,32.8419606900,32.7963785100,33.2597973400,31.9227200600,154952285
2021-01-05,32.4849002800,32.0442725400,32.5152884000,31.4820923200,138717699
2021-01-06,31.9834963000,33.5408874500,33.5788726000,31.9075260000,120064563
2021-01-07,33.6472458700,34.8703677000,34.9235469100,33.6244547800,107832187
2021-01-08,35.1666518700,35.4021598000,35.7212350600,34.8019944300,129959481
2021-01-11,35.3869657400,36.7848192600,37.3545965100,35.3185924700,144523356
2021-01-12,36.8835806500,37.7572391000,38.0231351500,36.1314746800,104448591
2021-01-13,37.4609549300,37.5293282000,37.9699559400,37.1342826400,64910979
2021-01-14,37.5293282000,37.2634321500,38.0459262400,36.8911776800,70377099
2021-01-15,38.3650015000,38.8512114200,40.9403946700,38.3498074400,177574522
2021-01-18,39.1247045000,39.4437797600,40.3250352400,38.8967936000,123764160
2021-01-19,39.7324669000,39.3906005500,40.4389906900,39.1171074700,90188002
2021-01-20,39.5805263000,39.2918391600,40.3554233600,38.7372559700,79228118
2021-01-21,40.2414679100,39.9907659200,40.6441105000,39.6185114500,73671459
2021-01-22,40.1503035500,39.2310629200,40.1503035500,38.7448530000,87000132
2021-01-25,38.8208233000,39.5881233300,39.8540193800,38.0611203000,86536206
2021-01-26,39.5045560000,39.0487342000,40.3402293000,38.7448530000,60117533
2021-01-27,39.2082718300,39.5045560000,40.1882887000,39.2082718300,60923156
2021-01-28,38.7448530000,39.2082718300,39.3146302500,38.5929124000,52386951
2021-01-29,39.6413025400,38.8208233000,39.8540193800,38.6005094300,62148914
2021-02-01,38.7448530000,39.8084372000,40.0971243400,38.3498074400,79662587
2021-02-02,39.7704520500,39.4817649100,40.1123184000,39.2006748000,72030553
2021-02-03,39.5577352100,40.3022441500,41.0239620000,39.1171074700,76587606
2021-02-04,40.1654976100,40.6441105000,41.9356056000,39.9679748300,96910977
2021-02-05,41.0695441800,41.5861422200,42.4977858200,40.7960511000,115157754
2021-02-08,41.9280085700,41.9811877800,42.2394868000,40.7884540700,81637776
2021-02-09,42.0723521400,41.9811877800,42.0723521400,41.2138877500,61900527
2021-02-10,42.7712789000,41.4417986500,42.8472492000,40.9859768500,75350767
2021-02-18,42.2774719500,42.3078600700,43.7588928000,41.9280085700,107091322
2021-02-19,42.2774719500,41.9356056000,43.0827571300,41.6925006400,71018164
2021-02-22,41.9887848100,41.1759026000,42.3458452200,40.5377520800,80151145
2021-02-23,41.2442758700,42.2015016500,43.0979511900,41.1759026000,95299102
2021-02-24,42.4294125500,40.7200808000,42.4294125500,40.1503035500,84432226
2021-02-25,41.4038135000,41.3658283500,42.1635165000,40.9555887300,88618727
2021-02-26,40.7200808000,38.8208233000,41.3658283500,38.6384945800,132728876
2021-03-01,38.8284203300,38.2814341700,38.9727639000,38.0079410900,89418363
2021-03-02,38.6384945800,37.6432836500,38.6688827000,37.2330440300,100778621
2021-03-03,37.9851500000,40.0895273100,40.2490649400,37.6812688000,131593315
2021-03-04,39.6488995700,39.8084372000,40.9327976400,39.5045560000,83303904
2021-03-05,39.4285857000,39.0487342000,39.8008401700,38.0687173300,73519585
2021-03-08,39.1930777700,37.9319707900,39.4893619400,37.7572391000,69813759
2021-03-09,38.0003440600,36.8455955000,38.7296589400,36.6024905400,98322245
2021-03-10,37.2330440300,37.4153727500,37.9851500000,36.8835806500,67590993
2021-03-11,37.9851500000,39.4817649100,39.6944817500,37.9851500000,90421033
2021-03-12,39.7704520500,40.5073639600,40.5605431700,39.6033173900,85580753
2021-03-15,40.2490649400,40.3478263300,41.6241273700,39.9907659200,93931916
2021-03-16,40.9479917000,41.2670669600,41.9735907500,40.6441105000,69716276
2021-03-17,40.9859768500,40.5681402000,41.2670669600,40.4921699000,53231461
2021-03-18,40.4921699000,41.2062907200,41.2518729000,40.1882887000,48279311
2021-03-19,41.0391560600,39.3222272800,41.3734253800,39.1550926200,77628361
2021-03-22,39.6564966000,40.8568273400,41.5709481600,39.5805263000,79169531
2021-03-23,40.9403946700,40.6289164400,41.3658283500,40.1275124600,59592261
2021-03-24,40.9935738800,39.6564966000,41.0239620000,39.2158688600,57501314
2021-03-25,40.0059599800,38.7524500300,40.1806916700,38.4105836800,78453830
2021-03-26,39.0867193500,39.2006748000,39.3678094600,38.5397331900,70947525
2021-03-29,39.2766451000,38.6992708200,39.3526154000,38.4029866500,77980362
2021-03-30,38.8208233000,39.1702866800,39.1702866800,38.3118222900,56940202
2021-03-31,39.1247045000,38.8208233000,39.1247045000,38.0915084200,52164954
2021-04-01,38.8132262700,38.7828381500,38.9575698400,38.5169421000,33719469
2021-04-02,38.8815995400,38.7068678500,38.9347787500,38.4789569500,41153422
2021-04-06,38.8208233000,38.7372559700,39.3754064900,38.5929124000,44400201
2021-04-07,38.8588084500,38.3118222900,38.8588084500,38.0003440600,50061023
2021-04-08,38.1370906000,38.3650015000,38.4637628900,38.0231351500,29501067
2021-04-09,38.5321361600,38.1750757500,38.5321361600,37.8787915800,31506834
2021-04-12,38.2054638700,38.3346133800,38.4789569500,37.7496420700,41474239
2021-04-13,38.3650015000,38.2282549600,38.8967936000,37.9395678200,49039895
2021-04-14,38.4257777400,37.7572391000,38.4409718000,37.4381638400,55438353
2021-04-15,37.7724331600,37.5597163200,37.9699559400,36.6784608400,57296514
2021-04-16,37.7724331600,37.7876272200,37.8711945500,37.2938202700,31558344
2021-04-19,37.9091797000,39.3298243100,39.3374213400,37.6052985000,67932061
2021-04-20,38.7524500300,39.4969589700,39.6488995700,38.7524500300,35574407
2021-04-21,39.5501381800,40.1806916700,40.4086025700,39.5273470900,52446360
2021-04-22,40.1806916700,39.9679748300,40.4921699000,39.6337055100,42927078
2021-04-23,40.0363481000,40.4921699000,40.6441105000,39.7400639300,47104918
2021-04-26,41.0239620000,39.5577352100,41.4038135000,39.2766451000,91625741
2021-04-27,39.4665708500,39.5577352100,39.8312282900,39.1854807400,36329922
2021-04-28,39.6564966000,39.3222272800,39.7932431400,39.1095104400,38985543
2021-04-29,39.5045560000,40.4769758400,40.5301550500,38.9651668700,55274544
2021-04-30,40.1123184000,40.0363481000,40.4010055400,39.3602124300,45068841
2021-05-06,40.0363481000,40.7732600100,41.3126491400,39.8692134400,63835290
2021-05-07,40.9327976400,41.1607085400,41.9356056000,40.4997669300,72368376
2021-05-10,41.1759026000,40.9479917000,41.2138877500,40.2718560300,49224048
2021-05-11,40.6061253500,40.9024095200,41.1379174500,40.4769758400,32853312
2021-05-12,40.9100065500,40.7884540700,41.5177689500,40.3174382100,31749677
2021-05-13,40.6365134700,40.4161996000,41.3658283500,40.1427065200,39120553
2021-05-14,40.6365134700,41.7684709400,41.7836650000,40.1123184000,57881421
2021-05-17,41.7836650000,42.2774719500,42.9156224700,41.5177689500,52668425
2021-05-18,42.5281739400,42.5053828500,42.8396521700,42.3154571000,29335118
2021-05-19,42.5433680000,41.6317244000,42.6041442400,41.4114105300,35729344
2021-05-20,41.8596353000,42.1407254100,42.1787105600,41.2670669600,34210477
2021-05-21,42.4446066100,41.1075293300,42.4673977000,40.8720214000,51486455
2021-05-24,41.1759026000,41.0847382400,41.5557541000,40.8492303100,44539914
2021-05-25,41.1683055700,43.7209076500,43.7740868600,40.9707827900,96850204
2021-05-26,43.7968779500,44.4426255000,44.4882076800,43.7664898300,61306169
2021-05-27,44.0627740000,44.0247888500,44.6553423400,43.1587274300,51903739
2021-05-28,44.0627740000,44.4426255000,44.7085215500,43.7664898300,41014056
2021-05-31,44.2223116300,44.2071175700,44.3362670800,43.3030710000,36165671
2021-06-01,43.8348631000,43.5765640800,43.8804452800,43.2271007000,47426844
2021-06-02,43.4929967500,43.7436987400,43.8272660700,43.2119066400,40582027
2021-06-03,43.6829225000,42.7560848400,44.3134759900,42.6877115700,49067257
2021-06-04,42.5813531500,43.7057135900,44.7617007600,42.5585620600,60832907
2021-06-07,43.4626086300,43.3030710000,43.4929967500,42.9232195000,32489742
2021-06-08,43.2650858500,43.0751601000,44.0171918200,42.5509650300,47616623
2021-06-09,43.0751601000,42.9004284100,43.5765640800,42.7560848400,39140950
2021-06-10,42.9156224700,42.8092640500,43.6525343800,42.7408907800,48113526
2021-06-11,42.8548462300,42.7940699900,43.1131452500,41.8444412400,68208900
2021-06-15,42.4142184900,41.6317244000,42.4142184900,41.1151263600,52924052
2021-06-16,41.6317244000,42.2394868000,42.8168610800,41.4038135000,51877228
2021-06-17,42.1787105600,41.8748293600,42.5433680000,41.6773065800,31901934
2021-06-18,41.5937392500,41.5481570700,42.3154571000,41.0771412100,42711681
2021-06-21,41.2518729000,40.7884540700,41.6241273700,40.3554233600,57971550
2021-06-22,40.9176035800,42.1331283800,42.2242927400,40.9176035800,64359218
2021-06-23,42.0723521400,41.6469184600,42.1407254100,41.3886194400,40871965
2021-06-24,41.6469184600,41.7836650000,41.8596353000,41.1227233900,36360389
2021-06-25,41.7836650000,42.8472492000,42.9612046500,41.6165303400,46955964
2021-06-28,42.6953086000,41.5557541000,42.7636818700,41.0467530900,69882474
2021-06-29,41.1759026000,40.8720214000,41.6697095500,40.7960511000,53244931
2021-06-30,40.9479917000,41.1683055700,41.3582313200,40.9176035800,35730350
2021-07-01,41.1834996300,42.5433680000,42.5433680000,40.8720214000,65298735
2021-07-02,41.7836650000,40.3022441500,41.9356056000,40.0363481000,92981851
2021-07-05,40.2186768200,40.2186768200,40.3326322700,39.1247045000,56860927
2021-07-06,40.2642590000,40.6744986200,40.6744986200,39.8160342300,45250713
2021-07-07,40.4921699000,40.5909312900,40.9555887300,40.2718560300,36597833
2021-07-08,40.8416332800,38.2510460500,40.8416332800,37.9851500000,155418868
2021-07-09,38.2510460500,37.9091797000,38.6764797300,37.6128955300,82701878
2021-07-12,38.4409718000,38.2890312000,38.8512114200,37.8332094000,83956374
2021-07-13,38.5616880000,38.9278292800,39.5744192000,37.9462590400,59445017
2021-07-14,38.7953952000,38.1332248000,38.8577171200,37.3308300800,88551424
2021-07-15,38.1721760000,39.7691752000,40.0885750400,38.1488052800,87727298
2021-07-16,39.5432582400,39.7302240000,40.1976384000,39.2783900800,46210377
2021-07-19,39.7302240000,39.5977899200,39.8860288000,38.4915758400,46963076
2021-07-20,39.3017608000,38.8810878400,40.1119457600,38.6473806400,44688930
2021-07-21,38.9667804800,38.7174928000,39.3952436800,38.3669320000,50631917
2021-07-22,38.7097025600,39.1459560000,39.8081264000,38.4682051200,59235589
2021-07-23,39.2082779200,38.9901512000,39.4575656000,38.5616880000,42035280
2021-07-26,38.6551708800,37.1594448000,38.6785416000,37.0425912000,74992971
2021-07-27,37.1204936000,35.9675380800,37.3386203200,35.6792992000,74949518
2021-07-28,36.0766014400,36.9802692800,37.6580201600,36.0766014400,84730981
2021-07-29,37.5489568000,37.3542008000,37.6268592000,37.0036400000,64274521
2021-07-30,37.1983960000,36.2246160000,37.2373472000,35.9207966400,59195897
2021-08-02,36.4583232000,37.1672350400,37.5645372800,35.2196750400,83614684
2021-08-03,37.0815424000,37.0737521600,37.4710544000,36.5751768000,51875828
2021-08-04,37.0659619200,36.6141280000,37.3542008000,36.4583232000,51149988
2021-08-05,36.3648403200,36.4193720000,36.8478352000,35.9052161600,44230311
2021-08-06,36.2012452800,37.0737521600,37.2373472000,35.9130064000,50755757
2021-08-09,37.0659619200,38.2189174400,38.9512000000,37.0659619200,73043020
2021-08-10,38.2344979200,39.1147950400,39.3640827200,37.8294054400,66357548
2021-08-11,39.1147950400,39.6523216000,40.3300724800,38.9512000000,56855459
2021-08-12,39.4965168000,39.4809363200,40.1197360000,39.2705998400,39718245
2021-08-13,39.5043070400,39.8704483200,40.0028824000,39.1926974400,46740470
2021-08-16,39.8860288000,39.6289508800,39.9171897600,38.5616880000,74413969
2021-08-17,39.6289508800,38.6551708800,40.0418336000,38.5772684800,60323196
2021-08-18,38.9434097600,41.3973353600,41.7323156800,38.8888780800,123124236
2021-08-19,41.1324672000,40.1820579200,41.3661744000,40.0106726400,67630059
2021-08-20,40.3067017600,39.7535947200,40.9532916800,38.8732976000,69376473
2021-08-23,40.1041555200,40.4235553600,41.1869988800,39.8938190400,53901721
2021-08-24,40.5248284800,40.6650528000,41.1714184000,39.7380142400,52827690
2021-08-25,40.9610819200,40.0652043200,41.0623550400,39.8938190400,40738077
2021-08-26,40.4547163200,38.6395904000,40.4547163200,38.5461075200,76303507
2021-08-27,38.7174928000,39.2238584000,39.5899996800,38.5616880000,38614176
2021-08-30,39.2238584000,37.7437128000,39.2238584000,37.0893326400,107968202
2021-08-31,37.7437128000,38.1410150400,38.5227368000,37.2762984000,71044024
2021-09-01,38.0786931200,39.5666289600,39.6912728000,37.8605664000,82605536
2021-09-02,39.4887265600,40.1976384000,40.4157651200,39.1849072000,72620098
2021-09-03,40.2755408000,40.5092480000,40.7663259200,39.2705998400,64257332
2021-09-06,40.1275262400,39.8860288000,41.0935160000,39.8704483200,54742847
2021-09-07,39.9561409600,41.1402574400,41.3505939200,39.3017608000,77232009
2021-09-08,41.0701452800,40.8286478400,41.7167352000,40.7117942400,55390668
2021-09-09,40.5871504000,40.5871504000,41.0389843200,40.2599603200,35780025
2021-09-10,40.5092480000,42.1607788800,42.4723884800,40.3144920000,107097799
2021-09-13,41.8102180800,42.0049740800,42.4568080000,41.6777840000,59283043
2021-09-14,42.3010032000,40.5871504000,42.7606273600,40.3534432000,63116569
2021-09-15,40.5092480000,40.0418336000,40.8909697600,39.5744192000,54233793
2021-09-16,39.9093995200,39.4965168000,40.3768139200,39.1147950400,62989614
2021-09-17,39.5588387200,39.9249800000,40.1508969600,39.3407120000,42016472
2021-09-22,37.9228883200,38.4915758400,38.9356195200,37.4710544000,112259622
2021-09-23,38.5616880000,38.0475321600,39.3640827200,37.8683566400,86102453
2021-09-24,37.7437128000,37.9930004800,38.4292539200,37.7047616000,53203933
2021-09-27,37.6190689600,38.2422881600,38.7953952000,37.5567470400,66790515
2021-09-28,38.2500784000,39.2783900800,39.7146435200,38.2422881600,70992547
2021-09-29,38.9122488000,40.1664774400,40.6416820800,38.6473806400,90460986
2021-09-30,40.0418336000,39.3017608000,40.0652043200,39.0291024000,58611808
2021-10-08,38.9667804800,39.6756923200,39.7925459200,38.9667804800,64555292
2021-10-11,40.0729945600,41.2882720000,42.2075203200,40.0729945600,97177865
2021-10-12,41.0545648000,41.3583841600,41.9037009600,40.7429552000,58937329
2021-10-13,41.2493208000,41.3116427200,41.5998816000,40.5481992000,44255673
2021-10-14,41.2804817600,40.7896966400,41.4830280000,40.6650528000,28899621
2021-10-15,40.8598088000,41.5297694400,41.6310425600,40.7819064000,42035759
2021-10-18,41.5297694400,40.4001846400,41.5609304000,40.1586872000,57794539
2021-10-19,40.7040040000,41.1947891200,41.5375596800,40.5092480000,48169257
2021-10-20,41.4518670400,40.8208576000,41.7868473600,40.7273747200,30570959
2021-10-21,41.1714184000,41.8725400000,42.0672960000,40.9766624000,57658698
2021-10-22,42.1374081600,42.2932129600,42.6905152000,41.8569595200,54715058
2021-10-25,41.9348619200,42.5269201600,42.7917883200,41.3661744000,62334126
2021-10-26,42.5269201600,43.0800272000,43.8045195200,42.3010032000,71542369
2021-10-27,43.0021248000,42.4723884800,43.0021248000,41.9348619200,42039441
2021-10-28,42.3010032000,42.2386812800,42.8463200000,41.9504424000,34623228
2021-10-29,42.2386812800,42.0439252800,42.6515640000,41.8335888000,40543943
2021-11-01,42.0672960000,42.1607788800,42.7684176000,41.5219792000,42501781
2021-11-02,42.3399544000,40.7040040000,42.4490177600,40.2521700800,75220649
2021-11-03,40.7819064000,40.2755408000,40.8909697600,40.2521700800,44437241
2021-11-04,40.5092480000,40.3144920000,40.5871504000,39.9483507200,48291475
2021-11-05,40.2911212800,40.1664774400,40.5949406400,40.0574140800,36197416
2021-11-08,39.9795116800,39.9639312000,40.4313456000,39.5744192000,38674906
2021-11-09,40.0418336000,39.7769654400,40.2755408000,39.4186144000,38788364
2021-11-10,39.7769654400,39.4419851200,39.8470776000,38.9823609600,55807106
2021-11-11,39.3796632000,41.1480476800,41.1869988800,39.3095510400,84973170
2021-11-12,41.1480476800,40.8208576000,41.4284963200,40.7040040000,34359656
2021-11-15,41.1246769600,41.2337403200,41.7634766400,40.7974868800,36695032
2021-11-16,41.2103696000,40.8987600000,41.5843011200,40.6338918400,32231509
2021-11-17,40.6806332800,40.3846041600,41.1558379200,40.3612334400,33938551
2021-11-18,40.3534432000,40.0496238400,40.5092480000,39.7302240000,34244267
2021-11-19,40.1041555200,40.7663259200,41.0857257600,39.8159166400,46466797
2021-11-22,40.5871504000,40.2677505600,40.7741161600,40.1898481600,37653834
2021-11-23,40.3144920000,40.3144920000,40.7429552000,40.0729945600,38914891
2021-11-24,40.1898481600,40.3067017600,40.4313456000,39.8626580800,31503965
2021-11-25,40.2755408000,40.0574140800,40.2755408000,39.9171897600,21566020
2021-11-26,39.8860288000,39.0291024000,40.0807848000,38.8577171200,82335731
2021-11-29,38.7798147200,38.8109756800,39.0291024000,38.0319516800,82724704
2021-11-30,38.5461075200,38.5538977600,38.8343464000,38.1020638400,61004256
2021-12-01,38.5461075200,38.9434097600,39.1070048000,38.3903027200,50036103
2021-12-02,38.9589902400,39.6445313600,39.7302240000,38.5538977600,55607048
2021-12-03,39.7847556800,39.9249800000,39.9483507200,39.3173412800,49407647
2021-12-06,40.1119457600,40.3690236800,40.8208576000,39.9873019200,60471643
2021-12-07,40.7351649600,40.3846041600,40.9610819200,39.8081264000,54077371
2021-12-08,40.4936675200,40.5404089600,40.7273747200,40.0418336000,49097472
2021-12-09,40.7040040000,41.3895451200,41.9426521600,40.3534432000,84055721
2021-12-10,41.2103696000,41.6699937600,41.6699937600,41.0389843200,56426281
2021-12-13,41.7245254400,40.8364380800,42.2231008000,40.8286478400,64554566
2021-12-14,40.7585356800,39.8470776000,40.8987600000,39.6133704000,81062947
2021-12-15,39.7302240000,39.7302240000,39.9950921600,39.5588387200,37849327
2021-12-16,39.6601118400,39.8860288000,39.9639312000,39.4264046400,38365339
2021-12-17,39.8003361600,39.5510484800,40.0418336000,39.4653558400,47644905
2021-12-20,39.4965168000,39.4887265600,39.9639312000,39.2550193600,47082627
2021-12-21,39.4575656000,39.4419851200,39.7224337600,39.1849072000,35694442
2021-12-22,39.4419851200,38.9589902400,39.5354680000,38.8577171200,43682819
2021-12-23,39.0368926400,39.1225852800,39.1537462400,38.7019123200,42370871
2021-12-24,39.1225852800,38.8421366400,39.1225852800,38.8265561600,34465068
2021-12-27,38.8499268800,38.4292539200,38.9979414400,38.1721760000,73594333
2021-12-28,38.4292539200,38.6629611200,38.7953952000,38.3279808000,65322073
2021-12-29,38.6941220800,37.0971228800,38.7330732800,37.0893326400,143890268
2021-12-30,37.3074593600,37.7826640000,38.0007907200,37.1282838400,96791651
2021-12-31,37.8138249600,37.9462590400,38.0786931200,37.6502299200,49293501
2022-01-04,37.9462590400,37.6658104000,37.9462590400,37.0114302400,71960645
2022-01-05,37.7748737600,38.2111272000,38.7019123200,37.7047616000,83717375
2022-01-06,38.0319516800,37.5100056000,38.4759953600,37.4710544000,68186664
2022-01-07,37.5022153600,38.2111272000,38.2812393600,37.4243129600,66073705
2022-01-10,38.5383172800,38.3513515200,38.9512000000,38.1020638400,57093634
2022-01-11,38.5538977600,38.8343464000,39.0291024000,38.0864833600,71561748
2022-01-12,38.8499268800,38.7642342400,39.0291024000,38.3201905600,51841118
2022-01-13,38.8343464000,38.4370441600,38.9901512000,38.2656588800,40140754
2022-01-14,38.5383172800,37.4087324800,38.5383172800,37.3931520000,66657098
2022-01-17,37.6813908800,37.8449859200,38.0553224000,37.3074593600,53180761
2022-01-18,37.8995176000,38.1799662400,38.4370441600,37.6112787200,57907708
2022-01-19,38.5383172800,38.7174928000,38.9356195200,38.2578686400,62028026
2022-01-20,38.8577171200,40.0184628800,40.4235553600,38.8577171200,138624871
2022-01-21,40.0340433600,40.3690236800,40.5092480000,39.8938190400,85808094
2022-01-24,40.4702968000,40.3923944000,40.5092480000,39.7535947200,63815520
2022-01-25,40.1586872000,39.6523216000,40.3456529600,39.4965168000,58351289
2022-01-26,39.9249800000,39.7302240000,40.1119457600,39.4186144000,43669628
2022-01-27,39.6523216000,39.5510484800,39.8704483200,39.0446828800,52940057
2022-01-28,39.7691752000,38.3357710400,39.8860288000,38.2890296000,71514411
2022-02-07,39.1849072000,40.0028824000,40.1197360000,39.0524731200,73234913
2022-02-08,40.1586872000,40.2833310400,40.5092480000,39.7224337600,52824176
2022-02-09,40.4313456000,40.2132188800,40.7741161600,39.9483507200,51220706
2022-02-10,40.4313456000,40.2833310400,40.4313456000,39.7302240000,33554247
2022-02-11,40.3690236800,41.1013062400,41.2882720000,40.2365896000,80993265
2022-02-14,41.2804817600,39.8860288000,41.2804817600,39.7302240000,59405166
2022-02-15,39.6912728000,39.1225852800,40.0262531200,38.9122488000,56617903
2022-02-16,39.3874534400,39.7847556800,40.0106726400,39.1303755200,40495579
2022-02-17,39.9405604800,40.0885750400,40.4936675200,39.6679020800,44157043
2022-02-18,39.9249800000,40.5559894400,40.5949406400,39.9249800000,35439010
2022-02-21,40.3768139200,40.3222822400,40.4235553600,39.7380142400,31345076
2022-02-22,39.7925459200,39.9016092800,40.0028824000,39.5276777600,36983993
2022-02-23,40.0885750400,39.5977899200,40.0885750400,39.4575656000,37499974
2022-02-24,39.3796632000,38.9667804800,39.4030339200,38.8343464000,48238083
2022-02-25,38.9823609600,38.8031854400,39.3407120000,38.6006392000,45184050
2022-02-28,38.6318001600,38.7953952000,38.9044585600,38.4136734400,33528964
2022-03-01,38.9512000000,39.1381657600,39.3407120000,38.4526246400,40645436
2022-03-02,38.7953952000,38.5383172800,39.1303755200,38.5149465600,39707598
2022-03-03,38.6240099200,38.7408635200,38.9278292800,38.5227368000,31128967
2022-03-04,38.3669320000,37.9384688000,38.4759953600,37.7826640000,57789720
2022-03-07,37.4009422400,36.4271622400,37.5956982400,36.2246160000,101435369
2022-03-08,36.2713574400,35.4300115200,36.4349524800,35.2118848000,83466464
2022-03-09,35.5234944000,34.5808753600,35.6247675200,33.5058222400,90043112
2022-03-10,35.5234944000,34.8223728000,35.6013968000,34.7678411200,67149583
2022-03-11,34.6665680000,34.6276168000,34.8924849600,33.5759344000,74052488
2022-03-14,33.8875440000,32.8358616000,34.2614755200,32.7969104000,108046557
2022-03-15,32.4151886400,30.7324968000,32.4151886400,30.5221603200,131309249
2022-03-16,31.2077014400,33.1708419200,33.3422272000,31.0908478400,137744932
2022-03-17,34.3939096000,34.6743582400,35.1885140800,34.0199780800,131964759
2022-03-18,34.7444704000,35.9675380800,35.9675380800,34.2926364800,92358531
2022-03-21,35.7494113600,34.9080654400,35.7494113600,34.7444704000,79103220
2022-03-22,35.0872409600,35.4689627200,35.7260406400,34.9158556800,54903830
2022-03-23,35.5936065600,35.6481382400,35.8117332800,35.2897872000,46995984
2022-03-24,35.5234944000,35.6559284800,35.9052161600,35.3365286400,38033234
2022-03-25,35.6091870400,35.1963043200,35.7961528000,35.0560800000,31825936
2022-03-28,34.9314361600,35.0950312000,35.4455920000,34.4718120000,38645874
2022-03-29,35.1729336000,35.0638702400,35.4845432000,34.9859678400,34962089
2022-03-30,35.3365286400,36.0142795200,36.0688112000,35.3287384000,52072269
2022-03-31,35.8273137600,36.4583232000,36.7076108800,35.6948796800,61588490
2022-04-01,36.2168257600,36.6920304000,36.9802692800,36.0532307200,47613944
2022-04-06,36.1467136000,36.9179473600,37.1828155200,36.1311331200,47826855
2022-04-07,36.8867864000,36.5050646400,37.0737521600,36.2869379200,37720107
2022-04-08,36.3804208000,36.7543523200,36.7543523200,36.3025184000,36423474
2022-04-11,36.3882110400,35.7572016000,36.5128548800,35.5157041600,49261173
2022-04-12,35.9909088000,35.6013968000,36.1934550400,35.1417726400,58884049
2022-04-13,35.6013968000,35.6403480000,35.9130064000,35.2975774400,44822252
2022-04-14,35.8428942400,35.6481382400,36.1700843200,35.6403480000,32661329
2022-04-15,35.6013968000,36.4816939200,36.6141280000,35.4378017600,42315903
2022-04-18,35.8039430400,33.8018513600,35.8039430400,33.3266467200,236677506
2022-04-19,32.7190080000,32.7969104000,33.3032760000,32.2515936000,250477022
2022-04-20,32.5632032000,32.0178864000,32.7034275200,31.8620816000,131826851
2022-04-21,31.7062768000,32.1581107200,32.7969104000,31.6283744000,114350098
2022-04-22,31.6751158400,33.1085200000,33.4746612800,31.6673256000,119533984
2022-04-25,31.4569891200,30.2495019200,31.9010328000,30.1638092800,236874515
2022-04-26,30.2728726400,29.9223118400,30.5065798400,29.2913024000,145471877
2022-04-27,29.4704779200,29.6340729600,30.0936971200,29.2990926400,154620795
2022-04-28,29.6496534400,30.8649308800,31.2232819200,29.5639608000,156452310
2022-04-29,30.4598384000,31.1064283200,31.3245550400,30.1638092800,123692861
2022-05-05,30.8960918400,30.5844822400,31.3011843200,30.3975164800,94425132
2022-05-06,30.1482288000,29.5327998400,30.1871800000,29.5250096000,88945545
2022-05-09,29.4471072000,28.4110052800,29.4626876800,28.1617176000,125240592
2022-05-10,28.0292835200,28.8083075200,28.9485318400,27.4683862400,121763735
2022-05-11,28.6914539200,28.9874830400,29.2601414400,28.5122784000,87239856
2022-05-12,28.6680832000,28.5200686400,28.8706294400,28.3798443200,63002311
2022-05-13,28.8083075200,28.9407416000,29.2913024000,28.7459856000,70130077
2022-05-16,28.9251611200,28.7381953600,28.9251611200,28.3876345600,64474236
2022-05-17,29.1043366400,30.0703264000,30.0936971200,29.1043366400,118395443
2022-05-18,30.3819360000,29.9924240000,30.4442579200,29.5250096000,88775539
2022-05-19,29.5172193600,29.6262827200,29.7976680000,29.2289804800,54201095
2022-05-20,30.1871800000,31.1297990400,31.3011843200,30.1871800000,133887244
2022-05-23,31.1375892800,30.7636577600,31.1999112000,30.7324968000,61808829
2022-05-24,30.8493504000,30.3040336000,31.0285259200,30.2572921600,68742972
2022-05-25,30.3663555200,30.2105507200,30.4598384000,30.1014873600,48902540
2022-05-26,30.3819360000,29.9378923200,30.3819360000,29.6652339200,61542963
2022-05-27,30.3040336000,30.4754188800,30.7013358400,30.1715995200,60839589
2022-05-30,30.7714480000,30.4364676800,30.7714480000,30.2183409600,47153667
2022-05-31,30.4208872000,30.9194625600,30.9662040000,30.2261312000,64540394
2022-06-01,30.9272528000,30.9194625600,30.9272528000,30.5922724800,43383408
2022-06-02,30.6156432000,30.3196140800,30.7169163200,30.1793897600,54728121
2022-06-06,30.2650824000,30.3585652800,30.4053067200,29.6808144000,69870287
2022-06-07,30.3507750400,30.6545944000,30.7714480000,30.1248580800,62272629
2022-06-08,30.6623846400,30.7948187200,30.8493504000,30.3975164800,59693086
2022-06-09,30.7714480000,31.3868769600,31.6283744000,30.7013358400,90860722
2022-06-10,31.0908478400,31.2544428800,31.2856038400,30.7714480000,79539375
2022-06-13,30.8181894400,30.0469556800,30.8181894400,29.8677801600,97131216
2022-06-14,29.7587168000,30.5689017600,30.6156432000,29.6886046400,59836244
2022-06-15,30.5299505600,31.5348915200,32.0178864000,30.5299505600,139489478
2022-06-16,31.8465011200,31.1297990400,31.9244035200,31.1297990400,63688339
2022-06-17,31.0363161600,31.0441064000,31.2933940800,30.5922724800,55073077
2022-06-20,31.0752673600,30.9272528000,31.2388624000,30.6935456000,61420616
2022-06-21,30.9584137600,31.4180379200,31.6673256000,30.7324968000,58391388
2022-06-22,31.4725696000,30.6234334400,31.5271012800,30.6156432000,73071187
2022-06-23,30.6312236800,31.2700233600,31.3245550400,30.6312236800,61602983
2022-06-24,31.3712964800,31.3167648000,31.6205841600,30.8960918400,63995033
2022-06-27,31.4180379200,32.1347400000,32.2204326400,31.2778136000,89340811
2022-06-28,32.0178864000,32.1581107200,32.2671740800,31.8620816000,49916367
2022-06-29,32.1503204800,31.9477742400,32.4930910400,31.9321937600,62280411
2022-06-30,31.9711449600,32.8748128000,33.2643248000,31.9088230400,83262823
2022-07-01,33.0150371200,32.2360131200,33.0150371200,32.1035790400,69574815
2022-07-04,32.1581107200,31.9789352000,32.2282228800,31.7841792000,48691785
2022-07-05,32.2983350400,31.9244035200,32.4619300800,31.7530182400,53453841
2022-07-06,31.9088230400,31.0051552000,32.0100961600,30.8493504000,88526638
2022-07-07,31.0051552000,30.9662040000,31.2933940800,30.8103992000,50812921
2022-07-08,31.3167648000,31.0129454400,31.3323452800,30.8727211200,48036145
2022-07-11,30.8337699200,30.7247065600,30.9194625600,30.5377408000,40375487
2022-07-12,30.6623846400,30.6156432000,31.0051552000,30.4053067200,58062988
2022-07-13,30.4364676800,29.5250096000,30.5766920000,29.3614145600,141083081
2022-07-14,28.9563220800,28.4187955200,28.9719025600,27.6553520000,232523374
2022-07-15,28.5325794000,28.3456137800,29.2316682400,28.3374848400,138245173
2022-07-18,28.5732241000,28.9634132200,29.1341209600,28.4594189400,90308021
2022-07-19,28.8577370000,29.0284447400,29.1422499000,28.6138688000,53781384
2022-07-20,29.2154103600,29.1422499000,29.3617312800,29.0284447400,46968871
2022-07-21,28.8902527600,28.8252212400,29.1259920200,28.7520607800,46624082
2022-07-22,28.8983817000,28.9308974600,29.3048287000,28.6545135000,51033274
2022-07-25,28.7601897200,29.1422499000,29.2479261200,28.6301266800,40464861
2022-07-26,29.1422499000,29.5324390200,29.5486969000,29.0934762600,45628522
2022-07-27,29.4511496200,29.3048287000,29.5486969000,29.1910235400,44247135
2022-07-28,29.3454734000,29.0853473200,29.5486969000,29.0609605000,57066760
2022-07-29,29.1259920200,28.5081925800,29.4105049200,28.4594189400,64970631
2022-08-01,28.4431610600,28.0611008800,28.4594189400,28.0041983000,70588273
2022-08-02,27.8009748000,27.5652355400,27.8091037400,27.0937570200,81160751
2022-08-03,27.5571066000,26.8742756400,28.0367140600,26.7848573000,100320625
2022-08-04,27.0937570200,27.3620120400,27.3945278000,27.0124676200,59307271
2022-08-05,27.4839461400,27.8822642000,27.9147799600,27.3294962800,48871948
2022-08-08,27.7928458600,27.5652355400,28.0367140600,27.3294962800,57211197
2022-08-09,27.5977513000,27.3132384000,27.5977513000,27.1506596000,49867119
2022-08-10,27.2807226400,26.9474361000,27.3945278000,26.8498888200,52960480
2022-08-11,27.1994332400,27.9310378400,27.9635536000,26.9718229200,82668809
2022-08-12,27.7684590400,27.9391667800,27.9960693600,27.6627828200,40200050
2022-08-15,27.7196854000,27.4189146200,27.9066510200,27.2563358200,45918083
2022-08-16,27.5245908400,27.5652355400,27.9391667800,27.4351725000,47915454
2022-08-17,27.6383960000,27.8334905600,27.9066510200,27.2644647600,45395476
2022-08-18,27.7440722200,27.4107856800,27.7765879800,27.1831753600,50734443
2022-08-19,27.2156911200,27.5164619000,27.7603301000,27.1994332400,42844967
2022-08-22,27.2644647600,27.3294962800,27.7359432800,27.2319490000,52563482
2022-08-23,27.3051094600,26.9067914000,27.3132384000,26.8417598800,53965720
2022-08-24,26.9393071600,26.6954389600,27.1831753600,26.6629232000,58965852
2022-08-25,26.7442126000,27.3863988600,27.4514303800,26.4922154600,65073875
2022-08-26,27.3945278000,27.3945278000,27.6709117600,27.0937570200,54968310
2022-08-29,27.0774991400,27.0531123200,27.4920750800,26.9149203400,38901392
2022-08-30,26.9149203400,27.4676882600,27.5327197800,26.8905335200,59087736
2022-08-31,27.2644647600,28.4919347000,28.6463845600,27.2075621800,166545105
2022-09-01,28.3374848400,28.0448430000,28.4838057600,28.0367140600,60742108
2022-09-02,28.1261324000,27.8985220800,28.3700006000,27.7359432800,47663498
2022-09-05,27.8416195000,27.8253616200,27.9554246600,27.2807226400,46737206
2022-09-06,27.8985220800,27.3294962800,28.2480665000,27.2319490000,87756101
2022-09-07,27.1100149000,27.1344017200,27.2156911200,26.8742756400,62522016
2022-09-08,27.1262727800,27.0693702000,27.2563358200,27.0287255000,41667222
2022-09-09,27.1913043000,28.0448430000,28.2561954400,27.1344017200,135166615
2022-09-13,28.0041983000,28.7358029000,28.9796711000,27.8741352600,143861057
2022-09-14,28.3700006000,28.3374848400,28.6951582000,28.2155507400,56078636
2022-09-15,28.5732241000,29.2723129400,29.3129576400,28.5732241000,134095049
2022-09-16,29.0121868600,28.4106453000,29.2641840000,28.3862584800,86516134
2022-09-19,28.3618716600,28.5244504600,28.7114160800,28.2480665000,44998129
2022-09-20,28.5325794000,28.0773587600,28.6057398600,27.9229089000,50434551
2022-09-21,28.0041983000,27.9716825400,28.3537427200,27.5245908400,53038925
2022-09-22,27.6383960000,27.7765879800,27.8416195000,27.5652355400,38514551
2022-09-23,27.6383960000,27.9310378400,28.1749060400,27.6383960000,36643717
2022-09-26,27.6546538800,27.5977513000,28.0611008800,27.5083329600,52549140
2022-09-27,27.5489776600,27.5571066000,27.6790407000,27.1831753600,47541362
2022-09-28,27.4676882600,27.3701409800,27.6383960000,27.1669174800,48729860
2022-09-29,27.6302670600,26.9474361000,27.8985220800,26.8255020000,61785902
2022-09-30,27.0368544400,27.3538831000,27.5977513000,26.9230492800,53971707
2022-10-10,26.8173730600,25.8500292000,26.8986624600,25.4029375000,127799132
2022-10-11,25.8419002600,25.5248716000,26.0695105800,25.4517111400,61866447
2022-10-12,25.4029375000,25.1590693000,25.4435822000,24.4274647000,117369975
2022-10-13,24.7688801800,24.2974016600,24.8420406400,24.1429518000,135038091
2022-10-14,24.6306882000,25.2647455200,25.3785506800,24.4681094000,126919692
2022-10-17,24.9558458000,25.2159718800,25.3460349200,24.8257827600,64630961
2022-10-18,25.4435822000,25.0371352000,25.5086137200,24.9558458000,56281382
2022-10-19,24.9721036800,24.5981724400,25.2566165800,24.5575277400,52827518
2022-10-20,24.3868200000,24.4437225800,24.7526223000,24.2892727200,55115404
2022-10-21,24.5087541000,24.0454045200,24.6063013800,23.9803730000,72871094
2022-10-24,23.8909546600,22.7772898800,23.9722440600,22.7610320000,145145835
2022-10-25,22.7772898800,22.9154818600,23.1430921800,22.6065821400,86028249
2022-10-26,22.7447741200,22.7041294200,23.0211580800,22.5659374400,75402189
2022-10-27,22.9236108000,22.7122583600,23.1187053600,22.6797426000,76286564
2022-10-28,22.4358744000,22.0944589200,22.7610320000,21.9400090600,94946422
2022-10-31,21.8668486000,21.8018170800,22.0538142200,21.3791122000,95303253
2022-11-01,22.0294274000,22.9154818600,22.9642555000,21.9562669400,105901901
2022-11-02,22.8910950400,23.1024474800,23.3300578000,22.6390979000,72836102
2022-11-03,23.0455449000,22.8016767000,23.0699317200,22.6634847200,50172213
2022-11-04,22.8016767000,23.6389575200,23.7771495000,22.7529030600,92682957
2022-11-07,23.4113472000,23.7039890400,23.9234704200,23.2650262800,54538019
2022-11-08,23.7365048000,23.6958601000,23.8828257200,23.5251523600,43978188
2022-11-09,23.6958601000,23.7202469200,24.0210177000,23.5739260000,46305956
2022-11-10,23.5739260000,23.7283758600,23.8177942000,23.3869603800,40004562
2022-11-11,24.4681094000,25.3948085600,25.8500292000,24.1510807400,168871688
2022-11-14,26.4190550000,26.9393071600,27.3863988600,26.2808630200,204968536
2022-11-15,26.9474361000,27.0531123200,27.5002040200,26.6222785000,91330506
2022-11-16,27.0368544400,27.1344017200,27.2156911200,26.7116968400,61459443
2022-11-17,27.0693702000,26.2646051400,27.0693702000,26.0126080000,103715191
2022-11-18,26.2483472600,26.0695105800,26.5653759200,25.8744160200,56273194
2022-11-21,25.6874504000,25.9069317800,25.9882211800,25.2403587000,47910404
2022-11-22,26.0695105800,26.3784103000,26.7279547200,25.8500292000,65416650
2022-11-23,26.2808630200,26.1914446800,26.7848573000,26.1345421000,57764427
2022-11-24,26.5003444000,26.1914446800,26.7198257800,26.0776395200,40630100
2022-11-25,26.1833157400,26.8417598800,27.0043386800,26.1589289200,83012155
2022-11-28,26.0938974000,25.9800922400,26.1020263400,25.5655163000,80937686
2022-11-29,26.6547942600,28.3374848400,28.3781295400,26.6222785000,175318695
2022-11-30,27.9066510200,28.4187742400,28.8089633600,27.8009748000,87332461
2022-12-01,29.1828946000,28.4512900000,29.6706310000,28.3293559000,83139723
2022-12-02,28.4512900000,27.9554246600,28.4512900000,27.7684590400,59846240
2022-12-05,28.4269031800,29.3454734000,29.3454734000,28.1342613400,105060439
2022-12-06,29.1910235400,29.1422499000,29.2479261200,28.7927054800,65110353
2022-12-07,29.1016052000,28.7114160800,29.2235393000,28.6951582000,56460628
2022-12-08,28.6545135000,28.8170923000,29.0772183800,28.5813530400,44355151
2022-12-09,29.1016052000,29.8738545000,30.0201754200,28.9634132200,95816291
2022-12-12,29.5974705400,29.0934762600,29.7519204000,29.0040579200,60626240
2022-12-13,29.0447026200,29.3779891600,29.4755364400,28.9471553400,38290398
2022-12-14,29.3779891600,30.0039175400,30.1095937600,29.2804418800,64436167
2022-12-15,29.7681782800,29.5324390200,30.0445622400,29.4430206800,40340341
2022-12-16,29.5080522000,30.1502384600,30.2396568000,29.5080522000,60782001
2022-12-19,30.1583674000,29.6706310000,30.3534619600,29.4674075000,54784253
2022-12-20,29.4592785600,29.0365736800,29.7112757000,28.6951582000,70291116
2022-12-21,29.2560550600,29.2235393000,29.4511496200,29.0284447400,33049776
2022-12-22,29.6950178200,29.6706310000,29.9551439000,29.4674075000,35971483
2022-12-23,29.4999232600,29.5649547800,29.9144992000,29.3861181000,33058360
2022-12-26,29.5486969000,29.2235393000,29.9144992000,29.1747656600,36047352
2022-12-27,29.6299863000,29.8088229800,30.0608201200,29.5324390200,36790747
2022-12-28,29.8088229800,30.3453330200,30.4997828800,29.7356625200,52885997
2022-12-29,29.9957886000,30.2640436200,30.3372040800,29.7925651000,51362913
2022-12-30,30.3534619600,30.2884304400,30.5892012200,30.2315278600,52322805
2023-01-03,30.1421095200,30.5485565200,30.7111353200,29.6950178200,60626616
2023-01-04,30.7111353200,31.4183531000,31.5646740200,30.5079118200,83645411
2023-01-05,31.6947370600,31.2964190000,31.9223473800,31.2151296000,61908519
2023-01-06,31.4264820400,31.1988717200,31.6459634200,30.8005536600,59000699
2023-01-09,31.2232585400,31.5402872000,31.7841554000,31.2232585400,49914886
2023-01-10,31.5240293200,31.0931955000,31.5402872000,31.0200350400,54197159
2023-01-11,31.1988717200,31.6378344800,31.8491869200,31.0037771600,54170698
2023-01-12,31.7922843400,31.7435107000,31.8248001000,31.4833846200,30434871
2023-01-13,31.7597685800,32.2393760400,32.2393760400,31.6784791800,46376708
2023-01-16,32.5157600000,32.8978201800,33.4424591600,32.3531812000,88046855
2023-01-17,32.8815623000,33.0685279200,33.2798803600,32.7433703200,43204705
2023-01-18,33.0441411000,32.8246597200,33.2880093000,32.7027256200,29467472
2023-01-19,32.6783388000,33.0441411000,33.1660752000,32.4507284800,47249021
2023-01-20,33.3123961200,33.3692987000,33.4099434000,33.0685279200,41340273
2023-01-30,34.5886397000,34.1659348200,34.6536712200,34.0196139000,100700740
2023-01-31,34.4260609000,33.4993617400,34.4260609000,33.4993617400,64231185
2023-02-01,33.8489061600,32.9547227600,33.8895508600,32.4751153000,91679130
2023-02-02,33.0847858000,32.5401468200,33.1254305000,32.1499577000,72723293
2023-02-03,32.3450522600,31.9467342000,32.3450522600,31.7109949400,63816364
2023-02-06,31.4752556800,31.1744849000,31.4915135600,30.7924247200,73100066
2023-02-07,31.2964190000,31.2232585400,31.6540923600,31.0200350400,42657086
2023-02-08,31.2964190000,31.2882900600,31.6378344800,31.1826138400,31706528
2023-02-09,31.2313874800,31.2882900600,31.6134476600,31.1500980800,49817481
2023-02-10,31.1338402000,31.0200350400,31.2070006600,30.8086826000,41102639
2023-02-13,30.8086826000,30.6623616800,30.8737141200,30.1339805800,82518134
2023-02-14,30.7111353200,30.8899720000,30.9387456400,30.4916539400,48607663
2023-02-15,30.8899720000,30.2152699800,30.9631324600,30.0770780000,77104778
2023-02-16,30.2396568000,30.2965593800,30.7680379000,30.0933358800,65415231
2023-02-17,30.1990121000,29.8413387400,30.3859777200,29.8169519200,57581280
2023-02-20,29.9307570800,31.2882900600,31.3045479400,29.9307570800,108022830
2023-02-21,31.2395164200,31.4508688600,31.5565450800,30.9956482200,53046540
2023-02-22,31.2639032400,31.0200350400,31.3777084000,31.0037771600,38309139
2023-02-23,31.0200350400,31.1094533800,31.5159003800,31.0200350400,37063824
2023-02-24,31.0281639800,30.4510092400,31.0931955000,30.4022356000,53369015
2023-02-27,30.2965593800,30.2071410400,30.5485565200,30.1502384600,44933367
2023-02-28,30.2152699800,30.3290751400,30.4672671200,29.9551439000,37822552
2023-03-01,30.2803015000,31.0931955000,31.1663559600,30.2396568000,57119401
2023-03-02,30.9224877600,31.0931955000,31.2964190000,30.7030063800,34907009
2023-03-03,31.2964190000,31.0931955000,31.5159003800,30.8086826000,35711390
2023-03-06,30.9062298800,30.0770780000,31.0769376200,30.0039175400,81051939
2023-03-07,29.9876596600,29.7194046400,30.4672671200,29.5974705400,73741149
2023-03-08,29.4674075000,29.2641840000,29.5243100800,29.1016052000,61658357
2023-03-09,29.2641840000,28.9227685200,29.3292155200,28.8577370000,53999602
2023-03-10,28.4919347000,28.4756768200,28.9878000400,28.4106453000,55845366
2023-03-13,28.3862584800,28.4919347000,28.7601897200,28.2155507400,58420463
2023-03-14,28.1911639200,28.1098745200,28.3943874200,27.9147799600,62666750
2023-03-15,28.5732241000,28.3537427200,29.0284447400,28.3537427200,67638378
2023-03-16,28.0448430000,28.1667771000,28.5732241000,27.8091037400,40389489
2023-03-17,28.4675478800,27.9310378400,28.7520607800,27.6546538800,83271578
2023-03-20,27.9960693600,27.7359432800,28.3781295400,27.6546538800,52072515
2023-03-21,27.8091037400,27.8253616200,28.0448430000,27.6465249400,36747539
2023-03-22,28.0611008800,28.0773587600,28.2318086200,27.8660063200,45986740
2023-03-23,27.9635536000,28.6138688000,28.7276739600,27.8985220800,54214633
2023-03-24,28.4350321200,27.9879404200,28.4350321200,27.8253616200,67871839
2023-03-27,28.1261324000,27.8091037400,28.1261324000,27.6790407000,44983610
2023-03-28,27.9716825400,27.9635536000,28.2236796800,27.7847169200,53323436
2023-03-29,28.1342613400,27.7359432800,28.2074218000,27.7196854000,41863012
2023-03-30,27.7603301000,27.9229089000,27.9554246600,27.4026567400,56228970
2023-03-31,27.9310378400,27.8578773800,28.3049690800,27.7522011600,57779428
2023-04-03,27.8903931400,27.9391667800,28.0041983000,27.6221381200,50467501
2023-04-04,27.9472957200,27.8660063200,27.9798114800,27.6871696400,48782066
2023-04-06,27.7765879800,27.4758172000,27.7765879800,27.4189146200,48679567
2023-04-07,27.5164619000,27.7522011600,27.8497484400,27.4351725000,39414120
2023-04-10,27.7603301000,27.8334905600,27.8822642000,27.6140091800,33015949
2023-04-11,27.8334905600,27.4189146200,27.9147799600,27.3376252200,73399153
2023-04-12,27.5489776600,27.4270435600,27.5977513000,27.3620120400,41612769
2023-04-13,27.3538831000,27.6465249400,27.8334905600,27.0287255000,63430456
2023-04-14,27.8009748000,27.9554246600,28.2805822600,27.6546538800,69392338
2023-04-17,27.8985220800,28.6138688000,28.6138688000,27.7196854000,89373012
2023-04-18,28.6219977400,29.0040579200,29.5486969000,28.5488372800,94271463
2023-04-19,29.1341209600,28.8577370000,29.1341209600,28.6951582000,51088648
2023-04-20,28.9390264000,28.4431610600,29.0528315600,28.3374848400,68091530
2023-04-21,28.4431610600,28.0448430000,28.5976109200,27.9879404200,53159146
2023-04-24,28.0611008800,27.3132384000,28.1992928600,27.2400779400,72987368
2023-04-25,27.3213673400,27.6627828200,27.7522011600,27.2400779400,51221280
2023-04-26,27.4758172000,27.4920750800,27.6058802400,27.1100149000,49650070
2023-04-27,26.8011151800,26.5247312200,26.8173730600,26.1264131600,155927939
2023-04-28,26.3865392400,27.3132384000,27.4351725000,26.3458945400,94021308
2023-05-04,27.0612412600,27.7440722200,27.9635536000,26.6873100200,72543303
2023-05-05,27.7847169200,28.1992928600,28.5000636400,27.7603301000,80088973
2023-05-08,28.3374848400,28.9390264000,29.2235393000,28.1586481600,106426580
2023-05-09,29.0040579200,28.4431610600,29.3454734000,28.4187742400,98552978
2023-05-10,28.3700006000,27.9635536000,28.5488372800,27.8741352600,63837387
2023-05-11,28.1261324000,28.0041983000,28.7195450200,27.9635536000,44580284
2023-05-12,28.0204561800,27.6709117600,28.0854877000,27.6383960000,45936569
2023-05-15,27.7115564600,28.2074218000,28.3293559000,27.4026567400,52809453
2023-05-16,28.4106453000,28.3049690800,28.6138688000,28.1017455800,38524804
2023-05-17,28.2968401400,28.0448430000,28.5569662200,27.9879404200,39637635
2023-05-18,28.2318086200,28.0041983000,28.3212269600,27.8091037400,32901230
2023-05-19,27.9229089000,27.5977513000,28.0041983000,27.5896223600,39298980
2023-05-22,27.6221381200,27.8009748000,27.9147799600,27.6221381200,29693441
2023-05-23,27.8091037400,27.3132384000,27.9472957200,27.3132384000,34692126
2023-05-24,27.3051094600,26.7685994200,27.3051094600,26.7685994200,46399873
2023-05-25,26.6304074400,26.3540234800,26.6304074400,26.1426710400,70605103
2023-05-26,26.3702813600,26.6141495600,26.7116968400,26.1914446800,29462374
2023-05-29,26.7848573000,26.5735048600,26.7848573000,26.3702813600,38730090
2023-05-30,26.5735048600,26.5328601600,26.7442126000,26.3052498400,34007178
2023-05-31,26.5003444000,26.2564762000,26.6629232000,26.2077025600,52541398
2023-06-01,26.2646051400,26.0613816400,26.4190550000,26.0288658800,47239881
2023-06-02,26.1914446800,26.8824045800,26.9067914000,26.1751868000,55885607
2023-06-05,26.8824045800,26.8580177600,27.0449833800,26.6954389600,31273034
2023-06-06,26.8580177600,26.8824045800,27.4758172000,26.8092441200,38663375
2023-06-07,27.0287255000,27.0693702000,27.3213673400,26.9555650400,33890635
2023-06-08,27.0856280800,27.7034275200,27.8172326800,27.0043386800,54961501
2023-06-09,27.6790407000,27.4270435600,27.8416195000,27.4270435600,41510872
2023-06-12,27.4189146200,27.4189146200,27.5733644800,27.1344017200,40677376
2023-06-13,27.2807226400,27.4189146200,27.5896223600,27.2319490000,23124556
2023-06-14,27.5814934200,27.1425306600,27.6709117600,27.1425306600,38263310
2023-06-15,27.2319490000,27.4107856800,27.4676882600,27.0774991400,36953706
2023-06-16,27.5245908400,27.5814934200,27.6709117600,27.4351725000,42680637
2023-06-19,27.5652355400,27.2969805200,27.5652355400,27.2807226400,27896062
2023-06-20,27.2319490000,26.9799518600,27.2807226400,26.9067914000,30764875
2023-06-21,26.8742756400,26.9636939800,27.3457541600,26.8255020000,42786599
2023-06-26,26.7685994200,26.5084733400,26.9067914000,26.3540234800,43210300
2023-06-27,26.5247312200,26.6791810800,26.8336309400,26.3702813600,34571527
2023-06-28,26.6710521400,26.8661467000,26.9718229200,26.5978916800,33381801
2023-06-29,26.8661467000,26.5653759200,26.9718229200,26.5572469800,25854831
2023-06-30,26.6060206200,26.6304074400,26.8255020000,26.5328601600,29361327
2023-07-03,26.7442126000,27.4107856800,27.4433014400,26.6629232000,45366767
2023-07-04,27.3132384000,27.2400779400,27.3132384000,27.1181438400,22408656
2023-07-05,27.2319490000,26.8498888200,27.2319490000,26.6954389600,41307158
2023-07-06,26.8498888200,26.4840865200,26.9230492800,26.4271839400,40784246
2023-07-07,26.4190550000,26.2646051400,26.4840865200,26.2483472600,47279440
2023-07-10,26.4353128800,26.3784103000,26.5735048600,26.2808630200,27207677
2023-07-11,26.6060206200,26.5897627400,26.6629232000,26.3946681800,32916654
2023-07-12,26.5978916800,26.9880808000,27.1831753600,26.5978916800,63204933
2023-07-13,27.4427494600,27.3226499000,27.4513280000,26.9795083000,56385028
2023-07-14,27.3998567600,27.3912782200,27.6143202600,27.2626001200,34752056
2023-07-17,27.2540215800,27.1510791000,27.2626001200,26.9623512200,26200279
2023-07-18,27.1510791000,26.9880868400,27.2540215800,26.9280370600,31638946
2023-07-19,26.8422516600,27.0910293200,27.1425005600,26.8165160400,24029564
2023-07-20,27.2540215800,27.1853932600,27.5371134000,27.1081864000,27239443
2023-07-21,27.2797572000,27.2797572000,27.4341709200,27.1167649400,31566900
2023-07-24,26.9880868400,26.9795083000,27.2197074200,26.9366156000,23912203
2023-07-25,27.4513280000,28.5408025800,28.6094309000,27.4513280000,126162096
2023-07-26,28.5408025800,28.6094309000,28.9354154200,28.3692317800,50175140
2023-07-27,28.7381090000,28.8753656400,29.0126222800,28.4807528000,54848896
2023-07-28,28.7295304600,30.1106754000,30.2736676600,28.6609021400,125628759
2023-07-31,30.4709740800,30.5052882400,30.9170581600,30.0334685400,116275605
2023-08-01,30.4795526200,30.0163114600,30.5224453200,29.8275835800,66009585
2023-08-02,29.3042926400,29.1927716200,29.8704762800,28.9697295800,91535761
2023-08-03,29.1841930800,29.7503767200,29.8361621200,29.0555149800,50929381
2023-08-04,30.0935183200,29.9219475200,30.4538170000,29.7846908800,81264248
2023-08-07,29.8104265000,29.5959630000,29.8361621200,29.4072351200,34467192
2023-08-08,29.4501278200,29.2957141000,29.7246411000,29.0040437400,50228255
2023-08-09,29.1841930800,29.1841930800,29.4329707400,29.1241433000,38683250
2023-08-10,29.0812506000,29.2871355600,29.3814995000,28.9954652000,28772469
2023-08-11,29.3042926400,28.4378601000,29.5702273800,28.4378601000,60624004
2023-08-14,28.1376112000,27.8459408400,28.1633468200,27.6657915000,66707291
2023-08-15,27.8459408400,27.7601554400,28.0003545600,27.5800061000,58295914
2023-08-16,27.5800061000,27.4255923800,27.6657915000,27.3483855200,58015181
2023-08-17,27.2626001200,27.2711786600,27.3398069800,27.0138224600,64607569
2023-08-18,27.2368645000,27.3483855200,27.9917760200,27.2368645000,67459467
2023-08-21,27.2883357400,26.7049950200,27.3140713600,26.7049950200,80957531
2023-08-22,26.7736233400,26.8679872800,26.9966653800,26.5934740000,60107044
2023-08-23,26.7650448000,26.4647959000,26.9709297600,26.4647959000,56074358
2023-08-24,26.5934740000,26.6449452400,26.7221521000,26.4219032000,41225614
2023-08-25,26.5934740000,27.0738722400,27.3226499000,26.5076886000,64747134
2023-08-28,28.5665382000,27.6743700400,29.1069862200,27.4770636200,140509367
2023-08-29,27.6743700400,27.4856421600,27.8287837600,27.2540215800,72116998
2023-08-30,27.6143202600,27.1596576400,27.6143202600,27.0652937000,63980158
2023-08-31,27.2797572000,27.0652937000,27.5199563200,27.0138224600,50322017
2023-09-01,27.4084353000,27.6829485800,27.9917760200,27.3483855200,69752619
2023-09-04,27.9488833200,28.7638446200,28.8324729400,27.8545193800,110429932
2023-09-05,28.5665382000,28.4035459400,28.6866377600,28.2834463800,44732261
2023-09-06,28.3949674000,28.6180094400,28.7037948400,28.1118755800,54674047
2023-09-07,28.5751167400,28.4292815600,28.5751167400,28.3177605400,35870198
2023-09-08,28.3091820000,28.4550171800,28.5322240400,28.2662893000,29850098
2023-09-11,28.4207030200,28.2319751400,28.5579596600,28.2319751400,63287369
2023-09-12,28.2233966000,28.2062395200,28.3520747000,28.1547682800,27759078
2023-09-13,28.2662893000,28.0947185000,28.3778103200,28.0175116400,29891534
2023-09-14,28.2662893000,28.3692317800,28.4721742600,28.1805039000,43734390
2023-09-15,28.5665382000,28.2748678400,28.6694806800,28.1376112000,43960215
2023-09-18,28.1976609800,28.3263390800,28.3520747000,28.0518258000,36040192
2023-09-19,28.3091820000,28.2748678400,28.3091820000,28.0689828800,38465270
2023-09-20,28.1890824400,28.0775614200,28.1890824400,27.9917760200,30931758
2023-09-21,28.0947185000,27.7687339800,28.1461897400,27.7687339800,39031854
2023-09-22,27.9574618600,28.6008523600,28.6265879800,27.7258412800,71283316
2023-09-25,28.5493811200,28.3091820000,28.5493811200,28.2233966000,45651541
2023-09-26,28.2491322200,28.1376112000,28.3778103200,28.0947185000,32202356
2023-09-27,28.2233966000,28.1547682800,28.3863888600,28.0947185000,35246679
2023-09-28,28.3263390800,28.2834463800,28.4292815600,28.0947185000,38856469
2023-10-09,28.0518258000,27.9488833200,28.0518258000,27.7773125200,36134267
2023-10-10,28.4121244800,27.9574618600,28.4207030200,27.9574618600,34263698
2023-10-11,28.1719253600,27.8373623000,28.1805039000,27.7944696000,37609124
2023-10-12,28.3006034600,28.3692317800,28.5922738200,28.1204541200,61745963
2023-10-13,28.1204541200,27.9746189400,28.2062395200,27.8888335400,41037187
2023-10-16,27.9488833200,27.7172627400,28.0175116400,27.6572129600,28677414
2023-10-17,27.7858910600,27.8974120800,27.9660404000,27.6400558800,28622914
2023-10-18,27.8716764600,27.8716764600,28.0003545600,27.8030481400,24931667
2023-10-19,27.7944696000,27.0824507800,27.7944696000,27.0395580800,60429338
2023-10-20,27.0138224600,27.1510791000,27.2883357400,26.9366156000,37258937
2023-10-23,27.0996078600,26.7907804200,27.1510791000,26.5934740000,39380184
2023-10-24,26.9194585200,26.8508302000,26.9451941400,26.6277881600,36552663
2023-10-25,27.1081864000,26.9537726800,27.2368645000,26.7650448000,37569332
2023-10-26,26.9023014400,27.0224010000,27.2368645000,26.8165160400,28702985
2023-10-27,26.9795083000,27.0481366200,27.1510791000,26.7221521000,39145276
2023-10-30,26.6020525400,26.5076886000,26.7049950200,26.2074397000,83850056
2023-10-31,26.3704319600,26.3875890400,26.5848954600,26.2589109400,52801599
2023-11-01,26.4219032000,26.1216543000,26.4905315200,26.1044972200,52989707
2023-11-02,26.2503324000,26.3189607200,26.4304817400,26.1731255400,36466771
2023-11-03,26.3189607200,26.5848954600,26.6277881600,26.2503324000,43956879
2023-11-06,26.7221521000,26.7135735600,26.8937229000,26.5591598400,51982385
2023-11-07,26.7135735600,26.4219032000,26.7135735600,26.2932251000,51624067
2023-11-08,26.3704319600,26.2503324000,26.4047461200,26.1645470000,44518298
2023-11-09,26.2074397000,26.3018036400,26.4047461200,26.1817040800,32764958
2023-11-10,26.1645470000,25.8728766400,26.2160182400,25.8214054000,51696462
2023-11-13,25.8814551800,25.5812062800,25.9672405800,25.4010569400,63424273
2023-11-14,25.6240989800,25.9071908000,25.9071908000,25.6155204400,44834267
2023-11-15,26.1216543000,26.2846465600,26.3961675800,26.0701830600,60193960
2023-11-16,26.3103821800,26.1988611600,26.3961675800,26.0530259800,31571993
2023-11-17,26.1302328400,26.0187118200,26.1817040800,25.8214054000,43245282
2023-11-20,26.0272903600,26.2331753200,26.2417538600,25.8557195600,36922708
2023-11-21,26.3790105000,26.1044972200,26.4819529800,26.0530259800,48854470
2023-11-22,25.9929762000,25.8728766400,26.0873401400,25.8642981000,27370542
2023-11-23,25.7527770800,25.8557195600,25.9157693400,25.6927273000,29979383
2023-11-24,25.7870912400,25.7356200000,25.8214054000,25.6755702200,29116276
2023-11-27,25.7356200000,25.2209076000,25.7613556200,25.1265436600,58101958
2023-11-28,25.2294861400,25.0150226400,25.2981144600,24.9120801600,47516511
2023-11-29,25.0493368000,24.7061952000,25.0836509600,24.6032527200,62063752
2023-11-30,24.7061952000,24.6976166600,24.8606089200,24.5346244000,55156006
2023-12-01,24.6375668800,24.2429540400,24.6547239600,24.0799617800,88273644
2023-12-04,24.2515325800,24.0885403200,24.4145248400,24.0370690800,55787830
2023-12-05,24.0713832400,23.5995635400,24.0799617800,23.5909850000,61890167
2023-12-06,23.6424562400,23.8140270400,23.9855978400,23.5480923000,61125926
2023-12-07,23.8226055800,23.8569197400,23.9684407600,23.4108356600,59496698
2023-12-08,23.7625558000,23.5909850000,23.9770193000,23.5909850000,53349765
2023-12-11,23.3765215000,23.8140270400,23.8912339000,23.0762726000,75808597
2023-12-12,23.7625558000,24.0628047000,24.0799617800,23.6853489400,50420111
2023-12-13,23.9512836800,23.3507858800,23.9512836800,23.3336288000,67123932
2023-12-14,23.5395137600,23.1877936200,23.7110845600,23.1877936200,44526808
2023-12-15,23.5652493800,23.3593644200,24.0628047000,23.3336288000,98068659
2023-12-18,23.1620580000,23.4022571200,23.4880425200,23.0762726000,47716425
2023-12-19,23.3336288000,23.4108356600,23.4623069000,23.1792150800,37657373
2023-12-20,23.4279927400,23.2135292400,23.5137781400,23.2135292400,53112808
2023-12-21,23.1449009200,23.7711343400,23.8054485000,23.0934296800,75910481
2023-12-22,23.8311841200,23.6853489400,23.8912339000,23.5137781400,62364372
2023-12-25,23.6767704000,23.6167206200,23.7797128800,23.5223566800,41903386
2023-12-26,23.5824064600,23.3936785800,23.5824064600,23.2993146400,36525708
2023-12-27,23.4451498200,23.4194142000,23.4794639800,23.2049507000,41063687
2023-12-28,23.3765215000,24.0113334600,24.1314330200,23.3765215000,106106285
2023-12-29,23.9341266000,23.8654982800,24.0628047000,23.8226055800,65577345
2024-01-02,23.9770193000,23.6596133200,23.9855978400,23.6424562400,54219480
2024-01-03,23.6596133200,23.8226055800,23.8826553600,23.6081420800,43395588
2024-01-04,23.8140270400,23.8569197400,23.8740768200,23.4708854400,63710249
2024-01-05,23.8054485000,24.2686896600,24.6890381200,23.6939274800,119063315
2024-01-08,24.1657471800,24.1314330200,24.5260458600,23.9770193000,81682070
2024-01-09,24.1228544800,24.1657471800,24.2601111200,23.9341266000,55866306
2024-01-10,24.0370690800,24.0628047000,24.3201609000,24.0370690800,45364048
2024-01-11,24.0199120000,24.3458965200,24.5088887800,23.8912339000,73531826
2024-01-12,24.2429540400,24.4831531600,24.6890381200,24.2429540400,57783201
2024-01-15,24.4488390000,24.6804595800,24.8262947600,24.3373179800,48245229
2024-01-16,24.5603600200,24.9892870200,24.9892870200,24.5346244000,85344024
2024-01-17,24.9807084800,25.0407582600,25.3753213200,24.9035016200,130860146
2024-01-18,24.8262947600,25.3753213200,25.4611067200,24.5346244000,129512645
2024-01-19,25.1951719800,25.5039994200,25.6498346000,24.9978655600,96861623
2024-01-22,25.5297350400,25.9500835000,26.1645470000,25.4782638000,154970267
2024-01-23,25.7441985400,25.7270414600,26.0358689000,25.5640492000,88605552
2024-01-24,25.8642981000,25.8128268600,25.9843976600,25.2037505200,97489239
2024-01-25,26.0015547400,26.5076886000,26.5934740000,25.8900337200,123450922
2024-01-26,26.5248456800,26.6964164800,26.8937229000,26.3018036400,100991578
2024-01-29,26.7650448000,26.8937229000,27.1081864000,26.7393091800,83882433
2024-01-30,26.7650448000,26.5934740000,27.0224010000,26.4047461200,74399913
2024-01-31,26.5248456800,26.3446963400,26.7564662600,26.2417538600,80894928
2024-02-01,26.3103821800,26.0959186800,26.4562173600,25.9071908000,85970009
2024-02-02,26.1216543000,25.9329264200,26.3018036400,25.4267925600,98729165
2024-02-05,25.9329264200,26.3446963400,26.5505813000,25.7870912400,106397881
2024-02-06,26.3446963400,26.8765658200,26.8937229000,26.2503324000,106215843
2024-02-07,26.9537726800,26.8594087400,27.0052439200,26.4304817400,111051058
2024-02-08,26.8594087400,26.9366156000,26.9795083000,26.6106310800,87300436
2024-02-19,27.4427494600,27.1253434800,27.4427494600,26.9451941400,87549010
2024-02-20,27.1253434800,26.9366156000,27.1253434800,26.8422516600,60640469
2024-02-21,26.9366156000,28.3091820000,28.6437450600,26.8937229000,152865612
2024-02-22,28.1461897400,28.1376112000,28.2662893000,27.7858910600,75276038
2024-02-23,28.1461897400,28.2662893000,28.6523236000,27.9831974800,63984872
2024-02-26,28.1890824400,27.6657915000,28.3606532400,27.5199563200,66639018
2024-02-27,27.6572129600,27.6057417200,27.7944696000,27.4427494600,54349154
2024-02-28,27.7001056600,27.4684850800,27.7001056600,27.1081864000,68370752
2024-02-29,27.3569640600,27.4856421600,27.6228988000,27.3226499000,49892829
2024-03-01,27.3826996800,27.3998567600,27.5199563200,27.2368645000,42717392
2024-03-04,27.2454430400,27.0395580800,27.3398069800,26.9966653800,59135015
2024-03-05,26.9537726800,27.6057417200,27.6314773400,26.8594087400,89402867
2024-03-06,27.5714275600,27.3398069800,27.6743700400,27.3398069800,51610177
2024-03-07,27.3398069800,27.4513280000,27.5628490200,27.2626001200,51949197
2024-03-08,27.3569640600,27.1682361800,27.4599065400,27.0652937000,44107117
2024-03-11,27.0652937000,27.0052439200,27.2368645000,26.7650448000,73853794
2024-03-12,26.9537726800,27.4084353000,27.5800061000,26.8336731200,76925375
2024-03-13,27.4170138400,27.0395580800,27.4427494600,26.9623512200,46938714
2024-03-14,26.9880868400,26.8079375000,27.2111288800,26.7307306400,50817498
2024-03-15,26.7993589600,26.7478877200,26.9537726800,26.5934740000,52078063
2024-03-18,26.7221521000,26.7049950200,26.8851443600,26.5934740000,46189770
2024-03-19,26.6792594000,26.4219032000,26.6878379400,26.3618534200,54702530
2024-03-20,26.4219032000,26.7478877200,26.7650448000,26.3018036400,49827225
2024-03-21,26.7393091800,27.0652937000,27.2454430400,26.6363667000,64676108
2024-03-22,27.0481366200,26.7650448000,27.0652937000,26.5076886000,55287852
2024-03-25,26.6878379400,26.8937229000,27.0309795400,26.5248456800,48375902
2024-03-26,27.2797572000,27.7944696000,28.0175116400,27.2197074200,124430791
2024-03-27,27.7001056600,27.7086842000,28.0089331000,27.6314773400,78208488
2024-03-28,27.7429983600,27.6057417200,27.8802550000,27.5113777800,69474492
2024-03-29,27.5371134000,27.6228988000,28.0003545600,27.5113777800,51400131
2024-04-01,27.6057417200,28.0003545600,28.1805039000,27.6057417200,57015232
2024-04-02,28.0518258000,27.9231477000,28.2405536800,27.8287837600,53661899
2024-04-03,27.9145691600,27.6486344200,27.9917760200,27.6486344200,49808163
2024-04-08,27.6572129600,27.7944696000,27.9317262400,27.4770636200,47729123
2024-04-09,27.8802550000,27.7172627400,27.9917760200,27.7172627400,38477207
2024-04-10,27.6143202600,27.8716764600,28.0346687200,27.6143202600,50401372
2024-04-11,27.7172627400,27.7086842000,27.8116266800,27.5628490200,44374773
2024-04-12,27.6915271200,27.5542704800,27.8545193800,27.5027992400,47820414
2024-04-15,27.5371134000,28.1633468200,28.3091820000,27.5285348600,76464473
2024-04-16,28.0604043400,28.0947185000,28.2834463800,27.8373623000,74155610
2024-04-17,28.0432472600,28.5665382000,28.7295304600,27.8545193800,94821196
2024-04-18,28.5322240400,28.8667871000,29.2528214000,28.4721742600,100657401
2024-04-19,28.7895802400,28.8410514800,29.0297793600,28.6694806800,54038350
2024-04-22,28.9783081200,28.6008523600,29.3300282600,28.3520747000,60753507
2024-04-23,28.5665382000,28.6351665200,29.0126222800,28.5064884200,51245244
2024-04-24,28.6351665200,28.7037948400,28.7810017000,28.3949674000,44338353
2024-04-25,28.6866377600,29.5101776000,29.5101776000,28.6351665200,91948180
2024-04-26,29.5101776000,29.5788059200,29.9133689800,29.3557638800,95489883
2024-04-29,29.5101776000,29.9219475200,30.1621466400,29.3386068000,81806412
2024-04-30,29.5101776000,29.4329707400,29.6645913200,29.2099287000,86804180
2024-05-06,30.1106754000,29.9219475200,30.3337174400,29.7846908800,100070494
2024-05-07,29.9219475200,29.9133689800,29.9819973000,29.7074840200,47384857
2024-05-08,29.8704762800,29.6560127800,29.9905758400,29.6388557000,41286158
2024-05-09,29.6817484000,29.8876333600,29.9648402200,29.6817484000,51239131
2024-05-10,29.8876333600,30.5567594800,30.7540659000,29.8533192000,94036570
2024-05-13,30.4023457600,30.8055371400,30.9427937800,30.3079818200,74780026
2024-05-14,30.7883800600,30.3165603600,30.9942650200,30.1964608000,68777884
2024-05-15,30.3079818200,30.0677827000,30.4023457600,29.7589552600,67494406
2024-05-16,30.0935183200,31.0972075000,31.2687783000,30.0248900000,129147553
2024-05-17,31.1401002000,31.6119199000,31.6548126000,30.9342152400,91687944
2024-05-20,31.6119199000,31.2087285200,31.7405980000,30.9599508600,91425000
2024-05-21,31.1915714400,31.0886289600,31.3288280800,30.9942650200,44599944
2024-05-22,31.0714718800,30.9342152400,31.2087285200,30.6768590400,66447739
2024-05-23,30.7969586000,30.4538170000,30.8913225400,30.2994032800,92458495
2024-05-24,30.2822462000,29.8018479600,30.4366599200,29.7332196400,87044000
2024-05-27,29.8962119000,30.1449895600,30.2050393400,29.8104265000,57093814
2024-05-28,30.1106754000,29.8790548200,30.3079818200,29.7846908800,47619058
2024-05-29,29.8104265000,29.6560127800,30.0763612400,29.5616488400,49104118
2024-05-30,29.5530703000,29.4587063600,29.9391046000,29.3214497200,55924484
2024-05-31,29.6216986200,29.4072351200,29.6817484000,29.4072351200,50893248
2024-06-03,29.3557638800,29.2957141000,29.4930205200,29.0984076800,60811135
2024-06-04,29.2957141000,29.6302771600,29.7503767200,29.2528214000,53378842
2024-06-05,29.7503767200,29.1584574600,29.7675338000,29.0726720600,69104122
2024-06-06,29.2442428600,29.1670360000,29.3386068000,28.9783081200,67724066
2024-06-07,29.2099287000,29.1584574600,29.3814995000,28.8667871000,67826559
2024-06-11,28.9783081200,28.6180094400,29.1413003800,28.4121244800,69044831
2024-06-12,28.6094309000,28.3863888600,28.6180094400,28.2662893000,51138059
2024-06-13,28.4807528000,28.1547682800,28.4979098800,28.0689828800,55018421
2024-06-14,28.1547682800,29.0040437400,29.1841930800,28.1547682800,99167429
2024-06-17,28.8238944000,28.9354154200,28.9954652000,28.6437450600,45768248
2024-06-18,29.0469364400,28.9182583400,29.4243922000,28.8410514800,45367539
2024-06-19,28.9182583400,29.2957141000,29.5101776000,28.8753656400,58593722
2024-06-20,29.3042926400,29.1756145400,29.3643424200,29.0812506000,39246667
2024-06-21,29.0640935200,28.9096798000,29.2356643200,28.7295304600,52396280
2024-06-24,28.9868866600,29.2270857800,29.3557638800,28.7295304600,69258954
2024-06-25,29.2270857800,29.4243922000,29.5702273800,29.1413003800,63816020
2024-06-26,29.3214497200,29.2185072400,29.4758634400,29.1241433000,45263801
2024-06-27,29.1327218400,29.3900780400,29.4587063600,29.0212008200,55517260
2024-06-28,29.3386068000,29.3300282600,29.5788059200,29.2013501600,52574940
2024-07-01,29.3300282600,29.4758634400,29.5101776000,29.1241433000,47223865
2024-07-02,29.4930205200,30.0935183200,30.2393535000,29.4758634400,86877071
2024-07-03,30.0334685400,29.5616488400,30.1020968600,29.4329707400,69137270
2024-07-04,29.6302771600,29.7761123400,30.0592041600,29.5788059200,69691892
2024-07-05,29.7761123400,29.0640935200,29.8790548200,28.8753656400,96778276
2024-07-08,29.0383579000,29.1584574600,29.3643424200,28.9182583400,54573002
2024-07-09,29.1584574600,29.5702273800,29.6388557000,28.9268368800,62103701
2024-07-10,29.5702273800,29.7503767200,30.0248900000,29.5530703000,72631424
2024-07-11,30.0869216000,29.9232080000,30.1323976000,29.8231608000,73238896
2024-07-12,30.0232552000,30.9236800000,30.9964416000,30.0232552000,94490425
2024-07-15,30.9236800000,30.7235856000,30.9691560000,30.6690144000,47460366
2024-07-16,30.7053952000,30.7326808000,30.8236328000,30.4325392000,45579255
2024-07-17,30.6508240000,30.9873464000,31.0964888000,30.6053480000,57795422
2024-07-18,30.9873464000,31.0055368000,31.1510600000,30.7053952000,59862717
2024-07-19,30.9236800000,31.1510600000,31.1965360000,30.5507768000,81007218
2024-07-22,31.0782984000,30.3233968000,31.0782984000,30.0960168000,80820577
2024-07-23,30.3233968000,30.3233968000,30.6599192000,30.2233496000,53875468
2024-07-24,30.4234440000,30.1778736000,30.5416816000,30.0414456000,48245294
2024-07-25,30.2142544000,29.8595416000,30.3052064000,29.4411624000,76207854
2024-07-26,29.8322560000,29.4411624000,30.0505408000,29.2046872000,60146167
2024-07-29,29.4502576000,29.5139240000,29.6958280000,29.2865440000,41347533
2024-07-30,29.4684480000,29.4866384000,29.6412568000,29.2410680000,39078161
2024-07-31,29.4866384000,29.7685896000,30.0141600000,29.3320200000,59536965
2024-08-01,29.7685896000,29.7503992000,29.8777320000,29.3502104000,40913881
2024-08-02,29.4866384000,29.3593056000,29.6503520000,29.3138296000,38613024
2024-08-05,29.2865440000,29.1955920000,29.5775904000,29.1501160000,58441984
2024-08-06,29.4320672000,28.8317840000,29.4593528000,28.6589752000,51438864
2024-08-07,28.8590696000,28.7226416000,29.0136880000,28.6953560000,39073173
2024-08-08,28.7499272000,29.0409736000,29.0864496000,28.5407376000,39459978
2024-08-09,29.0773544000,29.4047816000,29.6321616000,28.9318312000,48274847
2024-08-12,29.3774960000,29.2137824000,29.4138768000,29.0409736000,31894321
2024-08-13,29.1955920000,29.0500688000,29.3138296000,28.8863552000,28237769
2024-08-14,29.0136880000,28.9773072000,29.2319728000,28.9318312000,28244610
2024-08-15,28.9682120000,29.7958752000,29.9413984000,28.7863080000,73978983
2024-08-16,29.7867800000,30.1505880000,30.2415400000,29.7594944000,41850302
2024-08-19,30.2415400000,30.3961584000,30.4689200000,30.0414456000,42284342
2024-08-20,30.4234440000,30.4507296000,30.5598720000,30.1596832000,42372873
2024-08-21,30.2870160000,30.2324448000,30.4052536000,29.8504464000,37810105
2024-08-22,30.2688256000,30.2870160000,30.5143960000,30.1778736000,38286399
2024-08-23,30.2597304000,30.6508240000,30.7872520000,30.0778264000,46558726
2024-08-26,30.6508240000,30.7144904000,30.7781568000,30.4416344000,35117460
2024-08-27,30.7144904000,30.6508240000,30.8691088000,30.4962056000,38720857
2024-08-28,30.7690616000,30.6326336000,30.9054896000,30.4143488000,41523208
2024-08-29,30.5507768000,29.9504936000,30.7144904000,29.9232080000,51638782
2024-08-30,29.8322560000,29.2410680000,30.1142072000,29.2137824000,111222983
2024-09-02,29.1046400000,29.0409736000,29.4502576000,28.9591168000,55802065
2024-09-03,29.1137352000,28.7590224000,29.1774016000,28.5589280000,50575188
2024-09-04,28.6771656000,28.5225472000,29.0409736000,28.5134520000,38052590
2024-09-05,28.5225472000,28.3770240000,28.5953088000,28.1041680000,54206345
2024-09-06,28.4225000000,28.4225000000,28.8681648000,28.3770240000,38318214
2024-09-09,28.1769296000,27.5038848000,28.1860248000,27.3219808000,87107347
2024-09-10,27.5129800000,27.4584088000,27.6766936000,27.2310288000,47602357
2024-09-11,27.4129328000,27.3583616000,27.4675040000,27.2219336000,41579376
2024-09-12,27.3765520000,27.4947896000,27.7403600000,27.2310288000,41026697
2024-09-13,27.5402656000,27.8313120000,28.1041680000,27.2856000000,49597443
2024-09-18,27.8404072000,28.2951672000,28.3770240000,27.8404072000,41854027
2024-09-19,28.3770240000,28.0314064000,28.4043096000,27.8585976000,45119126
2024-09-20,28.0314064000,28.1405488000,28.2951672000,27.8858832000,48741755
2024-09-23,28.0586920000,28.5498328000,28.6407848000,28.0495968000,34460872
2024-09-24,28.8135936000,30.1323976000,30.1414928000,28.8044984000,136121800
2024-09-25,30.7872520000,31.0601080000,31.3693448000,30.6508240000,185624279
2024-09-26,31.0692032000,32.1788176000,32.1788176000,30.8418232000,174532999
2024-09-27,32.8427672000,32.4061976000,33.1974800000,31.7513432000,74545782
2024-09-30,33.0610520000,34.2070472000,34.5617600000,32.6699584000,256101260
2024-10-08,37.6268424000,36.3808000000,37.6268424000,35.3075664000,297303868
2024-10-09,36.1079440000,33.6613352000,36.1261344000,33.6613352000,185593210
2024-10-10,34.0160480000,35.2257096000,35.9260400000,34.0160480000,143329841
2024-10-11,35.2257096000,34.9528536000,35.6713744000,34.5890456000,90347580
2024-10-14,35.4803752000,35.7714216000,36.1988960000,35.1893288000,129293839
2024-10-15,35.6258984000,35.0165200000,36.3717048000,35.0165200000,95597653
2024-10-16,34.6981880000,35.9260400000,35.9260400000,34.6799976000,101254815
2024-10-17,35.9533256000,35.0074248000,36.1898008000,35.0074248000,84892228
2024-10-18,35.0256152000,35.5167560000,35.8623736000,34.7527592000,92819433
2024-10-21,35.6077080000,35.3348520000,35.6077080000,35.0165200000,71753946
2024-10-22,35.3257568000,35.6258984000,36.0169920000,35.2439000000,60052610
2024-10-23,35.5258512000,36.0715632000,36.3262288000,35.4894704000,62709968
2024-10-24,35.9715160000,35.7532312000,36.0897536000,35.5986128000,33631220
2024-10-25,35.6986600000,35.5622320000,35.9169448000,35.5258512000,44793119
2024-10-28,35.4803752000,35.0347104000,35.5622320000,34.8164256000,66464094
2024-10-29,35.1074720000,35.1074720000,35.5622320000,34.9346632000,51468161
2024-10-30,35.0256152000,34.4526176000,35.3803280000,34.2070472000,70340828
2024-10-31,34.3798560000,33.9796672000,34.5526648000,33.5703832000,85039251
2024-11-01,34.0524288000,34.5708552000,34.8346160000,33.9978576000,70310211
2024-11-04,34.6527120000,35.2439000000,35.2439000000,34.0251432000,64661209
2024-11-05,34.9528536000,35.5440416000,35.5622320000,34.9255680000,62874476
2024-11-06,35.4712800000,35.0710912000,35.5440416000,34.6981880000,64833629
2024-11-07,34.9437584000,35.9897064000,35.9988016000,34.9073776000,74347218
2024-11-08,36.0897536000,35.2893760000,36.2443720000,35.2439000000,74536846
2024-11-11,34.8346160000,34.8619016000,35.1984240000,34.4617128000,70314555
2024-11-12,34.7345688000,34.1888568000,35.3257568000,34.1160952000,89328928
2024-11-13,34.1888568000,34.3980464000,34.5435696000,34.1160952000,48530440
2024-11-14,34.2525232000,34.6163312000,34.9983296000,34.1342856000,67644030
2024-11-15,34.6345216000,34.3980464000,35.0801864000,34.3889512000,69927688
2024-11-18,34.6072360000,34.4708080000,35.1620432000,34.3798560000,76344807
2024-11-19,34.4799032000,34.3070944000,34.7254736000,34.0615240000,52124855
2024-11-20,34.3798560000,34.0888096000,34.4253320000,34.0160480000,45129126
2024-11-21,34.0888096000,34.0433336000,34.2525232000,33.8978104000,35033614
2024-11-22,34.0433336000,33.1520040000,34.1524760000,33.0701472000,69049090
2024-11-25,33.3793840000,32.9428144000,33.5249072000,32.8518624000,53409473
2024-11-26,32.7700056000,33.0974328000,33.2702416000,32.5971968000,45942121
2024-11-27,33.0974328000,33.2884320000,33.3611936000,32.8427672000,39207688
2024-11-28,33.2884320000,33.1701944000,33.5158120000,32.9064336000,45193910
2024-11-29,33.2793368000,33.0519568000,33.6522400000,33.0246712000,66437999
2024-12-02,33.1520040000,33.2065752000,33.3611936000,32.9246240000,42465209
2024-12-03,33.3339080000,33.7613824000,33.8523344000,33.0883376000,72198609
2024-12-04,33.7340968000,33.4794312000,33.7340968000,33.2247656000,62051124
2024-12-05,33.3430032000,33.5703832000,33.9796672000,33.2975272000,56894934
2024-12-06,33.6613352000,34.2889040000,34.3980464000,33.6613352000,87723587
2024-12-09,34.1888568000,34.2889040000,34.5526648000,33.9705720000,49299535
2024-12-10,35.2893760000,35.1074720000,35.4621848000,34.9255680000,103895319
2024-12-11,35.0529008000,34.8346160000,35.2802808000,34.7709496000,51770936
2024-12-12,34.8255208000,35.2893760000,35.3166616000,34.7527592000,58688876
2024-12-13,34.9710440000,33.9250960000,35.1074720000,33.9069056000,111798280
2024-12-16,33.9705720000,34.3252848000,34.3616656000,33.9432864000,64031589
2024-12-17,34.1433808000,34.4253320000,34.7072832000,34.1433808000,60310408
2024-12-18,34.5799504000,35.0347104000,35.1620432000,34.4344272000,80585536
2024-12-19,34.9073776000,34.5799504000,35.0438056000,34.5617600000,61119582
2024-12-20,34.6072360000,34.4799032000,34.8164256000,34.4344272000,54215038
2024-12-23,34.5526648000,34.8800920000,35.1984240000,34.5435696000,90269156
2024-12-24,34.8800920000,35.6713744000,35.7350408000,34.8528064000,99342846
2024-12-25,35.6804696000,35.8350880000,35.9806112000,35.4621848000,75591307
2024-12-26,35.8350880000,35.9078496000,35.9624208000,35.4803752000,53925194
2024-12-27,35.9078496000,35.7805168000,36.0533728000,35.2711856000,70031955
2024-12-30,35.7805168000,36.0351824000,36.1988960000,35.6986600000,67884533
2024-12-31,35.9806112000,35.7441360000,36.2898480000,35.7441360000,64371699
2025-01-02,35.7896120000,35.0256152000,35.9260400000,34.8709968000,64200070
2025-01-03,35.1074720000,35.1620432000,35.5076608000,35.0529008000,68258306
2025-01-06,35.3803280000,35.5167560000,35.5622320000,34.6799976000,61715863
2025-01-07,35.4439944000,35.3803280000,35.6077080000,35.1165672000,49275205
2025-01-08,35.3166616000,35.7259456000,35.9715160000,35.3075664000,75148102
2025-01-09,35.8350880000,35.4712800000,35.8623736000,35.3166616000,44708335
2025-01-10,35.7805168000,35.4530896000,35.8805640000,35.2984712000,48142480
2025-01-13,35.4076136000,35.5349464000,35.6077080000,35.0529008000,60632274
2025-01-14,35.5531368000,36.2443720000,36.3535144000,35.3803280000,70801188
2025-01-15,36.3717048000,36.9628928000,37.2903200000,36.2807528000,79670088
2025-01-16,36.9719880000,37.2812248000,37.4267480000,36.8628456000,59259386
2025-01-17,37.2539392000,37.0265592000,37.4358432000,36.4990376000,47590050
2025-01-20,37.2721296000,36.4899424000,37.3539864000,36.4808472000,54257482
2025-01-21,36.6718464000,36.5081328000,36.8446552000,36.3898952000,40068506
2025-01-22,36.5081328000,35.8805640000,36.5263232000,35.7623264000,58891222
2025-01-23,36.0806584000,36.2261816000,36.5899896000,35.9442304000,60661810
2025-01-24,36.0715632000,36.6172752000,36.8810360000,35.8896592000,57465234
2025-01-27,36.9083216000,36.9719880000,37.2630344000,36.8810360000,52606047
2025-02-05,37.1538920000,36.3808000000,37.1993680000,36.2898480000,50478889
2025-02-06,36.3808000000,36.5627040000,36.7264176000,36.1352296000,46608842
2025-02-07,36.4717520000,36.5627040000,36.7446080000,36.3444192000,52106618
2025-02-10,36.5627040000,36.9265120000,37.2175584000,36.3444192000,58180595
2025-02-11,37.0629400000,37.2721296000,37.3267008000,36.9628928000,45777119
2025-02-12,37.2539392000,37.8542224000,37.8906032000,36.8901312000,60359149
2025-02-13,37.8815080000,37.9360792000,38.1543640000,37.5995568000,46220698
2025-02-14,37.9178888000,38.2271256000,38.2271256000,37.7632704000,49873690
2025-02-17,38.1907448000,37.9451744000,38.1907448000,37.6177472000,53612561
2025-02-18,37.7541752000,38.2453160000,38.6364096000,37.7541752000,54666539
2025-02-19,38.1998400000,38.1816496000,38.3362680000,37.9815552000,37470223
2025-02-20,38.1998400000,38.0634120000,38.2816968000,37.9087936000,40767508
2025-02-21,38.1634592000,37.6541280000,38.1907448000,37.4904144000,59525579
2025-02-24,37.6450328000,37.5358904000,37.9724600000,37.3812720000,57110709
2025-02-25,37.4267480000,37.3176056000,37.6905088000,37.2084632000,50732120
2025-02-26,37.4085576000,37.7268896000,37.9269840000,37.3357960000,47644661
2025-02-27,37.8360320000,38.5454576000,38.5636480000,37.5449856000,62259657
2025-02-28,38.5454576000,38.2453160000,38.8001232000,38.2453160000,70542365
2025-03-03,38.3089824000,38.2453160000,38.7637424000,38.1543640000,47014902
2025-03-04,38.1179832000,38.0179360000,38.2907920000,37.9906504000,31724542
2025-03-05,38.1634592000,39.0093128000,39.0275032000,37.9724600000,63203743
2025-03-06,39.0093128000,39.0729792000,39.2003120000,38.6091240000,57205304
2025-03-07,39.0184080000,39.6277864000,39.8369760000,38.9729320000,60541319
2025-03-10,39.5550248000,39.1730264000,39.6368816000,38.9456464000,50874971
2025-03-11,38.9001704000,39.5732152000,39.6914528000,38.8455992000,56574109
2025-03-12,39.5641200000,39.6005008000,39.8915472000,39.3367400000,41825836
2025-03-13,39.6550720000,39.8733568000,40.3644976000,39.5641200000,58553928
2025-03-14,40.0188800000,41.0739232000,41.3558744000,39.9643088000,91127535
2025-03-17,41.2194464000,40.9647808000,41.3831600000,40.9102096000,65420973
2025-03-18,41.1921608000,41.0557328000,41.2740176000,40.7646864000,42822001
2025-03-19,41.1830656000,41.8561104000,41.9288720000,41.0193520000,67070594
2025-03-20,41.7651584000,41.1466848000,41.7651584000,40.7283056000,67865603
2025-03-21,41.0375424000,40.6555440000,41.2376368000,40.4918304000,67541170
2025-03-24,40.5191160000,40.9738760000,41.1012088000,40.5191160000,44957619
2025-03-25,40.9284000000,41.0102568000,41.3831600000,40.8829240000,35687155
2025-03-26,40.4736400000,38.8001232000,40.5554968000,38.7546472000,157832632
2025-03-27,38.8819800000,39.3458352000,39.7824048000,38.8728848000,82795081
2025-03-28,39.3822160000,39.3094544000,39.5186440000,39.1639312000,38618409
2025-03-31,39.3003592000,39.3731208000,39.8187856000,38.7546472000,53956888
2025-04-01,39.3640256000,38.9911224000,39.3731208000,38.8819800000,38936035
2025-04-02,38.9911224000,38.8637896000,39.2457880000,38.8183136000,33120189
2025-04-03,38.2180304000,38.7910280000,38.9729320000,38.2180304000,46416550
2025-04-07,37.2357488000,37.1357016000,38.1998400000,35.8259928000,181563292
2025-04-08,37.0902256000,37.4267480000,37.4722240000,36.7809888000,161047736
2025-04-09,36.9265120000,36.7991792000,37.3085104000,36.6536560000,97396935
2025-04-10,37.2812248000,37.3812720000,37.6996040000,36.8810360000,74378875
2025-04-11,37.3903672000,37.7541752000,37.9178888000,37.1175112000,58305691
2025-04-14,37.9087936000,37.7268896000,38.1179832000,37.6632232000,48215984
2025-04-15,37.7359848000,38.2907920000,38.4636008000,37.6996040000,61456386
2025-04-16,38.1816496000,38.4272200000,38.7273616000,38.0361264000,57629358
2025-04-17,38.3089824000,38.3089824000,38.5272672000,38.0634120000,40579288
2025-04-18,38.3180776000,38.8819800000,38.9183608000,38.2453160000,43500128
2025-04-21,38.8001232000,38.4545056000,39.1821216000,38.4545056000,41646585
2025-04-22,38.4817912000,38.2089352000,38.6909808000,38.2089352000,43378813
2025-04-23,38.4726960000,38.1907448000,38.4726960000,37.9906504000,46774359
2025-04-24,38.1998400000,38.3908392000,38.5454576000,38.1543640000,41365185
2025-04-25,38.4636008000,38.2726016000,38.7000760000,38.2362208000,42434993
2025-04-28,38.3362680000,38.5181720000,38.7091712000,38.2271256000,38697317
2025-04-29,38.5181720000,38.1998400000,38.7910280000,38.1998400000,45769853
2025-04-30,37.8724128000,37.0538448000,37.8724128000,36.8446552000,117268210
2025-05-06,37.1993680000,37.6268424000,37.6632232000,36.8446552000,66640999
2025-05-07,38.0088408000,38.2180304000,38.4090296000,37.5722712000,71291388
2025-05-08,38.2089352000,38.9274560000,39.4913584000,38.1998400000,83380964
2025-05-09,38.9274560000,39.5459296000,39.6550720000,38.9274560000,66815472
2025-05-12,39.5186440000,39.8369760000,40.3826880000,39.2094072000,84897409
2025-05-13,40.1007368000,40.5282112000,40.6100680000,39.8824520000,69912417
2025-05-14,40.5191160000,40.7555912000,41.2012560000,40.3099264000,71279018
2025-05-15,40.7737816000,40.8556384000,41.2740176000,40.6100680000,68460048
2025-05-16,40.7010200000,40.2644504000,40.9102096000,40.0461656000,61965535
2025-05-19,40.2007840000,39.8733568000,40.4372592000,39.7915000000,50281701
2025-05-20,40.0461656000,39.9279280000,40.5736872000,39.9006424000,50053483
2025-05-21,39.9734040000,39.9279280000,40.3554024000,39.8733568000,49920035
2025-05-22,39.9279280000,40.4827352000,40.5282112000,39.7915000000,56565562
2025-05-23,40.4827352000,40.0643560000,40.6373536000,39.9279280000,54146009
2025-05-26,39.9188328000,39.8369760000,40.1734984000,39.6823576000,45609975
2025-05-27,39.8369760000,39.7824048000,40.1553080000,39.7187384000,36375001
2025-05-28,39.8187856000,39.7278336000,40.0643560000,39.6550720000,30035524
2025-05-29,39.7460240000,39.5368344000,39.9734040000,39.5186440000,49298970
2025-05-30,39.6095960000,39.5004536000,39.9097376000,39.4276920000,57139144
2025-06-03,39.5641200000,39.9915944000,40.4099736000,39.5641200000,50368513
2025-06-04,40.0643560000,40.0734512000,40.2644504000,39.9279280000,37341667
2025-06-05,40.0734512000,40.3554024000,40.4008784000,40.0188800000,42131680
2025-06-06,40.4281640000,40.4463544000,40.6646392000,40.2917360000,37349895
2025-06-09,40.5645920000,40.5645920000,40.6373536000,40.2098792000,47477446
2025-06-10,40.5373064000,40.6282584000,40.9738760000,40.4281640000,52834892
2025-06-11,40.6737344000,41.2103512000,41.5468736000,40.6737344000,77676108
2025-06-12,41.2922080000,41.1375896000,41.5195880000,41.0193520000,45239070
2025-06-13,41.1466848000,41.0921136000,41.2467320000,40.8829240000,47408056
2025-06-16,41.0011616000,41.6378256000,41.6651112000,40.8829240000,41447435
2025-06-17,41.7287776000,41.8197296000,41.8833960000,41.5741592000,47420901
2025-06-18,41.7651584000,41.7014920000,41.9015864000,41.5195880000,42642859
2025-06-19,41.6923968000,41.5013976000,41.8924912000,41.2649224000,51345430
2025-06-20,41.5923496000,41.8288248000,42.0016336000,41.4286360000,44815652
2025-06-23,41.7469680000,42.0653000000,42.1471568000,41.3194936000,53893148
2025-06-24,42.1198712000,42.5200600000,42.7474400000,42.0016336000,65581461
2025-06-25,42.5200600000,43.2022000000,43.2022000000,42.3745368000,60767987
2025-06-26,43.1931048000,43.5478176000,43.5478176000,42.7929160000,59020064
2025-06-27,43.5205320000,42.0380144000,43.5387224000,41.8743008000,95414320
2025-06-30,41.9561576000,41.7924440000,42.1016808000,41.6287304000,62461363
2025-07-01,41.8015392000,42.2472040000,42.4472984000,41.7651584000,45061309
2025-07-02,42.4745840000,42.6564880000,42.8929632000,42.2472040000,51856318
2025-07-03,42.6564880000,42.3927272000,42.7019640000,42.1471568000,55622576
2025-07-04,42.3836320000,42.8111064000,43.2022000000,42.2017280000,67894832
2025-07-07,42.8111064000,42.9293440000,43.0202960000,42.4745840000,56742742
2025-07-08,43.0021056000,43.3113424000,43.3568184000,42.8383920000,63742101
2025-07-09,43.2022000000,42.8656776000,43.4477704000,42.8656776000,61456635
2025-07-10,42.8383920000,43.8752448000,44.1571960000,42.8383920000,121978404
2025-07-11,43.9131945200,43.3059247600,44.1219435000,43.2869475800,118444284
2025-07-14,43.3154133500,43.2395046300,43.7329113100,43.1161529600,64848437
2025-07-15,43.4292764300,42.9074039800,43.5716052800,42.5088832000,66620626
2025-07-16,42.9453583400,42.8030294900,43.2110388600,42.5847919200,46818639
2025-07-17,42.7935409000,42.6986550000,43.0117784700,42.6132576900,41689506
2025-07-18,42.7460979500,42.7460979500,42.8504724400,42.4519516600,54343057
2025-07-21,42.7460979500,42.5563261500,42.9168925700,42.5373489700,56641201
2025-07-22,42.5563261500,42.6417234600,42.6796778200,41.9490563900,92231906
2025-07-23,42.6701892300,42.8125180800,43.3628563000,42.6607006400,85324905
2025-07-24,42.8979153900,42.5847919200,43.0402442400,42.5088832000,82662013
2025-07-25,42.5468375600,42.5373489700,42.8599610300,42.4614402500,69626423
2025-07-28,42.5088832000,42.1672939600,42.8504724400,42.1388281900,63512720
2025-07-29,42.1672939600,41.8826362600,42.5088832000,41.8826362600,78581282
2025-07-30,41.9111020300,42.1483167800,42.4614402500,41.6833758700,72546085
2025-07-31,42.1293396000,42.2052483200,42.2811570400,41.6074671500,73319517
2025-08-01,42.2242255000,42.1483167800,42.6701892300,42.0818966500,59462094
2025-08-04,42.0439422900,42.6037691000,42.6701892300,42.0439422900,49800832
2025-08-05,42.4899060200,42.9358697500,43.0781986000,42.3570657600,55525830
2025-08-06,42.9738241100,42.8125180800,43.3913220700,42.8030294900,43029640
2025-08-07,42.8125180800,42.8409838500,43.2679704000,42.6607006400,44064325
2025-08-08,42.8884268000,42.2526912700,42.9643355200,42.2526912700,45642153
2025-08-11,42.2526912700,41.8446819000,42.3475771700,41.8446819000,53672371
2025-08-12,41.8731476700,41.7497960000,42.2052483200,41.7497960000,56225243
2025-08-13,41.8826362600,41.3133208600,41.9870107500,41.2658779100,87673736
2025-08-14,41.3228094500,41.5410470200,41.6928644600,41.2753665000,67635168
2025-08-15,41.4271839400,41.0855947000,41.5030926600,41.0855947000,93295684
2025-08-18,40.8958229000,41.2848550900,41.4366725300,40.6965625100,92639738
2025-08-19,41.2279235500,41.1804806000,41.4651383000,41.0761061100,57411852
2025-08-20,41.0855947000,41.2279235500,41.3987181700,40.9432658500,54724013
2025-08-21,41.2753665000,41.2469007300,41.3607638100,41.0191745700,57854002
2025-08-22,41.2469007300,41.0476403400,41.2563893200,40.8388913600,79449625
2025-08-25,41.1045718800,41.6264443300,41.6264443300,40.9053114900,90738990
2025-08-26,41.6454215100,41.2943436800,41.7687731800,41.1994577800,75572231
2025-08-27,41.2753665000,40.8009370000,41.4271839400,40.8009370000,75814078
2025-08-28,40.8199141800,40.7819598200,41.0855947000,40.4213934000,82242557
2025-08-29,40.7819598200,40.6965625100,41.7403074100,40.6965625100,136087899
2025-09-01,40.4403705800,39.8331008200,40.4593477600,39.7382149200,127633329
2025-09-02,39.7192377400,41.2184349600,41.2753665000,39.7192377400,145214114
2025-09-03,41.2184349600,40.7060511000,41.3417866300,40.5162793000,81840560
2025-09-04,40.6206537900,40.8483799500,41.1045718800,39.9849182600,93536328
2025-09-05,40.8009370000,40.5732108400,40.8199141800,40.3549732700,57232838
2025-09-08,40.5162793000,40.2600873700,40.8958229000,40.2031558300,85168162
2025-09-09,40.2505987800,40.6396309700,40.6870739200,40.2316216000,58952653
2025-09-10,40.6111652000,40.8009370000,40.9432658500,40.3834390400,47138694
2025-09-11,40.9242886700,41.0855947000,41.1140604700,40.5921880200,65073072
2025-09-12,41.1615034200,40.3644618600,41.2469007300,40.2505987800,82314003
2025-09-15,40.3075303200,40.0608269800,40.6016766100,39.9564524900,69949106
2025-09-16,40.1557128800,39.6148632500,40.2600873700,39.5294659400,85905078
2025-09-17,39.6243518400,39.6243518400,40.0323612100,39.5674203000,57236258
2025-09-18,39.6433290200,38.7419129700,39.7002605600,38.7134472000,100352240
2025-09-19,38.7134472000,38.9032190000,39.4061142700,38.4762324500,83656307
2025-09-22,39.0455478500,38.8273102800,39.2542968300,38.7134472000,65611030
2025-09-23,38.8842418200,39.4250914500,39.6148632500,38.5521411700,93885081
2025-09-24,39.3776485000,39.2068538800,39.7477035100,39.1783881100,64389951
2025-09-25,39.2068538800,38.7324243800,39.2448082400,38.7229357900,66694887
2025-09-26,38.7229357900,38.7134472000,38.9032190000,38.2390177000,68276667
2025-09-29,38.6849814300,38.5995841200,39.1783881100,38.2959492400,83555055
2025-09-30,38.5711183500,38.3433921900,38.7039586100,38.3433921900,70002520
2025-10-09,38.1536203900,38.2674834700,38.3718579600,37.7835653800,97231953
2025-10-10,38.2390177000,38.1251546200,38.5711183500,38.0777116700,95504979
2025-10-13,37.7266338400,38.0587344900,38.2390177000,37.6697023000,106593617
2025-10-14,38.0397573100,39.1499223400,39.3681599100,37.7930539700,173382668
2025-10-15,39.1404337500,39.3776485000,39.4440686300,38.9127075900,106276702
2025-10-16,39.3776485000,39.7856578700,39.8425894100,39.0265706700,106248776
2025-10-17,39.7382149200,39.4630458100,40.0608269800,39.2637854200,82982705
2025-10-20,39.4820229900,39.3017397800,39.6528176100,38.9981049000,64947729
2025-10-21,39.3681599100,39.8331008200,39.9469639000,39.3681599100,75993124
2025-10-22,39.8331008200,39.8046350500,40.0418498000,39.5958860700,55133364
2025-10-23,39.8046350500,40.0798041600,40.3170189100,39.6433290200,71317373
2025-10-24,40.1841786500,39.8046350500,40.2790645500,39.7097491500,69883194
2025-10-27,39.7571921000,39.4630458100,39.8236122300,39.3017397800,98894862
2025-10-28,39.4915115800,39.4725344000,39.5863974800,39.1214565700,70595074
2025-10-29,39.4061142700,38.6849814300,39.4061142700,38.6090727100,91098760
2025-10-30,38.7134472000,39.0929908000,39.2448082400,38.6470270700,113153844
2025-10-31,39.1499223400,38.7988445100,39.1878767000,38.7514015600,70260700
2025-11-03,39.0360592600,39.6528176100,39.8236122300,38.9601505400,92198068
2025-11-04,39.7002605600,40.8104255900,40.9053114900,39.6717947900,134003592
2025-11-05,40.8958229000,40.6111652000,41.2469007300,40.5637222500,73171377
2025-11-06,40.4688363500,40.1746900600,40.6965625100,40.1462242900,87197274
2025-11-07,40.2316216000,40.3359960900,40.5352564800,40.1177585200,59319118
2025-11-10,40.2790645500,40.5352564800,40.6870739200,40.1177585200,53236873
2025-11-11,40.5067907100,40.7629826400,40.8388913600,40.3454846800,54467066
2025-11-12,40.9148000800,40.7345168700,41.1425262400,40.7345168700,58792878
2025-11-13,40.7724712300,41.0001973900,41.0855947000,40.5542336600,58798006
2025-11-14,41.0286631600,41.0381517500,41.3607638100,40.9717316200,51820955
2025-11-17,40.8958229000,40.4688363500,40.9907088000,40.3265075000,61067446
2025-11-18,40.3834390400,40.6870739200,40.7155396900,40.2695759600,51743927
2025-11-19,40.6870739200,41.0096859800,41.2753665000,40.6111652000,51169639
2025-11-20,41.0096859800,41.0191745700,41.5505356100,40.8483799500,58585152
2025-11-21,41.0286631600,40.8009370000,41.3228094500,40.5732108400,79126405
2025-11-24,40.8958229000,40.4498591700,41.0001973900,40.3359960900,67854882
2025-11-25,40.4783249400,41.0381517500,41.0855947000,40.2695759600,66640949
2025-11-26,41.1235490600,41.0381517500,41.3987181700,40.7724712300,45107206
2025-11-27,40.9717316200,40.9812202100,41.1709920100,40.4213934000,62143434
2025-11-28,40.8958229000,40.7534940500,40.9148000800,40.6301423800,49465789
2025-12-01,40.8768457200,41.2184349600,41.2469007300,40.7345168700,56791942
2025-12-02,41.2184349600,41.1615034200,41.4176953500,41.0096859800,40673497
2025-12-03,41.0571289300,40.8104255900,41.3512752200,40.8009370000,46895972
2025-12-04,40.8483799500,41.0096859800,41.1994577800,40.8104255900,36120746
2025-12-05,41.0381517500,41.2279235500,41.3228094500,40.7155396900,54890622
2025-12-08,41.2184349600,40.9717316200,41.4082067600,40.8673571300,58003881
2025-12-09,40.9717316200,40.8388913600,41.0855947000,40.6396309700,46593870
2025-12-10,40.8768457200,39.5674203000,40.8768457200,39.4250914500,108315686
2025-12-11,39.7192377400,39.5484431200,39.8995209500,39.2922511900,84623107
2025-12-12,39.6148632500,39.6053746600,39.6907719700,39.3586713200,71762547
2025-12-15,39.6053746600,39.6623062000,40.1177585200,39.5010001700,56266557
2025-12-16,39.6433290200,39.5674203000,39.9754296700,39.3112283700,56617635
2025-12-17,39.4725344000,39.3966256800,39.7097491500,39.1214565700,63126744
2025-12-18,39.4156028600,40.2031558300,40.2505987800,39.2827626000,76811931
2025-12-19,40.2031558300,39.8425894100,40.3075303200,39.7666806900,57382341
2025-12-22,39.9279867200,39.6338404300,39.9754296700,39.5769088900,52473989
2025-12-23,39.6053746600,39.7666806900,39.8900323600,39.5294659400,60651014
2025-12-24,39.7856578700,39.6907719700,39.8425894100,39.4250914500,53630520
2025-12-25,39.7856578700,39.6433290200,39.9279867200,39.5674203000,49921351
2025-12-26,39.6528176100,39.5674203000,39.7382149200,39.4915115800,50880959
2025-12-29,39.5294659400,39.7287263300,39.7856578700,39.3017397800,68255105
2025-12-30,39.7571921000,40.1177585200,40.3075303200,39.6433290200,83478293
2025-12-31,40.0798041600,39.9469639000,40.1652014700,39.7761692800,55414239
2026-01-05,40.3075303200,40.1841786500,40.6111652000,40.1082699300,84082964
2026-01-06,40.2790645500,40.5447450700,40.6016766100,39.9374753100,92371482
2026-01-07,40.5637222500,39.9944068500,40.8199141800,39.9849182600,88055952
2026-01-08,40.0418498000,39.4535572200,40.0892927500,39.1878767000,111572692
2026-01-09,39.4156028600,39.1878767000,39.6243518400,39.0170820800,98547074
2026-01-12,39.1878767000,39.0170820800,39.3112283700,38.9032190000,118664058
2026-01-13,39.0929908000,39.0265706700,39.2637854200,38.9316847700,115936473
2026-01-14,39.0265706700,38.0207801300,39.0645250300,38.0112915400,191774380
2026-01-15,38.0587344900,38.0587344900,38.3528807800,37.9543600000,121727094
2026-01-16,38.4383418100,37.6888476800,38.4480755000,37.6207118500,152524530
2026-01-19,37.6985813700,37.5233749500,37.8835214800,37.4747065000,98870273
2026-01-20,37.5428423300,37.6985813700,38.0879289700,37.4844401900,111387322
2026-01-21,37.8835214800,37.2216305600,37.9029888600,37.1632284200,121499985
2026-01-22,37.2508316300,36.8420166500,37.5525760200,36.7933482000,187754633
2026-01-23,36.8420166500,36.5013375000,37.1534947300,36.3845332200,189211273
2026-01-26,36.5013375000,37.0074893800,37.2800327000,36.3163973900,216679416
2026-01-27,37.0464241400,37.0853589000,37.4844401900,36.8614840300,157240627
2026-01-28,37.1048262800,36.7933482000,37.4163043600,36.6960113000,204166688
2026-01-29,36.8712177200,37.5039075700,37.6207118500,36.5500059500,199998187
2026-01-30,37.5039075700,37.6401792300,38.1268637300,37.5039075700,166084303
2026-02-02,37.8445867200,37.4260380500,38.2534017000,37.3871032900,138497888
2026-02-03,37.6401792300,37.2800327000,37.6401792300,37.1242936600,84279156
2026-02-04,37.2800327000,37.9711246900,37.9808583800,37.2410979400,102131628
2026-02-05,37.9029888600,38.6524829900,38.8568904800,37.8737877900,121889452
2026-02-06,38.6427493000,38.5454124000,38.8860915500,38.2631353900,80297978
2026-02-09,38.5454124000,38.4286081200,38.6816840600,38.2826027700,65894891
2026-02-10,38.4383418100,38.2923364600,38.5064776400,38.2631353900,49596465
2026-02-11,38.3118038400,38.3507386000,38.3994070500,38.1560648000,52881696
2026-02-12,38.3507386000,37.9516573100,38.3702059800,37.6985813700,77752571
2026-02-13,37.9127225500,37.6791139900,38.0489942100,37.6012444700,70537032
2026-02-24,38.1560648000,37.9029888600,38.3604722900,37.7861845800,75467438
2026-02-25,37.8640541000,37.7472498200,38.1073963500,37.6888476800,72397149
2026-02-26,37.7667172000,37.6693803000,37.9808583800,37.4747065000,59332534
2026-02-27,37.7180487500,37.7180487500,37.9127225500,37.6109781600,63703472
2026-03-02,37.5720434000,37.6401792300,37.8348530300,37.3968369800,68547313
2026-03-03,37.6304455400,38.1365974200,38.4967439500,37.5331086400,138465642
2026-03-04,37.9711246900,37.5720434000,37.9905920700,36.9977556900,115193902
2026-03-05,37.6304455400,38.1073963500,38.1949995600,37.6012444700,78336979
2026-03-06,38.0587279000,38.1560648000,38.2728690800,37.9127225500,46595667
2026-03-09,37.8640541000,37.7569835100,38.1365974200,37.7180487500,76677490
2026-03-10,37.9029888600,38.1755321800,38.1949995600,37.7667172000,61371700
2026-03-11,38.2534017000,38.4480755000,38.4480755000,37.9127225500,68940710
2026-03-12,38.3994070500,38.4480755000,38.5259450200,38.2826027700,52772330
2026-03-13,38.4091407400,38.7011514400,38.9834284500,38.3020701500,76527668
2026-03-16,38.7108851300,38.8471567900,38.9736947600,38.5843471600,61094451
2026-03-17,38.8276894100,39.0515642800,39.2851728400,38.7692872700,65622927
2026-03-18,39.0612979700,38.8568904800,39.2462380800,38.7303525100,70583141
2026-03-19,38.8179557200,38.7108851300,38.9736947600,38.6427493000,65024684
2026-03-20,38.7887546500,38.6914177500,39.0126295200,38.6038145400,61580273
2026-03-23,38.5259450200,37.6499129200,38.6427493000,37.5233749500,95773829
2026-03-24,37.7667172000,38.2047332500,38.2728690800,37.6985813700,61633642
2026-03-25,38.2826027700,38.2144669400,38.3507386000,37.9029888600,65381669
2026-03-26,38.1073963500,38.5064776400,38.6330156100,38.0976626600,61679007
2026-03-27,38.4480755000,38.3896733600,38.6427493000,38.2047332500,46800671
2026-03-30,38.1949995600,38.4286081200,38.5162113300,38.0879289700,64605410
2026-03-31,38.4870102600,38.2728690800,38.6719503700,38.2339343200,66309671
2026-04-01,38.5064776400,38.7595535800,38.9736947600,38.3702059800,88152581
2026-04-02,38.7984883400,38.7011514400,38.8568904800,38.5259450200,53462988
2026-04-03,38.7011514400,38.3507386000,38.7595535800,38.3118038400,46448537
2026-04-07,38.3410049100,37.9516573100,38.5454124000,37.9224562400,52836661
2026-04-08,38.4480755000,38.5648797800,38.5843471600,38.1463311100,66949789
2026-04-09,38.4286081200,38.2144669400,38.4675428800,38.0781952800,53585405
2026-04-10,38.2728690800,38.1657984900,38.3312712200,38.0879289700,54320208
2026-04-13,38.0879289700,37.9419236200,38.1171300400,37.8835214800,52514495
2026-04-14,37.9613910000,38.0879289700,38.1365974200,37.9127225500,50399861
2026-04-15,38.2047332500,38.8374231000,38.8568904800,38.1755321800,105210379
2026-04-16,38.8374231000,38.8471567900,39.0807653500,38.6914177500,61725776
2026-04-17,38.7887546500,38.4675428800,38.8374231000,38.4480755000,58792518
2026-04-20,38.4480755000,38.8082220300,38.8374231000,38.2826027700,58877642
2026-04-21,38.8471567900,38.8082220300,39.0807653500,38.7984883400,54594915
2026-04-22,38.8082220300,38.6816840600,38.9639610700,38.5648797800,50759455
2026-04-23,38.6622166800,38.7498198900,38.7984883400,38.4675428800,56948934
2026-04-24,38.6816840600,38.3312712200,38.7400862000,38.3118038400,62941438
2026-04-27,38.4675428800,38.3312712200,38.9250263100,38.2728690800,92616843
2026-04-28,38.3312712200,38.5454124000,38.5746134700,38.2144669400,66930520
2026-04-29,37.8737877900,37.4747065000,37.9808583800,37.3189674600,253311717
2026-04-30,37.3773696000,37.2508316300,37.4844401900,37.1048262800,116957410
2026-05-06,37.2702990100,36.9880220000,37.3287011500,36.8128155800,143177103
2026-05-07,37.0366904500,36.9393535500,37.1437610400,36.9296198600,79008987
2026-05-08,37.0172230700,36.9296198600,37.1632284200,36.8906851000,86953912
2026-05-11,36.9393535500,36.9588209300,36.9685546200,36.6960113000,92548934
2026-05-12,36.9685546200,36.8906851000,37.1242936600,36.8517503400,96729929
2026-05-13,36.9490872400,36.8712177200,37.0756252100,36.8420166500,71830416
2026-05-14,36.8030818900,36.8030818900,37.0074893800,36.7252123700,86786790
2026-05-15,36.8030818900,36.6473428500,36.9588209300,36.6084080900,82173796
2026-05-18,36.6473428500,36.4721364300,36.6570765400,36.3553321500,70768410
2026-05-19,36.4818701200,36.3747995300,36.7349460600,36.3455984600,71991007
2026-05-20,36.3747995300,36.1801257300,36.4429353600,36.1801257300,69318422
2026-05-21,36.1898594200,36.1606583500,36.3455984600,36.1217235900,72519969
2026-05-22,36.1119899000,36.0341203800,36.3358647700,35.9854519300,79761712
2026-05-25,36.0243866900,35.9562508600,36.2677289400,35.9173161000,71066833
2026-05-26,35.9562508600,36.0146530000,36.2969300100,35.9173161000,70620290
2026-05-27,36.0243866900,36.0146530000,36.1995931100,35.8005118200,84514627
2026-05-28,36.0633214500,36.1314572800,36.4332016700,35.9854519300,99579106
2026-05-29,36.1119899000,36.9977556900,37.0269567600,35.9465171700,153138355
2026-06-01,36.9880220000,37.1826958000,37.1826958000,36.7933482000,96137886
2026-06-02,37.1437610400,37.7667172000,37.8445867200,37.0366904500,125696953
2026-06-03,37.7764508900,37.4747065000,37.7764508900,37.2313642500,88127454
2026-06-04,37.3773696000,37.0853589000,37.6207118500,36.9782883100,73884128
2026-06-05,37.1632284200,37.5525760200,37.6693803000,37.0950925900,77870900
2026-06-08,37.3773696000,37.4747065000,37.7277824400,37.3384348400,76947767
2026-06-09,37.4747065000,37.4649728100,37.6109781600,37.3773696000,66450037
2026-06-10,37.4260380500,37.8640541000,38.0392605200,37.3579022200,93586076
2026-06-11,37.8932551700,37.6985813700,38.0489942100,37.5428423300,59445402
2026-06-12,37.5623097100,38.2923364600,38.3020701500,37.3189674600,111983390
2026-06-15,38.1657984900,37.9127225500,38.3215375300,37.6985813700,97740434
2026-06-16,37.7764508900,37.5428423300,37.8543204100,37.3871032900,78966910
2026-06-17,37.6499129200,37.2118968700,37.8153856500,37.1242936600,66045163
2026-06-18,37.1340273500,36.2677289400,37.1826958000,36.2677289400,100346053
2026-06-22,36.0243866900,36.6473428500,36.8906851000,35.9659845500,110076764
2026-06-23,36.6473428500,36.4040006000,37.1729621100,36.3553321500,100800729
2026-06-24,36.4916038100,35.7810444400,36.5792070200,35.7713107500,123616556
2026-06-25,35.7518433700,35.2651588700,36.0049193100,35.2359578000,118116225
2026-06-26,35.4111642200,35.0412840000,35.4987674300,34.9244797200,105541023
2026-06-29,34.9439471000,35.4500989800,35.7421096800,34.4572626000,108073461
2026-06-30,35.4014305300,34.5545995000,35.4208979100,34.4085941500,109903751
2026-07-01,34.5740668800,34.9536807900,35.1580882800,34.3404583200,89122129
2026-07-02,35.3138273200,35.6253054000,35.8199792000,35.1678219700,94461448
2026-07-03,35.6934412300,35.8491802700,36.0730551400,35.3819631500,85312390
2026-07-06,35.7226423000,36.7252123700,36.7544134400,35.5474358800,97154407
2026-07-07,36.7154786800,36.5500059500,36.8517503400,36.3066637000,65258740
2026-07-08,36.3650658400,36.9296198600,36.9588209300,36.1606583500,76713452
2026-07-09,36.6960113000,36.5500059500,36.8030818900,36.3747995300,76564557
2026-07-10,36.6100000000,36.8800000000,36.9200000000,36.3300000000,79377153
2026-07-13,36.8100000000,37.2500000000,37.4000000000,36.7100000000,93308476
2026-07-14,37.1000000000,37.1800000000,37.2400000000,36.8200000000,80415432
2026-07-15,37.0000000000,37.7600000000,37.9600000000,36.7500000000,115462595
2026-07-16,37.7000000000,37.6700000000,38.1200000000,37.5000000000,76689870
2026-07-17,37.7600000000,38.0200000000,38.2000000000,37.6800000000,115858449
2026-07-20,37.9500000000,38.9100000000,38.9100000000,37.8900000000,143361015
2026-07-21,39.1800000000,37.9900000000,39.4000000000,37.9000000000,156012742
2026-07-22,37.8500000000,38.7100000000,38.7100000000,37.6300000000,108454598
2026-07-23,38.6800000000,38.9100000000,38.9900000000,38.4500000000,79493797
2026-07-24,39.1800000000,39.2000000000,39.2500000000,38.9000000000,98296005
2026-07-27,39.1200000000,39.0000000000,39.2400000000,38.6900000000,71584573
2026-07-28,39.1700000000,39.5900000000,39.5900000000,38.9500000000,105018681
2026-07-29,39.9800000000,39.6600000000,40.0700000000,39.4900000000,114871245
2026-07-30,39.6600000000,40.5500000000,40.5500000000,39.5500000000,137457952
2026-07-31,39.8500000000,39.6200000000,40.1700000000,39.0400000000,149155003
