date,open,close,high,low,volume,amount
2020-01-02,59.6160400000,59.3992544000,59.6837855000,58.8369667500,21080991,1843430819.0000
2020-01-03,59.6295891000,58.2272572500,59.7515310000,58.0578935000,21817779,1888231586.0000
2020-01-06,57.9562752500,56.9671909500,58.0646680500,56.6013652500,29734839,2508527265.0000
2020-01-07,56.9739655000,57.4956058500,57.8749806500,56.6894344000,18940918,1603978430.0000
2020-01-08,56.9265436500,57.3668894000,57.4752822000,56.9062200000,12304171,1038810518.0000
2020-01-09,57.5836750000,58.8572904000,59.0740760000,57.5633513500,26017192,2246442616.0000
2020-01-10,59.2095670000,59.2773125000,59.9547675000,59.0063305000,23256665,2041426812.0000
2020-01-13,59.8734729000,59.5076472000,59.9412184000,58.5998575000,21503704,1878457191.0000
2020-01-14,59.4805490000,58.6066320500,59.4805490000,58.3153264000,21468124,1864841428.0000
2020-01-15,58.7014757500,58.8911631500,59.5821672500,58.3017773000,16496087,1436762675.0000
2020-01-16,59.3721562000,58.5592102000,59.4466762500,57.9901480000,20712394,1785398548.0000
2020-01-17,58.5998575000,61.4180703000,61.4316194000,58.5998575000,52624117,4707819765.0000
2020-01-20,62.8542749000,61.0386955000,63.3284934000,60.3476914000,29352713,2653002810.0000
2020-01-21,61.0386955000,61.2216083500,62.3190854500,60.8761063000,19950939,1809663671.0000
2020-01-22,61.2080592500,61.1945101500,61.7703469000,60.6389970500,16226239,1464485309.0000
2020-01-23,60.9844991000,59.6092654500,61.3774230000,59.0740760000,23701555,2099350021.0000
2020-02-03,54.5893239000,57.8953043000,58.8572904000,54.4673820000,41042008,3455638211.0000
2020-02-04,57.8817552000,58.7692212500,59.6702364000,56.5403943000,32433085,2781000930.0000
2020-02-05,58.9385850000,60.2325240500,60.2731713500,58.4575919500,29675828,2594153242.0000
2020-02-06,60.5983497500,61.0319209500,61.9193870000,59.8125019500,30832480,2772379774.0000
2020-02-07,61.3096775000,60.7338407500,61.3774230000,59.5076472000,22467653,2000843763.0000
2020-02-10,60.0902585000,59.9547675000,60.2257495000,59.1418215000,16548422,1459245759.0000
2020-02-11,60.2934950000,61.0725682500,61.5738849500,59.9615420500,22918742,2068042638.0000
2020-02-12,61.3164520500,62.9762168000,62.9762168000,61.1741865000,24963047,2304729552.0000
2020-02-13,63.1455805500,61.9532597500,63.4368862000,61.8245433000,18521631,1705612843.0000
2020-02-14,62.0887507500,62.0210052500,62.6307147500,61.6551795500,15010325,1377251110.0000
2020-02-17,62.0210052500,62.5832929000,62.8610494500,61.6822777500,16256991,1497322211.0000
2020-02-18,62.5900674500,61.3774230000,63.3759152500,61.1335392000,22754516,2074194351.0000
2020-02-19,61.2351574500,60.7541644000,61.5806595000,60.5577024500,16851331,1515228293.0000
2020-02-20,61.0928919000,61.5129140000,61.7026014000,60.4628587500,16027553,1451548142.0000
2020-02-21,61.1809610500,61.1064410000,61.4451685000,60.8896554000,19334718,1743549903.0000
2020-02-24,60.9506263500,59.8734729000,61.0048227500,59.3111852500,27950756,2473859353.0000
2020-02-25,59.1892433500,59.8260510500,60.9641754500,59.0740760000,23184351,2056139171.0000
2020-02-26,59.5482945000,58.7217994000,59.6092654500,58.5998575000,22998536,2000880351.0000
2020-02-27,58.9385850000,59.0808505500,59.6160400000,58.4643665000,19002179,1655869339.0000
2020-02-28,58.2611300000,56.9671909500,58.6540539000,56.6758853000,26959678,2290273511.0000
2020-03-02,57.6175477500,57.7191660000,58.5388865500,56.3100596000,26989162,2293961247.0000
2020-03-03,58.4372683000,59.8463747000,60.4628587500,58.4372683000,29242999,2585791390.0000
2020-03-04,59.6160400000,59.4805490000,59.6905600500,58.5321120000,15053100,1316422943.0000
2020-03-05,60.7067425500,62.1226235000,62.6645875000,60.3002695500,44192555,4032311153.0000
2020-03-06,62.3258600000,62.4952237500,63.5452790000,62.1226235000,31258261,2902987358.0000
2020-03-09,61.0048227500,60.2189749500,61.8516415000,60.1512294500,32820179,2951425664.0000
2020-03-10,60.4628587500,61.3774230000,62.0548780000,59.7176582500,26284468,2370345097.0000
2020-03-11,62.1835944500,60.3138186500,62.1835944500,60.1647785500,16010243,1436872955.0000
2020-03-12,59.2840870500,58.5185629000,60.2934950000,58.2611300000,25077454,2177872617.0000
2020-03-13,55.6868010000,57.3804385000,58.2611300000,55.5513100000,34967130,2922931307.0000
2020-03-16,57.5836750000,55.5851827500,58.0578935000,55.2464552500,28994095,2414261469.0000
2020-03-17,55.5851827500,54.9348259500,56.8791218000,53.5731414000,27293470,2216055124.0000
2020-03-18,55.0093460000,54.6028730000,57.0823583000,54.3928619500,28389686,2335986719.0000
2020-03-19,54.5351275000,53.5189450000,55.4158190000,52.2859769000,32231088,2538661497.0000
2020-03-20,54.1828509000,54.3047928000,54.8670804500,53.2886103000,24883224,1986863668.0000
2020-03-23,54.1964000000,55.7545465000,56.5607179500,53.7289560500,41520770,3397352302.0000
2020-03-24,56.2558632000,58.0307953000,58.2611300000,56.1474704000,31900549,2710737795.0000
2020-03-25,59.7176582500,60.2731713500,60.9574009000,58.6743775500,31844647,2820988078.0000
2020-03-26,60.2257495000,61.1606374000,61.9871325000,59.7176582500,31770356,2877001105.0000
2020-03-27,61.6822777500,61.5738849500,63.1726787500,61.0251464000,28469859,2609107608.0000
2020-03-30,60.9709500000,61.4451685000,62.6307147500,60.0767094000,25684644,2322353833.0000
2020-03-31,61.7635723500,62.3461836500,62.4478019000,60.9709500000,26304468,2400236989.0000
2020-04-01,61.9058379000,60.9709500000,61.9803579500,60.4289860000,19304498,1744533553.0000
2020-04-02,61.0048227500,62.2242417500,62.3190854500,60.7135171000,18138870,1648761214.0000
2020-04-03,62.1903690000,63.4978571500,64.3582250000,62.0074561500,29210344,2735078003.0000
2020-04-07,64.0194975000,64.6969525000,65.0221309000,63.3962389000,23768403,2257928667.0000
2020-04-08,64.2904795000,64.2091849000,65.3744075000,63.8365846500,16119858,1536416732.0000
2020-04-09,64.2159594500,65.5708694500,66.2550990000,63.9856247500,17708066,1710399981.0000
2020-04-10,65.5640949000,65.1779455500,67.5287144000,64.9679345000,17107628,1670871609.0000
2020-04-13,65.6995859000,65.4895748500,65.9637933500,64.5479124000,9332925,900406333.0000
2020-04-14,66.2009026000,66.7225429500,66.7564157000,65.0898764000,19345508,1889381723.0000
2020-04-15,66.7360920500,66.0044406500,67.4406452500,65.6318404000,14466307,1415306445.0000
2020-04-16,65.1508473500,65.9908915500,66.3363936000,64.7105016000,13984286,1358631624.0000
2020-04-17,66.0857352500,65.4421530000,66.5260810000,65.2795638000,14749545,1432127410.0000
2020-04-20,65.4421530000,65.5098985000,66.0518625000,65.0424545500,12854190,1242369641.0000
2020-04-21,65.7131350000,64.5614615000,65.7266841000,63.8501337500,18320323,1741681263.0000
2020-04-22,64.5546869500,66.0518625000,66.0518625000,63.7552900500,17745049,1708014972.0000
2020-04-23,66.3905900000,65.0695527500,66.9122303500,64.3582250000,19376577,1870197545.0000
2020-04-24,65.0221309000,64.5479124000,65.0289054500,64.0194975000,10850701,1032161869.0000
2020-04-27,64.9679345000,65.2727892500,65.9163715000,63.8772319500,18385978,1769049089.0000
2020-04-28,65.3066620000,65.0695527500,65.7131350000,64.3920977500,22129179,2124684725.0000
2020-04-29,64.7375998000,63.2675224500,65.0356800000,62.0887507500,24102982,2258366953.0000
2020-04-30,63.2742970000,63.0033150000,64.0872430000,62.6239402000,19649746,1838839151.0000
2020-05-06,62.6713620500,65.3202111000,65.3202111000,62.3936055000,26001373,2455778612.0000
2020-05-07,65.4082802500,65.4421530000,65.9366951500,64.7646980000,12458600,1201384790.0000
2020-05-08,65.6860368000,65.7470077500,66.8580339500,65.3269856500,16732086,1633145984.0000
2020-05-11,65.5098985000,63.4639844000,65.5640949000,63.2675224500,32938974,3102541443.0000
2020-05-12,63.4639844000,64.6563052000,64.7172761500,63.3555916000,18285628,1732154239.0000
2020-05-13,64.6563052000,64.8324435000,65.7131350000,63.7485155000,22492009,2144887797.0000
2020-05-14,64.6698543000,65.8486260000,66.3905900000,64.1549885000,22261679,2155706452.0000
2020-05-15,66.2550990000,64.2430576500,66.4922082500,64.0262720500,25366060,2426297766.0000
2020-05-18,64.3243522500,65.8486260000,66.5260810000,63.7485155000,30116321,2909787600.0000
2020-05-19,67.0680450000,66.3499427000,67.7251763500,65.9231460500,18534838,1822548174.0000
2020-05-20,66.7428666000,66.3228445000,67.7251763500,65.8147532500,19324558,1903175329.0000
2020-05-21,66.5938265000,67.5693617000,68.4229550000,66.4109136500,27069881,2696444112.0000
2020-05-22,67.5896853500,64.9543854000,67.6642054000,64.6156579000,28447785,2753874329.0000
2020-05-25,65.6796504000,65.9648598000,66.6004693200,65.2314642000,19936839,1612062894.0000
2020-05-26,65.7203946000,66.4130460000,66.7389996000,65.4025898400,21137100,1715356622.0000
2020-05-27,66.1115389200,65.0847850800,66.1115389200,63.8950544400,31144212,2473825775.0000
2020-05-28,64.9544036400,63.9683940000,65.1336781200,63.0149797200,23191684,1821259569.0000
2020-05-29,63.6424404000,64.1313708000,64.6610454000,63.3979752000,17318968,1364918181.0000
2020-06-01,65.0277432000,65.3699944800,65.8426272000,64.8566175600,26148402,2101270422.0000
2020-06-02,65.4107386800,65.5166736000,65.6796504000,64.8077245200,17609319,1410531585.0000
2020-06-03,65.7285434400,65.3292502800,65.8344783600,65.1092316000,20953771,1681758206.0000
2020-06-04,65.6633527200,66.1685808000,66.2174738400,65.1173804400,20979792,1692441924.0000
2020-06-05,66.1685808000,67.0649532000,67.0812508800,65.5329712800,18578931,1515416333.0000
2020-06-08,67.2442276800,65.4351852000,67.3827579600,64.9299571200,33038299,2666552970.0000
2020-06-09,65.4351852000,67.6109254800,67.6353720000,65.4351852000,35269985,2896055339.0000
2020-06-10,67.6435208400,68.8902933600,69.6725820000,67.2605253600,31912487,2688996821.0000
2020-06-11,68.7354654000,68.8251026400,69.5584982400,68.1080047200,22117862,1868953181.0000
2020-06-12,67.7250092400,69.9496425600,69.9577914000,67.7250092400,23395844,1985845994.0000
2020-06-15,69.3466284000,68.6458281600,70.5689544000,68.5154467200,25478188,2163193926.0000
2020-06-16,69.3466284000,71.0089917600,71.3919872400,68.9228887200,27428615,2370702141.0000
2020-06-17,71.1393732000,73.0543506000,73.3803042000,71.0171406000,33127401,2947855892.0000
2020-06-18,73.0136064000,72.7691412000,73.3069646400,71.3675407200,21487640,1906117604.0000
2020-06-19,72.9321180000,75.7679143200,76.0449748800,72.7691412000,33448503,3084702033.0000
2020-06-22,75.7027236000,75.9716353200,77.7480824400,75.1323048000,29277781,2742046491.0000
2020-06-23,75.1893466800,77.0065380000,77.0065380000,74.9693280000,25453060,2382353716.0000
2020-06-24,76.5990960000,75.7434678000,76.9250496000,74.9937745200,31091258,2883479437.0000
2020-06-29,75.2952816000,75.1567513200,76.1427609600,74.4803976000,27130570,2496861137.0000
2020-06-30,75.6864259200,75.2137932000,76.2731424000,74.7656070000,25766883,2381145837.0000
2020-07-01,75.2952816000,74.1951882000,75.4256630400,72.7772900400,42068046,3806871755.0000
2020-07-02,74.1381463200,74.3174208000,74.7656070000,73.3395600000,34527121,3133501054.0000
2020-07-03,74.4152068800,74.8715419200,74.9693280000,73.7470020000,29910749,2732248764.0000
2020-07-06,74.9693280000,75.8901469200,76.1101656000,74.2766766000,49652811,4586141609.0000
2020-07-07,76.1672074800,79.2800643600,80.0379064800,75.7434678000,47494422,4572860843.0000
2020-07-08,79.8341854800,79.0926410400,81.2928278400,78.2777570400,35871041,3498289572.0000
2020-07-09,79.1252364000,80.2742228400,80.8527904800,78.7259432400,28267464,2775336379.0000
2020-07-10,80.3475624000,80.9587254000,81.8225024400,79.8993762000,29397609,2930401054.0000
2020-07-13,81.1461487200,81.3417208800,82.2054979200,80.7142602000,32371508,3235758046.0000
2020-07-14,81.3254232000,80.2090321200,81.3254232000,79.0437480000,33226294,3260726004.0000
2020-07-15,81.4069116000,83.9249031600,85.5628200000,80.7224090400,47889951,4911463744.0000
2020-07-16,84.1775172000,78.5140734000,84.8783174400,78.4407338400,47557446,4706824226.0000
2020-07-17,78.1555244400,78.4977757200,79.7608459200,77.4139800000,36663152,3529785170.0000
2020-07-20,78.6037106400,78.6281571600,79.5163807200,76.7783704800,25636138,2454392145.0000
2020-07-21,79.3697016000,80.9179812000,81.4721023200,78.6200083200,32418857,3203921896.2900
2020-07-22,80.6653671600,80.9750230800,82.3521770400,79.4267434800,30127609,3007068767.8900
2020-07-23,80.5186880400,80.9750230800,82.2054979200,79.8586320000,34555635,3430336195.8200
2020-07-24,79.9482692400,77.2428543600,80.5023903600,76.5990960000,44416020,4253626820.5000
2020-07-27,77.2347055200,77.7317847600,79.0111526400,76.9983891600,24982911,2383712808.6500
2020-07-28,77.7399336000,77.0880264000,78.3999896400,76.7620728000,28520240,2708493906.5600
2020-07-29,76.7946681600,78.1066314000,78.5385199200,76.5990960000,26603673,2540596894.7200
2020-07-30,78.1147802400,77.3895334800,78.4651803600,77.0961752400,27299645,2602558977.2200
2020-07-31,77.3080450800,76.9087519200,77.8051243200,74.8389465600,56003417,5254218157.3500
2020-08-03,75.5397468000,75.9471888000,76.3872261600,74.5618860000,63997843,5931855418.7400
2020-08-04,76.1916540000,76.5827983200,78.0821848800,76.1509098000,40738507,3857608925.8000
2020-08-05,76.5094587600,75.6130863600,76.6887332400,75.2871327600,38311496,3559444303.8400
2020-08-06,75.7923608400,74.1544440000,76.0205283600,73.7551508400,47749704,4363187157.1900
2020-08-07,74.3989092000,74.3174208000,74.9448814800,72.9484156800,32988293,2987964692.0500
2020-08-10,74.4152068800,73.9833183600,74.6352255600,73.1195413200,28793948,2612249558.1500
2020-08-11,74.5374394800,74.7900535200,75.8819980800,74.3174208000,35084274,3240241662.3600
2020-08-12,74.7900535200,73.3477088400,75.1078582800,72.5246760000,35333873,3175711818.6300
2020-08-13,74.0974021200,72.4268899200,74.0974021200,72.3616992000,26385812,2357707889.1900
2020-08-14,72.5083783200,72.9321180000,73.1765832000,71.6853454800,24237505,2154357299.5100
2020-08-17,73.3232623200,74.0729556000,74.5537371600,72.6713551200,34367679,3104127440.2000
2020-08-18,74.3174208000,76.1101656000,77.1369194400,74.3174208000,44929068,4198792291.5300
2020-08-19,76.4361192000,75.5641933200,77.2998962400,75.3930676800,32770393,3077103786.0000
2020-08-20,75.5641933200,74.7248628000,76.0612725600,74.3174208000,20311418,1869239760.8800
2020-08-21,75.8575515600,74.8063512000,76.3138866000,73.9914672000,20566890,1892059475.8300
2020-08-24,75.7679143200,75.3115792800,75.7842120000,74.6841186000,17743332,1641506973.9100
2020-08-25,75.7760631600,76.5909471600,77.1287706000,75.6212352000,24979223,2347765538.6100
2020-08-26,76.6235425200,77.0717287200,78.1799709600,76.3546308000,26872296,2551454994.7800
2020-08-27,77.0717287200,76.6887332400,77.3161939200,75.4501095600,21309961,1994485346.0400
2020-08-28,76.0286772000,77.7317847600,77.8214220000,75.7108724400,28154810,2663680871.2200
2020-08-31,78.0658872000,77.3080450800,78.6770502000,77.1776636400,27298621,2617730528.4700
2020-09-01,76.9983891600,76.5909471600,77.8621662000,76.0612725600,20966934,1973872645.4800
2020-09-02,77.4139800000,77.1695148000,77.4139800000,75.4664072400,27340726,2571096454.1200
2020-09-03,77.1695148000,77.4139800000,78.1310779200,76.5013099200,19690813,1871630212.3100
2020-09-04,76.5013099200,76.1998028400,76.8435612000,75.2708350800,25446452,2370058028.1600
2020-09-07,75.7842120000,74.6433744000,76.4279703600,74.5618860000,23396558,2161112124.9700
2020-09-08,74.6596720800,75.2382397200,75.6945747600,74.3174208000,20517584,1891551098.0000
2020-09-09,74.5944813600,73.5840252000,75.0263698800,72.9321180000,21080286,1913411105.4400
2020-09-10,74.5618860000,73.9425741600,74.9367326400,73.5921740400,16264843,1482657248.4000
2020-09-11,73.0136064000,74.8145000400,75.1811978400,73.0136064000,18338984,1671006198.6200
2020-09-14,75.0508164000,74.4478022400,75.2789839200,74.4152068800,15482417,1422039461.7100
2020-09-15,74.3989092000,74.2359324000,74.4233557200,73.3558576800,14888131,1351095829.3700
2020-09-16,74.4803976000,73.1276901600,74.8878396000,73.0136064000,19517128,1759609150.7000
2020-09-17,72.5898667200,70.3163403600,73.0462017600,70.0800240000,42304512,3676808556.9900
2020-09-18,70.4059776000,72.5083783200,72.5083783200,70.2592984800,29771727,2604300143.6300
2020-09-21,72.3616992000,72.1172340000,72.8995226400,71.5060710000,16829813,1492692224.4500
2020-09-22,71.7097920000,72.7691412000,73.4210484000,71.7016431600,20494047,1833962324.8400
2020-09-23,72.8913738000,73.2091785600,73.7470020000,72.4024434000,15519478,1395971893.8000
2020-09-24,72.9728622000,71.5957082400,72.9728622000,71.1393732000,17302734,1524073590.2900
2020-09-25,71.9542572000,72.0764898000,72.2150200800,71.1801174000,14111275,1241797263.9300
2020-09-28,72.1090851600,72.1824247200,72.9891598800,71.7994292400,14568491,1293975166.0000
2020-09-29,72.7528435200,73.2499227600,73.6655136000,72.4431876000,17781446,1597437967.9300
2020-09-30,73.6573647600,73.1928808800,74.9530303200,72.9321180000,23431595,2128600261.0100
2020-10-09,74.9693280000,74.9285838000,75.3278769600,74.0322114000,19576069,1796369484.1800
2020-10-12,75.2871327600,76.7620728000,76.8435612000,75.2789839200,24602019,2303160320.1300
2020-10-13,76.7620728000,76.3546308000,77.1613659600,75.8738492400,18696358,1754510426.2700
2020-10-14,76.1835051600,75.7842120000,76.6561378800,75.5886398400,21090034,1967489716.1700
2020-10-15,75.7842120000,75.9145934400,76.3138866000,75.4256630400,17803479,1658769729.8500
2020-10-16,76.5665006400,75.8657004000,76.7620728000,75.0671140800,17650217,1643256678.1400
2020-10-19,76.3383331200,74.5781836800,76.5990960000,74.2440812400,20715934,1913343152.0700
2020-10-20,74.4722487600,74.1625928400,74.5781836800,73.0624994400,22296671,2021368413.0300
2020-10-21,74.1707416800,72.9973087200,74.3174208000,72.5328248400,28833596,2585180268.5900
2020-10-22,72.9647133600,72.9810110400,72.9810110400,72.1172340000,16152915,1438790907.4500
2020-10-23,72.9810110400,71.8320246000,73.2254762400,71.7749827200,14591235,1296443334.8300
2020-10-26,71.7912804000,72.6713551200,72.9647133600,71.3838384000,12543186,1114391280.7700
2020-10-27,72.6550574400,72.7120993200,73.1358390000,71.9624060400,15240954,1360018209.2000
2020-10-28,72.7120993200,74.4478022400,74.9693280000,72.1253828400,26026402,2360524351.5100
2020-10-29,73.9018299600,74.1870393600,74.9693280000,73.1765832000,23852181,2170210898.9400
2020-10-30,74.2848254400,72.3942945600,74.4722487600,71.9787037200,30349103,2707793124.2800
2020-11-02,72.1824247200,72.7120993200,72.9321180000,71.5468152000,21413650,1897108219.9100
2020-11-03,72.8750761200,73.4617926000,73.6899601200,72.5328248400,19629973,1762618071.3400
2020-11-04,73.4943879600,73.4780902800,73.7470020000,72.9973087200,13972554,1258240944.2400
2020-11-05,74.4640999200,74.3174208000,75.1323048000,73.8773834400,18090590,1652154724.5800
2020-11-06,74.7248628000,72.4350387600,74.7982023600,71.7097920000,31976190,2851289083.7700
2020-11-09,72.5898667200,72.8261830800,73.2906669600,72.2068712400,31485323,2809943996.8500
2020-11-10,73.0136064000,71.6690478000,73.2091785600,71.4408802800,30041295,2656505957.0300
2020-11-11,71.6690478000,70.2185542800,71.6690478000,69.9985356000,35104352,3030086197.4400
2020-11-12,70.4874660000,70.5282102000,71.0334382800,70.2430008000,19516210,1693198276.3600
2020-11-13,70.5689544000,69.6725820000,70.6830381600,69.4118191200,29442048,2515636747.0200
2020-11-16,70.1615124000,69.7785169200,70.3652334000,69.2162469600,20385759,1741000257.5400
2020-11-17,69.7866657600,69.6970285200,69.9414937200,69.1836516000,21569611,1840888134.0200
2020-11-18,69.7133262000,70.5771032400,71.1230755200,69.7133262000,24068842,2086505921.8100
2020-11-19,70.8949080000,71.1393732000,71.3838384000,70.4874660000,18016863,1570090301.9100
2020-11-20,71.1393732000,70.8215684400,71.4490291200,70.6259962800,17163436,1494494229.1200
2020-11-23,70.8215684400,70.1778100800,70.8949080000,69.2651400000,32883846,2812155513.7600
2020-11-24,70.1696612400,71.0334382800,71.0660336400,69.6970285200,23837757,2060373704.0300
2020-11-25,71.0334382800,70.1859589200,71.1638197200,69.9985356000,20023759,1731392435.6200
2020-11-26,70.7237823600,70.0800240000,70.8623126400,69.3384795600,15607166,1340917680.5200
2020-11-27,69.9822379200,70.8541638000,70.8867591600,69.2895865200,16213830,1398744579.8500
2020-11-30,70.6504428000,70.0718751600,71.3023500000,70.0718751600,24193447,2096641064.1500
2020-12-01,70.3163403600,71.3919872400,71.6120059200,70.2022566000,24535327,2140841785.2700
2020-12-02,71.5549640400,71.3267965200,71.6120059200,70.8704614800,15966299,1396299716.3800
2020-12-03,71.5468152000,73.3314111600,73.4210484000,71.4001360800,32178913,2876193235.3800
2020-12-04,73.2499227600,74.4152068800,74.5618860000,72.9321180000,30179714,2741646542.6100
2020-12-07,74.7900535200,73.2417739200,74.7900535200,72.7772900400,23991175,2159562314.3800
2020-12-08,73.9588718400,73.3966018800,73.9833183600,73.0950948000,14561320,1313065803.9600
2020-12-09,73.8773834400,71.9053641600,73.8773834400,71.8157269200,22385526,1989629038.0300
2020-12-10,71.7097920000,72.5246760000,73.0950948000,71.3675407200,17235143,1534308953.5000
2020-12-11,73.0136064000,72.9321180000,74.0159137200,72.1987224000,25901207,2326177765.3400
2020-12-14,72.5409736800,73.4291972400,73.6573647600,71.7342385200,17885762,1608695420.6100
2020-12-15,73.4373460800,79.0600456800,79.2800643600,73.4373460800,77154520,7378730118.8600
2020-12-16,79.1089387200,79.0518968400,79.7608459200,77.8866127200,41062517,3982147118.3500
2020-12-17,83.1181680000,85.7094991200,86.9562716400,82.3114328400,90387543,9495304071.8400
2020-12-18,86.2228760400,86.1006434400,87.5592858000,85.0901872800,46382065,4920007083.7700
2020-12-21,86.1739830000,87.8933882400,88.4801047200,85.4650339200,36973577,3961393647.5800
2020-12-22,87.8444952000,86.5406808000,88.8060583200,86.3777040000,28483648,3053487975.3800
2020-12-23,87.5103927600,86.3777040000,88.1297046000,85.8480294000,29896625,3188306595.3400
2020-12-24,86.7851460000,88.6593792000,90.5417612400,86.4673412400,28333437,3099032240.9900
2020-12-25,88.6756768800,93.7198088400,94.9339860000,88.4149140000,32433038,3706407247.3100
2020-12-28,94.5265440000,90.4521240000,94.8932418000,89.6372400000,39434048,4419219610.8400
2020-12-29,91.1203288800,88.2356395200,91.7803849200,86.4184482000,37797534,4096371020.0800
2020-12-30,88.8060583200,91.8374268000,92.3996967600,88.6593792000,36217122,4048968057.3800
2020-12-31,91.7151942000,90.8269706400,91.8048314400,89.6453888400,28156885,3139202856.1300
2021-01-04,91.2588591600,90.6151008000,92.6441619600,90.4521240000,36342265,4072713008.8800
2021-01-05,90.6151008000,92.2693153200,95.0643674400,90.6069519600,41762795,4763614447.2100
2021-01-06,92.2856130000,92.6686084800,94.4206090800,91.2670080000,28370017,3219508645.8400
2021-01-07,93.5975762400,93.7116600000,93.7116600000,91.1040312000,32927605,3720602728.4600
2021-01-08,93.8094460800,92.2611664800,95.2354930800,91.3892406000,30767605,3499188266.5300
2021-01-11,91.5277708800,90.6965892000,93.0190086000,89.6372400000,27201138,3055535865.3800
2021-01-12,90.6884403600,92.9782644000,93.3205156800,89.6372400000,28638791,3236967861.4300
2021-01-13,92.9049248400,91.7314918800,93.2960691600,90.9573520800,23771906,2677656700.2300
2021-01-14,91.7314918800,89.7839191200,92.0248501200,88.4964024000,30041617,3321158495.0400
2021-01-15,90.8595660000,89.4987097200,90.8595660000,88.0156208400,24707098,2712379686.5900
2021-01-18,88.8468025200,87.8689417200,89.9143005600,87.5103927600,23513196,2543706267.5900
2021-01-19,88.4149140000,85.5220758000,88.4149140000,84.9761035200,34814227,3676873517.5400
2021-01-20,86.2962156000,86.3532574800,87.6244765200,85.5628200000,30502727,3235274871.6200
2021-01-21,86.3777040000,88.1297046000,88.6593792000,85.8724759200,38293455,4101405936.6400
2021-01-22,87.9748766400,91.7559384000,92.0818920000,87.2822252400,41130799,4580183779.9000
2021-01-25,91.9026175200,90.8188218000,92.5952689200,89.2297980000,38794449,4327402199.2100
2021-01-26,90.0854262000,87.1925880000,90.6802915200,86.9888670000,33976100,3679207532.1900
2021-01-27,87.7630068000,86.8829320800,88.1541511200,85.9702620000,23027045,2461916682.1800
2021-01-28,86.8258902000,85.2857594400,87.9993231600,84.2427079200,28273748,2965224339.2500
2021-01-29,84.9516570000,84.5523638400,85.6606060800,82.3114328400,32727553,3368922622.7900
2021-02-01,83.4930146400,83.5663542000,84.8212755600,82.3032840000,25076609,2572231369.0600
2021-02-02,84.5116196400,86.3777040000,87.1925880000,83.1589122000,31194628,3291860650.5800
2021-02-03,86.3288109600,85.5628200000,87.1518438000,85.1716756800,21573569,2279848995.1700
2021-02-04,84.7479360000,83.7700752000,85.0738896000,82.7188748400,28548211,2932116080.1500
2021-02-05,84.7071918000,87.4370532000,88.2437883600,83.5256100000,38071174,4059241107.6400
2021-02-08,87.4452020400,86.6058715200,89.1075654000,86.2554714000,37346791,4011442131.3100
2021-02-09,87.8037510000,89.4253701600,90.3054448800,86.2147272000,34134561,3712038166.6700
2021-02-10,88.9853328000,88.9853328000,90.2484030000,87.2903740800,34364524,3755577137.7000
2021-02-18,90.7780776000,85.4813316000,90.7780776000,85.1553780000,45041564,4802022748.3600
2021-02-19,85.2124198800,85.6932014400,86.1984295200,83.7782240400,28656349,2988179675.3000
2021-02-22,86.7036576000,81.4965488400,86.7036576000,81.4884000000,45626045,4647867286.1000
2021-02-23,80.9505765600,82.0588188000,83.0855726400,80.6735160000,25488864,2561642243.1500
2021-02-24,82.2951351600,81.2439348000,82.3032840000,80.3475624000,31780663,3169255795.2000
2021-02-25,81.4884000000,82.3440282000,83.3137401600,80.7957486000,31609719,3175504051.9400
2021-02-26,80.6816648400,82.9551912000,84.4708754400,80.6816648400,34996366,3573877073.4200
2021-03-01,83.7700752000,81.7410140400,83.7700752000,80.9261300400,30533938,3058360107.4100
2021-03-02,81.7410140400,80.1438414000,82.1484560400,79.4511900000,30420574,3009376809.7900
2021-03-03,80.2660740000,82.5884934000,82.6944283200,79.4837853600,26463184,2649105245.2700
2021-03-04,81.6350791200,81.8958420000,82.5884934000,80.3394135600,25083124,2509954478.3600
2021-03-05,80.2823716800,81.7328652000,82.4092189200,80.2579251600,22836325,2277798364.5500
2021-03-08,82.0669676400,75.0671140800,82.7514702000,74.7248628000,46204335,4407903275.6400
2021-03-09,75.6864259200,74.7900535200,77.1613659600,72.8424807600,42965618,3970887713.5700
2021-03-10,76.5909471600,76.1101656000,77.0309845200,75.4093653600,24213415,2265100247.9900
2021-03-11,76.5909471600,76.1753563200,77.3161939200,75.3767700000,27251641,2554052750.2700
2021-03-12,77.0065380000,75.1241559600,77.6584452000,74.6270767200,22917855,2127934278.8300
2021-03-15,74.2603789200,73.0054575600,75.0100722000,72.1742758800,30124408,2702706980.6000
2021-03-16,73.7470020000,72.6795039600,73.9751695200,71.7912804000,24041967,2142583645.3700
2021-03-17,72.6876528000,72.2150200800,73.1439878400,71.3675407200,25086337,2221734363.2600
2021-03-18,72.5328248400,72.6958016400,73.7388531600,71.9542572000,31112751,2776569675.5300
2021-03-19,71.7097920000,71.7505362000,72.4757829600,71.0578848000,22450145,1979612740.2200
2021-03-22,71.7505362000,71.7994292400,73.5758763600,71.3838384000,25482696,2255795600.3100
2021-03-23,70.9438010400,71.4245826000,72.0764898000,70.9030568400,24346543,2130891334.3100
2021-03-24,71.4245826000,70.5037636800,71.8727688000,69.8763030000,20113520,1747979556.2000
2021-03-25,69.8355588000,71.0823313200,71.6038570800,69.3384795600,21735235,1886763645.1200
2021-03-26,71.3756895600,74.3337184800,75.0508164000,71.2127127600,37823439,3422124863.6000
2021-03-29,74.3989092000,73.7714485200,74.8878396000,73.4454949200,24964210,2272148834.5100
2021-03-30,73.6329182400,76.2731424000,76.3383331200,73.3395600000,29635571,2732047808.6100
2021-03-31,75.9553376400,75.0426675600,75.9553376400,74.1625928400,18805139,1730748830.9600
2021-04-01,74.6433744000,76.4768634000,77.0065380000,74.6433744000,19276029,1807448031.5800
2021-04-02,76.5990960000,75.5234491200,77.2835985600,74.8715419200,19798510,1840689780.1500
2021-04-06,75.2952816000,74.0729556000,75.3197281200,73.8773834400,16978496,1546041596.1400
2021-04-07,74.3174208000,73.8936811200,74.3989092000,73.1276901600,16907148,1524879347.2500
2021-04-08,73.5840252000,75.3278769600,75.6619794000,73.0950948000,18476140,1697072602.5400
2021-04-09,75.7842120000,74.3174208000,75.9471888000,73.7470020000,17988909,1640481242.7200
2021-04-12,74.0322114000,72.9565645200,74.9530303200,72.4268899200,21344389,1919193023.6400
2021-04-13,72.8424807600,72.5083783200,73.5840252000,71.4327314400,22380889,1988503417.0000
2021-04-14,72.8913738000,69.6888796800,72.8913738000,66.9997624800,92249094,7812080554.8800
2021-04-15,68.8739956800,66.9671671200,68.9228887200,66.8693810400,59868383,4973531360.1600
2021-04-16,67.1056974000,65.6959480800,67.1056974000,64.6284500400,52880632,4248106020.0800
2021-04-19,65.7611388000,66.8938275600,66.9916136400,64.7832780000,52961773,4297304579.0500
2021-04-20,66.7308507600,65.4433340400,66.7308507600,64.7017896000,74240523,5955990598.8500
2021-04-21,65.3455479600,67.7820511200,67.9287302400,64.8729152400,68809652,5641888383.1300
2021-04-22,67.3746091200,66.9834648000,67.5538836000,66.6575112000,36850361,3026890530.2300
2021-04-23,67.5538836000,67.6353720000,68.4339583200,66.8204880000,46863794,3890314474.8500
2021-04-26,67.7820511200,66.4293436800,68.9147398800,66.3152599200,54247271,4504099657.7300
2021-04-27,66.4456413600,67.6761162000,67.7820511200,65.8833714000,33601174,2772491253.9800
2021-04-28,67.7168604000,67.5212882400,67.9450279200,66.7389996000,27164736,2237534282.4200
2021-04-29,67.6272231600,67.1056974000,67.7168604000,66.6575112000,31753562,2613342979.0500
2021-04-30,67.6353720000,68.5317444000,69.5096052000,67.1545904400,51336941,4313992973.3800
2021-05-06,68.5317444000,66.9182740800,69.5096052000,66.8286368400,42144800,3516693111.1900
2021-05-07,66.9182740800,65.1825711600,67.1056974000,65.1825711600,37105386,2992772699.4500
2021-05-10,65.1092316000,65.4596317200,65.9078179200,63.5691008400,25316123,2018887218.1300
2021-05-11,64.7832780000,68.2139396400,68.2872792000,64.6610454000,38798673,3187696920.3600
2021-05-12,68.1487489200,67.7820511200,68.4013629600,67.2279300000,24346250,2023942844.7100
2021-05-13,67.3257160800,66.6004693200,67.5620324400,66.1115389200,24759101,2022298798.6100
2021-05-14,67.0731020400,68.3117257200,68.6132328000,66.3397064400,34737829,2898254768.3600
2021-05-17,68.7762096000,69.5747959200,70.6096986000,68.7436142400,35822871,3070196387.7900
2021-05-18,69.5910936000,69.8600053200,70.3570845600,68.8902933600,19155165,1634106462.2300
2021-05-19,69.8355588000,69.3058842000,69.8355588000,68.8576980000,16714716,1419469459.9200
2021-05-20,69.4036702800,68.2139396400,69.5422005600,67.8798372000,34717475,2914466328.6600
2021-05-21,68.4910002000,66.9590182800,69.4688610000,66.8204880000,36626620,3052830936.1400
2021-05-24,66.7471484400,67.9287302400,67.9287302400,65.9241156000,27943478,2294658787.8900
2021-05-25,67.9205814000,70.2837450000,70.6178474400,67.8390930000,46445680,3960893277.3400
2021-05-26,70.9600987200,70.3163403600,71.2779034800,69.7785169200,41748843,3603633111.7500
2021-05-27,70.0474286400,70.3326380400,70.8134196000,69.3792237600,32636750,2808456373.3000
2021-05-28,70.8052707600,69.9577914000,71.1556708800,69.4770098400,32128405,2769742232.3600
2021-05-31,69.8355588000,70.3244892000,70.3896799200,69.2732888400,25953725,2225081410.4100
2021-06-01,70.3978287600,71.2779034800,71.3023500000,69.7540704000,39253826,3406034206.2300
2021-06-02,71.3104988400,68.7436142400,71.5060710000,68.1243024000,52429871,4456483943.2600
2021-06-03,68.0672605200,67.2931207200,68.3687676000,67.2768230400,41410338,3441142200.0900
2021-06-04,66.8775298800,67.3501626000,68.0346651600,66.5678739600,33478119,2765748569.8800
2021-06-07,67.2279300000,67.1790369600,67.2523765200,66.2093250000,25301113,2070589227.1800
2021-06-08,67.5131394000,67.6190743200,68.7191677200,67.3175672400,29782918,2480664129.0900
2021-06-09,67.7087115600,68.5724886000,68.8576980000,67.7087115600,25659093,2156957768.8200
2021-06-10,69.6017296800,71.5522640000,73.9634772800,68.7293801600,61779045,4544921867.4800
2021-06-11,71.6502808000,71.5130572800,71.9933396000,69.6899448000,44820874,3227502819.4500
2021-06-15,71.5130572800,70.4544758400,72.6794572000,70.1310204000,43843803,3177815767.8600
2021-06-16,70.4544758400,69.4056960800,70.9641632000,69.1018440000,28037761,1991163807.9600
2021-06-17,69.4351011200,69.7389532000,69.8761767200,68.7685868800,23354801,1653726264.3800
2021-06-18,70.0820120000,70.0232019200,71.0131716000,69.4252994400,31060655,2222493325.7400
2021-06-21,69.7879616000,68.1314776800,69.7879616000,67.7394104800,45286231,3169713381.6600
2021-06-22,68.1314776800,69.0822406400,69.0920423200,67.6315920000,43612983,3040863642.1000
2021-06-23,69.1704557600,69.7389532000,71.0229732800,69.1508524000,57215569,4081587083.2700
2021-06-24,68.6019583200,66.6514240000,68.6019583200,66.5240021600,77212794,5274271876.6500
2021-06-25,66.3279685600,66.7102340800,67.0826979200,65.6516526400,53724003,3623945403.0900
2021-06-28,66.7102340800,67.2395248000,67.2395248000,66.1613400000,41106770,2796214014.8500
2021-06-29,67.2493264800,66.8474576000,67.4551617600,66.4651920800,30062702,2052623671.9300
2021-06-30,66.8964660000,66.6220189600,67.3375416000,66.5534072000,26682514,1817637464.3900
2021-07-01,66.6514240000,68.3079079200,69.3958944000,66.4063820000,49410176,3416187491.3600
2021-07-02,67.6609970400,65.5830408800,67.9158407200,65.5242308000,53131555,3589629267.6800
2021-07-05,65.3379988800,61.7015756000,65.3379988800,61.0840697600,79501891,5093697132.4400
2021-07-06,61.3585168000,60.8292260800,61.3585168000,59.6236194400,65591779,4031806403.9900
2021-07-07,61.0546647200,61.2114916000,62.2308663200,61.0252596800,42130978,2645435620.1700
2021-07-08,61.2212932800,60.1529101600,61.6329638400,59.9568765600,37669299,2325415956.4000
2021-07-09,59.8098513600,60.8684328000,61.0840697600,59.6922312000,31713965,1956917068.1200
2021-07-12,62.2406680000,61.8682041600,63.2208360000,61.7407823200,59986695,3823509581.1600
2021-07-13,61.8682041600,60.7116059200,62.1524528800,60.5351756800,38145468,2377792671.6400
2021-07-14,60.4763656000,58.9178984800,60.5743824000,58.8100800000,67679871,4079611626.3600
2021-07-15,58.6140464000,59.0747253600,59.0943287200,57.2222078400,64806122,3835157908.0400
2021-07-16,59.0747253600,58.9080968000,59.0747253600,57.8299120000,45006736,2675282712.5000
2021-07-19,58.6532531200,59.7510412800,59.7902480000,57.8397136800,50233330,3006391944.5300
2021-07-20,59.6432228000,61.9270142400,61.9270142400,59.3001640000,79808081,4984495029.0100
2021-07-21,62.7307520000,61.7309806400,63.1914309600,61.4173268800,55457124,3519441511.4000
2021-07-22,61.7113772800,60.0646950400,61.7113772800,60.0548933600,47000640,2899861917.0900
2021-07-23,59.9764799200,60.2705303200,60.6233908000,59.0355186400,36112011,2206411057.6000
2021-07-26,60.0842984000,58.0455489600,60.0842984000,57.4280431200,46401001,2770651170.0700
2021-07-27,58.0357472800,53.4191560000,58.3984094400,53.0368904800,81094644,4581066032.2100
2021-07-28,52.8996669600,54.8011928800,55.1540533600,52.5370048000,52392023,2891590652.3100
2021-07-29,56.4576768000,54.0170584800,56.7517272000,53.5857845600,53012507,2953856785.7100
2021-07-30,53.4975694400,53.3015358400,53.7916198400,51.9489040000,48423569,2613309578.1700
2021-08-02,52.9094686400,54.1542820000,55.1344500000,51.2137780000,60414095,3276024089.1100
2021-08-03,54.0170584800,56.2616432000,56.2616432000,53.5171728000,54998221,3100529848.1900
2021-08-04,56.4576768000,55.2128634400,56.6243053600,54.6933744000,47326782,2662303075.4300
2021-08-05,55.2226651200,54.6933744000,56.3400566400,54.3895223200,38578877,2183301490.7000
2021-08-06,54.3993240000,53.7132064000,54.4385307200,53.2035190400,34743825,1898761300.0300
2021-08-09,53.4191560000,55.7911625600,56.7713305600,53.1839156800,53900047,3048950740.9200
2021-08-10,55.9577911200,56.5949003200,56.6537104000,54.6345643200,56306095,3200866126.9600
2021-08-11,56.0656096000,55.7617575200,57.2124061600,55.6441373600,39412559,2257552048.5200
2021-08-12,55.4088970400,54.6933744000,56.5262885600,54.5169441600,40083644,2260257999.7900
2021-08-13,54.4581340800,55.4088970400,55.5265172000,54.1836870400,33859164,1904307299.7500
2021-08-16,55.4088970400,55.3500869600,55.9675928000,54.9384164000,25064484,1418005605.4400
2021-08-17,55.0854416000,53.6641980000,55.3108802400,53.5661812000,36297864,2010145944.0700
2021-08-18,53.7328097600,53.8994383200,54.1150752800,52.6938316800,33002061,1799750670.4500
2021-08-19,53.5759828800,52.7722451200,54.3601172800,52.7134350400,33210110,1808649296.1200
2021-08-20,49.0084000000,47.4989412800,49.3220537600,47.4989412800,140676443,6858016623.6100
2021-08-23,46.6069884000,46.2443262400,47.2440976000,44.5976440000,134200961,6276592761.4900
2021-08-24,45.9796808800,46.2639296000,47.2048908800,45.1857448000,97395100,4578425409.8400
2021-08-25,46.2737312800,46.4697648800,47.1558824800,45.7836472800,63107053,2990920446.7300
2021-08-26,46.0776976800,44.4114120800,46.1659128000,44.3526020000,80436521,3686107651.7600
2021-08-27,44.5976440000,45.1367364000,45.9698792000,44.5878423200,53830432,2486358727.3000
2021-08-30,44.9112977600,44.6956608000,45.3621750400,44.3624036800,44456861,2025406946.6100
2021-08-31,44.5486356000,44.3035936000,45.2249515200,43.4508474400,49574185,2237371941.2500
2021-09-01,44.4996272000,45.6660271200,46.2639296000,44.0291465600,73127061,3380043295.6900
2021-09-02,45.6758288000,44.9505044800,45.6758288000,44.5976440000,46575210,2135153562.6200
2021-09-03,44.4212137600,45.1857448000,45.9110691200,44.1565684000,46235755,2132747684.5200
2021-09-06,45.2739599200,47.1460808000,47.9204135200,45.2739599200,86663569,4132165374.7600
2021-09-07,47.1460808000,47.1264774400,47.3715194400,46.2443262400,48897172,2333419067.2000
2021-09-08,47.1264774400,46.8030220000,47.3617177600,46.6559968000,33106871,1584289689.5700
2021-09-09,46.7736169600,46.4991699200,47.2048908800,46.3619464000,30166033,1435010677.7900
2021-09-10,46.4599632000,46.5089716000,46.9990556000,46.1561111200,33788585,1602166126.8000
2021-09-13,46.5089716000,45.8228540000,46.9892539200,45.5778120000,40587103,1912968153.3300
2021-09-14,45.8424573600,45.8718624000,46.5775833600,45.8032506400,48735457,2293151060.1400
2021-09-15,45.7542422400,44.8132809600,45.7836472800,44.5976440000,44832955,2056689111.4100
2021-09-16,44.9897112000,45.2347532000,45.5288036000,44.4800238400,55890581,2563361939.3000
2021-09-17,44.9210994400,46.0188876000,46.6559968000,44.7936776000,63532750,2968608404.5200
2021-09-22,46.0188876000,46.9500472000,47.1950892000,45.6856304800,58051309,2758986265.8000
2021-09-23,47.0480640000,46.8422287200,47.8223967200,46.3423430400,58686781,2817437482.8000
2021-09-24,46.7540136000,48.8123664000,49.1064168000,46.6069884000,92719699,4591907051.4400
2021-09-27,48.8515731200,49.7435260000,51.1255628800,48.2242656000,88159053,4483165536.6000
2021-09-28,50.4786520000,49.3906655200,50.4786520000,48.3516874400,54276640,2718214267.1100
2021-09-29,48.9103832000,48.9299865600,49.4396739200,47.7929916800,48439125,2403983221.2600
2021-09-30,48.9495899200,49.2338386400,49.6259058400,48.4595059200,41122129,2066473091.3100
2021-10-08,49.8513444800,53.1153039200,53.6347929600,49.0868134400,112430883,5960888355.2500
2021-10-11,53.1153039200,52.5468064800,54.4385307200,51.9587056800,73990926,3991927767.9400
2021-10-12,52.6840300000,52.7330384000,53.6151896000,52.0469208000,54972050,2964962229.6800
2021-10-13,52.4879964000,51.8998956000,52.4879964000,50.5276604000,60765613,3188382884.5300
2021-10-14,51.4098116000,50.0473780800,51.6450519200,50.0473780800,56168508,2894632514.7700
2021-10-15,49.4004672000,49.0574084000,50.3512301600,48.7535563200,56981151,2873134533.9600
2021-10-18,48.7535563200,48.1262488000,49.0084000000,47.5675530400,51512546,2522939155.7800
2021-10-19,47.7733883200,48.6261344800,49.7337243200,47.6949748800,52117489,2600860189.4200
2021-10-20,48.0282320000,50.5570654400,50.8609175200,46.8520304000,96591664,4832594860.2200
2021-10-21,49.9493612800,49.4984840000,50.3022217600,49.3710621600,43741124,2217575678.9000
2021-10-22,49.6063024800,50.2826184000,50.8315124800,49.4102688800,46196186,2366555936.7200
2021-10-25,49.9885680000,50.1944032800,51.2627864000,49.7925344000,45992167,2365503029.8000
2021-10-26,50.2434116800,48.4202992000,50.3708335200,48.4202992000,63857332,3191722745.7400
2021-10-27,48.3222824000,48.0870420800,48.8809781600,47.7145782400,34107124,1679520648.4500
2021-10-28,47.5969580800,47.7929916800,49.1554252000,47.5185446400,44555441,2192740599.4500
2021-10-29,47.5381480000,48.2634723200,48.8907798400,47.5381480000,42747645,2109798466.8200
2021-11-01,48.0478353600,48.8123664000,49.1064168000,47.5871564000,48770163,2405113964.6900
2021-11-02,48.5281176800,47.5381480000,49.2828470400,47.0480640000,48022525,2360199324.0200
2021-11-03,47.5479496800,48.1458521600,49.1848302400,47.5479496800,41553719,2050267690.8000
2021-11-04,48.2732740000,50.1944032800,50.7727024000,48.0282320000,82335021,4189625772.2900
2021-11-05,50.2336100000,50.7825040800,52.6154182400,50.2042049600,92066228,4838454314.0000
2021-11-08,50.9687360000,48.6359361600,51.1941746400,48.5183160000,82690286,4150966639.5000
2021-11-09,48.6947462400,48.8221680800,49.3808638400,48.5183160000,37359483,1865246454.5200
2021-11-10,48.8221680800,52.6644266400,53.4191560000,48.7143496000,137161202,7216853531.2200
2021-11-11,52.4389880000,51.9489040000,52.7232367200,51.5176300800,77586965,4111710411.6500
2021-11-12,51.9979124000,51.5078284000,52.3899796000,50.9785376800,44342847,2336050941.9700
2021-11-15,51.5274317600,52.3115661600,52.8800636000,51.3510015200,59007205,3142645540.3800
2021-11-16,52.3409712000,53.2721308000,53.8798349600,52.3115661600,67674990,3675390139.8500
2021-11-17,53.4191560000,52.8506585600,54.0562652000,52.7134350400,52225240,2832198105.3500
2021-11-18,52.4389880000,50.7530990400,52.5174014400,50.5766688000,69615884,3631499024.5900
2021-11-19,50.3022217600,50.9589343200,51.1843729600,50.2238083200,36658638,1898746327.0700
2021-11-22,51.5470351200,50.9883393600,52.1155325600,50.8217108000,43102616,2252992615.4300
2021-11-23,50.7825040800,51.0471494400,51.4098116000,50.5864704800,29804426,1547512997.6400
2021-11-24,50.9197276000,50.8511158400,51.1647696000,50.4786520000,30130630,1562921149.1900
2021-11-25,50.8707192000,51.9391023200,52.0469208000,50.6060738400,47393926,2488862273.3300
2021-11-26,52.1253342400,51.3117948000,52.1449376000,51.2137780000,42166255,2219333939.8600
2021-11-29,51.3411998400,50.0767831200,52.1351359200,49.8219394400,56636357,2926758472.8000
2021-11-30,49.6455092000,49.1750285600,50.0865848000,49.0672100800,48299412,2432124869.1300
2021-12-01,49.1848302400,49.4984840000,49.6455092000,48.7241512800,32040992,1608598523.1900
2021-12-02,48.9397882400,48.0870420800,48.9397882400,48.0478353600,52400722,2587430783.0500
2021-12-03,48.0576370400,48.2242656000,48.4399025600,47.9106118400,38878252,1906744461.8500
2021-12-06,48.2242656000,48.3026790400,48.8123664000,48.2144639200,36211477,1790176212.0300
2021-12-07,48.6947462400,49.1848302400,49.2828470400,48.3124807200,41526486,2072751941.7200
2021-12-08,49.1946319200,49.3612604800,49.3808638400,48.4202992000,33428958,1672764830.8800
2021-12-09,49.4004672000,50.3708335200,50.5864704800,49.0182016800,57603892,2943428264.0800
2021-12-10,49.9983696800,50.2434116800,50.6550822400,49.9003528800,39611804,2026831790.3700
2021-12-13,50.4688503200,49.9885680000,50.9687360000,49.8709478400,44410587,2282691515.8500
2021-12-14,49.6455092000,49.9885680000,50.4590486400,49.6161041600,30930105,1579648076.5400
2021-12-15,49.6651125600,49.0084000000,49.9885680000,48.5771260800,42367271,2128092496.6800
2021-12-16,48.7143496000,49.2338386400,49.3024504000,48.3516874400,31714685,1584599546.3100
2021-12-17,49.2828470400,48.7927630400,49.4886823200,48.7927630400,26485999,1324231761.5500
2021-12-20,48.4693076000,48.8907798400,49.4494756000,48.3810924800,25147077,1256799948.0300
2021-12-21,48.4889109600,49.0476067200,49.1848302400,48.4791092800,22340217,1117217041.1800
2021-12-22,49.0084000000,48.6751428800,49.0966151200,48.5771260800,25101230,1249818863.6300
2021-12-23,48.7241512800,48.4301008800,48.9103832000,48.2242656000,25486648,1261839061.5200
2021-12-24,48.3222824000,49.1260201600,49.3318554400,48.2732740000,33045803,1650578672.1900
2021-12-27,49.1260201600,49.4102688800,49.4984840000,48.9103832000,26823576,1345667368.1700
2021-12-28,49.4102688800,49.1750285600,49.7631293600,48.9299865600,27750953,1392384203.3400
2021-12-29,49.1750285600,48.7339529600,49.1750285600,48.6457378400,21495080,1070424586.6700
2021-12-30,48.7535563200,49.0182016800,49.4592772800,48.4497042400,28588126,1428754168.4600
2021-12-31,49.2044336000,49.7043192800,49.9689646400,48.9985983200,37903619,1916624424.0800
2022-01-04,49.7729310400,49.3906655200,49.9493612800,48.8515731200,37558099,1888484348.9300
2022-01-05,49.3416571200,49.9101545600,50.4982553600,48.9005815200,46626520,2364178390.2100
2022-01-06,49.9199562400,49.1162184800,50.4590486400,49.0084000000,44394613,2237642571.9300
2022-01-07,49.1260201600,49.8709478400,50.4590486400,48.8221680800,48377382,2458510184.7400
2022-01-10,49.8905512000,50.1061881600,50.4590486400,49.2044336000,39354201,2007381521.3500
2022-01-11,49.6063024800,49.1848302400,49.7925344000,49.0182016800,37017198,1864009275.1000
2022-01-12,49.2338386400,48.6065311200,49.4004672000,48.4791092800,51661589,2571709570.9500
2022-01-13,48.5085143200,46.5383766400,48.5869277600,46.0776976800,91049534,4386484344.9700
2022-01-14,46.0678960000,45.7248372000,46.4893682400,45.6562254400,49316842,2312333394.8600
2022-01-17,45.7346388800,45.4895968800,45.9502758400,45.1465380800,39411435,1823738250.6700
2022-01-18,45.4895968800,45.2935632800,45.5778120000,45.0877280000,35422094,1635215749.9500
2022-01-19,45.1857448000,44.8230826400,45.4601918400,44.3918087200,41324758,1896409295.0900
2022-01-20,44.7446692000,44.7838759200,45.1857448000,44.6760574400,35022531,1602248251.3300
2022-01-21,44.7936776000,44.0487499200,44.9701078400,43.6174760000,44690111,2006159059.1000
2022-01-24,43.6174760000,42.4314727200,44.0389482400,42.4216710400,64881390,2842696792.7900
2022-01-25,42.2452408000,41.9707937600,42.9117550400,41.8237685600,40394976,1745560670.4200
2022-01-26,42.2844475200,41.2552711200,42.4216710400,41.2062627200,37931518,1612771176.4800
2022-01-27,41.2552711200,40.2751031200,41.4317013600,40.1966896800,46565830,1935136843.8200
2022-01-28,40.2751031200,40.1378796000,40.7259804000,40.0692678400,34936921,1440188010.4800
2022-02-07,40.6377652800,40.3241115200,40.8239972000,40.2162930400,31371384,1296168803.2400
2022-02-08,40.3241115200,40.8926089600,40.9416173600,39.8928376000,31068155,1283466065.7600
2022-02-09,40.8730056000,41.1768576800,41.3042795200,40.7553854400,32053783,1342822006.1300
2022-02-10,41.2748744800,40.7455837600,41.2748744800,40.5201451200,25644223,1067112309.2300
2022-02-11,40.5299468000,40.4417316800,40.6769720000,39.7752174400,37166244,1526796360.7800
2022-02-14,40.1868880000,38.9616780000,40.4025249600,38.9126696000,53708185,2162387199.5600
2022-02-15,38.9616780000,40.3829216000,40.5397484800,38.8146528000,64533024,2630811777.1000
2022-02-16,40.1868880000,39.7654157600,40.2653014400,39.5987872000,48305457,1962479501.3500
2022-02-17,39.7752174400,39.8046224800,40.0594661600,39.6085888800,27164921,1104067990.0000
2022-02-18,39.4125552800,40.1476812800,40.2653014400,39.2459267200,32142190,1307024472.9800
2022-02-21,39.9908544000,40.1182762400,40.3339132000,39.7948208000,25357956,1035019827.0200
2022-02-22,40.1182762400,39.3145384800,40.1182762400,39.2165216800,32138660,1291738284.2900
2022-02-23,39.4517620000,40.0888712000,40.1280779200,39.3831502400,33611766,1365148882.2900
2022-02-24,39.8634325600,38.8930662400,39.9320443200,38.5500074400,55965819,2238371832.5700
2022-02-25,39.0989015200,39.3145384800,40.3633182400,39.0792981600,53627857,2166885497.4300
2022-02-28,39.3243401600,39.2851334400,39.6379939200,39.0106864000,31926340,1279675440.0000
2022-03-01,39.2851334400,40.2456980800,40.4711367200,39.2851334400,54467042,2225294400.0000
2022-03-02,40.0202594400,39.8046224800,40.0202594400,39.6183905600,27758955,1125487360.0000
2022-03-03,39.9614493600,39.3537452000,40.0398628000,39.3047368000,28509153,1148449840.0000
2022-03-04,39.0106864000,38.9910830400,39.5301754400,38.7264376800,32260730,1285642432.0000
2022-03-07,38.6186192000,36.8053084000,38.7166360000,36.7170932800,69311821,2630507632.0000
2022-03-08,36.8837218400,35.9525622400,37.0993588000,35.7859336800,47570733,1766240384.0000
2022-03-09,36.0701824000,35.3252547200,36.3054227200,34.0118296000,55880042,2008901472.0000
2022-03-10,36.0701824000,35.4526765600,36.3642328000,35.3840648000,45915501,1677358432.0000
2022-03-11,34.7273522400,36.8739201600,36.9229285600,34.5313186400,70909883,2612620912.0000
2022-03-14,37.0307470400,36.6582832000,38.1187335200,36.6582832000,67936056,2583986080.0000
2022-03-15,36.2270092800,35.4134698400,37.2463840000,35.2860480000,57855569,2140443280.0000
2022-03-16,35.9231572000,36.0113723200,36.2662160000,34.1098464000,68026140,2444375840.0000
2022-03-17,36.3642328000,36.6778865600,37.4620209600,36.1093891200,77190522,2899634544.0000
2022-03-18,36.2956210400,36.7563000000,36.8543168000,36.0701824000,56052304,2089064225.1800
2022-03-21,36.9033252000,36.5602664000,37.1287638400,36.0701824000,50742401,1889540504.5600
2022-03-22,36.5602664000,36.2074059200,36.9033252000,36.1681992000,28588195,1060452475.5600
2022-03-23,36.3642328000,36.6190764800,37.0797554400,35.8349420800,49846281,1856684783.0800
2022-03-24,36.2564143200,36.8935235200,37.1091604800,35.9035538400,57564842,2151785491.3200
2022-03-25,36.6876882400,35.6487101600,36.9033252000,35.6291068000,53161448,1962057129.3700
2022-03-28,35.1880312000,35.1880312000,35.4428748800,34.7959640000,32210268,1155486442.9500
2022-03-29,35.1880312000,35.2076345600,35.6389084800,34.9527908800,27391297,987709143.5000
2022-03-30,35.4526765600,36.6778865600,36.6778865600,34.9919976000,58491887,2152907565.5700
2022-03-31,36.4034395200,36.0897857600,36.6680848800,36.0015706400,40177028,1487363641.1600
2022-04-01,35.8741488000,36.0505790400,36.3348277600,35.3546597600,37443074,1370014577.2900
2022-04-06,36.0505790400,35.5310900000,36.5504647200,35.3938664800,43128708,1578928613.7900
2022-04-07,35.5604950400,34.6195337600,35.7663303200,34.5999304000,39544602,1415977366.8400
2022-04-08,34.3940951200,33.2571002400,34.5705253600,33.0512649600,72302050,2472620995.1300
2022-04-11,32.9434464800,32.1495104000,33.1786868000,32.0514936000,57015653,1890034295.1900
2022-04-12,32.1397087200,33.0022565600,33.1296784000,31.6496247200,59154910,1953807800.5100
2022-04-13,32.7082061600,32.9728515200,33.4727372000,32.5611809600,36837657,1240858461.9600
2022-04-14,32.9434464800,33.1492817600,33.7079775200,32.9336448000,30884478,1049640273.1300
2022-04-15,33.1296784000,33.4139271200,33.7667876000,32.9728515200,33295778,1136145008.0300
2022-04-18,33.2276952000,33.2865052800,33.2865052800,32.6788011200,22362702,752971126.2000
2022-04-19,33.1492817600,32.4533624800,33.6687708000,32.2671305600,40355756,1352366931.9900
2022-04-20,32.6395944000,33.6393657600,34.4725085600,32.5513792800,75469579,2593993618.4500
2022-04-21,33.5217456000,32.5121725600,33.9138128000,32.2671305600,47158907,1595108818.9400
2022-04-22,32.3063372800,32.3455440000,32.9336448000,30.9831104800,45291438,1476474295.3100
2022-04-25,29.5520652000,29.1109896000,30.1793727200,29.1109896000,103961707,3110633027.7700
2022-04-26,28.4248720000,27.1898603200,28.4542770400,27.1310502400,108285815,3058649159.0800
2022-04-27,26.4743376800,27.5035140800,27.6015308800,26.4645360000,70800384,1962999084.4200
2022-04-28,27.4054972800,27.8857796000,28.1504249600,27.2486704000,57221982,1622101986.6100
2022-04-29,27.8759779200,28.8953526400,29.1011879200,27.8073661600,57047871,1663750489.8000
2022-05-05,28.8855509600,29.0913862400,29.4736517600,28.6405089600,46188213,1371251000.5500
2022-05-06,28.5228888000,28.7581291200,29.3560316000,28.4346736800,30703506,903735076.9800
2022-05-09,28.8365425600,28.7189224000,29.0815845600,28.5424921600,20167425,592745761.2800
2022-05-10,27.9445896800,28.8071375200,29.0129728000,27.6897460000,38485915,1116464433.3900
2022-05-11,28.8169392000,29.3560316000,30.1891744000,28.8169392000,57337252,1736999002.0700
2022-05-12,29.1697996800,29.4344450400,29.6696853600,29.1109896000,25754613,773784088.6100
2022-05-13,30.2087777600,29.3854366400,30.2871912000,29.2090064000,33940652,1025971942.7200
2022-05-16,29.6794870400,28.8463442400,29.9147273600,28.7875341600,34003837,1012740477.7500
2022-05-17,29.0129728000,28.8757492800,29.1894030400,28.6209056000,24848083,731592076.1900
2022-05-18,28.9737660800,28.7973358400,29.1109896000,28.6699140000,24016408,706870577.6700
2022-05-19,28.4640787200,28.6699140000,28.7777324800,28.3072518400,23759665,691461477.2200
2022-05-20,28.9639644000,29.6402803200,29.7480988000,28.9149560000,51871653,1559577735.3700
2022-05-23,29.8755206400,29.5030568000,29.9441324000,29.3658332800,29397007,885797220.2900
2022-05-24,29.4834534400,28.0426064800,29.5030568000,27.9543913600,58591864,1713745146.9300
2022-05-25,28.1308216000,28.3562602400,28.3856652800,27.9347880000,32155012,926139634.3000
2022-05-26,28.4052686400,28.4640787200,28.8757492800,27.9935980800,37868062,1097434046.3000
2022-05-27,28.9149560000,29.1894030400,29.7579004800,28.7777324800,76123100,2285393465.7800
2022-05-30,29.2384114400,29.1207912800,29.4540484000,28.8757492800,38684402,1152252023.7600
2022-05-31,28.9149560000,29.7186937600,29.7971072000,28.7679308000,56494051,1693806563.7000
2022-06-01,29.7284954400,29.3854366400,29.8461156000,29.2188080800,36527466,1097750078.9100
2022-06-02,29.3266265600,29.2482131200,29.3364282400,28.8659476000,34885911,1035131181.6000
2022-06-06,29.1697996800,29.9245290400,30.0617525600,29.1305929600,55250628,1670869624.6600
2022-06-07,30.1009592800,30.5714399200,31.0223172000,29.8559172800,76249975,2369006964.0200
2022-06-08,30.6400516800,31.4535911200,32.2475272000,30.5518365600,118483139,3791645367.2100
2022-06-09,31.2673592000,30.3361996000,31.3163676000,30.2773895200,64919431,2033859242.7800
2022-06-10,30.0813559200,30.9341020800,31.0517222400,30.0813559200,56098475,1755262468.2900
2022-06-13,30.6204483200,30.6792584000,31.1497390400,30.4244147200,44504711,1394654471.6100
2022-06-14,30.4342164000,30.9929121600,31.0223172000,29.8461156000,49408309,1532096109.4000
2022-06-15,31.1203340000,31.9534768000,32.4925692000,31.0223172000,91066874,2957312701.9200
2022-06-16,32.0612952800,31.9632784800,32.6689994400,31.8652616800,66595322,2187749412.1100
2022-06-17,31.7182364800,32.7082061600,33.1100750400,31.6202196800,74071780,2447536002.5200
2022-06-20,32.8552313600,32.7964212800,33.2865052800,32.3455440000,65497153,2189656709.2000
2022-06-21,32.7376112000,32.3553456800,32.7376112000,32.0024852000,53150873,1755215717.0200
2022-06-22,32.4435608000,31.9926835200,32.8356280000,31.9632784800,42260559,1394757029.3200
2022-06-23,32.1005020000,32.2769322400,32.2965356000,31.8554600000,34749308,1137979593.2700
2022-06-24,32.2769322400,32.8552313600,33.1100750400,32.2769322400,56187724,1880178762.2000
2022-06-27,33.0806700000,34.8547740800,35.3644614400,33.0806700000,111401072,3917627811.5500
2022-06-28,34.8449724000,34.9527908800,35.1194194400,34.1588548000,58781599,2074696753.0200
2022-06-29,34.9429892000,34.8155673600,36.0505790400,34.4038968000,82848347,2982831283.6400
2022-06-30,35.0900144000,36.3544311200,36.7366966400,35.0410060000,86126325,3175985618.6600
2022-07-01,36.3544311200,38.1677419200,38.2265520000,36.1289924800,100034565,3827228101.6500
2022-07-04,38.2265520000,40.3535165600,40.6769720000,37.0601520800,141605359,5671015849.0400
2022-07-05,39.9402352800,39.8615159200,40.5011107200,39.1924013600,87550696,3539004354.0100
2022-07-06,39.9599151200,38.7889646400,40.9242272800,38.5232868000,94999076,3808844858.9300
2022-07-07,38.4052077600,38.0312908000,38.7692848000,37.4015359200,71418756,2757359948.4800
2022-07-08,38.3658480800,37.8344924000,38.6708856000,37.6868936000,46915445,1815851563.3100
2022-07-11,37.8443323200,37.4605754400,38.2772888000,36.6832217600,59025764,2234277973.3500
2022-07-12,37.4507355200,36.2797850400,37.5491347200,36.2699451200,55510986,2064586719.7800
2022-07-13,36.2797850400,36.3880241600,36.6045024000,35.9944273600,37840600,1396193589.0600
2022-07-14,36.6045024000,37.9132117600,38.2084093600,36.6045024000,75620590,2894945195.3500
2022-07-15,37.6868936000,36.6438620800,38.1690496800,36.6241822400,48843622,1851315693.3200
2022-07-18,36.6045024000,37.3228165600,37.4408956000,36.0337870400,38523036,1444454140.4900
2022-07-19,37.2637770400,37.0374588800,37.7065734400,36.5749826400,33988854,1280131200.6200
2022-07-20,37.2932968000,37.4113758400,37.8443323200,37.0964984000,35770240,1361588939.6400
2022-07-21,37.3424964000,38.0804904000,38.3264884000,37.0768185600,44110802,1690511409.9000
2022-07-22,38.0804904000,38.3756880000,39.0152828000,37.8738520800,52003928,2035446486.8500
2022-07-25,38.3756880000,37.8640121600,38.7496049600,37.7065734400,26374181,1018720183.2400
2022-07-26,37.8935319200,35.5909906400,38.3756880000,35.4237120000,99768428,3651388346.7000
2022-07-27,35.4237120000,35.6500301600,36.3191447200,35.3253128000,37437943,1359549313.7100
2022-07-28,35.5417910400,35.5221112000,35.9058680800,34.9317160000,43647016,1572673133.7900
2022-07-29,35.5417910400,34.7250776800,35.8173088000,34.6168385600,37716187,1344080545.3700
2022-08-01,34.7152377600,34.6168385600,35.0104353600,34.0559631200,26327807,925327274.9700
2022-08-02,34.4397200000,33.6525264000,34.4397200000,33.3376489600,45681772,1564950103.4300
2022-08-03,33.6918860800,34.1445224000,34.6857180000,33.6918860800,36713307,1277925185.8500
2022-08-04,34.4298800800,36.1223463200,36.1715459200,34.3905204000,64300241,2330624975.0000
2022-08-05,36.3486644800,37.4212157600,37.4802552800,36.3191447200,59997612,2269357410.0000
2022-08-08,37.5688145600,37.4802552800,37.9328916000,36.9095399200,34808447,1320758199.0000
2022-08-09,37.3916960000,36.7324213600,37.3916960000,36.4569036000,28071991,1048184781.0000
2022-08-10,36.7029016000,36.2601052000,36.9488996000,35.8468285600,32982139,1213273947.0000
2022-08-11,36.4077040000,36.8308205600,37.0571387200,36.0337870400,32924260,1224963358.0000
2022-08-12,36.8111407200,36.8406604800,37.1948976000,36.5061032000,22688667,849341902.0000
2022-08-15,36.7717810400,36.3093048000,37.0472988000,36.2896249600,25924769,959893240.7300
2022-08-16,36.3093048000,35.8665084000,36.8308205600,35.7779491200,26536787,976069807.2000
2022-08-17,35.7189096000,36.0436269600,36.2699451200,35.5713108000,25807037,942589783.7400
2022-08-18,35.8369886400,35.4630716800,36.0141072000,35.1481942400,27433098,989327210.2900
2022-08-19,35.3154728800,35.3253128000,35.8074688800,35.2269136000,23214454,836152766.1600
2022-08-22,33.9575639200,34.4790796800,34.9612357600,33.0621312000,60442002,2096241563.1000
2022-08-23,34.4692397600,34.0658030400,35.0596349600,33.8788445600,32782976,1138095496.3000
2022-08-24,34.0658030400,33.9280441600,34.6857180000,33.9083643200,27963517,973119540.2800
2022-08-25,33.9870836800,34.4298800800,34.5774788800,33.3474888800,26356437,909505288.8400
2022-08-26,34.5282792800,34.2134018400,34.7644373600,34.1445224000,21209525,740108568.0600
2022-08-29,33.6033268000,33.6820461600,34.0559631200,33.5049276000,17626560,604223501.8900
2022-08-30,33.7115659200,33.1310106400,34.0166034400,32.8653328000,30931638,1043745825.2200
2022-08-31,32.8850126400,34.1051627200,34.4298800800,32.8456529600,35654624,1222592392.7200
2022-09-01,34.0953228000,33.7902852800,34.3019611200,33.5442872800,24254686,838039091.9800
2022-09-02,33.9378840800,33.3573288000,34.6168385600,33.1605304000,26619403,912248134.9300
2022-09-05,33.2589296000,33.1900501600,33.5541272000,32.7669336000,22220387,746249973.4400
2022-09-06,33.3868485600,33.3376489600,33.6525264000,33.0818110400,18024431,610337253.1400
2022-09-07,33.0621312000,32.8948525600,33.1802102400,32.6291747200,24783801,828041581.2800
2022-09-08,33.0621312000,33.1900501600,33.8493248000,32.9637320000,27455526,933286782.8700
2022-09-09,33.1211707200,34.2232417600,34.3118010400,33.1211707200,41417442,1429733374.5600
2022-09-13,34.2429216000,34.9513958400,35.0793148000,34.0264433600,36234031,1281773075.9700
2022-09-14,34.5282792800,35.1088345600,35.2465934400,34.1642022400,29178732,1030476158.1400
2022-09-15,35.3154728800,34.9218760800,35.4138720800,34.8333168000,27519277,980584350.7900
2022-09-16,34.9317160000,34.2724413600,35.1088345600,34.1740421600,31629556,1112700147.6400
2022-09-19,34.3610006400,34.1346824800,34.7545974400,33.8591647200,20049469,697982774.9100
2022-09-20,34.1543623200,33.5836469600,34.4003603200,33.4065284000,20223730,693165029.4400
2022-09-21,33.5836469600,32.8948525600,33.6820461600,32.7177340000,29076191,976866241.7500
2022-09-22,32.5701352000,32.1174988800,33.0326114400,31.8124613600,31204576,1024440986.6700
2022-09-23,31.9797400000,32.4028565600,33.1211707200,31.8419811200,34193106,1132384227.7300
2022-09-26,32.4028565600,31.3893448000,32.7669336000,31.3696649600,34576805,1121133168.4900
2022-09-27,31.5074238400,33.1113308000,33.1605304000,31.3893448000,46468107,1528691627.6500
2022-09-28,33.0916509600,32.9342122400,33.4458880800,32.6783743200,29700983,999888264.9600
2022-09-29,33.3474888800,34.4102002400,35.3646724800,33.0522912800,58271432,2046418484.8300
2022-09-30,34.4003603200,34.5381192000,35.0202752800,34.1445224000,34258836,1206056702.2900
2022-10-10,34.4397200000,33.7115659200,34.7841172000,33.6820461600,31217084,1078462402.5900
2022-10-11,33.9969236000,33.5541272000,34.0264433600,33.3081292000,19941630,681601746.1500
2022-10-12,33.4557280000,32.7177340000,33.5738070400,31.6058230400,41896196,1378197493.9000
2022-10-13,32.5701352000,33.9870836800,34.4102002400,32.4225364000,39785398,1366707323.3100
2022-10-14,34.4397200000,37.3818560800,37.3818560800,34.3905204000,95015743,3531437662.7600
2022-10-17,37.6180141600,38.9168836000,39.7532768000,37.6180141600,141594113,5591331348.3300
2022-10-18,38.9168836000,38.8283243200,39.5072788000,38.1592097600,82703342,3263104972.6700
2022-10-19,38.8184844000,38.3756880000,39.1825614400,37.8836920000,55016799,2151997768.0000
2022-10-20,37.9427315200,38.5528065600,40.0091147200,37.8836920000,86164577,3424168326.7700
2022-10-21,38.0804904000,39.3301602400,39.5367985600,37.9820912000,70174649,2773911826.6700
2022-10-24,39.3596800000,38.3560081600,39.7237570400,38.1592097600,67690469,2666736979.5100
2022-10-25,38.0411307200,37.5097750400,38.4445674400,36.8209806400,50504465,1931271722.5600
2022-10-26,37.4999351200,39.0841622400,39.6548776000,37.4802552800,73405841,2912454129.8100
2022-10-27,39.0841622400,39.0841622400,39.5072788000,38.5724864000,50758576,2018515314.0800
2022-10-28,38.9660832000,38.3264884000,39.7434368800,38.2084093600,56042171,2216507436.5900
2022-10-31,37.5491347200,39.5564784000,39.8516760000,37.5392948000,73643088,2943740835.0800
2022-11-01,39.4383993600,40.8258280800,40.9143873600,38.8972037600,83485570,3386698860.6300
2022-11-02,40.5404704000,41.3079841600,42.5182943200,40.2354328800,94480798,3990735922.7500
2022-11-03,40.8848676000,41.4162232800,41.8786995200,40.4125514400,50993469,2126220578.5800
2022-11-04,41.1308656000,41.1308656000,41.8786995200,40.9832668000,53343596,2237835762.0500
2022-11-07,41.0816660000,41.3178240800,41.4063833600,40.5503103200,48156312,2004142720.0700
2022-11-08,41.2883043200,40.0484744000,41.2883043200,39.8811957600,58638621,2398733014.0000
2022-11-09,40.0484744000,40.0976740000,40.7372688000,39.7827965600,33197794,1357326739.7900
2022-11-10,39.8516760000,39.5466384800,40.4912708000,39.3891997600,31987722,1294465501.9700
2022-11-11,40.3830316800,38.5921662400,40.7963083200,38.5921662400,67849700,2733982968.0800
2022-11-14,38.7102452800,40.1075139200,40.4715909600,38.6413658400,56839680,2296583744.2300
2022-11-15,40.1173538400,39.5958380800,40.1271937600,39.1136820000,48004289,1930623269.9500
2022-11-16,39.5958380800,39.8516760000,40.9143873600,38.9956029600,47633055,1936993184.2700
2022-11-17,39.6548776000,39.7532768000,40.4519111200,39.3596800000,27768265,1120911720.0900
2022-11-18,39.8418360800,39.6253578400,40.6388696000,39.5466384800,34911340,1417054520.0900
2022-11-21,39.1628816000,40.1370336800,40.4223913600,38.5724864000,41837061,1684539000.5700
2022-11-22,40.1763933600,39.2809606400,41.0816660000,39.1333618400,40809956,1653432493.0400
2022-11-23,39.0546424800,38.8676840000,39.2514408800,38.4347275200,27988278,1104218481.7900
2022-11-24,38.9857630400,38.7397650400,39.4679191200,38.1887295200,28407498,1116046414.8700
2022-11-25,38.5528065600,38.9956029600,39.1628816000,38.1788896000,24863939,981440210.2300
2022-11-28,38.2772888000,38.5528065600,38.8381642400,37.9919311200,26013507,1014566782.3800
2022-11-29,38.7889646400,39.4088796000,39.5761582400,38.4642472800,27573327,1099869108.1600
2022-11-30,39.4088796000,39.1924013600,39.6548776000,38.9660832000,29326372,1170428278.2600
2022-12-01,39.5761582400,39.8221562400,40.3043123200,39.1628816000,37955816,1530958401.5400
2022-12-02,39.7827965600,39.8516760000,40.2551127200,39.5859981600,25060329,1017634126.6500
2022-12-05,39.8516760000,39.2416009600,40.2059131200,38.9660832000,45331741,1820773516.9900
2022-12-06,39.0644824000,39.2416009600,39.8516760000,39.0448025600,27430804,1098865539.5500
2022-12-07,39.1628816000,39.9303953600,40.2255929600,38.7102452800,39600331,1594275195.9500
2022-12-08,39.9205554400,38.2477690400,39.9303953600,38.2379291200,61277745,2415374745.2600
2022-12-09,38.3166484800,38.1985694400,38.6708856000,38.0804904000,40982699,1597863492.0200
2022-12-12,38.2772888000,38.2576089600,38.9168836000,37.8836920000,37690011,1469815693.2600
2022-12-13,38.2674488800,37.7656129600,38.3756880000,37.2539371200,38459977,1470661682.4500
2022-12-14,37.7656129600,37.8246524800,37.9624113600,37.1948976000,26294084,1005170476.3800
2022-12-15,37.5688145600,37.3523363200,38.1788896000,37.2539371200,21286504,810989448.7700
2022-12-16,37.2047375200,37.3916960000,37.4408956000,37.1063383200,24909248,943216013.4200
2022-12-19,37.4704153600,36.5946624800,37.6278540800,36.4864233600,29134505,1089921473.6800
2022-12-20,36.5749826400,35.9255479200,36.8800201600,35.9157080000,27843799,1023223014.3600
2022-12-21,35.9255479200,35.5614708800,36.1026664800,35.3548325600,25131327,910631427.8700
2022-12-22,35.8665084000,36.0436269600,36.7521012000,35.6795499200,35620632,1309943891.9000
2022-12-23,35.7287495200,36.1617060000,36.3388245600,35.6205104000,21684520,793292486.0000
2022-12-26,36.1223463200,36.9587395200,37.3916960000,36.0928265600,31640183,1188097327.9300
2022-12-27,37.2736169600,36.4765834400,37.2834568800,36.2896249600,32014023,1187739097.4200
2022-12-28,36.3978640800,36.8013008000,37.2440972000,36.3289846400,24749478,927033305.1400
2022-12-29,36.6537020000,37.5196149600,37.6967335200,36.4569036000,35750843,1356125789.4800
2022-12-30,37.5589746400,37.9132117600,38.2280892000,37.5589746400,28241127,1088042968.7200
2023-01-03,38.0017710400,37.8246524800,38.4248876000,37.4999351200,25756493,991614859.8800
2023-01-04,38.0116109600,38.1493698400,38.3658480800,37.7951327200,25766800,997834533.9900
2023-01-05,38.3756880000,38.9168836000,39.2317610400,38.0903303200,40846418,1613986781.3700
2023-01-06,39.0644824000,38.6807255200,39.2022412800,38.5823263200,20010679,787437451.8500
2023-01-09,38.6512057600,38.9168836000,39.1628816000,38.1493698400,32836027,1293593370.1100
2023-01-10,38.8972037600,38.7496049600,39.2612808000,38.6708856000,37450772,1480991442.1500
2023-01-11,38.7496049600,37.8344924000,39.0152828000,37.7164133600,53157259,2068893229.8600
2023-01-12,37.8541722400,37.1850576800,37.9230516800,37.1358580800,49527676,1882797071.6800
2023-01-13,37.8344924000,38.6413658400,38.8775239200,37.2342572800,70816302,2763485911.6700
2023-01-16,38.6413658400,42.4395749600,42.5084544000,38.6413658400,137880485,5856679146.7200
2023-01-17,42.1050176800,41.5047825600,42.6363733600,41.2095849600,84431216,3578996620.8800
2023-01-18,41.6031817600,40.9045474400,41.9770987200,40.6683893600,54131292,2257341222.4300
2023-01-19,41.4851027200,42.9414108800,44.0533218400,40.9931067200,109486409,4757344051.4200
2023-01-20,42.9807705600,42.8430116800,44.1615609600,42.6954128800,53246467,2337576257.0200
2023-01-30,43.1972488000,42.5576540000,43.7286044800,42.4002152800,49662346,2164334276.5000
2023-01-31,42.5773338400,41.5343023200,43.0988496000,41.4654228800,40917558,1742218996.9200
2023-02-01,41.5539821600,41.9574188800,42.0164584000,41.3079841600,39641365,1680608254.5300
2023-02-02,42.0164584000,42.3116560000,43.3940472000,41.7704604000,65348651,2842278053.2500
2023-02-03,42.3805354400,42.1148576000,42.8922112800,42.0361382400,49801817,2146527068.9300
2023-02-06,42.1148576000,41.8098200800,42.2821362400,41.2292648000,37917265,1603885946.2000
2023-02-07,41.7114208800,41.4260632000,42.4887745600,41.1702252800,30763310,1303480005.6500
2023-02-08,41.5146224800,42.2722963200,42.8036520000,41.4752628000,42394935,1824844439.7000
2023-02-09,42.1345374400,42.9512508000,43.1677290400,41.9869386400,37302195,1623294429.7300
2023-02-10,42.9414108800,42.9020512000,43.2562883200,42.5379741600,27969963,1220159159.5400
2023-02-13,43.6006855200,44.2501202400,45.2537920800,43.6006855200,65267726,2952331991.5000
2023-02-14,44.2107605600,44.4961182400,44.6732368000,43.8270036800,32976250,1484295713.7800
2023-02-15,44.4764384000,44.0926815200,44.8011557600,43.7384444000,26946978,1207715800.3900
2023-02-16,44.0828416000,43.0890096800,44.3485194400,42.6166935200,45881524,2028582882.3000
2023-02-17,43.0004504000,43.4629266400,44.1812408000,42.6855729600,39571599,1758055624.8300
2023-02-20,43.4530867200,44.4961182400,44.7224364000,42.9906104800,45992311,2057766372.6900
2023-02-21,44.2993198400,43.7876440000,44.7125964800,43.5908456000,33743404,1509418242.4400
2023-02-22,43.6892448000,43.4038871200,44.0828416000,43.2956480000,22247659,987207396.2400
2023-02-23,43.3153278400,42.8233318400,43.6105254400,42.4887745600,33706211,1466260509.8700
2023-02-24,42.6954128800,42.4986144800,43.4826064800,42.4002152800,23817826,1035285454.2400
2023-02-27,42.2132568000,42.4395749600,42.7052528000,41.9180592000,27040102,1165183030.1400
2023-02-28,42.5379741600,42.8036520000,43.7187645600,42.2329366400,32849451,1425000850.7100
2023-03-01,42.7347725600,43.0693298400,43.4334068800,42.4887745600,26521282,1160326141.9800
2023-03-02,42.7938120800,42.4986144800,43.0693298400,42.1935769600,23068576,996391535.6000
2023-03-03,42.4690947200,42.7052528000,43.2759681600,42.4100552000,19015612,828331823.1100
2023-03-06,42.8036520000,42.7249326400,43.0594899200,42.3903753600,21086872,914437005.0900
2023-03-07,42.7052528000,41.4457430400,43.0988496000,41.4359031200,33438682,1427706841.9700
2023-03-08,41.4359031200,41.2883043200,41.6523813600,40.9242272800,27051028,1132653787.1500
2023-03-09,41.2587845600,41.0619861600,41.5539821600,41.0324664000,17677388,741253794.3800
2023-03-10,40.6979091200,41.1899051200,41.5343023200,40.6683893600,20826778,871034043.9100
2023-03-13,40.8651877600,40.7569486400,41.2292648000,40.5503103200,25468854,1057253671.2800
2023-03-14,40.7569486400,40.8159881600,41.7803003200,40.6191897600,33139474,1385033744.8900
2023-03-15,41.1800652000,40.7175889600,41.5933418400,40.5995099200,21209571,883570353.2300
2023-03-16,40.4912708000,40.5306304800,41.2784644000,40.4027115200,18424765,764647465.5200
2023-03-17,40.8848676000,40.1665534400,41.1210256800,40.0484744000,38771555,1594954443.1800
2023-03-20,40.2255929600,39.7532768000,40.4322312800,39.4482392800,33513318,1356733044.7500
2023-03-21,39.7040772000,40.9340672000,41.1111857600,39.7040772000,33389663,1381649367.1700
2023-03-22,40.9439071200,41.9475789600,42.0754979200,40.9439071200,33114424,1400488360.5100
2023-03-23,41.9082192800,41.9869386400,42.2722963200,41.6130216800,26265561,1119244842.1800
2023-03-24,41.9180592000,41.0324664000,42.1837370400,40.9635869600,25985641,1090994992.5900
2023-03-27,41.0324664000,42.5871737600,42.6068536000,40.2452728000,46930086,1997213195.3200
2023-03-28,42.4002152800,42.3116560000,42.5084544000,41.6425414400,26161118,1120913318.6100
2023-03-29,42.6560532000,42.4690947200,42.7642923200,42.0951777600,18357576,791915355.3300
2023-03-30,42.4690947200,42.3214959200,42.5576540000,41.8294999200,20674689,886710468.3500
2023-03-31,42.3214959200,42.1345374400,42.7446124800,41.8196600000,22069849,946650491.6000
2023-04-03,41.9672588000,41.8786995200,42.4887745600,41.7212608000,24411361,1040547921.4500
2023-04-04,41.8786995200,42.4592548000,42.4690947200,41.4260632000,33852719,1440361471.9000
2023-04-06,42.5084544000,42.0951777600,42.5576540000,41.6228616000,28035252,1195281140.8800
2023-04-07,42.1050176800,44.4272388000,44.5748376000,42.1050176800,67000852,2995405582.4600
2023-04-10,44.4272388000,45.5293098400,45.9425864800,44.1812408000,66271965,3063903639.9800
2023-04-11,45.4604304000,45.2734719200,45.9130667200,44.9881142400,32702606,1506697777.6400
2023-04-12,45.3620312000,44.8995549600,46.5920212000,44.8306755200,33600869,1550776099.6000
2023-04-13,44.8995549600,46.5920212000,46.9856180000,44.7421162400,64601144,3044670870.1900
2023-04-14,47.1725764800,46.9560982400,47.8515309600,46.2476240000,60487952,2891168164.7100
2023-04-17,47.0348176000,48.5009656800,49.4947976000,47.0348176000,80331157,3968648862.9800
2023-04-18,48.5108056000,48.1467285600,48.9044024000,47.6055329600,37630631,1838343933.8600
2023-04-19,48.0188096000,47.8810507200,48.4124064000,47.6350527200,26781979,1302378972.7100
2023-04-20,47.7236120000,47.0348176000,48.1270487200,46.7691397600,41476607,1987866965.3400
2023-04-21,47.0348176000,46.5625014400,47.5760132000,46.5625014400,40835484,1952335295.3700
2023-04-24,46.5723413600,47.5760132000,48.5304854400,46.5723413600,60310483,2925086233.3800
2023-04-25,47.5760132000,47.2119361600,48.1762483200,46.5231417600,43867208,2110863167.8400
2023-04-26,47.2316160000,47.4284144000,47.9892898400,46.2673038400,36025480,1727777630.8700
2023-04-27,47.4087345600,47.4284144000,47.9696100000,46.6510607200,40053833,1928356610.4300
2023-04-28,47.4284144000,47.8712108000,48.1664084000,47.0643373600,28298296,1371262043.5700
2023-05-04,47.7728116000,48.4812858400,49.1012008000,47.7039321600,43250708,2136055051.7900
2023-05-05,48.5895249600,46.7101002400,48.6879241600,46.3263433600,42260825,2016143924.4400
2023-05-08,46.7101002400,45.7654679200,46.8380192000,45.3325114400,46805247,2173812803.0000
2023-05-09,45.6473888800,45.1947525600,46.0705054400,44.9684344000,28953561,1338169981.9900
2023-05-10,45.2636320000,45.6080292000,45.9524264000,44.9192348000,25166512,1164998555.7800
2023-05-11,45.6080292000,45.6867485600,47.2217760800,45.4702703200,28621814,1342559168.9900
2023-05-12,45.6965884800,44.7814759200,46.1197050400,44.6437170400,36376710,1664150284.2700
2023-05-15,44.7814759200,46.6805804800,46.8478591200,44.7716360000,32602493,1521748662.9100
2023-05-16,48.3140072000,48.3435269600,48.9142423200,47.9204104000,58884571,2901294222.8900
2023-05-17,48.4616060000,47.7236120000,48.5600052000,47.3890547200,27133092,1319909080.0100
2023-05-18,47.7236120000,47.2512958400,48.0876890400,47.0151377600,22902166,1103908778.5500
2023-05-19,47.3103353600,48.3435269600,48.9536020000,47.3103353600,34109283,1678078977.3800
2023-05-22,48.3927265600,47.9204104000,49.3963984000,47.5563333600,29132991,1429543986.6600
2023-05-23,47.9696100000,48.3140072000,49.1012008000,47.9597700800,32898260,1627856977.3400
2023-05-24,48.3140072000,47.1922563200,48.3927265600,46.8675389600,28712039,1381356168.3300
2023-05-25,46.9068986400,47.2906555200,47.4776140000,46.4247425600,18370535,878653565.4900
2023-05-26,47.1824164000,47.6252128000,48.2648076000,47.1233768800,17498595,849836855.8500
2023-05-29,47.6744124000,47.5268136000,48.2451277600,47.0643373600,21862470,1056765398.3000
2023-05-30,47.5268136000,47.5169736800,48.4124064000,46.5428216000,34762660,1679739747.4500
2023-05-31,47.7236120000,44.8208356000,47.8515309600,44.2894799200,85934909,3959239717.8800
2023-06-01,44.8306755200,45.1947525600,46.1393848800,44.7224364000,45827591,2118563583.8800
2023-06-02,45.4407505600,45.2931517600,46.0901852800,45.1357130400,28695031,1327951617.3900
2023-06-05,45.4604304000,45.7556280000,46.1492248000,45.3029916800,27091140,1259519911.9400
2023-06-06,45.7949876800,45.5686695200,46.4149026400,45.4112308000,26781998,1253088435.8400
2023-06-07,45.5588296000,44.7716360000,45.9425864800,44.6240372000,24821752,1135394748.1200
2023-06-08,44.9296120000,45.0184837600,45.1073555200,44.2877604000,22328368,1009002558.8900
2023-06-09,44.7716177600,45.2159765600,45.5714636000,44.5445010400,31495725,1435337093.5500
2023-06-12,45.0579823200,44.1396408000,45.0579823200,43.1521768000,49949418,2227022805.6700
2023-06-13,44.0507690400,44.4358800000,44.7716177600,43.7150312800,19617974,879416555.4800
2023-06-14,44.5346264000,45.4233440000,45.7985803200,44.2581364800,41155584,1890579168.9000
2023-06-15,45.8183296000,46.3416855200,46.4009333600,45.4628425600,31730099,1477897989.4300
2023-06-16,46.2133152000,46.9045400000,47.8722547200,46.1145688000,38034366,1814534587.4600
2023-06-19,46.9045400000,46.2923123200,47.2797763200,46.0454463200,21812681,1023984130.0400
2023-06-20,46.3811840800,46.1935659200,46.8946653600,46.1145688000,14896722,699886986.0500
2023-06-21,45.9269506400,45.8183296000,46.5786768800,45.8183296000,17086261,798760480.8100
2023-06-26,45.6998339200,45.7788310400,46.4898051200,45.1073555200,21399989,989068485.0900
2023-06-27,45.6010875200,45.3739708000,46.2133152000,45.2554751200,18978355,876672321.6100
2023-06-28,45.5517143200,45.6208368000,45.8183296000,45.1369794400,21520319,992111161.8100
2023-06-29,45.5714636000,46.4601812000,46.8452921600,45.5220904000,30294997,1423288084.6900
2023-06-30,46.3120616000,47.2995256000,47.8722547200,46.2725630400,28356163,1360379378.7000
2023-07-03,47.3192748800,46.7662950400,47.3192748800,46.4404319200,20398424,967058794.5900
2023-07-04,46.7070472000,48.2376164000,49.8669320000,45.9269506400,84157068,4123867418.8500
2023-07-05,48.2376164000,48.5733541600,49.2250804000,47.9216279200,46108311,2275614522.5400
2023-07-06,48.5437302400,47.5068930400,48.5832288000,47.2896509600,25224843,1219395802.3400
2023-07-07,47.3982720000,47.7833829600,47.9808757600,47.2106538400,17226779,831988639.8500
2023-07-10,47.7735083200,47.0131610400,47.8821293600,46.7662950400,21679425,1034167998.6500
2023-07-11,47.3982720000,47.6352633600,47.9512518400,46.6181754400,24212838,1164154725.5200
2023-07-12,47.6352633600,47.1711552800,47.7932576000,46.9539132000,14681110,703955313.3900
2023-07-13,47.3390241600,47.4081466400,47.5957648000,46.9045400000,24604015,1180018589.4800
2023-07-14,47.3785227200,46.9242892800,47.3883973600,46.9045400000,13461016,641622956.7800
2023-07-17,46.9242892800,46.6083008000,46.9242892800,46.1441927200,21394359,1006066368.5000
2023-07-18,46.8057936000,46.6083008000,47.2501524000,46.4108080000,12113452,572775268.1100
2023-07-19,46.4108080000,46.1046941600,46.7761696800,45.9664492000,19415049,909126295.6100
2023-07-20,46.4009333600,45.3838454400,46.8057936000,45.2949736800,18098829,840875002.4900
2023-07-21,45.4529679200,45.3542215200,45.7195832000,45.0777316000,20976558,963680908.4600
2023-07-24,45.3245976000,46.6971725600,47.3982720000,45.3147229600,47398816,2245495190.1600
2023-07-25,47.1514060000,47.1612806400,47.2995256000,46.5391783200,24909769,1185933140.9000
2023-07-26,47.1711552800,47.4772691200,47.5562662400,46.9539132000,16778804,805101338.0000
2023-07-27,47.7241351200,47.5068930400,47.8623800800,47.2007792000,16225472,780565524.3200
2023-07-28,47.2797763200,48.4351092000,48.5832288000,46.9934117600,37757340,1831117114.3000
2023-07-31,48.4252345600,44.0211451200,48.7115991200,43.6656580800,135924169,6226335069.2600
2023-08-01,43.7545298400,42.8361883200,43.7545298400,41.7697272000,134400131,5837540229.8700
2023-08-02,42.7078180000,41.7499779200,43.4385413600,41.5327358400,93481863,4002903506.3900
2023-08-03,41.3253684000,41.7401032800,42.3523309600,40.6637675200,79188796,3340548135.7000
2023-08-04,42.0165932000,40.5551464800,42.1350888800,40.4860240000,106460887,4420471054.3000
2023-08-07,40.1502862400,38.6394663200,40.1502862400,38.0766118400,134789310,5280883459.9700
2023-08-08,38.1161104000,39.6368049600,40.1799101600,38.0963611200,97417696,3876529258.6000
2023-08-09,39.3998136000,39.7059274400,40.1601608800,39.3010672000,57386328,2309143089.9000
2023-08-10,39.7059274400,39.3998136000,39.8737963200,39.1035744000,35595251,1420732108.4500
2023-08-11,39.4590614400,38.7085888000,39.7256767200,38.7085888000,33789776,1337250935.3200
2023-08-14,38.3432271200,40.1107876800,40.2786565600,38.3136032000,60278981,2413358862.6300
2023-08-15,40.1009130400,39.9922920000,40.5847704000,39.4788107200,42658221,1726457703.6100
2023-08-16,39.8836709600,40.4958986400,41.3846162400,39.7454260000,63040895,2598200517.5500
2023-08-17,40.2095340800,40.0614144800,40.3477790400,39.5973064000,39559904,1599099728.4000
2023-08-18,39.9922920000,39.4491868000,40.0712891200,39.3010672000,26186208,1051772610.9600
2023-08-21,37.4841334400,38.3136032000,38.8369591200,36.6349144000,60792050,2340167373.2900
2023-08-22,38.6592156000,38.6592156000,38.9060816000,37.8494951200,43538559,1693144201.3700
2023-08-23,38.6098424000,38.2148568000,38.8172098400,38.1951075200,25817058,1006532647.2000
2023-08-24,38.2247314400,39.9330441600,40.3675283200,37.9186176000,47773653,1910733102.1200
2023-08-25,39.7553006400,40.2095340800,40.8118871200,39.6565542400,43030579,1756092212.3900
2023-08-28,42.4510773600,41.3944908800,42.8065644000,40.9995052800,72210177,3043511379.8300
2023-08-29,41.3846162400,41.7203540000,41.9573453600,41.0785024000,37699685,1588977336.3500
2023-08-30,41.9672200000,41.6216076000,41.9672200000,41.4734880000,25350381,1070521273.9400
2023-08-31,41.6216076000,41.2562459200,41.7104793600,41.1772488000,25963264,1088210681.2000
2023-09-01,41.3253684000,41.0093799200,41.4932372800,40.9106335200,16531303,688552632.4600
2023-09-04,41.4043655200,40.6835168000,41.4438640800,40.5847704000,32468808,1341074606.4800
2023-09-05,40.6933914400,40.6933914400,41.0587531200,40.5748957600,20244428,837077292.2000
2023-09-06,40.4958986400,40.2194087200,40.6736421600,40.0910384000,21181611,864434723.3900
2023-09-07,40.3675283200,39.7849245600,40.3675283200,39.4294375200,28664943,1152145076.0300
2023-09-08,39.7454260000,40.0712891200,40.1009130400,39.4985600000,17849659,720117158.7700
2023-09-11,40.2391580000,42.4609520000,42.6189462400,40.2391580000,75735706,3231973811.0200
2023-09-12,42.2733338400,42.3720802400,42.6386955200,42.1449635200,26204255,1124850923.7600
2023-09-13,42.3128324000,41.6709808000,42.5399491200,41.4833626400,22314129,946141603.6100
2023-09-14,41.7993511200,42.0560917600,42.2535845600,41.5228612000,23008852,977473279.5900
2023-09-15,42.1647128000,43.0534304000,43.3990428000,41.8191004000,66959064,2917106850.2100
2023-09-18,43.0633050400,43.8039030400,44.3865068000,43.0435557600,47897373,2129867026.3600
2023-09-19,43.8039030400,44.0705183200,44.2581364800,43.5372877600,25726585,1144955600.3100
2023-09-20,43.9421480000,43.7940284000,44.0408944000,43.3299203200,21810368,964374254.4000
2023-09-21,43.7940284000,43.3397949600,43.8335269600,43.2311739200,19223792,845940881.1700
2023-09-22,43.4187920800,43.5076638400,43.5866609600,42.8559376000,28240836,1236954485.2200
2023-09-25,43.5471624000,44.2877604000,44.4852532000,43.1620514400,40740339,1820689408.3000
2023-09-26,44.2383872000,44.1396408000,44.5148771200,43.5965356000,27301792,1216854601.9700
2023-09-27,44.1198915200,44.7419938400,45.1073555200,44.0902676000,35724335,1617557676.8600
2023-09-28,44.9789852000,44.3766321600,45.3048483200,44.1988886400,25130745,1135092320.5700
2023-10-09,44.3272589600,44.1988886400,44.6333728000,43.5669116800,33142248,1475154935.8900
2023-10-10,44.3568828800,43.8137776800,44.4260053600,43.7249059200,16601862,740031441.3400
2023-10-11,44.1396408000,44.4852532000,44.9987344800,44.1396408000,32957719,1488505888.7100
2023-10-12,45.0283584000,44.3865068000,45.0777316000,44.1396408000,24460777,1099547112.5900
2023-10-13,44.0211451200,44.0902676000,44.5543756800,43.8137776800,18751325,837370915.7400
2023-10-16,44.2581364800,43.6755327200,44.5543756800,43.5471624000,21440014,953935320.6600
2023-10-17,43.6755327200,43.9125240800,43.9717719200,43.0534304000,21429257,943523854.6500
2023-10-18,43.9223987200,43.2706724800,43.9322733600,43.2114246400,15701071,690070187.7100
2023-10-19,43.1126782400,42.8658122400,43.5274131200,42.6584448000,26274650,1145345845.5100
2023-10-20,42.5794476800,42.1844620800,42.9546840000,42.0165932000,30303433,1296586796.6100
2023-10-23,42.1943367200,42.5300744800,42.8164390400,41.7993511200,22463199,964201611.0300
2023-10-24,42.5201998400,42.6880687200,42.9546840000,42.0758410400,26085607,1124684898.2400
2023-10-25,43.1423021600,42.6288208800,43.3200456800,42.5201998400,27514540,1192763487.0100
2023-10-26,43.3397949600,43.8927748000,44.2877604000,42.9053108000,41809167,1856368719.4000
2023-10-27,43.7051566400,44.8308656000,44.9789852000,43.3299203200,41407204,1862059500.2400
2023-10-30,44.8802388000,45.9960731200,46.4108080000,44.6333728000,55065386,2552988939.7700
2023-10-31,47.9216279200,47.3390241600,48.1684939200,46.6379247200,70656935,3387726473.6000
2023-11-01,47.3488988000,47.3686480800,47.5760155200,46.6971725600,33568663,1601908875.0500
2023-11-02,47.5661408800,47.2995256000,47.5957648000,47.1119074400,20514154,983703282.8000
2023-11-03,47.2007792000,46.9144146400,47.4970184000,46.8057936000,21283811,1015296076.8900
2023-11-06,47.8821293600,47.7241351200,48.2672403200,47.5562662400,37813766,1834312513.7100
2023-11-07,47.8920040000,47.8228815200,48.1981178400,47.5760155200,26149197,1270647902.0200
2023-11-08,47.8623800800,48.6622259200,49.1164593600,47.8623800800,31846619,1567457009.2700
2023-11-09,48.5239809600,47.7735083200,48.7510976800,47.6648872800,29470018,1431770225.4100
2023-11-10,47.4970184000,47.7833829600,48.0697475200,47.4278959200,18655843,902627142.3200
2023-11-13,47.9018786400,46.7070472000,48.0302489600,46.4700558400,33864122,1606447218.5900
2023-11-14,46.7761696800,46.4503065600,47.0822835200,46.2133152000,20678755,973364198.8200
2023-11-15,47.0822835200,46.7366711200,47.3785227200,46.5688022400,15672204,743383344.2100
2023-11-16,46.4404319200,46.2133152000,46.8847907200,46.1738166400,13957572,655045907.1800
2023-11-17,46.2034405600,46.5490529600,46.7366711200,46.0948195200,21179904,995487698.7000
2023-11-20,46.6181754400,46.8946653600,47.3785227200,46.3713094400,23108019,1096914505.0700
2023-11-21,47.0032864000,46.9835371200,47.4772691200,46.7169218400,20546593,981885819.7100
2023-11-22,46.9835371200,46.5490529600,47.0724088800,46.5490529600,12690197,600591030.9800
2023-11-23,46.5589276000,46.5786768800,46.6774232800,46.0651956000,12684710,596480165.4400
2023-11-24,46.4206826400,46.3416855200,46.6181754400,46.1343180800,14647110,688379061.0300
2023-11-27,46.3318108800,46.2133152000,46.5095544000,45.8380788800,18443196,863329195.7500
2023-11-28,46.1145688000,46.9045400000,46.9045400000,45.9960731200,20418019,963092933.8700
2023-11-29,46.9045400000,47.0724088800,47.2995256000,46.7366711200,17545365,835534025.8600
2023-11-30,47.1020328000,47.4180212800,47.4772691200,46.8354175200,21598333,1034052588.7400
2023-12-01,47.3488988000,45.9960731200,47.5266423200,45.2554751200,40816647,1904555695.6800
2023-12-04,45.9763238400,45.4134693600,46.0553209600,44.9296120000,27686101,1277259196.6800
2023-12-05,45.2554751200,44.6827460000,45.7195832000,44.5839996000,26579143,1213967600.8000
2023-12-06,44.6531220800,44.8407402400,45.4430932800,44.2877604000,22028902,1000552800.7300
2023-12-07,44.9098627200,44.2186379200,45.1764780000,44.1692647200,23743794,1069538350.7400
2023-12-08,44.2087632800,45.0184837600,45.0876062400,44.0902676000,29241298,1326068364.7100
2023-12-11,44.8012416800,45.9466999200,46.0158224000,44.4951278400,26769468,1225504470.3100
2023-12-12,45.9466999200,45.2258512000,46.0750702400,44.8802388000,21297004,974828671.4600
2023-12-13,44.9691105600,45.0481076800,45.5122157600,44.9493612800,18676447,856154192.4100
2023-12-14,45.5023411200,45.1567287200,45.6109621600,44.9987344800,19406117,890571699.6700
2023-12-15,45.1764780000,44.1001422400,45.2653497600,43.8927748000,25906571,1163993227.3800
2023-12-18,44.0310197600,44.9197373600,45.2061019200,43.6261595200,24478562,1110849272.1700
2023-12-19,44.8407402400,44.2186379200,44.8703641600,43.6557834400,21434676,958138754.6600
2023-12-20,44.1396408000,43.6755327200,44.6136235200,43.6360341600,18982063,846390827.5400
2023-12-21,43.6261595200,43.9322733600,44.0705183200,43.4977892000,18835212,835984121.5200
2023-12-22,43.9223987200,43.4582906400,44.0112704800,42.9645586400,24235823,1067834265.5200
2023-12-25,43.4582906400,43.4484160000,43.9915212000,43.3496696000,13361150,590059431.3100
2023-12-26,43.4484160000,43.4286667200,43.5175384800,42.7571912000,15055393,657505417.6300
2023-12-27,43.3496696000,43.5372877600,43.6557834400,42.8164390400,21601490,947551025.1900
2023-12-28,43.5471624000,44.1890140000,44.2877604000,43.3792935200,30763447,1370257484.7900
2023-12-29,44.3173843200,44.6629967200,44.8308656000,44.0902676000,24238046,1094134425.1200
2024-01-02,44.6728713600,43.9125240800,44.8703641600,43.8039030400,18260797,815829089.2000
2024-01-03,43.6557834400,43.6755327200,44.3173843200,43.4977892000,14669379,651690507.5700
2024-01-04,43.7446552000,43.2410485600,43.7841537600,42.3424563200,33904543,1468337357.1800
2024-01-05,42.7670658400,41.4241148000,42.9546840000,40.7625139200,49522687,2085701636.9900
2024-01-08,41.2759952000,40.5946450400,41.2759952000,40.4860240000,30009112,1238699558.5300
2024-01-09,40.6341436000,40.6835168000,41.0390038400,40.3675283200,21174933,872816753.8600
2024-01-10,40.6835168000,40.9797560000,41.4636133600,40.2589072800,20674583,860280444.6500
2024-01-11,40.9896306400,40.9600067200,41.3253684000,40.6637675200,18971994,788171079.4100
2024-01-12,40.6933914400,40.5847704000,41.0785024000,40.4070268800,13270135,548157565.1800
2024-01-15,40.1897848000,40.9896306400,41.3747416000,40.1700355200,14893496,617603017.8100
2024-01-16,40.6835168000,40.8908842400,41.1278756000,40.2885312000,18657709,768555374.4400
2024-01-17,40.6143943200,39.6071810400,40.7723885600,39.6071810400,24023217,974124256.6600
2024-01-18,39.4985600000,40.7723885600,40.8810096000,38.9752040800,38716460,1559153302.9000
2024-01-19,40.5748957600,40.8908842400,41.0785024000,40.2984058400,31739489,1309874297.1400
2024-01-22,40.8810096000,40.2687819200,41.1772488000,39.6269303200,34937745,1430463188.4200
2024-01-23,40.1700355200,39.7947992000,40.4070268800,39.7256767200,20886214,846394264.5600
2024-01-24,40.1700355200,40.0120412800,40.2194087200,39.0048280000,25004207,1001342748.6000
2024-01-25,40.3280297600,40.6835168000,40.6835168000,39.5479332000,27891163,1134726995.7600
2024-01-26,40.3872776000,39.7947992000,40.7032660800,39.5084346400,30279954,1230888858.4800
2024-01-29,39.7454260000,38.7579620000,40.0416652000,38.5407199200,28105100,1112608512.8600
2024-01-30,38.7283380800,38.2049821600,38.9455801600,38.0766118400,23301300,905581935.2100
2024-01-31,37.9186176000,36.9805268000,38.1161104000,36.7534100800,38059705,1433750350.7700
2024-02-01,36.7336608000,36.6941622400,37.5828798400,36.4176723200,30023460,1122310504.3900
2024-02-02,36.7534100800,35.4993308000,37.1977688800,35.0648466400,36047509,1317464771.0700
2024-02-05,35.5289547200,36.9311536000,37.4841334400,35.3413365600,49793860,1835851264.0400
2024-02-06,36.9311536000,40.4860240000,40.5353972000,36.7336608000,56819466,2272656933.1300
2024-02-07,40.7328900000,41.3154937600,41.3352430400,40.0021666400,52212378,2164428887.8800
2024-02-08,41.3154937600,41.3451176800,42.0165932000,40.6637675200,37994404,1579175792.9800
2024-02-19,41.3352430400,41.1377502400,41.6413568800,40.5353972000,25380790,1055722626.8000
2024-02-20,41.2068727200,41.3352430400,41.7006047200,40.9896306400,21225500,889338538.6000
2024-02-21,41.3549923200,41.6907300800,41.9277214400,40.9303828000,29901470,1260180460.3700
2024-02-22,41.4734880000,41.8980975200,42.0067185600,41.4339894400,17530089,740956883.0400
2024-02-23,41.8980975200,41.8585989600,42.3227070400,41.3549923200,22950641,971812475.7100
2024-02-26,41.6808554400,41.5524851200,41.9573453600,41.2759952000,18878234,796444427.6800
2024-02-27,41.5722344000,41.7401032800,41.7993511200,41.3154937600,17616119,740889141.5900
2024-02-28,41.9375960800,41.7006047200,43.0435557600,41.7006047200,34011785,1458671569.0300
2024-02-29,41.6907300800,42.1054649600,42.3128324000,41.5722344000,25340841,1076844665.8100
2024-03-01,42.1054649600,41.9869692800,42.3819548800,41.5722344000,21563699,916978865.7600
2024-03-04,41.9869692800,43.3496696000,43.4286667200,41.9277214400,37656812,1640672141.8000
2024-03-05,43.3496696000,44.0013958400,44.1396408000,43.0731796800,37120036,1643167914.5300
2024-03-06,44.0902676000,43.4089174400,44.3371336000,43.1521768000,21699075,957081998.0300
2024-03-07,43.3496696000,41.4241148000,43.4089174400,41.0785024000,45743263,1939466491.5600
2024-03-08,41.4142401600,41.3648669600,42.1647128000,41.0982516800,27741788,1164468603.9700
2024-03-11,41.3747416000,43.0534304000,43.1521768000,41.1574995200,32546746,1400965850.0100
2024-03-12,43.1620514400,44.3667575200,44.7222445600,42.6584448000,43140972,1921884772.9900
2024-03-13,44.4358800000,44.1198915200,44.4655039200,43.6064102400,20749481,924209601.6000
2024-03-14,48.3857360000,46.4404319200,48.5338556000,45.9269506400,109924476,5248912837.5800
2024-03-15,46.3910587200,46.5391783200,47.3488988000,45.9170760000,43857939,2069250034.9100
2024-03-18,46.4108080000,46.6872979200,47.0822835200,45.8677028000,29791431,1406103940.7600
2024-03-19,46.3219362400,45.3937200800,46.7366711200,45.3245976000,27204791,1262475447.6600
2024-03-20,45.0876062400,45.0579823200,45.3344722400,44.7419938400,22501410,1025230381.8900
2024-03-21,45.2752244000,45.0579823200,45.4924664800,44.8802388000,18335706,839240723.7400
2024-03-22,44.9691105600,45.3542215200,45.4233440000,44.5346264000,24225421,1103378347.9300
2024-03-25,45.3739708000,45.5813382400,46.2330644800,45.2357258400,23261953,1078638224.1900
2024-03-26,45.5220904000,45.6899592800,46.0059477600,45.2949736800,20006073,925152064.5200
2024-03-27,45.6208368000,45.3344722400,45.7689564000,45.1271048000,15566813,716342077.7800
2024-03-28,45.3344722400,45.6307114400,46.2725630400,44.9691105600,21401947,993801317.6300
2024-03-29,45.6307114400,45.3937200800,45.7887056800,44.8308656000,18703757,857879350.5300
2024-04-01,45.4035947200,45.7393324800,46.2133152000,45.4035947200,20222435,937070923.6800
2024-04-02,45.6208368000,44.8901134400,46.1046941600,44.4951278400,22490309,1024255823.6200
2024-04-03,44.5346264000,44.1988886400,44.7617431200,43.9618972800,23690420,1064081571.9900
2024-04-08,44.2383872000,44.8308656000,45.2949736800,44.2383872000,23626791,1071343513.5800
2024-04-09,44.8308656000,44.9691105600,45.0579823200,43.7249059200,21527235,967808523.0200
2024-04-10,44.9691105600,44.8802388000,45.4035947200,44.3371336000,16353062,744122727.1700
2024-04-11,44.4852532000,44.3766321600,44.9197373600,44.0705183200,18609152,837102507.4800
2024-04-12,44.2383872000,43.5372877600,44.7814924000,43.3990428000,22211902,987099186.6400
2024-04-15,43.5866609600,44.0013958400,44.5839996000,43.5372877600,22027768,984050772.2600
2024-04-16,43.7742791200,43.7051566400,44.0902676000,43.2410485600,23385721,1033684469.6700
2024-04-17,43.7940284000,43.8335269600,44.2186379200,43.2904217600,23275600,1032367343.5100
2024-04-18,44.6333728000,41.8191004000,44.9296120000,41.6709808000,59016774,2541878650.6700
2024-04-19,41.4734880000,41.1574995200,41.8092257600,40.7032660800,38425460,1601560704.1300
2024-04-22,41.4636133600,41.3352430400,41.6413568800,40.9402574400,27806445,1163954982.6600
2024-04-23,41.3352430400,43.5175384800,43.7150312800,41.2759952000,49366110,2134259117.4700
2024-04-24,43.4089174400,43.1521768000,43.6459088000,42.8559376000,21625198,946244236.2600
2024-04-25,43.1521768000,43.7446552000,44.4062560800,42.9546840000,24469103,1085861364.4200
2024-04-26,43.6459088000,45.0382330400,45.2159765600,43.6162848800,34278262,1550025297.0800
2024-04-29,45.0283584000,45.6010875200,46.2725630400,44.9592359200,34279567,1586424721.5800
2024-04-30,45.8084549600,45.5813382400,46.2626884000,45.2752244000,19250243,893082209.9700
2024-05-06,46.3416855200,46.5688022400,47.2699016800,45.8380788800,32582423,1541063569.2700
2024-05-07,46.5688022400,46.6379247200,46.9045400000,46.4305572800,20377965,964125270.1900
2024-05-08,46.6675486400,45.8380788800,46.7761696800,45.6702100000,26129151,1217234952.3700
2024-05-09,45.9269506400,46.3120616000,46.6379247200,45.7294578400,17514723,820722434.3400
2024-05-10,46.2034405600,45.8973267200,46.4601812000,45.6109621600,15577277,725489832.3400
2024-05-13,45.8973267200,44.9592359200,46.1935659200,44.8012416800,29175692,1338054190.8700
2024-05-14,44.9592359200,44.7617431200,45.2061019200,44.6531220800,19723737,897260526.2700
2024-05-15,44.7716177600,44.1100168800,44.8506148800,43.9717719200,15942898,713465988.6800
2024-05-16,44.4358800000,44.1297661600,44.5445010400,43.8434016000,23437708,1048106877.6200
2024-05-17,44.9296120000,44.1890140000,45.6504607200,43.5175384800,37685549,1689843524.0600
2024-05-20,43.7249059200,43.2607978400,44.2285125600,42.9349347200,39702265,1742797463.7400
2024-05-21,43.1719260800,43.2509232000,43.6064102400,42.8756868800,24438325,1071157251.3500
2024-05-22,43.3496696000,42.9941825600,43.4089174400,42.8559376000,25238847,1100081619.8000
2024-05-23,42.9941825600,42.5103252000,43.0435557600,42.3622056000,19702407,848668344.9300
2024-05-24,42.5103252000,41.9079721600,42.6386955200,41.8487243200,22038350,939654300.9800
2024-05-27,41.7993511200,42.1647128000,42.3622056000,41.2957444800,30678196,1300950779.0900
2024-05-28,42.1647128000,42.7275672800,43.0435557600,41.8289750400,37427881,1616893172.3500
2024-05-29,42.7078180000,42.4807012800,42.9349347200,42.4115788000,16676675,719612072.5100
2024-05-30,42.5103252000,42.3424563200,42.6979433600,42.0067185600,13247711,567669926.1600
2024-05-31,42.8559376000,41.8289750400,43.0435557600,41.8289750400,22865066,980570414.0900
2024-06-03,41.6907300800,41.9672200000,42.1548381600,41.5426104800,18780093,796785130.0100
2024-06-04,41.9178468000,43.2805471200,43.4484160000,41.8289750400,35813890,1561008548.5100
2024-06-05,43.2805471200,43.3694188800,43.7446552000,43.1423021600,18067577,794605428.6000
2024-06-06,43.1028036000,42.3720802400,43.5471624000,42.2634592000,22586853,978566367.3300
2024-06-07,42.4510773600,41.6216076000,42.7176926400,41.6216076000,23854735,1013241225.1500
2024-06-11,41.4734880000,42.1844620800,42.2733338400,41.1772488000,25112141,1062111846.3500
2024-06-12,42.1943367200,41.5722344000,42.1943367200,41.3846162400,21850545,922178801.6000
2024-06-13,41.5722344000,41.5327358400,41.8980975200,41.0093799200,20729821,872698850.1800
2024-06-14,41.3747416000,41.3747416000,41.5722344000,40.5650211200,41537240,1729630309.1300
2024-06-17,41.0785024000,41.9968439200,42.1647128000,41.0686277600,24198112,1024367305.7000
2024-06-18,41.9672200000,41.4438640800,42.1745874400,41.2858698400,20392334,860147200.3200
2024-06-19,41.4734880000,40.8415110400,41.7302286400,40.6933914400,20101128,836081464.8100
2024-06-20,40.8217617600,40.0910384000,41.2463712800,40.0712891200,24782740,1013799894.6400
2024-06-21,40.1897848000,39.5380585600,40.2885312000,39.2714432800,36455301,1459102929.2500
2024-06-24,39.4985600000,39.7849245600,40.1305369600,39.0443265600,27893044,1123508475.0500
2024-06-25,40.0021666400,39.2023208000,40.0712891200,38.9554548000,22458955,895023381.7500
2024-06-26,39.1924461600,39.3998136000,39.5380585600,38.9357055200,22323523,887607506.0900
2024-06-27,39.3504404000,38.7480873600,39.3504404000,38.5110960000,27183773,1064851487.8800
2024-06-28,38.7085888000,37.9778654400,38.9455801600,37.8494951200,30925798,1199640450.6200
2024-07-01,37.9679908000,37.7902472800,37.9877400800,37.3261392000,23890913,911326444.1100
2024-07-02,37.7507487200,37.0002760800,37.7704980000,36.7731593600,31084695,1168354207.3500
2024-07-03,37.1286464000,38.1852328800,39.1035744000,36.8620311200,55275948,2137708980.0200
2024-07-04,38.1852328800,37.9679908000,38.9554548000,37.8494951200,28925733,1120476865.1800
2024-07-05,37.9778654400,39.5281839200,39.7947992000,37.6223784000,49365271,1942122105.9200
2024-07-08,38.7085888000,38.7184634400,39.5973064000,37.9581161600,49986820,1964892356.8300
2024-07-09,38.6295916800,38.5012213600,38.9850787200,37.5335066400,40106262,1555216746.8100
2024-07-10,38.5110960000,38.9159562400,39.2911925600,38.3926003200,20232304,796385784.8200
2024-07-11,39.2911925600,40.0910384000,40.6242689600,38.8073352000,37980200,1538773534.2700
2024-07-12,40.5276556800,40.9543670400,41.1826080000,40.1704089600,31501013,1296947585.6300
2024-07-15,40.6864320000,40.4681145600,40.9742140800,40.1505619200,20710958,845176103.3500
2024-07-16,40.3391088000,40.6368144000,40.7459731200,40.1108678400,22626802,924082558.4600
2024-07-17,40.2696441600,41.4207724800,41.8276368000,40.1902560000,35683208,1488713788.8700
2024-07-18,41.4803136000,41.8276368000,42.0955718400,41.3810784000,30712230,1292463142.8300
2024-07-19,41.7581721600,41.9070249600,42.1551129600,41.6093193600,27751083,1171709540.6400
2024-07-22,41.8971014400,42.4428950400,42.7703712000,41.5299312000,32570326,1391175547.9400
2024-07-23,42.4032009600,41.0932963200,42.4925126400,41.0337552000,36689667,1532779454.3400
2024-07-24,40.9742140800,41.0833728000,41.7383251200,40.8849024000,20035166,832921591.7200
2024-07-25,40.9047494400,41.1429139200,41.5597017600,40.3887264000,21908030,908502720.5100
2024-07-26,41.1429139200,40.7558966400,41.2619961600,40.2795676800,22115817,907314993.9700
2024-07-29,40.7062790400,40.1803324800,41.0436787200,40.0810972800,23478909,956395684.5600
2024-07-30,40.1902560000,39.6940800000,40.3490323200,39.3169862400,24261502,969474035.6200
2024-07-31,39.6841564800,41.8871779200,42.0360307200,39.3963744000,39572420,1638778249.1800
2024-08-01,41.8673308800,41.6291664000,42.1749600000,41.4306960000,17431319,733290056.0400
2024-08-02,41.5696252800,41.8474838400,42.6512889600,41.4803136000,25582033,1085719969.9800
2024-08-05,41.8474838400,42.3238128000,43.2467001600,41.7879427200,32358803,1386017875.3800
2024-08-06,42.3039657600,42.5818243200,42.8497593600,42.1551129600,21771513,931702110.5400
2024-08-07,42.5520537600,41.8276368000,42.5619772800,41.7879427200,17729345,751651391.0700
2024-08-08,41.7879427200,42.2543481600,42.5619772800,41.7879427200,16488658,700866799.6200
2024-08-09,42.3734304000,42.0955718400,42.9688416000,42.0856483200,15598427,666579242.2700
2024-08-12,41.8971014400,43.2963177600,43.6237939200,41.8871779200,33283489,1447922052.4000
2024-08-13,43.2665472000,42.3436598400,43.2665472000,42.0757248000,22723619,973012156.3600
2024-08-14,42.6215184000,42.1749600000,42.6512889600,41.7680956800,14184673,602382870.7400
2024-08-15,42.0558777600,42.5917478400,43.3161648000,41.9963366400,21424655,921651489.7300
2024-08-16,42.2741952000,42.7902182400,42.8795299200,41.9764896000,15694280,673487374.6800
2024-08-19,42.8795299200,41.7879427200,43.2665472000,41.4505430400,23967290,1014833544.9800
2024-08-20,41.7780192000,41.9268720000,42.0558777600,41.4803136000,15398722,648578630.9900
2024-08-21,41.8673308800,41.9864131200,42.4726656000,41.7184780800,16231298,688060044.3800
2024-08-22,42.8795299200,43.5940233600,43.9314230400,42.3039657600,53734750,2349925930.7500
2024-08-23,43.3459353600,43.2863942400,43.6138704000,42.7505241600,27750880,1208090957.8100
2024-08-26,43.2764707200,42.9886886400,43.4650176000,42.4726656000,24522498,1059543421.0700
2024-08-27,42.9390710400,43.2665472000,43.6436409600,42.7802947200,22626754,987526035.5000
2024-08-28,43.2665472000,43.1673120000,43.7428761600,42.8199888000,20622688,896690756.7500
2024-08-29,43.1474649600,43.9810406400,44.2092816000,42.9688416000,30523004,1349314946.4200
2024-08-30,44.1001228800,43.7924937600,44.1596640000,43.5940233600,31328037,1385994563.4500
2024-09-02,43.6734115200,43.5642528000,44.0306582400,42.6909830400,25800846,1128406266.4400
2024-09-03,43.5444057600,44.2390521600,44.8543104000,43.3856294400,31647968,1415250776.2500
2024-09-04,44.0405817600,44.1695875200,44.8046928000,43.8321878400,21257720,949655587.4700
2024-09-05,44.3184403200,44.6558400000,44.8344633600,44.0802758400,19863861,892416905.2300
2024-09-06,44.8046928000,44.0604288000,44.8046928000,44.0604288000,14147570,632592170.4700
2024-09-09,44.0604288000,44.2092816000,45.0726278400,43.9611936000,25601684,1144505481.7100
2024-09-10,44.0604288000,44.1398169600,44.3581344000,43.3757059200,19918291,883221376.3800
2024-09-11,43.9611936000,45.0825513600,45.2016336000,43.7726467200,29157838,1318678749.4800
2024-09-12,44.8840809600,44.6260694400,45.4298745600,44.4077520000,18657815,842058821.4400
2024-09-13,44.6062224000,44.4275990400,44.9535456000,44.0604288000,19509734,874100288.4900
2024-09-18,44.5466812800,44.7749222400,45.2413276800,44.4375225600,17507905,791075183.2100
2024-09-19,44.7848457600,44.6558400000,44.9833161600,44.0604288000,22401152,1006153996.9300
2024-09-20,44.5566048000,42.3833539200,44.5566048000,41.9963366400,66915599,2879104757.0000
2024-09-23,42.5520537600,42.3833539200,43.1474649600,42.1948070400,28475378,1219950846.8700
2024-09-24,43.0482297600,43.3260883200,43.3856294400,41.9169484800,43328054,1866263526.7500
2024-09-25,43.6734115200,43.5047116800,44.3085168000,43.3558588800,43382501,1914228799.7200
2024-09-26,43.8024172800,46.1046739200,46.1443680000,43.3757059200,47693338,2151506359.3100
2024-09-27,47.0176377600,48.3076953600,48.5260128000,46.5909264000,38062085,1826081206.2700
2024-09-30,49.8160704000,51.9000096000,52.3366444800,49.6176000000,101848211,5250200815.0400
2024-10-08,57.0900105600,55.5816355200,57.0900105600,52.9915968000,119259493,6658937520.4100
2024-10-09,54.5793600000,51.2847513600,54.5793600000,51.1656691200,90059068,4785336951.0100
2024-10-10,51.2847513600,52.1679446400,53.4083846400,51.2847513600,58528066,3089484853.6400
2024-10-11,51.7313097600,49.8160704000,52.1679446400,49.3000473600,49542203,2518858626.8400
2024-10-14,50.1137760000,50.9969692800,51.2748278400,49.6771411200,39584123,2016817820.0800
2024-10-15,50.9969692800,50.2130112000,52.2175622400,50.1633936000,36326359,1870266584.7400
2024-10-16,49.5084412800,48.8038713600,50.2923993600,48.6351715200,39738816,1971863406.5900
2024-10-17,48.9229536000,48.8435654400,50.1435465600,48.8435654400,34296311,1711600382.5100
2024-10-18,48.6252480000,50.0939289600,51.1160515200,48.3870835200,53672595,2684309741.4700
2024-10-21,50.2130112000,50.1733171200,50.6794166400,48.9527241600,47185178,2372525724.2300
2024-10-22,49.8259939200,50.3717875200,51.3939100800,49.8259939200,40107748,2046102371.2400
2024-10-23,50.4412521600,50.3023228800,50.7885753600,49.7565292800,37059732,1875687444.7600
2024-10-24,50.2130112000,48.2977718400,50.2130112000,47.4542726400,90154712,4383045856.4200
2024-10-25,48.2283072000,47.6328960000,48.2283072000,46.3626854400,94314886,4498732086.9200
2024-10-28,47.6626665600,48.2183836800,48.5260128000,47.6031254400,57114104,2769377026.2300
2024-10-29,48.2481542400,47.8115193600,48.5359363200,47.7321312000,39770039,1926235120.3000
2024-10-30,47.8115193600,46.8390144000,48.1092249600,46.6008499200,47548494,2256717310.9300
2024-10-31,46.8489379200,46.2436032000,47.0374848000,46.2039091200,45672171,2138254363.3600
2024-11-01,46.3626854400,47.1962611200,48.1290720000,46.3626854400,61995884,2962180400.8400
2024-11-04,47.7321312000,47.6229724800,48.0199132800,46.8985555200,40659229,1942430935.7200
2024-11-05,47.2558022400,48.3076953600,48.4664716800,47.1367200000,51436998,2489509349.5200
2024-11-06,48.3374659200,48.3771600000,49.3000473600,47.8809840000,53755839,2624774466.7600
2024-11-07,48.2283072000,49.6176000000,49.6176000000,48.0397603200,58406608,2882919253.8500
2024-11-08,49.7168352000,49.1214240000,50.1137760000,48.7741008000,65231445,3240522916.5300
2024-11-11,48.6153244800,49.0519593600,49.2901238400,47.9306016000,58679168,2870267472.4600
2024-11-12,49.0519593600,48.9130300800,50.3916345600,48.6748656000,76735680,3839811096.4800
2024-11-13,48.7840243200,48.9725712000,49.8756115200,48.6847891200,40914137,2023644063.3700
2024-11-14,48.8931830400,48.0794544000,49.3198944000,48.0596073600,38909169,1911896965.8600
2024-11-15,47.9008310400,47.3351904000,48.3275424000,47.3351904000,33086981,1593427808.9000
2024-11-18,47.3451139200,46.8390144000,47.6924371200,46.6405440000,30353555,1443825223.5700
2024-11-19,46.8787084800,47.0672553600,47.4344256000,46.4817676800,26030458,1230951481.6100
2024-11-20,47.0771788800,50.0740819200,50.4015580800,47.0771788800,109567359,5459304163.2400
2024-11-21,49.9252291200,49.8061468800,50.5801814400,49.3695120000,48847493,2454422662.5600
2024-11-22,49.8061468800,47.9008310400,50.2427817600,47.8313664000,50154761,2463628940.6700
2024-11-25,48.2283072000,47.3947315200,49.1115004800,47.3947315200,43612870,2119573829.2000
2024-11-26,47.4939667200,48.3076953600,49.1809651200,47.4344256000,39975602,1955082311.4900
2024-11-27,48.2481542400,49.6076764800,49.8160704000,48.2084601600,57454360,2862205753.7400
2024-11-28,49.5679824000,49.3198944000,50.3618640000,48.9428006400,36721023,1836357876.7900
2024-11-29,49.7267587200,50.3023228800,50.9076576000,49.4191296000,69304072,3512492251.0300
2024-12-02,50.2130112000,50.0641584000,50.4015580800,49.6374470400,41976462,2116109033.0300
2024-12-03,49.9649232000,49.2504297600,50.0244643200,49.1511945600,39619749,1972432252.8400
2024-12-04,49.2702768000,49.0221888000,49.5977529600,48.8733360000,25826013,1281641896.6500
2024-12-05,49.0420358400,48.5756304000,49.0718064000,48.0794544000,29810775,1454359603.3600
2024-12-06,48.5756304000,49.1511945600,49.4191296000,48.4664716800,34229110,1688375558.6400
2024-12-09,49.5977529600,49.0023417600,49.7069116800,48.6847891200,27661358,1368832174.5200
2024-12-10,49.8656880000,47.7619017600,49.8656880000,47.2458787200,102210021,4957092801.9400
2024-12-11,47.4939667200,47.7817488000,47.8015958400,47.1466435200,42944859,2056039719.7600
2024-12-12,47.7817488000,47.6725900800,47.7817488000,47.2359552000,36160892,1732532837.9000
2024-12-13,47.4344256000,46.2336796800,47.5435843200,46.2039091200,65077716,3061019957.3900
2024-12-16,46.2237561600,45.7176566400,46.2237561600,45.4497216000,35407912,1630463503.2100
2024-12-17,45.6978096000,46.1443680000,46.6107734400,45.5489568000,31587486,1470663475.5300
2024-12-18,46.3428384000,46.2336796800,46.6901616000,46.1741385600,24713965,1154970052.4900
2024-12-19,45.8268153600,46.1840620800,46.3031443200,45.5291097600,21746077,1007124998.3800
2024-12-20,46.1840620800,45.8962800000,46.5214617600,45.8665094400,26073276,1212975575.5200
2024-12-23,45.8962800000,45.4993392000,45.9756681600,45.1619395200,36192684,1660614929.2800
2024-12-24,45.4993392000,45.9756681600,46.3031443200,45.4298745600,29399109,1362414862.7600
2024-12-25,46.2039091200,46.2634502400,46.6405440000,45.9756681600,31525766,1472155113.0500
2024-12-26,46.1443680000,45.7573507200,46.1840620800,45.4100275200,25582787,1178284148.1800
2024-12-27,45.8466624000,45.7474272000,46.0054387200,45.5489568000,21250538,980779073.2500
2024-12-30,45.9359740800,45.7871212800,46.4023795200,45.6978096000,25626685,1186680454.5200
2024-12-31,45.7771977600,45.5489568000,46.2138326400,45.4993392000,38816593,1793640701.2500
2025-01-02,45.5291097600,44.6062224000,45.7474272000,44.3581344000,34813241,1575496085.9500
2025-01-03,44.6558400000,44.0207347200,44.8245398400,43.8222643200,27387320,1223704154.6900
2025-01-06,44.4077520000,44.6657635200,44.7649987200,44.0405817600,30148116,1351231040.4500
2025-01-07,44.7054576000,43.7031820800,44.7451516800,43.6734115200,25742175,1139218011.9700
2025-01-08,43.7131056000,43.2169296000,43.8421113600,42.6215184000,35032742,1524946448.1800
2025-01-09,43.2467001600,42.7505241600,43.5344822400,42.7306771200,25776764,1116825881.1900
2025-01-10,42.7306771200,42.3436598400,43.0780003200,42.2047305600,26575159,1138717521.3600
2025-01-13,42.1848835200,42.4825891200,42.8398358400,42.0757248000,19112933,819457430.2400
2025-01-14,42.4825891200,43.9512700800,44.0703523200,42.4825891200,33775503,1481294681.6500
2025-01-15,43.9214995200,43.5444057600,43.9413465600,43.3260883200,18496457,810779951.2800
2025-01-16,43.7428761600,42.5719008000,43.8123408000,42.5322067200,31015771,1344908223.7700
2025-01-17,42.1749600000,42.5123596800,42.7505241600,42.1154188800,20061220,857835007.4600
2025-01-20,42.9589180800,44.1795110400,45.0130867200,42.9489945600,55860298,2490393184.6700
2025-01-21,44.5069872000,44.7848457600,44.9535456000,44.2092816000,35398018,1593272359.9200
2025-01-22,44.6856105600,44.0901993600,44.8940044800,43.9016524800,21075095,939501099.3000
2025-01-23,44.2092816000,43.6237939200,44.4772166400,43.4352470400,28608225,1264462646.0500
2025-01-24,43.5344822400,44.2985932800,44.8046928000,43.4848646400,35046072,1569811205.4900
2025-01-27,44.4573696000,44.3085168000,44.8344633600,44.2390521600,19306771,864900092.5300
2025-02-05,44.3283638400,43.6734115200,44.4573696000,43.5344822400,27440678,1209865781.1400
2025-02-06,43.7924937600,44.0207347200,44.2092816000,43.3360118400,25217720,1113529253.0100
2025-02-07,44.0207347200,44.9436220800,45.9756681600,43.6634880000,50542235,2283393394.9300
2025-02-10,45.1520160000,44.5367577600,45.1520160000,44.3283638400,37889246,1702769262.7000
2025-02-11,44.6558400000,43.8520348800,44.7550752000,43.7131056000,31067830,1376208094.0700
2025-02-12,43.8619584000,44.1001228800,44.2092816000,43.6833350400,25175738,1113067394.4500
2025-02-13,43.9611936000,44.2985932800,44.7153811200,43.7230291200,37862524,1692124021.5400
2025-02-14,44.2787462400,45.1520160000,45.4199510400,44.2192051200,52217434,2363013539.2800
2025-02-17,45.4497216000,44.9138515200,45.9558211200,44.6062224000,55765326,2543137861.2000
2025-02-18,44.9634691200,44.4772166400,45.4199510400,44.3184403200,35021947,1582024378.8600
2025-02-19,44.3978284800,44.3680579200,44.8344633600,43.8619584000,36761103,1642055731.1500
2025-02-20,44.4077520000,46.1443680000,46.6206969600,44.4077520000,85405751,3962875923.5200
2025-02-21,46.3428384000,47.9107545600,48.1092249600,46.1741385600,97511816,4658378219.4100
2025-02-24,48.0298368000,47.7222076800,48.2779248000,47.2359552000,53308063,2562457640.4700
2025-02-25,47.2756492800,47.0077142400,47.8809840000,46.8092438400,35433199,1689640415.0600
2025-02-26,47.2359552000,47.1863376000,47.3748844800,46.5909264000,32811280,1551997434.9700
2025-02-27,47.0374848000,47.5435843200,47.9901427200,46.8290908800,36908148,1768169580.8300
2025-02-28,47.3451139200,45.6084979200,47.7321312000,45.4596451200,49161519,2294571489.3200
2025-03-03,45.5985744000,45.5688038400,46.4519971200,45.4199510400,31894554,1476382970.8700
2025-03-04,45.4596451200,45.5092627200,45.7375036800,45.0329337600,24333671,1113598158.6300
2025-03-05,45.5092627200,45.6283449600,45.7672742400,45.1123219200,25266965,1157331477.1500
2025-03-06,45.9458976000,46.1642150400,46.5016147200,45.6978096000,33138915,1539946175.5400
2025-03-07,46.0451328000,45.3306393600,46.0451328000,45.1718630400,33661440,1544840661.7800
2025-03-10,45.4695686400,45.1420924800,45.8069683200,44.6558400000,34360556,1561460746.5000
2025-03-11,44.7054576000,44.9932396800,45.1420924800,44.6062224000,29153512,1317152157.7900
2025-03-12,45.0329337600,44.6558400000,45.4397980800,44.6062224000,33955147,1533371102.7700
2025-03-13,44.7054576000,44.6856105600,44.9336985600,44.4275990400,24334895,1095003466.9300
2025-03-14,44.7749222400,46.1840620800,46.5115382400,44.5367577600,57320676,2648874640.5400
2025-03-17,46.9580966400,46.1245209600,46.9878672000,46.0252857600,27743095,1295638303.4800
2025-03-18,46.5214617600,46.1443680000,47.1168729600,46.0649798400,30830946,1443933601.2800
2025-03-19,46.1642150400,46.9283260800,47.7519782400,45.9458976000,48516179,2295409174.5400
2025-03-20,46.8390144000,46.2733737600,47.1069494400,46.1245209600,32518757,1521454257.0400
2025-03-21,46.0451328000,44.5069872000,46.2733737600,44.4871401600,54153818,2458827778.0800
2025-03-24,44.5169107200,44.0108112000,44.6955340800,43.8619584000,32707594,1454999354.3900
2025-03-25,44.1298934400,44.5268342400,44.6756870400,43.8917289600,22910500,1026660591.9100
2025-03-26,45.8466624000,45.8764329600,46.5810028800,45.7176566400,61103593,2832596084.1400
2025-03-27,45.7275801600,48.0199132800,48.0496838400,45.2512512000,86863207,4127696681.4900
2025-03-28,48.0199132800,48.2382307200,49.1511945600,48.0199132800,77299809,3782798004.3100
2025-03-31,48.6054009600,48.8237184000,49.6969881600,48.4763952000,78316591,3863528326.0300
2025-04-01,48.8237184000,51.4038336000,52.0984800000,48.5359363200,135906280,6963773597.3800
2025-04-02,50.9275046400,50.4610992000,51.3641395200,50.2725523200,63187882,3230471821.1900
2025-04-03,50.0244643200,50.6496460800,51.2053632000,50.0244643200,51785846,2643033087.3300
2025-04-07,48.4267776000,48.3275424000,49.4687472000,46.4023795200,115503305,5580749461.8600
2025-04-08,48.4267776000,48.3275424000,48.9130300800,46.8985555200,98764578,4739094855.9400
2025-04-09,47.3649609600,47.8512134400,47.8512134400,45.5092627200,97519951,4574095268.4600
2025-04-10,48.5954774400,48.1290720000,48.7145596800,47.4939667200,73171260,3541702205.2900
2025-04-11,47.7916723200,48.0099897600,48.3076953600,47.4344256000,42579799,2053266780.6400
2025-04-14,48.0099897600,48.4962422400,49.6176000000,47.7321312000,57183442,2811326096.9600
2025-04-15,48.2283072000,47.9008310400,48.5557833600,47.5535078400,32628885,1571241599.3800
2025-04-16,48.0298368000,48.5260128000,48.5260128000,46.9977907200,45534414,2184411134.0800
2025-04-17,48.1687660800,48.4069305600,48.4962422400,47.9504486400,30390040,1477059115.1600
2025-04-18,48.2084601600,47.6328960000,48.5458598400,47.4939667200,25330179,1217785120.6300
2025-04-21,47.3351904000,48.7939478400,49.0221888000,47.2657257600,37068001,1811287012.4200
2025-04-22,48.6649420800,50.5801814400,50.9076576000,48.6649420800,61789198,3116791042.6700
2025-04-23,50.5702579200,50.6992636800,51.0565104000,50.2328582400,38543044,1964625808.5000
2025-04-24,50.5801814400,50.7389577600,51.3244454400,50.0343878400,33607741,1721477003.9400
2025-04-25,51.2847513600,49.8855350400,51.6023040000,49.5878294400,52432914,2660676970.7600
2025-04-28,49.3000473600,49.5878294400,49.7664528000,48.6252480000,39621032,1969933552.4400
2025-04-29,49.3298179200,49.2206592000,49.3496649600,48.5061657600,34666988,1708826486.1100
2025-04-30,49.0718064000,50.7091872000,50.9671987200,48.9229536000,42933848,2173618447.4300
2025-05-06,51.7015392000,50.6099520000,51.7809273600,50.3420169600,38543945,1971965956.2800
2025-05-07,51.7015392000,51.1160515200,51.8503920000,50.6198755200,39728794,2044498616.8300
2025-05-08,50.8282694400,51.1656691200,51.3343689600,50.6397225600,29014812,1493108281.3800
2025-05-09,51.1656691200,52.4061091200,52.5847324800,51.0565104000,58603714,3078537820.1000
2025-05-12,51.6023040000,50.3023228800,51.6023040000,49.8160704000,84391222,4279425861.4600
2025-05-13,50.7984988800,50.8381929600,51.8305449600,50.4908697600,51913233,2667979498.1300
2025-05-14,50.6297990400,52.4954208000,52.8427440000,50.6198755200,62634690,3280790284.8500
2025-05-15,52.4954208000,53.2793788800,53.5373904000,52.2969504000,53361459,2853103029.5600
2025-05-16,53.0809084800,53.4381552000,53.5870080000,52.4954208000,38217660,2047406426.0700
2025-05-19,53.3885376000,53.0412144000,53.9144841600,52.6442736000,35019068,1875209002.1500
2025-05-20,53.8747900800,54.0335664000,54.7282128000,53.3786140800,59335691,3233612042.2800
2025-05-21,53.8648665600,55.5121708800,56.0678880000,53.6167785600,61240349,3398156910.1800
2025-05-22,55.5717120000,55.1747712000,55.9289587200,54.7381363200,41314629,2298821739.5600
2025-05-23,55.6727665000,54.2784575000,55.7723600000,54.0792705000,54184027,2981192923.9300
2025-05-26,53.9796770000,53.1331322500,54.4079290500,52.8443111000,53228437,2850955759.0300
2025-05-27,53.0036607000,53.2028477000,53.8701241500,52.9140265500,36032348,1930051269.2100
2025-05-28,53.3721566500,54.0294737500,54.7067095500,53.1132135500,35804983,1943962412.0500
2025-05-29,53.9298802500,53.8800835000,54.3680916500,53.6410591000,35485276,1924548693.8300
2025-05-30,54.0693111500,54.5174819000,55.4337421000,54.0294737500,47142160,2590435177.1900
2025-06-03,54.5174819000,54.6569128000,55.5532543000,54.0294737500,43445035,2397345666.3300
2025-06-04,54.6170754000,55.0652461500,55.6130104000,54.3880103500,36859302,2038925051.0500
2025-06-05,54.8760185000,53.6609778000,54.8760185000,53.3323192500,49527267,2675359810.9300
2025-06-06,53.6808965000,53.5813030000,53.9597583000,53.1630103000,34453388,1849932993.3800
2025-06-09,53.7804900000,54.1390266000,55.5632136500,53.5613843000,65690582,3607525589.3500
2025-06-10,54.1589453000,54.9058965500,55.5731730000,54.1589453000,48073517,2654117466.1900
2025-06-11,54.7764250000,54.4876038500,55.5831323500,54.3282542500,37773566,2080608920.7600
2025-06-12,54.1788640000,55.5930917000,55.9715470000,53.7804900000,49318822,2730556453.1900
2025-06-13,55.4636201500,53.6709371500,55.8321161000,53.3422786000,66023830,3593704538.6500
2025-06-16,53.1928883500,53.5414656000,53.8601648000,52.8841485000,39224137,2100282374.5200
2025-06-17,53.7804900000,51.6292704000,53.9896363500,51.3902460000,69518032,3648258374.2300
2025-06-18,51.4898395000,51.5993923500,52.0176850500,51.1113842000,33409543,1728559050.6800
2025-06-19,51.6292704000,51.3703273000,52.1770346500,51.1014248500,37316694,1930536851.9400
2025-06-20,51.5396362500,51.5495956000,52.1172785500,51.4201240500,24060775,1249132876.4000
2025-06-23,51.4699208000,51.7487826000,51.9678883000,50.9918720000,31328106,1620281114.7900
2025-06-24,51.8782541500,51.9380102500,52.2865875000,51.5197175500,45103539,2347206996.6300
2025-06-25,51.9380102500,52.7347582500,52.8144330500,51.1014248500,53648196,2799316482.1700
2025-06-26,52.3861810000,51.8682948000,52.7347582500,51.6890265000,39226868,2050704854.3500
2025-06-27,51.6989858500,51.7388232500,51.8583354500,51.4599614500,28776507,1492711801.5000
2025-06-30,51.6989858500,51.6890265000,51.9778476500,50.7827256500,44535488,2292910157.4300
2025-07-01,51.6790671500,52.2467501000,52.5256119000,51.5894330000,39772496,2084478373.8900
2025-07-02,52.1869940000,52.0376037500,53.2227664000,51.8882135000,32571223,1714632081.0200
2025-07-03,52.0475631000,52.2567094500,52.3662623000,51.5993923500,29367818,1536828863.2800
2025-07-04,52.3961403500,53.0434981000,53.5713436500,52.3861810000,47792312,2548289615.6200
2025-07-07,53.1630103000,52.4359777500,53.3721566500,52.3463436000,28638794,1516132785.6900
2025-07-08,52.4758151500,53.1829290000,53.4717501500,52.2865875000,35926315,1916547622.9800
2025-07-09,53.1829290000,56.9575226500,57.7044739000,52.8044737000,115821169,6507788433.0900
2025-07-10,56.8977665500,57.3658560000,58.0430918000,56.3798803500,90371570,5204345945.5300
2025-07-11,57.2762218500,56.6687015000,57.8837422000,56.6487828000,65863171,3779524292.2200
2025-07-14,56.5193112500,56.9774413500,57.8140267500,56.3300836000,47375836,2714468293.2800
2025-07-15,57.0172787500,56.9874007000,57.2961405500,56.2902462000,43692847,2491977101.7000
2025-07-16,57.4156527500,56.9874007000,58.6605715000,56.8081324000,39819120,2293530536.5900
2025-07-17,56.6687015000,57.4953275500,57.6646365000,56.6089454000,44414628,2553187389.0300
2025-07-18,57.9733763500,58.5211406000,59.6166691000,57.6646365000,66098565,3881474080.5100
2025-07-21,58.2621975000,57.7642300000,58.5609780000,57.4455308000,50944185,2960736582.0200
2025-07-22,57.7642300000,57.1766283500,58.6107747500,56.9674820000,47557025,2753253571.3100
2025-07-23,56.9674820000,56.8977665500,57.8439048000,56.6388234500,42529511,2440208238.8300
2025-07-24,57.2065064000,57.2662625000,57.7443113000,56.7184982500,46583415,2670846697.6400
2025-07-25,57.2662625000,56.1707340000,57.3160592500,56.1209372500,50539423,2873987055.3200
2025-07-28,59.8556935000,61.7878074000,61.7878074000,59.4174821000,163009595,9943549096.5200
2025-07-29,62.7439050000,63.5406530000,65.1640270500,61.8774415500,168276889,10731327178.5300
2025-07-30,63.5506123500,63.3315066500,64.4668725500,62.3953277500,98084933,6247901661.4400
2025-07-31,63.1422790000,62.6443115000,63.9888237500,62.2459375000,74203875,4690208200.6100
2025-08-01,62.5745960500,61.0607748500,63.3215473000,60.5130106000,73465464,4545894531.0300
2025-08-04,60.3536610000,61.7479700000,61.7977667500,59.7561000000,68961349,4217834708.7400
2025-08-05,61.8575228500,62.0467505000,62.2061001000,61.3097586000,54144318,3356911222.4100
2025-08-06,61.9371976500,61.3296773000,62.2957342500,61.1304903000,57247861,3539622159.1600
2025-08-07,61.0010187500,60.5628073500,61.8475635000,60.4532545000,50476397,3088025791.7400
2025-08-08,60.4532545000,60.7420756500,60.8815065500,59.7561000000,36297073,2203721882.8800
2025-08-11,60.7420756500,60.8217504500,61.1703277000,60.4333358000,42575238,2600063208.5600
2025-08-12,61.0707342000,60.6026447500,61.2002057500,60.0150431000,39183475,2380971082.1800
2025-08-13,60.6026447500,62.3554903500,63.2518318500,60.6026447500,81529632,5079201588.4700
2025-08-14,62.5945147500,62.5646367000,63.3414660000,62.1065066000,57126647,3597162009.8400
2025-08-15,62.3853684000,63.1422790000,64.0087424500,62.2061001000,61493254,3908038788.4700
2025-08-18,63.1422790000,62.8235798000,63.6900432500,62.5546773500,72885756,4616557070.1500
2025-08-19,63.1422790000,61.4392301500,65.1341490000,61.3794740500,99770049,6322095611.9100
2025-08-20,61.4093521000,62.5945147500,62.7140269500,60.8615878500,65042442,4025484233.4200
2025-08-21,63.7199213000,63.7298806500,65.0644335500,62.6941082500,85862923,5507421602.9100
2025-08-22,64.4469538500,64.7158563000,64.9349620000,63.5705310500,63771891,4115097232.6600
2025-08-25,64.7158563000,65.9906531000,66.1300840000,64.1083359500,84923381,5551997680.5100
2025-08-26,65.9308970000,65.0345555000,65.9308970000,64.7357750000,57512937,3761929155.5100
2025-08-27,64.7457343500,62.7937017500,65.4428888500,62.7837424000,83616934,5375767158.8400
2025-08-28,62.6941082500,62.7737830500,62.9630107000,61.1603683500,71590154,4469129644.1600
2025-08-29,62.7737830500,65.9607750500,66.5981734500,62.7737830500,102318607,6677635302.2000
2025-09-01,66.1300840000,68.0721572500,68.6000028000,65.6520352000,87218089,5917826674.4200
2025-09-02,69.5162630000,68.5900434500,70.4823199500,67.5243930000,108448969,7512721689.4800
2025-09-03,68.5203280000,71.6874013000,73.1215477000,68.5203280000,112936901,8078844874.4500
2025-09-04,70.9802874500,68.3709377500,71.2890273000,67.2256125000,110289406,7625423229.0700
2025-09-05,68.7195150000,72.1754094500,72.6833363000,68.7195150000,93647856,6663122815.0200
2025-09-08,72.7032550000,72.0160598500,73.5697184500,71.3487834000,74820928,5423039920.6800
2025-09-09,71.8766289500,70.8010191500,73.7390274000,70.1934988000,76767009,5517534684.1800
2025-09-10,70.5520354000,70.0341492000,71.4782549500,69.7951248000,46820413,3306783038.8100
2025-09-11,66.3093523000,68.0124011500,68.1916694500,63.7398400000,194235937,12928573363.5000
2025-09-12,68.0024418000,68.7294743500,69.2274418500,67.5841491000,83121521,5710845364.5200
2025-09-15,68.5701247500,68.8191085000,69.4067101500,67.9825231000,61188153,4225790378.8500
2025-09-16,68.8191085000,68.8689052500,69.0581329000,68.0621979000,43458205,2991348434.4800
2025-09-17,69.0182955000,69.8449215500,70.5121980000,69.0182955000,58603371,4103135888.8700
2025-09-18,70.2731736000,70.8010191500,72.8227672000,69.6158565000,86563888,6173830339.9400
2025-09-19,70.8109785000,69.3668727500,70.9504094000,69.2075231500,52439242,3681125691.6000
2025-09-22,70.2034581500,70.7611817500,72.4044745000,70.1138240000,57654243,4118513260.6900
2025-09-23,70.7113850000,69.4166695000,70.9006126500,68.2215475000,56132957,3909219697.1100
2025-09-24,69.4166695000,69.8250028500,70.0939053000,69.0182955000,39530211,2763214641.3300
2025-09-25,72.1056940000,71.9762224500,72.7829298000,71.2591492500,73903918,5347121398.9600
2025-09-26,70.5121980000,69.7951248000,71.0798809500,68.9485800500,69904485,4900954441.1100
2025-09-29,69.5063036500,68.9187020000,69.5063036500,67.4845556000,64799104,4442889452.9800
2025-09-30,68.7195150000,71.2591492500,71.2890273000,68.5203280000,57945078,4079739678.9200
2025-10-09,71.2691086000,70.8607752500,71.3687021000,68.8290678500,59279340,4173571947.9300
2025-10-10,70.0939053000,67.9227670000,70.5918728000,67.5741897500,70610070,4868800902.6800
2025-10-13,65.7317100000,66.7077263000,67.7534580500,65.4329295000,53228709,3555005477.8700
2025-10-14,67.3351653500,64.0087424500,67.3849621000,63.4410595000,70294663,4593967582.8700
2025-10-15,63.9390270000,66.1300840000,66.1500027000,63.4211408000,51123163,3335928393.1400
2025-10-16,66.1599620500,66.5682954000,68.2215475000,65.4528482000,46037757,3096812047.9900
2025-10-17,66.5782547500,64.8353685000,67.1260190000,64.7357750000,34950734,2298728244.6300
2025-10-20,65.7217506500,64.8652465500,66.2396368500,64.5664660500,32671694,2146357392.2000
2025-10-21,65.2337425000,65.7317100000,66.3093523000,64.8752059000,36956031,2436269459.0000
2025-10-22,65.9806937500,64.9947181000,66.5184986500,64.7457343500,39804808,2610971756.4100
2025-10-23,64.7457343500,64.8752059000,65.1640270500,63.7597587000,34278526,2219041425.2200
2025-10-24,64.9947181000,65.2337425000,66.0902466000,64.7457343500,37275277,2441099937.7800
2025-10-27,66.2794742500,66.7376043500,67.5741897500,66.2396368500,50892492,3413538792.9900
2025-10-28,64.9548807000,63.3613847000,65.1939051000,63.2418725000,108208999,6923383032.7100
2025-10-29,63.3414660000,63.7597587000,64.2178888000,62.4550838500,56217455,3577122184.9000
2025-10-30,63.7597587000,62.6243928000,63.7597587000,62.6144334500,60874000,3856500507.4300
2025-10-31,63.1024416000,63.8892302500,65.2237831500,62.9430920000,83706390,5386074734.2700
2025-11-03,64.6959376000,63.1422790000,64.7258156500,62.5646367000,46030561,2924454178.2500
2025-11-04,63.1621977000,61.6682952000,63.1920757500,61.2997992500,51560966,3215841267.2000
2025-11-05,61.0508155000,61.7081326000,62.2359781500,60.9711407000,33438078,2074291418.5800
2025-11-06,61.6981732500,62.1662627000,62.2459375000,61.2201244500,25252395,1567372106.1000
2025-11-07,61.7479700000,61.3296773000,62.2359781500,61.2500025000,27065428,1670988958.2300
2025-11-10,61.3197179500,61.5786610500,61.6782545500,60.7121976000,39624830,2431973885.4400
2025-11-11,61.6981732500,60.8117911000,61.9471570000,60.7520350000,27515998,1687561579.7900
2025-11-12,60.8416691500,61.8475635000,62.6044741000,60.8416691500,51426776,3203516791.2600
2025-11-13,62.4351651500,63.3016286000,63.5306936500,61.9770350500,50831837,3211808939.3500
2025-11-14,63.1920757500,62.6443115000,63.6402465000,62.5048806000,31950414,2021555066.0900
2025-11-17,62.6343521500,61.5487830000,62.7937017500,61.1603683500,31538452,1952561578.2600
2025-11-18,61.3595553500,61.5288643000,62.5945147500,61.2699212000,21910059,1359324791.3700
2025-11-19,61.2500025000,60.8615878500,61.5288643000,60.7719537000,21116242,1295307074.7100
2025-11-20,60.9811000500,60.3835390500,61.3993927500,60.2939049000,25348006,1544020769.8400
2025-11-21,60.0847585500,59.2581325000,60.8516285000,59.0689048500,44733534,2679336096.5900
2025-11-24,59.7959374000,60.4134171000,60.8516285000,59.7162626000,34397324,2083464657.6500
2025-11-25,60.8516285000,60.6325228000,61.3595553500,60.2839455500,26504513,1620797703.8000
2025-11-26,61.2500025000,62.1065066000,62.5447180000,60.7819130500,43986195,2739532775.4600
2025-11-27,62.3455310000,61.8376041500,62.7040676000,61.6882139000,25730763,1604386051.8500
2025-11-28,62.1065066000,61.8276448000,62.1065066000,61.3595553500,20277619,1257510630.7200
2025-12-01,61.8276448000,61.6882139000,61.8376041500,60.8117911000,25483095,1567868103.1300
2025-12-02,61.6483765000,60.8715472000,61.6483765000,60.7520350000,18230614,1115986037.2800
2025-12-03,60.8516285000,60.7221569500,61.2997992500,60.4532545000,19852976,1211357997.3300
2025-12-04,60.7619943500,61.0010187500,61.2400431500,60.7221569500,18040766,1103403552.7100
2025-12-05,60.9412626500,61.3695147000,61.5388236500,60.4532545000,23117615,1418750951.5800
2025-12-08,62.3455310000,62.2061001000,63.2916692500,61.6682952000,50861759,3186857202.3300
2025-12-09,62.0666692000,62.8235798000,63.8892302500,62.0467505000,49359339,3131342824.0500
2025-12-10,62.8932952500,63.1223603000,63.3016286000,62.0168724500,28895961,1820981674.8800
2025-12-11,63.3016286000,63.1422790000,63.6800839000,62.8534578500,24706127,1569053154.3100
2025-12-12,63.0227668000,63.0227668000,63.0227668000,62.0069131000,31562926,1984535365.4900
2025-12-15,62.4252058000,61.1304903000,62.4252058000,61.1304903000,29007220,1796682727.4900
2025-12-16,61.1304903000,58.9095552500,61.2400431500,58.4414658000,52378486,3112549390.9300
2025-12-17,59.1087422500,60.0548805000,60.5528480000,58.7701243500,33041782,1980882810.4400
2025-12-18,59.8058967500,59.7561000000,60.3237829500,59.7063032500,17930929,1078752359.7800
2025-12-19,59.8258154500,60.6026447500,61.1304903000,59.6664658500,28835842,1753822163.6100
2025-12-22,60.5628073500,60.6823195500,61.2500025000,60.0847585500,23670924,1444845736.6300
2025-12-23,60.6026447500,61.5487830000,62.3056936000,60.5926854000,32919095,2037549674.2800
2025-12-24,61.4193114500,60.9811000500,61.7479700000,60.8317098000,25050206,1539580671.7700
2025-12-25,60.9711407000,61.1504090000,61.4093521000,60.7819130500,15518175,952122259.6800
2025-12-26,61.0508155000,60.8117911000,61.4093521000,60.3536610000,21430781,1311044159.6200
2025-12-29,60.8117911000,60.2640268500,61.0209374500,60.1644333500,28575162,1737055879.0100
2025-12-30,60.1544740000,59.9353683000,60.3536610000,59.6565065000,25330461,1525944032.4000
2025-12-31,59.9154496000,59.3278479500,60.1146366000,59.2581325000,26827896,1603948701.6000
2026-01-05,59.8158561000,62.8235798000,63.2319131500,59.7461406500,85117028,5316701688.5000
2026-01-06,63.1024416000,62.8036611000,63.2219538000,62.1463440000,46352457,2919198721.6100
2026-01-07,62.7538643500,63.5904497500,64.5365880000,62.7439050000,52465173,3364332735.7900
2026-01-08,64.7357750000,63.3414660000,64.7855717500,62.7737830500,44774854,2854769455.7800
2026-01-09,63.3215473000,63.5207343000,63.9390270000,62.5447180000,42635753,2709908741.3300
2026-01-12,63.8394335000,63.5904497500,64.0386205000,62.9530513500,42877019,2735494018.9200
2026-01-13,64.0386205000,64.2577262000,65.5624010500,63.7896367500,74034035,4818680909.2300
2026-01-14,64.2876042500,63.3514253500,65.3333360000,62.9430920000,62925534,4049394398.9300
2026-01-15,62.9231733000,62.9132139500,63.5705310500,62.4451245000,46761236,2956591609.2300
2026-01-16,63.0924822500,61.6882139000,63.2617912000,61.4093521000,52378628,3262750168.4400
2026-01-19,61.5487830000,60.8715472000,62.1264253000,60.4134171000,47389096,2909640709.6200
2026-01-20,60.8815065500,60.2540675000,61.3993927500,60.1544740000,42775492,2599009141.7100
2026-01-21,60.2640268500,59.8556935000,60.6325228000,59.6166691000,54603508,3291737381.2400
2026-01-22,60.1146366000,59.1983764000,60.1146366000,59.0589455000,53706813,3203889161.2600
2026-01-23,59.4871975500,58.7502056500,60.0250024500,58.5211406000,80804300,4801931323.7500
2026-01-26,58.7502056500,57.9235796000,58.9195146000,57.8140267500,72732888,4244912106.0500
2026-01-27,58.1526446500,56.9674820000,58.2522381500,56.9077259000,63725548,3659971230.9100
2026-01-28,57.2065064000,56.3201242500,57.5650430000,56.0711405000,87875043,4992876575.1900
2026-01-29,56.1209372500,57.8737828500,58.1327259500,55.8520348000,113782475,6528912260.8800
2026-01-30,57.7642300000,57.9235796000,59.5469536500,57.5252056000,85204489,4988191673.0600
2026-02-02,57.5252056000,56.2603681500,58.0928885500,56.0810998500,60957998,3482011262.1000
2026-02-03,56.7682950000,57.2363844500,57.4554901500,56.2703275000,49883453,2850875660.4700
2026-02-04,57.0670755000,57.3658560000,57.4654495000,56.0014250500,48924296,2781889092.8900
2026-02-05,57.2662625000,57.9235796000,58.2323194500,57.0670755000,51774555,3003455268.7000
2026-02-06,57.5052869000,57.0770348500,57.9136202500,57.0073194000,36090365,2078633869.5300
2026-02-09,57.5152462500,57.2164657500,57.6546771500,56.7682950000,36611688,2100347755.0400
2026-02-10,57.2264251000,58.1626040000,58.8000024000,56.8180917500,64886069,3782364994.9500
2026-02-11,58.1626040000,58.6605715000,59.7063032500,58.1128072500,57368008,3389452541.9600
2026-02-12,58.3617910000,58.5012219000,59.2481731500,58.2621975000,34868980,2051201546.5700
2026-02-13,58.5211406000,57.9932950500,58.8099617500,57.8937015500,34356810,2009040552.0800
2026-02-24,58.0729698500,57.7741893500,58.2422788000,57.4853682000,33898134,1967937990.1900
2026-02-25,57.7443113000,57.6247991000,57.9634170000,57.3459373000,42157937,2436801368.2000
2026-02-26,57.6247991000,56.4894332000,57.8638235000,56.3699210000,50898707,2904851184.9100
2026-02-27,56.3898397000,56.3300836000,57.0371974500,56.0711405000,36364110,2063125421.5400
2026-03-02,55.3540673000,54.3182949000,55.8520348000,53.9796770000,74206195,4067670783.3000
2026-03-03,54.4776445000,53.3920753500,55.1050835500,53.2327257500,60139910,3257388811.9500
2026-03-04,53.0036607000,52.7646363000,53.6808965000,52.4558964500,47151820,2502294686.8200
2026-03-05,53.1928883500,53.5016282000,54.6170754000,52.8841485000,48485984,2609662193.7000
2026-03-06,53.3821160000,55.3341486000,55.4437014500,53.1829290000,62911930,3465527848.1000
2026-03-09,54.5573193000,54.7166689000,54.9556933000,53.8302867500,42623328,2329596366.0000
2026-03-10,55.0752055000,56.3201242500,56.5193112500,55.0752055000,47360492,2669120574.1500
2026-03-11,56.2205307500,55.6030510500,56.3201242500,55.3739860000,32125928,1795447675.0800
2026-03-12,55.5731730000,55.0752055000,55.8121974000,55.0054900500,26669135,1480023552.1300
2026-03-13,55.0752055000,54.8859778500,55.4038640500,54.7266282500,24416444,1347312522.0900
2026-03-16,54.9855713500,55.3640266500,55.8221567500,54.2983762000,30775144,1706961132.3500
2026-03-17,55.4636201500,56.0711405000,57.2065064000,55.1548803000,50411099,2853748289.5800
2026-03-18,56.0313031000,56.6487828000,56.8479698000,55.7922787000,39379311,2228050343.0400
2026-03-19,55.9416689500,55.7922787000,56.7981730500,55.6827258500,34364651,1935908147.6400
2026-03-20,55.9615876500,54.9158559000,56.5292706000,54.8262217500,34739510,1936270336.9300
2026-03-23,53.9597583000,52.5654493000,54.1290672500,52.1969533500,48770157,2600360831.9300
2026-03-24,53.0534574500,53.4219534000,53.5215469000,52.5953273500,34835504,1854905816.1500
2026-03-25,53.7804900000,53.8800835000,54.6369941000,53.6211404000,41152562,2230992166.3800
2026-03-26,53.0634168000,51.4201240500,53.8800835000,51.3304899000,64941653,3412838811.0700
2026-03-27,51.0914655000,54.9556933000,55.2544738000,50.9022378500,99119628,5393542863.3200
2026-03-30,54.5075225500,55.5333356000,55.8719535000,54.3880103500,69727079,3866003911.5700
2026-03-31,55.6329291000,54.9955307000,57.1467503000,54.9756120000,69292392,3885745233.3700
2026-04-01,55.8022380500,57.4953275500,57.5451243000,55.3739860000,100551656,5750559321.9500
2026-04-02,57.5052869000,57.1367909500,58.1128072500,56.7782543500,76516985,4415860424.8900
2026-04-03,56.7483763000,56.1508153000,56.7583356500,55.8719535000,45491605,2569466950.6900
2026-04-07,56.2802868500,55.8918722000,56.6189047500,54.7764250000,40146688,2244163329.4600
2026-04-08,56.7782543500,57.2164657500,57.4056934000,55.6827258500,73446290,4189267319.2600
2026-04-09,56.6886202000,56.7284576000,57.7343519500,56.4794738500,48075474,2749696421.3900
2026-04-10,57.2662625000,56.8280511000,57.9036609000,56.5691080000,58779469,3371850930.3500
2026-04-13,56.3699210000,54.9756120000,56.4097584000,54.7863843500,79604438,4431612859.9900
2026-04-14,55.1250022500,55.9516283000,56.0810998500,54.5772380000,57445650,3184393125.3400
2026-04-15,57.7044739000,57.4953275500,58.2124007500,56.8081324000,102947951,5945432690.8600
2026-04-16,57.7443113000,57.2363844500,57.7642300000,56.7882137000,57671843,3311971253.8500
2026-04-17,56.9674820000,56.1010185500,56.9674820000,55.7823193500,63252368,3567405886.1500
2026-04-20,56.1010185500,56.1109779000,56.4495958000,55.6030510500,43304862,2433980875.7500
2026-04-21,56.1209372500,55.5233762500,56.5292706000,55.3241892500,43275130,2420276829.4800
2026-04-22,55.3739860000,55.2146364000,55.7126039000,54.7166689000,52356307,2894035206.9400
2026-04-23,55.8022380500,56.1707340000,57.7243926000,55.8022380500,96393800,5474037220.0700
2026-04-24,56.2703275000,55.8221567500,56.5193112500,55.0951242000,55779762,3129630480.0900
2026-04-27,55.8321161000,55.1548803000,55.8420754500,54.9756120000,45552955,2523081153.2000
2026-04-28,55.1548803000,54.6170754000,57.1168722500,54.5772380000,90311952,5056516343.4200
2026-04-29,54.6071160500,54.7664656500,54.8560998000,53.9796770000,59150922,3232737363.6900
2026-04-30,54.8162624000,53.6609778000,54.8162624000,53.5912623500,71248482,3855730652.9500
2026-05-06,53.7605713000,53.4119940500,53.8900428500,53.1829290000,66574753,3573491856.7500
2026-05-07,53.6609778000,53.4617908000,54.2087420500,53.1829290000,62345182,3352802192.4600
2026-05-08,53.6609778000,52.5853680000,53.7008152000,52.4658558000,80241465,4253912510.9700
2026-05-11,52.5853680000,53.3024412000,53.5713436500,51.9081322000,102306339,5425541106.5000
2026-05-12,53.3124005500,55.8819128500,58.6306934500,52.5355712500,246539965,13832346444.0200
2026-05-13,55.8819128500,55.6329291000,57.0272381000,55.4337421000,132779072,7453651588.4400
2026-05-14,55.5731730000,54.0991892000,56.5093519000,54.0593518000,91722681,5058298449.4800
2026-05-15,53.8601648000,53.7705306500,55.4337421000,53.5315062500,76598895,4173748480.5200
2026-05-18,53.5613843000,52.2168720500,53.5813030000,51.9778476500,78660889,4141536235.0400
2026-05-19,52.0874005000,51.3802866500,52.6949208500,51.1213435500,69909453,3627118897.6100
2026-05-20,51.3006118500,50.7428882500,51.7487826000,50.1752053000,82704641,4207608523.4600
2026-05-21,50.8225630500,51.2408557500,52.5754086500,50.6731728000,99402491,5157539016.5700
2026-05-22,51.3404492500,50.2648394500,51.3703273000,50.1951240000,67761985,3439250074.1900
2026-05-25,49.8067093500,49.2290670500,49.8166687000,48.8207337000,83835491,4132036879.8500
2026-05-26,48.8804898000,49.0000020000,49.9660589500,48.6016280000,71374551,3526003697.8400
2026-05-27,48.8800000000,50.3700000000,51.3000000000,48.4500000000,96115293,4800578723.9800
2026-05-28,50.0600000000,48.0000000000,50.5800000000,47.8500000000,97869676,4764526055.5700
2026-05-29,48.0200000000,50.1900000000,50.5200000000,47.6200000000,130040460,6428005490.7300
2026-06-01,50.3200000000,49.1700000000,51.2000000000,49.0000000000,94665292,4730298019.3300
2026-06-02,48.8200000000,48.4000000000,49.1000000000,47.9000000000,61144312,2958267989.0700
2026-06-03,48.1000000000,47.2000000000,48.1800000000,47.2000000000,81536421,3874213872.8300
2026-06-04,47.0000000000,46.6300000000,47.8800000000,46.5100000000,63924885,3002777698.2100
2026-06-05,47.4800000000,47.0800000000,48.7200000000,47.0000000000,93026396,4447209359.1500
2026-06-08,46.6000000000,45.9400000000,47.7200000000,45.5500000000,68421068,3166674105.5000
2026-06-09,46.3400000000,46.3800000000,46.6000000000,45.2600000000,62128609,2856659947.8400
2026-06-10,46.1000000000,47.0100000000,47.3800000000,45.9100000000,62157553,2901932496.4000
2026-06-11,46.7000000000,46.9800000000,47.2000000000,46.2200000000,47337364,2211880828.8000
2026-06-12,47.2000000000,48.4900000000,48.9500000000,46.5600000000,100299020,4824609043.6800
2026-06-15,48.4400000000,47.8800000000,48.8000000000,47.6200000000,66940790,3219757536.3900
2026-06-16,47.6000000000,47.3500000000,48.0900000000,47.1400000000,50293459,2385274212.6300
2026-06-17,47.3700000000,46.9900000000,47.6600000000,46.7800000000,51823862,2440284436.0800
2026-06-18,46.9900000000,48.4200000000,49.5000000000,46.6100000000,118592836,5748480210.2500
2026-06-22,48.2000000000,49.3600000000,49.4100000000,47.3000000000,94632110,4576625229.9600
2026-06-23,49.1800000000,48.9800000000,50.9200000000,48.8000000000,107582714,5376611879.4900
2026-06-24,48.9800000000,50.2500000000,51.3600000000,48.9300000000,135881224,6874481944.1600
2026-06-25,49.8600000000,50.0400000000,50.8000000000,48.6600000000,105138605,5219089445.8500
2026-06-26,50.4600000000,48.6700000000,50.7300000000,48.6200000000,74961679,3706726924.9100
2026-06-29,49.0100000000,52.9300000000,53.3100000000,48.4300000000,172756167,8958581323.5400
2026-06-30,52.9700000000,52.0400000000,53.4500000000,51.7000000000,114641266,6000711377.3400
2026-07-01,51.6100000000,53.7800000000,54.0800000000,50.2200000000,156930827,8235118691.7200
2026-07-02,53.8000000000,53.4900000000,55.4500000000,53.0900000000,132023817,7141714075.6200
2026-07-03,54.5500000000,54.4500000000,55.1500000000,53.2800000000,109867098,5951497720.4400
2026-07-06,54.4000000000,56.7700000000,57.7700000000,53.7700000000,179698209,10153086404.1300
2026-07-07,56.4000000000,55.3600000000,56.5000000000,54.8800000000,107722116,5989364937.9800
2026-07-08,55.5700000000,54.0100000000,56.7600000000,53.9900000000,95782739,5273411152.7400
2026-07-09,53.2000000000,55.6100000000,55.7700000000,52.8500000000,110832177,6049882801.6100
2026-07-10,54.6000000000,55.7500000000,57.4800000000,54.5500000000,133618942,7492062042.6100
2026-07-13,55.1100000000,55.7500000000,56.2200000000,54.7800000000,93029343,5152853239.2800
2026-07-14,55.7500000000,54.8200000000,55.9800000000,54.2700000000,96629185,5314265763.8200
2026-07-15,54.2600000000,57.5000000000,58.0000000000,54.2600000000,194169673,10991590777.4800
2026-07-16,56.8100000000,55.9900000000,57.4000000000,55.5100000000,122008374,6880194373.6600
2026-07-17,56.0000000000,53.1900000000,56.1700000000,53.0200000000,116181697,6283258290.8500
2026-07-20,52.9700000000,55.5700000000,55.7800000000,52.9000000000,113306851,6214720010.6900
2026-07-21,55.9900000000,54.9300000000,55.9900000000,53.7600000000,96439027,5269033286.4000
2026-07-22,54.3500000000,55.3900000000,56.4900000000,54.2700000000,85979835,4767071639.4200
2026-07-23,55.3900000000,54.9100000000,55.7500000000,53.9000000000,79998901,4377851104.0400
2026-07-24,55.0000000000,53.4500000000,55.0800000000,53.0000000000,70483651,3790751145.0000
2026-07-27,53.9000000000,53.6000000000,54.5600000000,52.8800000000,55245201,2964873313.6300
2026-07-28,53.4500000000,53.2900000000,53.8800000000,52.5300000000,47979539,2542729533.3600
2026-07-29,54.0000000000,53.8900000000,54.4400000000,52.7200000000,68465748,3686520303.7900
2026-07-30,54.0500000000,54.6500000000,54.6900000000,53.3000000000,73587887,3975428219.0600
2026-07-31,53.7000000000,54.0800000000,54.4500000000,53.5000000000,57808235,3124597595.6200
