date,open,close,high,low,volume,amount
2020-01-02,954.7200240000,956.4127900000,969.1593179800,944.5634280000,14809916,16696837095.0000
2020-01-03,945.4098110000,912.8748484800,945.4098110000,911.4698527000,13031878,14266380596.0000
2020-01-06,906.3576993800,912.3924101700,925.0119807000,903.3445759000,6341478,6853917601.0000
2020-01-07,911.9776825000,926.3915849900,930.1749170000,911.0466612000,4785359,5220697068.0000
2020-01-08,918.3678741500,920.9831976200,927.2125765000,916.2773081400,2500825,2720371915.0000
2020-01-09,925.9430020000,933.3065341000,935.5833043700,922.5574700000,3740587,4110949814.0000
2020-01-10,938.6387470000,941.6010875000,944.5549641700,933.1372575000,3597587,3993457118.0000
2020-01-13,941.6010875000,951.5630154100,955.7356836000,941.1778960000,3851575,4325687959.0000
2020-01-14,951.5037686000,937.2845342000,952.0877728700,933.5604490000,3514465,3916300790.0000
2020-01-15,938.6472108300,941.2879257900,949.3031728000,935.2532150000,2602911,2895603674.0000
2020-01-16,946.9925472100,936.9459810000,946.9925472100,933.2049681400,2319165,2571593141.0000
2020-01-17,939.4851300000,937.3691725000,941.8380747400,931.8761468300,2347275,2599645144.0000
2020-01-20,941.0594023800,923.4038530000,941.0594023800,915.7864060000,3539130,3858246844.0000
2020-01-21,914.9400230000,910.1156399000,920.0183210000,907.5764909000,3287405,3542441308.0000
2020-01-22,905.6298100000,910.2933803300,917.4791720000,893.2556905400,3620004,3875275065.0000
2020-01-23,910.7081080000,891.0720224000,910.7081080000,877.6991710000,5346843,5638945742.0000
2020-02-03,833.6872550000,849.7008213600,855.4223704400,829.4553400000,12344288,12314991759.0000
2020-02-04,859.0787450000,878.5540178300,894.6268310000,855.7016768300,6262418,6490469043.0000
2020-02-05,888.7021500000,888.6936861700,892.0876820000,874.3390304900,4741824,4956355235.0000
2020-02-06,896.6835416900,906.4761930000,909.8617250000,890.4118436600,4717121,5011246407.0000
2020-02-07,905.6382738300,910.7081080000,911.5544910000,898.0292906600,3127871,3348894576.0000
2020-02-10,898.8587460000,902.6590056700,909.5231718000,894.7961076000,3053342,3251908506.0000
2020-02-11,899.7051290000,929.3285340000,930.7504574400,899.5358524000,4791793,5222918915.0000
2020-02-12,921.7110870000,928.7106744100,929.9971765700,919.0703720400,2812543,3072293973.0000
2020-02-13,929.3285340000,923.4038530000,942.7775598700,920.8731678300,3035736,3335277425.0000
2020-02-14,922.9383423500,920.8647040000,925.5282743300,916.7258911300,2328760,2534568401.0000
2020-02-17,916.2095975000,925.7906530600,927.7965807700,916.1249592000,2702822,2946182657.0000
2020-02-18,922.5659338300,917.4791720000,928.3805850400,916.6327890000,2666496,2897729692.0000
2020-02-19,918.3255550000,928.0589595000,932.2908745000,912.4008740000,3705147,4052365602.0000
2020-02-20,928.2282361000,946.2561940000,951.3344920000,927.1364020300,4680262,5220660940.0000
2020-02-21,940.7208491800,941.9227130400,950.9451558200,939.4935938300,2894008,3225337160.0000
2020-02-24,935.6764065000,920.1706699400,939.4851300000,918.7487465000,3865036,4221857466.0000
2020-02-25,912.4008740000,909.7009122300,915.8625804700,903.8354780400,3838562,4127432130.0000
2020-02-26,898.8587460000,908.7614271000,917.4791720000,892.9340650000,4356097,4663278433.0000
2020-02-27,910.7081080000,920.3484103700,926.7809211700,910.7081080000,3449829,3758783810.0000
2020-02-28,905.8837249000,894.6268310000,915.7864060000,888.6767585100,4994657,5307929213.0000
2020-03-02,888.7952521300,919.1804018300,928.1012786500,888.7106138300,4766304,5154329159.0000
2020-03-03,929.3285340000,942.0242790000,947.0010110400,929.3285340000,5025015,5585227657.0000
2020-03-04,952.1808750000,955.4986963600,964.0302370000,944.7665599200,5379299,6080149243.0000
2020-03-05,961.7534667300,991.1144930000,994.4915611700,956.8867644800,6242645,7210485104.0000
2020-03-06,984.3434290000,977.9955565000,995.3464080000,975.0162883400,3064100,3553622358.0000
2020-03-09,960.6447050000,942.8791258300,960.6447050000,940.5938917300,4340409,4865288500.0000
2020-03-10,942.0242790000,978.4187480000,988.5753440000,942.0242790000,5806293,6635936156.0000
2020-03-11,977.9955565000,980.5516331600,989.9126291400,965.7230030000,3554757,4124607952.0000
2020-03-12,965.9092072600,963.6070455000,975.8795990000,952.2655133000,3663063,4172606105.0000
2020-03-13,922.5574700000,941.2032874900,955.5494793400,914.0936400000,7588531,8348496480.0000
2020-03-16,934.3899043400,903.0906610000,937.7500448500,898.8587460000,5123254,5548946745.0000
2020-03-17,892.9340650000,884.5548733000,912.4008740000,855.7947789600,7935912,8277472787.0000
2020-03-18,880.2383200000,853.1456001700,897.1659800000,853.1456001700,7345988,7582762547.0000
2020-03-19,841.2962381700,842.9974680000,859.0787450000,812.6123183000,10226507,10075880470.0000
2020-03-20,855.6932130000,876.2433922400,882.7774690000,855.6932130000,6013919,6169094444.0000
2020-03-23,846.3830000000,862.4642770000,876.2433922400,839.2056721600,4847210,4918121944.0000
2020-03-24,882.7774690000,893.7804480000,896.2180310400,876.0064050000,4665096,4900364144.0000
2020-03-25,920.8477763400,914.1782783000,923.7085508800,909.1846186000,3704866,4015061222.0000
2020-03-26,908.4482653900,901.3301843600,923.5731296000,898.8587460000,3004856,3231754298.0000
2020-03-27,918.3255550000,910.2849165000,924.2502360000,909.8701888300,3626112,3931759353.0000
2020-03-30,897.3775757500,907.3225760000,911.5544910000,894.6268310000,3068741,3279823025.0000
2020-03-31,915.7864060000,940.3315130000,943.7170450000,915.6171294000,4798437,5293170703.0000
2020-04-01,945.4098110000,933.5604490000,955.5664070000,933.5604490000,3320535,3700184247.0000
2020-04-02,934.4068320000,969.1085350000,969.1085350000,934.3052660400,4520561,5095167594.0000
2020-04-03,964.0556284900,964.6988795700,971.6138286800,958.0886283400,2761761,3148421866.0000
2020-04-07,983.4547268500,981.7619608500,987.3057695000,972.4009648700,4348800,5041525481.0000
2020-04-08,975.0332160000,981.6011480800,987.1449567300,975.0332160000,2422442,2809422100.0000
2020-04-09,986.8825780000,980.5347055000,989.4217270000,971.6138286800,2281697,2640230492.0000
2020-04-10,980.0099480400,986.0361950000,1000.0015145000,976.3027905000,2780434,3252600672.0000
2020-04-13,986.0361950000,983.7509609000,990.2511823400,972.0708755000,1598147,1854563731.0000
2020-04-14,995.3464080000,1003.0484933000,1008.5076636500,986.8825780000,3679955,4340858665.0000
2020-04-15,1008.8885360000,1006.8572168000,1019.0366681700,1004.7412593000,2933229,3501318260.0000
2020-04-16,1009.7095275100,1013.2050893000,1013.2050893000,1002.2021103000,2172774,2588431844.0000
2020-04-17,1024.1234300000,1037.6655580000,1044.9105964800,1019.8999788300,3824569,4676618151.0000
2020-04-20,1033.4336430000,1038.7658559000,1042.3206645000,1029.8788344000,2423864,2963483323.0000
2020-04-21,1033.4505706600,1015.6596000000,1035.9643281700,1009.7349190000,2922422,3517018487.0000
2020-04-22,1020.7378980000,1053.3236435000,1057.5555585000,1017.5385702600,4403473,5430377598.0000
2020-04-23,1057.9787500000,1059.8915755800,1071.2500354400,1056.0913159100,2689851,3377042463.0000
2020-04-24,1056.2859840000,1058.4527244800,1066.3494778700,1045.4353539400,1912240,2390444036.0000
2020-04-27,1063.9034310000,1079.9847080000,1081.8213591100,1058.7912776800,2590391,3284513346.0000
2020-04-28,1087.8645337300,1082.6338867900,1100.2471170200,1076.4976100400,3466190,4458549425.0000
2020-04-29,1081.5081974000,1079.0536867000,1090.2259423000,1064.7498140000,2344406,2976724957.0000
2020-04-30,1075.7527930000,1071.2669631000,1087.6106188300,1065.4946310400,2466087,3134408881.0000
2020-05-06,1058.8251330000,1100.2979000000,1100.2979000000,1057.9787500000,3583481,4598589768.0000
2020-05-07,1099.7900702000,1110.4544960000,1112.9851811700,1094.3732190000,2793474,3647628296.0000
2020-05-08,1114.6864110000,1112.6635556300,1132.4604540000,1107.5006193300,2907868,3839218026.0000
2020-05-11,1117.2255600000,1119.7731728300,1129.9213050000,1111.8679556100,2367119,3135990964.0000
2020-05-12,1115.5327940000,1128.2285390000,1129.9128411700,1113.8400280000,1972181,2621824685.0000
2020-05-13,1128.2285390000,1130.7253688500,1132.4519901700,1119.6631430400,2201431,2931464950.0000
2020-05-14,1125.6893900000,1122.8032239700,1129.8197390400,1121.5505771300,1857492,2467976357.0000
2020-05-15,1124.8430070000,1111.3008790000,1128.6517305000,1101.8891000400,2639808,3469736812.0000
2020-05-18,1105.3761980000,1139.4092584300,1143.8866245000,1104.6398447900,3436211,4587989708.0000
2020-05-19,1154.4664120000,1139.3246201300,1154.4664120000,1132.4604540000,2478746,3342210487.0000
2020-05-20,1139.3246201300,1143.4634330000,1150.3868459400,1131.4532582300,2118340,2859455106.0000
2020-05-21,1146.8489650000,1156.2438163000,1161.2036206800,1145.0377053800,2305158,3147105462.0000
2020-05-22,1156.1591780000,1124.1659006000,1156.2438163000,1119.6631430400,3442746,4608696074.0000
2020-05-25,1125.6893900000,1153.5353907000,1156.6500801400,1118.0719430000,3156100,4260387678.0000
2020-05-26,1159.4431440400,1149.3881140000,1159.5023908500,1146.8489650000,2247019,3056188321.0000
2020-05-27,1150.2344970000,1132.4604540000,1151.0808800000,1128.2285390000,2677741,3596654307.0000
2020-05-28,1132.4350625100,1137.5387520000,1140.0271180200,1118.1819727900,2648591,3536546893.0000
2020-05-29,1127.4667943000,1156.6670078000,1159.5277823400,1127.4667943000,3044435,4144247222.0000
2020-06-01,1168.8549230000,1201.4406685000,1201.9484983000,1168.8549230000,3547976,4986178912.0000
2020-06-02,1198.4867918300,1194.0009619300,1208.5502857000,1190.5731107800,2596010,3679210598.0000
2020-06-03,1197.6319450000,1184.3437319000,1199.7479025000,1181.3559999100,2355736,3308382799.0000
2020-06-04,1181.5506680000,1191.6988001700,1194.2464130000,1181.5506680000,1803741,2534459742.0000
2020-06-05,1189.3797107500,1206.0957750000,1209.3797410400,1185.8502936400,1834706,2597524609.0000
2020-06-08,1206.0957750000,1190.0991363000,1214.5596050000,1186.6374298300,2930045,4145298455.0000
2020-06-09,1191.7072640000,1198.9438386500,1206.0957750000,1185.5117404400,2261191,3199849660.0000
2020-06-10,1206.0957750000,1204.9616217800,1213.1461453900,1199.3247110000,2270074,3234843851.0000
2020-06-11,1194.2548768300,1185.3255361800,1200.1626301700,1182.3885871700,3071171,4314846228.0000
2020-06-12,1174.0771061100,1198.7914897100,1198.7914897100,1170.8100677300,2842742,3992323389.0000
2020-06-15,1186.6289660000,1170.5476890000,1194.7542428000,1168.8549230000,3461541,4819512189.0000
2020-06-16,1183.6666255000,1188.2201660400,1196.7855620000,1179.1215487900,2920664,4099718932.0000
2020-06-17,1194.9743023800,1189.1681150000,1195.0081577000,1180.7212126600,1945307,2730097120.0000
2020-06-18,1189.0834767000,1195.9391790000,1196.1084556000,1185.0208383000,2101041,2956800081.0000
2020-06-19,1201.8638600000,1218.6560987200,1223.1927116000,1197.7165833000,3895833,5603232657.0000
2020-06-22,1214.6442433000,1217.9451370000,1222.0839498700,1213.0361156000,2324700,3343536637.0000
2020-06-23,1214.5596050000,1247.9917335000,1254.3396060000,1213.3069581600,3393426,4963194685.0000
2020-06-24,1253.2323812000,1250.1583826700,1255.0391045700,1237.3058150000,2513899,3663537115.0000
2020-06-29,1239.8746160000,1252.8641863900,1255.2874220000,1230.4642416700,2808061,4064048236.0000
2020-06-30,1252.8213730400,1252.6158689600,1257.8390976600,1245.9712370400,2244614,3281641199.0000
2020-07-01,1256.9999560000,1279.4940900900,1289.6237287000,1253.5920133400,3868249,5759640251.0000
2020-07-02,1283.5442330000,1322.0762480000,1327.9844903000,1280.1191650000,4588372,7014289615.0000
2020-07-03,1327.2138500000,1320.1838979300,1329.3545175000,1298.8542869600,3512581,5395637032.0000
2020-07-06,1316.9386460000,1370.0272000000,1383.7274720000,1311.6383532700,5182196,8228068998.0000
2020-07-07,1372.6730650300,1445.3786960000,1494.0317869400,1370.8834670000,6666393,11219852098.0000
2020-07-08,1438.5285600000,1439.6759577800,1471.9229730000,1421.4032200000,5316998,8963189092.0000
2020-07-09,1447.9474970000,1460.7915020000,1465.9291040000,1440.2410940000,3503324,5951732803.0000
2020-07-10,1446.2349630000,1467.5131979500,1486.9932722000,1446.1835869800,3710044,6352507468.0000
2020-07-13,1468.2238995600,1525.8592313300,1530.1491290000,1468.2238995600,6072716,10679460274.0000
2020-07-14,1525.8592313300,1508.7424540000,1525.8934820100,1497.0972228000,4609351,8135834910.0000
2020-07-15,1494.0831629600,1500.6336055100,1526.3815542000,1493.9375975700,4071294,7176560649.0000
2020-07-16,1481.2648459700,1382.0149380000,1481.2648459700,1370.0272000000,10224219,16901373196.0000
2020-07-17,1387.1525400000,1411.1708293500,1432.1836215300,1387.1525400000,6590206,10863420089.0000
2020-07-20,1414.9812175000,1401.6748283200,1424.8197253300,1360.5055109600,4528033,7363822989.0000
2020-07-21,1409.9634928800,1428.2533560000,1458.0514476000,1396.5629143300,4196950,7026353150.9800
2020-07-22,1419.6906860000,1436.8845273600,1464.2165700000,1419.6906860000,3920121,6637265371.7100
2020-07-23,1431.6784240000,1435.1034920000,1447.9474970000,1412.8405500000,3432052,5739050333.4200
2020-07-24,1416.9934449500,1366.0027451000,1426.5408220000,1357.1831950000,7875201,12705941887.2200
2020-07-27,1383.7360346700,1389.3360208500,1395.5439566000,1370.0272000000,3878817,6279664443.7100
2020-07-28,1395.7152100000,1429.9658900000,1438.5285600000,1395.7152100000,5491152,9133721867.3100
2020-07-29,1447.0912300000,1431.6784240000,1447.0912300000,1398.2840110000,5074843,8411789966.5000
2020-07-30,1430.9934104000,1438.5285600000,1456.1590975300,1430.3940235000,3837304,6486855474.9900
2020-07-31,1442.8098950000,1436.9701540600,1459.9352350000,1409.4154820000,4068474,6846747330.2200
2020-08-03,1444.4196769600,1428.2533560000,1452.7254668600,1421.4032200000,3466114,5790041421.9300
2020-08-04,1434.2472250000,1429.9573273300,1441.0887983300,1421.4032200000,3194051,5337185768.0100
2020-08-05,1423.1928180300,1428.2533560000,1432.6117550300,1407.1121237700,2552169,4236612469.3400
2020-08-06,1429.9658900000,1402.5310953200,1433.4166460100,1395.7152100000,3264878,5372942644.9600
2020-08-07,1408.3622735900,1396.5714770000,1412.5579818900,1368.7427995000,3424205,5560065753.2700
2020-08-10,1393.9769879900,1399.1317153300,1408.5249643200,1376.9715253700,2362354,3857721122.3800
2020-08-11,1404.2778800000,1406.4271101700,1426.9090168100,1404.2778800000,3581818,5936904875.6400
2020-08-12,1398.2840110000,1393.1035956500,1405.1341470000,1374.5226017500,2793392,4529267492.9800
2020-08-13,1395.7152100000,1399.9965450000,1403.3188609600,1377.7336030000,2054134,3341652185.8900
2020-08-14,1404.1922533000,1422.2594870000,1426.2839419000,1396.5714770000,3765318,6230475427.2400
2020-08-17,1433.3909580000,1447.0912300000,1459.3786614500,1429.9658900000,4357201,7363610867.3300
2020-08-18,1453.4104804600,1459.9352350000,1472.7792400000,1447.9474970000,3042281,5192751797.1100
2020-08-19,1455.6539000000,1444.5224290000,1470.2104390000,1441.0887983300,2691498,4578143762.2000
2020-08-20,1433.3909580000,1424.8282880000,1437.6722930000,1417.9781520000,2238233,3727183935.4500
2020-08-21,1432.5346910000,1435.1034920000,1453.9413660000,1430.8221570000,2508241,4217048420.2400
2020-08-24,1455.6539000000,1452.5285254500,1462.5040360000,1447.9560596700,3093344,5260286523.4600
2020-08-25,1459.7639816000,1478.7731090000,1495.7100702600,1454.4808142100,4187249,7227309774.1400
2020-08-26,1484.7669780000,1478.7731090000,1494.1859150000,1468.5150303400,2621573,4530374186.4700
2020-08-27,1483.0458813300,1482.1981770000,1484.7498526600,1459.9352350000,2263553,3896759446.1700
2020-08-28,1482.1981770000,1504.4611190000,1510.4549880000,1474.0636405000,4229962,7389242302.4900
2020-08-31,1516.0892248600,1529.7209955000,1554.9808720000,1516.0892248600,4781036,8608932570.4100
2020-09-01,1534.4304640000,1542.9760086600,1542.9931340000,1519.8824876700,3163992,5661594315.1600
2020-09-02,1562.6872750000,1536.9992650000,1565.2560760000,1515.5925900000,3200929,5746351923.0100
2020-09-03,1536.9992650000,1535.2867310000,1551.5558040000,1523.8983799000,3043735,5471333880.1000
2020-09-04,1512.1675220000,1515.5925900000,1521.5778963300,1495.0421820000,3085796,5433479408.0000
2020-09-07,1507.0299200000,1475.7761745000,1522.4341633300,1459.0532799900,3111202,5446354619.0300
2020-09-08,1483.0544440000,1465.4153438000,1488.0207926000,1436.0196976900,3447238,5865962723.7500
2020-09-09,1455.3713318900,1445.3786960000,1465.0728370000,1438.5628106800,2596355,4401806095.1400
2020-09-10,1458.8563385800,1460.6202486000,1472.7792400000,1455.6539000000,2477833,4236694401.5200
2020-09-11,1445.3786960000,1483.9107110000,1486.4795120000,1445.3786960000,3108800,5339883407.7600
2020-09-14,1494.1859150000,1512.1675220000,1514.7363230000,1481.8385448600,3105601,5448188995.3800
2020-09-15,1515.5840273300,1507.0299200000,1515.5840273300,1496.5406492500,2082087,3654872008.5100
2020-09-16,1507.0299200000,1477.1462017000,1511.1485642700,1471.9229730000,2251598,3916457761.6500
2020-09-17,1455.6539000000,1430.4111488400,1455.6539000000,1419.6906860000,6367985,10683350186.5000
2020-09-18,1425.6845550000,1451.3725650000,1451.3725650000,1400.0051076700,4720140,7853673240.8700
2020-09-21,1449.4545269200,1427.2258356000,1449.4545269200,1427.1059582200,2244407,3756765108.0700
2020-09-22,1412.8405500000,1426.2753792300,1444.5053036600,1412.8405500000,2326547,3890070212.3900
2020-09-23,1399.9965450000,1412.8234246600,1426.5493846700,1388.0259323400,3572552,5878691068.9300
2020-09-24,1400.8271239900,1395.1329484400,1420.4442009600,1392.9751556000,3005078,4915392273.4900
2020-09-25,1395.7152100000,1400.0907343700,1412.8405500000,1391.4338750000,2258296,3700843486.0000
2020-09-28,1400.1592357300,1422.2594870000,1428.6814895000,1400.1592357300,2423222,4019640150.4200
2020-09-29,1429.3921911100,1414.8099641000,1429.4521298000,1414.8099641000,1743078,2895081365.6100
2020-09-30,1421.4032200000,1428.6814895000,1448.7181373000,1421.4032200000,2708781,4536012539.9100
2020-10-09,1448.8037640000,1452.2288320000,1461.1511341400,1445.3786960000,3423988,5817280604.6200
2020-10-12,1455.6539000000,1498.9895728700,1498.9895728700,1455.6539000000,4372904,7597987786.3300
2020-10-13,1498.9981355400,1489.0483130000,1498.9981355400,1485.6232450000,2294389,3995560518.3300
2020-10-14,1489.9045800000,1480.4856430000,1495.8813236600,1477.9168420000,2048139,3554316588.7400
2020-10-15,1473.7468217100,1477.0605750000,1485.6232450000,1473.6355070000,1620436,2801250556.4800
2020-10-16,1477.0605750000,1465.9291040000,1485.2636128600,1458.2227010000,1737738,2991246892.1300
2020-10-19,1477.0605750000,1454.7976330000,1484.7498526600,1448.7181373000,1922632,3284383414.7100
2020-10-20,1455.6453373300,1484.7669780000,1485.5975569900,1451.3725650000,2773493,4787807535.8200
2020-10-21,1484.8526047000,1484.1932791100,1491.7455540500,1475.3480410000,1890137,3275357440.3000
2020-10-22,1481.3419100000,1492.0452475000,1494.1859150000,1468.9346011700,2248087,3897729793.1000
2020-10-23,1490.5724682600,1468.7804731100,1496.4036465300,1467.6416380000,1929169,3339987454.0800
2020-10-26,1386.2962730000,1406.8466810000,1423.9035196400,1370.0272000000,6601529,10821908227.1200
2020-10-27,1406.8466810000,1391.4338750000,1407.7029480000,1383.8302240400,4394440,7156688306.5800
2020-10-28,1392.2901420000,1425.5218642700,1435.9597590000,1391.5023763600,3463653,5739452181.1400
2020-10-29,1416.9848822800,1435.1034920000,1462.5040360000,1410.2717490000,3937376,6633168612.7700
2020-10-30,1436.8160260000,1429.9830153400,1452.2288320000,1425.6845550000,2605545,4379602067.6800
2020-11-02,1434.2472250000,1433.3995206700,1451.3725650000,1431.6784240000,2106643,3544422245.4300
2020-11-03,1442.8013323300,1451.3725650000,1460.7058753000,1434.6753585000,2349749,3976621208.0600
2020-11-04,1455.6539000000,1455.2942678600,1459.0789680000,1442.8098950000,1644371,2788396252.9400
2020-11-05,1470.2104390000,1474.4061473000,1483.4654521600,1466.0147307000,2352414,4053043270.7100
2020-11-06,1481.8128568500,1456.1847855400,1482.7033745300,1447.0912300000,2305153,3932702366.7000
2020-11-09,1456.8355484600,1492.1051861900,1499.0495115600,1456.1847855400,4146970,7198679682.9500
2020-11-10,1500.9675496400,1494.1859150000,1510.8659961600,1486.4795120000,3018944,5287968172.7400
2020-11-11,1494.1859150000,1482.4978704500,1522.0145925000,1482.1981770000,3485073,6122365404.4100
2020-11-12,1481.3504726700,1485.4434289300,1498.4672500000,1474.7229660900,2347309,4071729791.5600
2020-11-13,1476.2043080000,1459.9352350000,1480.3828909600,1447.9474970000,2815548,4791276459.4700
2020-11-16,1465.0728370000,1481.3847233500,1481.3847233500,1453.3077284200,3061349,5247897160.8600
2020-11-17,1489.9045800000,1469.1829186000,1491.9168074500,1456.5701056900,2522403,4355288046.5600
2020-11-18,1468.4979050000,1450.2166045500,1473.2330615100,1441.2343637200,3517895,5973146815.3200
2020-11-19,1442.3817615000,1472.9419307300,1477.0605750000,1439.0423202000,2781576,4767508752.8100
2020-11-20,1472.7792400000,1472.7449893200,1486.4795120000,1466.4856775500,2187466,3771894859.4900
2020-11-23,1516.4574196700,1532.8977460700,1549.7576433000,1516.4574196700,6663724,11926870594.6000
2020-11-24,1515.5840273300,1510.0268545000,1526.2959275000,1499.7259624900,3246536,5736960168.0700
2020-11-25,1508.3143205000,1478.6703569600,1514.6335709600,1476.2043080000,2822632,4910540740.6500
2020-11-26,1477.9168420000,1485.1009221300,1489.8960173300,1477.2147030600,2322830,4027749312.8100
2020-11-27,1483.6195802200,1488.1064193000,1489.9302680100,1471.0667060000,2156861,3737697984.7000
2020-11-30,1485.6232450000,1467.5645739700,1488.9626863000,1467.5645739700,3194007,5520322173.1600
2020-12-01,1477.9168420000,1487.3357790000,1489.0397503300,1472.7878026700,2819620,4891829153.1700
2020-12-02,1495.0421820000,1488.2006086700,1497.6109830000,1482.1981770000,2357169,4101369305.9900
2020-12-03,1488.2006086700,1497.6109830000,1503.3137212200,1483.1400707000,2950578,5147357780.6500
2020-12-04,1500.1797840000,1535.3809203700,1541.3662267000,1500.1797840000,6249119,11176048846.8700
2020-12-07,1543.5925209000,1551.8983108000,1575.8652241300,1541.7515468500,5833133,10617305103.9500
2020-12-08,1554.1246050000,1584.0939500000,1605.5006250000,1552.4120710000,6145400,11333352154.2700
2020-12-09,1597.7514086500,1575.5312800000,1597.7942220000,1574.6750130000,3115212,5766037608.8400
2020-12-10,1575.5312800000,1569.4517843000,1583.8970085900,1565.2560760000,3265354,6009239910.8600
2020-12-11,1571.0615662600,1558.4059400000,1573.2364844400,1545.3992442700,3077579,5595359665.3900
2020-12-14,1565.0591345900,1566.1123430000,1566.9514846600,1554.1246050000,3305200,6026813427.8500
2020-12-15,1569.9655445000,1554.9894346700,1573.1508577400,1545.5619350000,2960497,5383582284.1700
2020-12-16,1567.3967435000,1575.5312800000,1580.3863138900,1558.5857560700,3215016,5901298274.8500
2020-12-17,1580.2407485000,1597.3746511700,1599.5067560000,1575.5312800000,3603064,6683421886.3900
2020-12-18,1585.6437932700,1579.8126150000,1600.3715856700,1576.4560483600,2707698,5020968993.2200
2020-12-21,1575.5312800000,1577.6719475000,1585.1471584100,1573.4762392000,3069672,5663526809.1300
2020-12-22,1584.0682619900,1610.6382270000,1626.0424703300,1577.6805101700,4065060,7618583444.2900
2020-12-23,1625.1862033300,1576.9441205500,1632.2161554000,1559.2793323400,4770609,8901002261.8800
2020-12-24,1556.6934060000,1567.2597407800,1591.6976009600,1537.0163903400,3785714,6921989374.4200
2020-12-25,1543.8408383300,1566.9686100000,1581.5251490000,1541.2806000000,2308805,4218997634.2700
2020-12-28,1564.0573022000,1603.7880910000,1617.3171096000,1563.5863553500,3008037,5616528738.0700
2020-12-29,1603.7880910000,1598.6504890000,1615.6045756000,1588.3752850000,2286759,4275994833.5500
2020-12-30,1601.2192900000,1655.1641110000,1655.1641110000,1601.2107273300,3445210,6604461376.1100
2020-12-31,1662.0142470000,1710.8214660000,1711.6606076600,1660.3017130000,3886007,7682300728.3200
2021-01-04,1712.5168746600,1709.9651990000,1716.8067723300,1698.6710372700,4351400,8686920261.1200
2021-01-05,1703.9713300000,1763.4390731500,1763.4390731500,1697.5150768200,5211605,10592557369.7000
2021-01-06,1768.0201016000,1798.1607000000,1819.5673750000,1743.3853000100,4741020,9882593867.1000
2021-01-07,1795.5918990000,1832.4113800000,1832.4113800000,1776.7540250000,3793139,7991178754.0700
2021-01-08,1834.1239140000,1789.5980300000,1841.7275649600,1766.4959463400,5386164,11345202869.1500
2021-01-11,1789.5980300000,1797.9295079100,1841.4021835000,1762.7112462000,5107990,10768565414.6600
2021-01-12,1787.8854960000,1850.3073603000,1850.3073603000,1785.3166950000,4105859,8800558287.6600
2021-01-13,1852.9617880000,1852.9617880000,1860.9507591100,1828.1300450000,3438993,7418330853.8200
2021-01-14,1846.1116520000,1827.2737780000,1852.1055210000,1811.9551613700,3615220,7722089683.7200
2021-01-15,1811.0047050000,1782.7478940000,1827.5734714500,1737.3657430000,5950939,12372103226.5500
2021-01-18,1764.8176630200,1766.4788210000,1790.8653051600,1747.0158720900,3914404,8076715789.5000
2021-01-19,1775.1356803700,1720.5914724700,1794.9925121000,1718.3994289500,4634519,9479278513.1900
2021-01-20,1719.3841360000,1747.3241282100,1760.0482558300,1697.5493275000,4508242,9126453276.9800
2021-01-21,1753.6348160000,1772.4726900000,1789.6151553400,1747.6409470000,3831017,7953455966.9300
2021-01-22,1771.6164230000,1780.9925466500,1798.1607000000,1763.9956467000,2924761,6090260363.6000
2021-01-25,1783.6041610000,1862.3807250000,1866.2339265000,1783.6041610000,5595716,12029474557.6700
2021-01-26,1870.9433950000,1834.0297246300,1872.6559290000,1819.6615643700,3174746,6820173361.7100
2021-01-27,1834.0297246300,1788.7417630000,1834.0297246300,1785.3166950000,3712017,7809446386.5400
2021-01-28,1781.0353600000,1787.8854960000,1806.4322392200,1763.9271453400,3512864,7337084454.9800
2021-01-29,1799.1796577300,1812.0151000600,1840.5287911600,1789.7864087400,3370133,7166179277.1700
2021-02-01,1823.8487100000,1806.1411084400,1849.5367200000,1793.8793650000,2934059,6219639110.8000
2021-02-02,1808.6242827400,1836.6927150000,1840.9654873300,1799.9588607000,3458225,7372233581.9000
2021-02-03,1840.9740500000,1875.1476659700,1882.3060580900,1832.4113800000,3871415,8384049314.3100
2021-02-04,1876.0809970000,1987.2672669500,1995.1021100000,1876.0809970000,6385101,14596930187.5000
2021-02-05,1990.8207750000,1980.5455710000,2024.7289482000,1961.7076970000,3972906,9253566204.8200
2021-02-08,2001.0959790000,2028.3252696000,2036.9564409600,1980.5455710000,3578573,8420758624.8100
2021-02-09,2028.3252696000,2103.3599468100,2103.3599468100,2012.2274500000,3329655,7972930044.9800
2021-02-10,2127.8234950000,2227.1504670000,2227.3217204000,2127.8234950000,6137057,15675929713.5000
2021-02-18,2216.0018706600,2115.8357570000,2250.1669239600,2110.6981550000,6591232,16704135269.4700
2021-02-19,2098.8474197200,2106.4168200000,2137.8075682200,2039.2854872000,5938546,14525164524.5700
2021-02-22,2102.1354850000,1959.1560213400,2102.1354850000,1950.7646047400,7893547,18498777222.5400
2021-02-23,1939.5646323800,1975.4079690000,2007.8519256300,1939.4447550000,5745460,13316110795.1600
2021-02-24,1976.2556733300,1874.3684630000,1984.8269060000,1849.9648535000,8211578,18195034445.0100
2021-02-25,1891.4938030000,1840.9740500000,1904.7659415000,1816.3221230700,5972643,12982145755.1200
2021-02-26,1798.1607000000,1817.6664622600,1866.6192466500,1770.1607691000,6652506,14097015493.7000
2021-03-01,1865.8057930000,1847.8241860000,1865.8057930000,1815.2860400000,4491626,9686945528.9200
2021-03-02,1866.6620600000,1762.1974860000,1866.6620600000,1740.7908110000,7076450,14796698645.5200
2021-03-03,1746.7846800000,1832.4113800000,1840.7771085900,1740.7908110000,5421546,11366685429.0800
2021-03-04,1793.8793650000,1740.7908110000,1794.7356320000,1721.1822967000,6508829,13297304315.6500
2021-03-05,1712.5340000000,1764.0042093700,1793.8793650000,1702.2587960000,6377920,13100315985.4200
2021-03-08,1776.7197743200,1678.2833200000,1785.3166950000,1678.2833200000,6309959,12724245990.3800
2021-03-09,1674.0019850000,1658.5806163300,1712.5340000000,1627.0614280600,8226581,16100769578.8700
2021-03-10,1692.8398590000,1686.8545526700,1712.4226852900,1684.2771890000,5117174,10136910283.8200
2021-03-11,1691.1273250000,1753.6348160000,1781.0267973300,1679.5505951600,5676897,11521736383.8500
2021-03-12,1772.4726900000,1734.7969420000,1778.4665590000,1714.2550966700,4032251,8181594631.1700
2021-03-15,1755.3473500000,1691.5126451500,1772.3014366000,1670.7053570500,6248487,12459955712.1900
2021-03-16,1691.0673863100,1721.5248035000,1729.6507773300,1682.5646550000,3464850,6918600717.4100
2021-03-17,1712.5340000000,1738.5302661200,1755.3473500000,1691.9921546700,3137491,6352656523.2400
2021-03-18,1742.5033450000,1772.2158099000,1786.4812181200,1742.5033450000,3386488,6997030294.3800
2021-03-19,1742.5033450000,1721.0966700000,1749.3534810000,1705.8808054100,3578077,7211521835.4800
2021-03-22,1712.6196267000,1703.9627673300,1734.8740060300,1674.4729318500,3691407,7323391310.9300
2021-03-23,1711.5749809600,1709.1089320000,1720.0691496000,1686.8459900000,2744619,5459520703.3100
2021-03-24,1696.2649270000,1703.1150630000,1723.6654710000,1696.2649270000,2935739,5857848160.3300
2021-03-25,1686.8545526700,1687.7022570000,1703.0123109600,1666.9805956000,3157523,6216733243.7000
2021-03-26,1699.6899950000,1723.6654710000,1731.3718740000,1676.5707860000,5001642,9987629443.8100
2021-03-29,1749.5247344000,1741.7327047000,1795.0353254500,1734.9253820500,5699220,11740129412.7900
2021-03-30,1746.7846800000,1760.5277653500,1786.1729620000,1742.5718463600,3262697,6717493349.5500
2021-03-31,1751.1516417000,1720.2404030000,1751.9394073400,1712.5340000000,3715441,7489086233.4300
2021-04-01,1730.5156070000,1750.6378815000,1752.6072956000,1713.5786457400,2658763,5379775870.0200
2021-04-02,1760.4849520000,1851.2492540000,1853.8180550000,1760.4849520000,5202757,10981752657.5800
2021-04-06,1850.3929870000,1820.4493300100,1851.2321286600,1800.1301141000,3274177,6967525036.5900
2021-04-07,1801.6371440200,1764.7662870000,1812.9741191000,1755.3473500000,4020097,8317799924.6500
2021-04-08,1752.8042370100,1772.4726900000,1780.1790930000,1750.2097480000,2854762,5893307514.4700
2021-04-09,1748.4972140000,1729.6593400000,1758.7724180000,1716.8238976700,2880886,5832453811.8000
2021-04-12,1721.9529370000,1720.1462136300,1738.2220100000,1705.4269839000,3194307,6409917317.5800
2021-04-13,1729.6593400000,1730.5156070000,1755.1760966000,1720.2404030000,2899215,5883787293.2700
2021-04-14,1742.5033450000,1752.7785490000,1753.6348160000,1726.2342720000,2411465,4908790022.8400
2021-04-15,1738.9926503000,1725.8917652000,1752.6929223000,1703.9713300000,3436621,6903769489.5100
2021-04-16,1734.0091763600,1759.6115596600,1770.7601560000,1722.8092040000,3029370,6183895053.7500
2021-04-19,1759.6286850000,1787.8854960000,1796.7564221200,1740.7908110000,3175391,6610577917.1800
2021-04-20,1773.4145837000,1793.7081116000,1822.9924430000,1772.4726900000,2829037,5949669952.6800
2021-04-21,1777.6102920000,1781.0353600000,1796.2769126000,1768.2769817000,2614975,5446145952.1300
2021-04-22,1789.5124033000,1760.0568185000,1797.3044330000,1756.6317505000,2685002,5539295655.7700
2021-04-23,1760.4592639900,1805.8157269800,1815.1832879600,1757.4880175000,3346277,7002695288.1000
2021-04-26,1825.5612440000,1779.1686979400,1828.1300450000,1775.5552512000,3404511,7160836874.3600
2021-04-27,1787.0977303600,1793.3998554800,1794.0934317500,1768.2684190300,2210785,4607779001.5600
2021-04-28,1721.0966700000,1748.4972140000,1753.2066825000,1715.1028010000,8134295,16463574636.6000
2021-04-29,1752.8127996800,1735.1051981200,1755.2959739800,1724.5217380000,4128378,8370431227.6800
2021-04-30,1734.7969420000,1718.3394902600,1743.3596120000,1715.7107505700,3840137,7723747038.4300
2021-05-06,1712.5340000000,1677.4270530000,1718.3908662800,1672.2894510000,5354614,10584968907.1400
2021-05-07,1682.5646550000,1629.4761010000,1685.1163306600,1627.7635670000,5249339,10101703446.0600
2021-05-10,1626.9073000000,1608.9513810100,1634.6137030000,1597.8027846700,4600318,8677753607.6000
2021-05-11,1606.3568920000,1677.4270530000,1683.4209220000,1604.0449711000,4249412,8209251913.8800
2021-05-12,1668.9328843600,1698.8337280000,1711.6777330000,1668.8643830000,3269887,6473203286.0600
2021-05-13,1683.2068552500,1688.1303905000,1699.7328083500,1672.2894510000,2507751,4934954969.1400
2021-05-14,1697.1211940000,1720.9682299500,1738.6501435000,1691.9835920000,3561129,7150302044.3700
2021-05-17,1734.0263017000,1762.1632353200,1785.4879484000,1734.0263017000,4452400,9178509985.3700
2021-05-18,1768.1913550000,1763.3191957700,1778.4665590000,1751.1173910200,1750428,3595891741.8300
2021-05-19,1763.0537530000,1754.4910830000,1776.5913342700,1746.7846800000,2240972,4606452358.4700
2021-05-20,1775.8977580000,1762.9510009600,1775.9833847000,1751.3742711200,2185716,4500663211.2500
2021-05-21,1759.6971863600,1748.5828407000,1780.9326079600,1744.2330043400,2424823,4976601457.7900
2021-05-24,1756.2036170000,1773.5772744300,1781.0867360200,1739.0782770000,3254808,6705879397.2900
2021-05-25,1785.3166950000,1879.0779315000,1883.8730267000,1785.3166950000,6775695,14636718750.4200
2021-05-26,1890.6204106600,1900.9127400000,1919.5793606000,1877.8620323600,3860420,8558038173.7100
2021-05-27,1893.2234623400,1922.3194150000,1986.5394400000,1884.7292937000,4537338,10240368980.3600
2021-05-28,1918.8686589900,1909.4754100000,1926.6007500000,1888.5054311700,2580731,5741331985.5200
2021-05-31,1897.0595385000,1899.2002060000,1899.4998994500,1859.8119240000,3173900,6960864260.2000
2021-06-01,1902.6252740000,1918.8515336500,1925.7016696500,1888.9250020000,3061634,6832594465.5000
2021-06-02,1926.6007500000,1902.6252740000,1938.5884880000,1890.7916640600,2286277,5088908383.9800
2021-06-03,1900.9127400000,1902.8136527400,1935.4545507800,1892.4185713600,2345031,5242453018.5000
2021-06-04,1896.6314050000,1927.8851505000,1959.1388960000,1895.8093886800,3142219,7058715114.6800
2021-06-07,1939.4447550000,1944.5823570000,1951.4324930000,1918.0466426700,2546627,5756592694.1700
2021-06-08,1935.1634200000,1876.0809970000,1952.2801973300,1850.5214270500,4731363,10479943156.1000
2021-06-09,1876.9372640000,1883.3592665000,1895.7751380000,1849.6309093700,2550235,5591378816.6100
2021-06-10,1879.5060650000,1916.7365541600,1927.7738357900,1875.2932313600,2556663,5707338424.2300
2021-06-11,1917.1818130000,1865.6431022700,1921.4631480000,1865.6431022700,3397066,7513797036.4300
2021-06-15,1879.5916917000,1877.7935310000,1891.3910509600,1839.2615160000,2936130,6412821567.2300
2021-06-16,1876.9372640000,1847.8241860000,1879.5060650000,1839.2615160000,2759315,5978924528.0600
2021-06-17,1845.8119585500,1846.8908549700,1873.5121960000,1836.1447041200,2106753,4558702643.1100
2021-06-18,1838.4052490000,1790.4029209800,1846.5397855000,1768.1913550000,5402821,11329180836.3200
2021-06-21,1785.3166950000,1782.4396378800,1797.8952572300,1755.3473500000,3548826,7367986470.8000
2021-06-22,1791.3105640000,1776.7283369900,1796.4481660000,1758.6782286300,3322818,6900830616.2100
2021-06-23,1781.0353600000,1745.0721460000,1783.6041610000,1741.7755180500,3707901,7596735684.4500
2021-06-24,1746.7932426700,1770.8029693500,1781.0353600000,1730.5156070000,3147370,6452557072.5600
2021-06-25,1771.8398768400,1808.1762680000,1822.8698610000,1765.4784154000,3587543,7459680452.0000
2021-06-28,1815.0909000000,1817.6925302900,1830.6488220000,1791.7540170000,2745242,5750241214.0900
2021-06-29,1822.0055320000,1782.2463980000,1828.0558350000,1772.7387790000,3303063,6835635172.0600
2021-06-30,1784.8393850000,1777.6654543000,1792.6183460000,1768.6764327000,2191566,4511484217.0600
2021-07-01,1780.4918101300,1819.4125450000,1823.7341900000,1755.9707964000,3370124,6970730877.5800
2021-07-02,1793.4826750000,1739.8942770000,1793.4826750000,1738.5977835000,4627531,9388640194.1800
2021-07-05,1728.6580000000,1723.4720260000,1745.8408605200,1715.6930650000,3442095,6872797767.5200
2021-07-06,1724.3363550000,1739.8078441000,1740.7586060000,1694.0934832900,3528251,7015883090.9900
2021-07-07,1737.3012900000,1732.1153160000,1753.6198215200,1727.8023142900,2812212,5658210730.1800
2021-07-08,1728.7444329000,1715.6930650000,1732.1153160000,1700.9994720000,3551669,7027713779.8700
2021-07-09,1697.9916070800,1704.5518641900,1716.4796043900,1681.1199050000,3090790,6072340992.9500
2021-07-12,1707.5251559500,1694.9491690000,1727.6035186200,1677.2304245000,3901024,7658786228.0000
2021-07-13,1700.9994720000,1713.8779741000,1733.4118095000,1698.4064850000,2992471,5946287258.9100
2021-07-14,1706.1854460000,1695.8134980000,1706.6176105000,1681.1199050000,3077069,6011814880.1500
2021-07-15,1689.7804815800,1726.9206987100,1739.8942770000,1685.9601474000,4219005,8391506228.5100
2021-07-16,1711.3714200000,1690.5410911000,1725.7192814000,1685.4415500000,3540764,6958296858.7500
2021-07-19,1690.5324478100,1707.0497750000,1716.5573940000,1677.6625890000,3005234,5900348209.6300
2021-07-20,1707.0497750000,1711.3714200000,1719.0898779700,1695.3035438900,2347521,4639300956.0500
2021-07-21,1719.1503810000,1701.8638010000,1733.8439740000,1695.8221412900,2978013,5902656220.5300
2021-07-22,1694.0848400000,1676.8069032900,1706.0990131000,1675.8993578400,3909047,7619076855.1100
2021-07-23,1674.9140227800,1642.2251000000,1674.9140227800,1637.9812446100,4758547,9057761875.7100
2021-07-26,1624.0741910000,1559.3445921900,1624.0741910000,1538.5056200000,9861948,17894360803.1900
2021-07-27,1558.3851870000,1480.5005008100,1564.4354900000,1471.9522870000,8657699,15230805685.4800
2021-07-28,1471.9522870000,1528.9115681000,1545.5931178000,1453.9050974800,8536884,14792470948.0500
2021-07-29,1564.4441332900,1512.3942409100,1575.6717670000,1499.0403578600,6386385,11299569856.9800
2021-07-30,1490.9675250000,1451.1997477100,1490.9675250000,1432.8500430400,7773589,13109725032.4200
2021-08-02,1438.2434560000,1516.8973950000,1517.7444374200,1400.8352968800,9740065,16515259088.9600
2021-08-03,1495.2891700000,1511.9707197000,1528.9893577100,1459.6788152000,5437475,9447823227.1700
2021-08-04,1498.7983457400,1490.1031960000,1521.2190400000,1484.9172220000,3817549,6614683378.4300
2021-08-05,1463.2052775200,1468.4949710000,1508.2541050000,1448.9265624400,4805969,8177369850.6300
2021-08-06,1459.8516810000,1444.2937590000,1464.1819692900,1423.2041314000,4568610,7616109614.9700
2021-08-09,1427.0071790000,1464.0004602000,1477.1382610000,1426.1428500000,4769775,8028155490.3800
2021-08-10,1469.3593000000,1554.9278710000,1558.2814675200,1447.7510750000,8328505,14549496462.9100
2021-08-11,1538.5142632900,1513.0079145000,1542.8359082900,1512.5843932900,3866259,6821292779.0100
2021-08-12,1497.0178280000,1460.7160100000,1511.7114210000,1457.4229165100,4755097,8130692626.4600
2021-08-13,1460.7160100000,1469.3938731600,1480.5955770000,1451.2083910000,3790452,6418412543.9000
2021-08-16,1465.9019840000,1468.6678368000,1481.1141744000,1456.4635113200,2805697,4773049794.4000
2021-08-17,1469.3593000000,1413.1779150000,1469.3593000000,1407.8882215200,6120077,10140291982.1800
2021-08-18,1404.2407531400,1400.2129800000,1420.0839037100,1382.9264000000,5997026,9701556273.1500
2021-08-19,1402.1317903800,1400.1870501300,1420.2654128000,1382.9264000000,4129195,6682355677.8700
2021-08-20,1344.1785309300,1337.9812920000,1380.8087939500,1318.5338895000,11454454,17825198285.9800
2021-08-23,1329.2342825200,1357.1607525100,1382.0620710000,1328.2748773300,7159720,11218832882.5300
2021-08-24,1361.3181750000,1404.6902042200,1419.7035989500,1353.3404183300,7259447,11703813763.5000
2021-08-25,1424.1030335600,1439.1250715800,1452.8246862300,1420.0925470000,5423890,9037626406.2100
2021-08-26,1439.0991417100,1378.6047550000,1439.0991417100,1378.3627428800,5402037,8722233200.5900
2021-08-27,1373.4187810000,1379.4950138700,1404.5346250000,1369.1835689000,3609545,5791426192.0500
2021-08-30,1387.2480450000,1370.8257940000,1394.1626770000,1336.2094175500,5158770,8098190333.4100
2021-08-31,1374.1102442000,1346.6245820000,1397.0581791500,1344.1180279000,4367709,6888080926.7100
2021-09-01,1347.4889110000,1401.9502812900,1413.1692717100,1323.3741319000,7731610,12370243405.1900
2021-09-02,1411.4406137100,1399.1757852000,1420.0925470000,1383.6956528100,4283679,6939707277.2300
2021-09-03,1391.5869765800,1433.2476343800,1434.6046309100,1367.3684780000,5283518,8631165695.8900
2021-09-06,1425.2785210000,1444.0085304300,1476.4122246400,1405.5286033500,5533806,9306030671.1900
2021-09-07,1435.6763988700,1442.5651010000,1455.9449139200,1427.0071790000,3121122,5204051657.3000
2021-09-08,1434.7861400000,1411.5356899000,1444.4493382200,1407.1967583200,3306367,5428265636.1300
2021-09-09,1405.3989540000,1412.3827323200,1421.8212050000,1403.6789392900,1995013,3257785762.0200
2021-09-10,1412.3827323200,1437.0161088200,1442.3922352000,1411.4492570000,3338811,5528034093.4400
2021-09-13,1439.1077850000,1429.6001660000,1455.5300360000,1417.5859929000,2772002,4605031710.5300
2021-09-14,1433.9218110000,1432.1931530000,1454.6657070000,1428.7358370000,3376061,5638962653.7000
2021-09-15,1426.1428500000,1396.5309384600,1434.7861400000,1391.5696900000,4157005,6781755393.3700
2021-09-16,1385.5193870000,1415.8314050300,1420.9568760000,1369.9614650000,4596802,7458455126.2000
2021-09-17,1400.2129800000,1457.2586940000,1474.1995424000,1400.2129800000,5513025,9242101551.8800
2021-09-22,1433.7748750700,1415.5029600100,1458.9873520000,1413.1779150000,3174300,5227723003.3700
2021-09-23,1415.7709020000,1413.1779150000,1431.2251045200,1404.6037713200,3034181,4964210090.5000
2021-09-24,1407.1276120000,1464.1733260000,1486.6285934200,1407.1276120000,6953660,11756596091.1100
2021-09-27,1512.5757500000,1603.3302950000,1610.5906586000,1512.5757500000,12686892,23270689701.9700
2021-09-28,1597.2799920000,1574.8592977400,1607.6519400000,1551.4705550000,4922105,8973408813.2400
2021-09-29,1563.5711610000,1573.0787800000,1594.6956482900,1543.6051611000,4329065,7870151768.1700
2021-09-30,1571.5057012200,1581.7220700000,1599.1988023800,1558.7309186000,4053929,7411735790.2300
2021-10-08,1575.1704561800,1590.0196284000,1623.2098620000,1562.0412986700,4745196,8780381117.9600
2021-10-11,1589.9418387900,1613.8059624800,1633.4953771000,1582.5950422900,3767557,7040475326.6600
2021-10-12,1612.8379140000,1617.1509157100,1622.3455330000,1592.4570361800,3060642,5688160837.0600
2021-10-13,1616.2952300000,1668.0685371000,1685.3983335500,1609.3805980000,5014261,9625769126.6300
2021-10-14,1667.2301379700,1651.7327190000,1678.3540522000,1638.7677840000,2662255,5097602232.3700
2021-10-15,1633.6682429000,1656.8927631300,1668.1463267100,1633.6682429000,2856078,5452953878.9800
2021-10-18,1631.8531520000,1555.7922000000,1631.8531520000,1544.5559230000,6965202,12651498606.5900
2021-10-19,1555.7922000000,1566.3197272200,1589.3281652000,1555.6884805200,4031456,7330114082.0200
2021-10-20,1584.3150570000,1591.2296890000,1598.8357842000,1560.9868172900,2866339,5246404614.9800
2021-10-21,1591.3161219000,1593.8226760000,1607.6519400000,1580.8577410000,2301870,4238584293.9600
2021-10-22,1603.3302950000,1643.0894290000,1660.3846522900,1602.4659660000,3596260,6794850055.7200
2021-10-25,1624.9385200000,1618.9141468700,1629.2688082900,1605.9232820000,3246133,6076219947.6200
2021-10-26,1611.1351858700,1608.5594854500,1624.0655477100,1593.8226760000,2113026,3934223713.9200
2021-10-27,1600.9966067000,1572.2144510000,1606.1825807000,1555.8786329000,3464729,6302270905.0800
2021-10-28,1577.5732908000,1577.8239462100,1593.6325236200,1557.5208580000,2949093,5383196101.3900
2021-10-29,1577.4004250000,1578.3339003200,1597.2799920000,1567.0284770000,2877586,5266898950.1900
2021-11-01,1538.5056200000,1558.3851870000,1578.5240527000,1521.2190400000,4168998,7486936394.4800
2021-11-02,1552.9399143000,1559.8026865600,1594.0128283800,1545.4202520000,3250024,5875341368.8400
2021-11-03,1555.7922000000,1525.5406850000,1564.4182034200,1522.2475915100,2782931,4958314535.2500
2021-11-04,1536.7251022600,1559.4223818000,1569.6214640000,1529.3610191800,3113043,5592211730.8300
2021-11-05,1559.4310250900,1573.0269202600,1594.6783617100,1559.4310250900,2707723,4956331383.2000
2021-11-08,1573.0787800000,1573.1652129000,1582.4135332000,1557.5640744500,1770572,3220439333.6200
2021-11-09,1573.0614934200,1547.1575532900,1579.8810492300,1540.2342780000,2735192,4915170027.8600
2021-11-10,1547.1575532900,1516.0244227100,1551.4705550000,1499.6108150000,3534877,6204803249.6500
2021-11-11,1515.1082339700,1529.5165984000,1529.5165984000,1505.2289535000,2265187,3987243284.9000
2021-11-12,1536.7769620000,1533.1294936200,1542.8704814500,1526.9754711400,1760663,3124400971.8400
2021-11-15,1533.0430607200,1522.2043750600,1541.9629360000,1512.5757500000,2494735,4410975373.3100
2021-11-16,1528.1336720000,1562.7068320000,1571.3501220000,1525.5406850000,3352624,6033536262.2100
2021-11-17,1560.1138450000,1551.4705550000,1573.5109445000,1547.1575532900,2450546,4411450908.4900
2021-11-18,1539.5601013800,1548.8775680000,1561.8425030000,1529.8623300000,1952089,3485674964.2100
2021-11-19,1550.7704485100,1580.3477868900,1598.1443210000,1545.5931178000,3115559,5699883799.6800
2021-11-22,1598.1443210000,1602.6993348300,1650.0040610000,1597.2799920000,4257268,7994018410.0100
2021-11-23,1600.7373080000,1639.1394454700,1656.9186930000,1600.7373080000,4578220,8676297615.5500
2021-11-24,1642.2251000000,1677.6625890000,1699.2708140000,1639.6321130000,5451235,10555736753.3800
2021-11-25,1688.0345370000,1690.6534538700,1716.7302598000,1682.2003162500,3975288,7803035266.4600
2021-11-26,1698.2595490700,1677.6712322900,1700.1351430000,1663.8333250000,3265557,6337346210.9400
2021-11-29,1694.0848400000,1715.6930650000,1720.0147100000,1686.3750253200,4239934,8372476082.5200
2021-11-30,1716.0387966000,1668.8205033300,1719.9282771000,1665.9941475000,3692487,7192172533.0600
2021-12-01,1685.4415500000,1670.7393137100,1694.0416235500,1658.6646375800,2625440,5071457098.1800
2021-12-02,1676.7982600000,1671.6122860000,1678.6565673500,1659.1659484000,2042182,3939731543.1900
2021-12-03,1669.8836280000,1704.3530685200,1718.8219359800,1669.0625154500,3581839,7045848179.8700
2021-12-06,1713.9644070000,1700.3944417000,1720.0147100000,1685.4415500000,3106388,6122543819.1800
2021-12-07,1712.0110234600,1690.5151612300,1718.1736892300,1682.6151941700,3697989,7286659622.0700
2021-12-08,1698.3027655200,1765.8241470000,1767.5528050000,1685.4415500000,6104807,12285101988.3700
2021-12-09,1776.1442352600,1803.4656749500,1829.7153466800,1767.5528050000,6423918,13404724467.3600
2021-12-10,1780.5177400000,1806.4476100000,1811.4434316200,1777.0604240000,4314822,8944582264.8400
2021-12-13,1861.7646660000,1830.8216878000,1884.2372200000,1830.6488220000,6580656,14139012289.8800
2021-12-14,1830.8216878000,1858.3073500000,1873.7788391000,1815.0909000000,4044941,8673733690.9200
2021-12-15,1851.5223673500,1845.3424150000,1871.2290685500,1836.7164115800,3007827,6444715085.8300
2021-12-16,1828.0558350000,1831.5045077100,1853.1645924500,1803.1890896700,3721136,7865499277.8500
2021-12-17,1815.5230645000,1772.4794803000,1822.0055320000,1759.7738440000,4840318,9988869784.7900
2021-12-20,1772.4794803000,1779.6188378400,1802.6964221400,1764.0954890000,3225769,6654596507.9700
2021-12-21,1767.5528050000,1761.6753678000,1788.4090637700,1739.7473410700,2628589,5354186590.1800
2021-12-22,1763.2311600000,1770.1457920000,1783.1107270000,1763.2311600000,1743079,3570928372.4900
2021-12-23,1774.4674370000,1832.3774800000,1832.3774800000,1750.2662250000,3909854,8126298013.2300
2021-12-24,1857.3393015200,1896.4156156100,1916.1828198400,1857.3393015200,5612959,12295953399.5300
2021-12-27,1873.8652720000,1842.5938487800,1873.8652720000,1825.4628480000,3755590,8020677686.4300
2021-12-28,1843.6137570000,1848.0909812200,1863.0611595000,1829.4387614000,2765070,5901940632.9500
2021-12-29,1858.3073500000,1764.0954890000,1861.9807482500,1764.0954890000,5404902,11195625154.3700
2021-12-30,1764.0954890000,1793.4826750000,1805.5659944200,1752.8592120000,3526136,7272866656.6100
2021-12-31,1789.1610300000,1771.8744500000,1791.7367304200,1752.8592120000,2966491,6061415343.6200
2022-01-04,1776.1960950000,1772.9375746700,1788.2534845500,1740.7586060000,3384262,6913653122.1000
2022-01-05,1767.5528050000,1749.4018960000,1784.8393850000,1744.2159220000,2839551,5774992117.1900
2022-01-06,1747.6818812900,1713.2902303800,1759.7738440000,1675.5104097900,5179475,10226933846.7300
2022-01-07,1707.0497750000,1678.5269180000,1719.0466615200,1676.2105162800,2981669,5831695310.9100
2022-01-10,1666.4349552900,1699.2708140000,1708.7784330000,1657.3940739500,2962670,5792738145.0500
2022-01-11,1683.7128920000,1677.2736409500,1698.4064850000,1669.1662349300,2227664,4332180603.5400
2022-01-12,1683.7128920000,1700.1351430000,1710.3342252000,1683.7128920000,2747410,5384359627.7500
2022-01-13,1698.2509057800,1622.6826213100,1700.9908287100,1612.4576092400,5674735,10781720543.5100
2022-01-14,1622.6826213100,1613.7022430000,1636.1747970000,1610.2449270000,2932164,5506186026.0300
2022-01-17,1614.5665720000,1609.0435096900,1623.4691607000,1586.3375868600,2735382,5074077664.8500
2022-01-18,1609.1040127200,1635.5438368300,1649.8744116500,1600.7373080000,3121577,5906705861.1900
2022-01-19,1658.6473510000,1652.5970480000,1658.6473510000,1632.6137615200,2637094,5026993463.3600
2022-01-20,1656.0543640000,1702.3132520800,1711.3627767100,1656.0543640000,3401391,6665294953.7300
2022-01-21,1694.0848400000,1715.6844217100,1723.0312182100,1686.3145222900,3081258,6091427695.4100
2022-01-24,1689.7631950000,1685.6144158000,1714.8287360000,1669.3996037600,2398580,4685441775.0500
2022-01-25,1679.3912470000,1679.3912470000,1699.2708140000,1669.0192990000,2551012,4971078497.8800
2022-01-26,1678.5614911600,1689.7631950000,1701.8638010000,1658.6473510000,2390513,4655706528.0700
2022-01-27,1729.5309722900,1698.4064850000,1738.0100397800,1687.1702080000,4266516,8450329057.7600
2022-01-28,1689.7631950000,1630.9888230000,1700.9994720000,1624.9471632900,4102011,7889492895.4700
2022-02-07,1643.0807857100,1614.5319988400,1653.9454012400,1599.0086500000,3515042,6601799703.3100
2022-02-08,1615.3271815200,1589.5010310000,1618.7758542300,1547.1489100000,4171306,7585130458.7100
2022-02-09,1589.5788206100,1638.7504974200,1649.1397320000,1579.1031531300,3388479,6346699783.6100
2022-02-10,1642.2251000000,1618.8882170000,1647.3246411000,1605.3960413100,2303183,4315456867.5700
2022-02-11,1605.0589530000,1598.9827201300,1642.9079199100,1591.2296890000,3374649,6296909575.4600
2022-02-14,1590.3653600000,1615.1456724300,1622.3455330000,1588.0403149900,2019587,3762313349.4600
2022-02-15,1615.2580352000,1634.1176939800,1651.7327190000,1606.7876110000,2710586,5131842112.3400
2022-02-16,1642.2251000000,1635.7858489500,1648.2754030000,1631.8531520000,1458685,2769034315.5600
2022-02-17,1642.7523406900,1630.9801797100,1652.1475969200,1625.8028490000,1821366,3450265031.6700
2022-02-18,1622.8900602700,1648.2754030000,1649.1224454200,1612.5440421400,1938549,3670339742.1300
2022-02-21,1642.2251000000,1622.3368897100,1648.1889701000,1615.3876845500,2081573,3920377358.2400
2022-02-22,1607.6605832900,1562.5944692300,1608.5162690000,1555.8094865800,5229881,9473992638.0000
2022-02-23,1565.6541938900,1579.1377262900,1585.1793860000,1555.8613463200,2811161,5118197819.7800
2022-02-24,1562.7068320000,1524.7714321900,1567.8841627100,1510.9335249000,6535925,11578557074.6500
2022-02-25,1534.1839750000,1554.9797307400,1562.9488441200,1534.1839750000,3897913,6999524161.0700
2022-02-28,1544.6077827400,1547.4946416000,1553.1992130000,1527.2693430000,2892303,5158148352.0000
2022-03-01,1557.5208580000,1606.3381599200,1610.7375945300,1557.5208580000,4737930,8721229312.0000
2022-03-02,1590.3653600000,1594.5832855200,1599.8643357100,1577.4004250000,2007448,3690612336.0000
2022-03-03,1595.3784682000,1555.7922000000,1599.2247322500,1550.6062260000,3154693,5703580672.0000
2022-03-04,1531.5909880000,1538.9377845000,1549.6468208100,1516.9838279000,3104703,5509157632.0000
2022-03-07,1521.3919058000,1475.4096030000,1528.1336720000,1472.6437502000,4915581,8487507456.0000
2022-03-08,1521.2017534200,1515.3416028000,1544.2620511400,1497.0178280000,5721546,10087484416.0000
2022-03-09,1524.7627889000,1537.7968702200,1560.1138450000,1487.6052851900,5643442,10018589952.0000
2022-03-10,1562.7068320000,1550.9778874700,1573.9431090000,1548.0132390000,3646178,6587438848.0000
2022-03-11,1526.4050140000,1529.0066442900,1535.9126330000,1484.9863683200,4772677,8335618304.0000
2022-03-14,1495.2891700000,1469.3593000000,1512.5757500000,1469.3593000000,4900661,8416841984.0000
2022-03-15,1426.1428500000,1385.5193870000,1456.3943650000,1385.5193870000,8905587,14567142656.0000
2022-03-16,1412.3135860000,1447.7078585500,1455.4436031000,1376.8760970000,7759281,12753010176.0000
2022-03-17,1486.6458800000,1486.7755293500,1516.8973950000,1479.4373761400,6835196,11843531776.0000
2022-03-18,1484.9172220000,1476.0924229100,1508.2541050000,1462.6866801200,3834868,6564085393.7800
2022-03-21,1490.1031960000,1473.0759147000,1491.5293388500,1465.0462982900,2787716,4763083282.9200
2022-03-22,1489.9994765200,1465.0376550000,1489.9994765200,1457.5439225700,2105404,3578291198.3400
2022-03-23,1473.6809450000,1514.4686305100,1529.8623300000,1466.7663130000,5806739,10096341448.2300
2022-03-24,1502.2038020000,1487.4497059700,1503.9324600000,1484.3554081500,2581532,4457504429.6000
2022-03-25,1479.7312480000,1460.7160100000,1498.7464860000,1456.3943650000,2970866,5054831352.2000
2022-03-28,1404.5346250000,1435.4776032000,1438.9349192000,1386.3837160000,5754164,9392008017.0200
2022-03-29,1436.0826335000,1440.8364430000,1462.0125035000,1436.0826335000,2593498,4343365463.7100
2022-03-30,1467.6306420000,1495.3756029000,1495.3756029000,1465.0376550000,4243343,7276379090.5600
2022-03-31,1486.6458800000,1485.7815510000,1502.7223994000,1476.9653952000,2517386,4338022921.7100
2022-04-01,1495.2373102600,1538.5142632900,1549.7418970000,1488.1065960100,4486191,7936957251.7700
2022-04-06,1515.1687370000,1525.5406850000,1546.0512121700,1515.1687370000,2781977,4910792426.0800
2022-04-07,1519.4903820000,1525.5406850000,1542.8272650000,1512.6621829000,2019571,3568182341.3100
2022-04-08,1528.1336720000,1541.9629360000,1546.0252823000,1526.8717516600,2294132,4081618542.8600
2022-04-11,1529.8623300000,1486.6458800000,1529.8623300000,1474.5712038700,4386359,7568782591.4700
2022-04-12,1494.4248410000,1540.2342780000,1545.3943221300,1476.2739320000,4162956,7284546260.7800
2022-04-13,1527.2693430000,1528.9980010000,1551.4705550000,1513.5092253200,3114766,5534915752.9600
2022-04-14,1545.4202520000,1563.5711610000,1586.8216111000,1538.6784858000,3764986,6834657201.4900
2022-04-15,1557.6937238000,1560.9695307100,1571.3501220000,1552.2398078100,2104113,3800797635.0500
2022-04-18,1539.4823117700,1547.8576597800,1554.0635420000,1528.1336720000,1979315,3525102976.5400
2022-04-19,1555.7922000000,1547.4082087000,1584.3064137100,1534.6161395000,2420476,4359851980.1000
2022-04-20,1557.2529160100,1553.1992130000,1573.0787800000,1528.7214157200,2415572,4342043328.4800
2022-04-21,1547.3217758000,1538.4883334200,1560.9781740000,1529.8623300000,2895261,5160788004.0800
2022-04-22,1523.8120270000,1532.4553170000,1545.3165325200,1521.3746192200,2789975,4955360846.2300
2022-04-25,1512.5757500000,1476.2739320000,1535.4804685000,1471.0879580000,5365802,9352986851.6100
2022-04-26,1472.2375155700,1497.4327059200,1511.6941344200,1469.3593000000,4456396,7692845225.5400
2022-04-27,1527.3730624800,1551.4014086800,1564.4354900000,1527.3730624800,5740244,10289893014.2000
2022-04-28,1549.7418970000,1586.0437150000,1594.6870050000,1544.1237585000,4401006,8038681950.1000
2022-04-29,1586.9080440000,1580.3218570200,1598.1443210000,1565.2825324200,3488527,6384066536.9900
2022-05-05,1581.7220700000,1587.7723730000,1616.2952300000,1580.8404544200,3366094,6235017580.1600
2022-05-06,1568.7484917100,1549.7418970000,1572.2144510000,1539.3699490000,2859618,5138176680.3200
2022-05-09,1538.5056200000,1514.3044080000,1538.5056200000,1502.2038020000,3035182,5324616273.0900
2022-05-10,1486.6458800000,1526.5692365100,1542.7926918400,1473.6895882900,4011919,7018451096.9000
2022-05-11,1516.8973950000,1528.1336720000,1545.8351299200,1514.3044080000,3031267,5372950032.7000
2022-05-12,1515.1687370000,1523.5267984300,1536.7769620000,1512.5757500000,2203823,3888480084.0000
2022-05-13,1538.5056200000,1536.9844009600,1554.0116822600,1526.4050140000,2073052,3690141230.7900
2022-05-16,1553.1992130000,1519.4903820000,1553.1992130000,1506.2402184300,2776531,4881208652.7100
2022-05-17,1529.7586105200,1528.1336720000,1534.1839750000,1516.8973950000,2014474,3557048801.4100
2022-05-18,1533.0257741400,1522.0833690000,1533.2504996800,1506.5427335800,2485044,4362486906.8700
2022-05-19,1508.2541050000,1517.7617240000,1518.6260530000,1503.0681310000,1977626,3459059182.4600
2022-05-20,1521.2103967100,1555.8008432900,1556.7861783500,1514.3044080000,4194960,7493460271.9800
2022-05-23,1555.7922000000,1539.3699490000,1559.1544398100,1531.5909880000,2215713,3950856593.6200
2022-05-24,1543.6915940000,1521.2190400000,1544.5559230000,1517.3295595000,2734222,4824599922.4300
2022-05-25,1525.7740538300,1517.3382027900,1531.5909880000,1509.9827630000,2238869,3929477101.9400
2022-05-26,1522.0833690000,1506.3525812000,1522.0833690000,1495.2891700000,2805344,4888109192.1300
2022-05-27,1521.2103967100,1517.0356876400,1538.5056200000,1515.1773802900,2511958,4436904895.6500
2022-05-30,1526.4050140000,1537.1313368900,1547.6242909500,1526.4050140000,3446569,6135631304.0400
2022-05-31,1533.9851793300,1559.2754458700,1568.6707021000,1527.2520564200,4075082,7329201058.4300
2022-06-01,1557.5208580000,1545.6363342500,1568.5669826200,1537.6412910000,2176001,3897858998.8900
2022-06-02,1545.3943221300,1543.6915940000,1552.1620182000,1538.5056200000,1691473,3019718031.7500
2022-06-06,1547.1489100000,1545.4202520000,1551.4705550000,1519.4903820000,3674126,6535329351.7900
2022-06-07,1542.0839420600,1571.2636891000,1577.4004250000,1530.1302719900,3504859,6356031009.1700
2022-06-08,1577.4004250000,1612.4921824000,1626.6671780000,1577.4004250000,4435381,8236953845.7000
2022-06-09,1618.0238880000,1601.6016370000,1632.1556671500,1598.1443210000,2632902,4897066622.1600
2022-06-10,1594.6956482900,1642.7436974000,1648.2754030000,1586.0437150000,4734462,8882462597.8800
2022-06-13,1633.5818100000,1604.1946240000,1635.3104680000,1597.3491383200,3675518,6847248995.1400
2022-06-14,1585.1793860000,1617.1595590000,1620.9798931800,1583.4507280000,2941623,5467949347.6100
2022-06-15,1616.2952300000,1620.7033079000,1646.5467450000,1610.2362837100,3366362,6354869099.9500
2022-06-16,1637.5490801100,1622.3455330000,1648.8199302700,1620.9021035700,2688670,5087605390.5200
2022-06-17,1623.2876516100,1686.3058790000,1687.1702080000,1623.2876516100,5054161,9749530915.5300
2022-06-20,1685.4415500000,1678.5442045800,1702.7281300000,1668.1549700000,3497478,6802792459.3700
2022-06-21,1684.5772210000,1681.7595084600,1700.1264997100,1666.4263120000,2371702,4617805127.2400
2022-06-22,1689.7631950000,1673.3409440000,1692.3561820000,1669.8836280000,1964665,3813775293.5700
2022-06-23,1679.1319483000,1691.5782859000,1698.4410581600,1676.7982600000,2684352,5239860443.0100
2022-06-24,1702.7281300000,1736.4456042900,1745.9445800000,1698.4064850000,3963465,7921199792.2300
2022-06-27,1745.8927202600,1737.7766709500,1771.8225902600,1728.9172987000,4011517,8124448900.3200
2022-06-28,1745.7198544600,1759.7738440000,1764.0954890000,1729.5223290000,2524571,5112298786.5500
2022-06-29,1752.8592120000,1754.5878700000,1764.9598180000,1738.1742622900,3036012,6142508407.9700
2022-06-30,1747.3100000000,1786.6244750000,1814.5814350000,1747.3012634500,3898243,7984019437.5600
2022-07-01,1795.3610250000,1772.6896777500,1806.5175993500,1760.5982925500,2159645,4385555298.5700
2022-07-04,1764.7918365500,1763.0357900000,1768.5310799500,1748.1923915500,2507589,5042804258.4800
2022-07-05,1769.3959984000,1776.1493515500,1794.8805147500,1756.0465500000,2632940,5345189851.7400
2022-07-06,1775.2669600000,1749.0573100000,1781.3825450000,1735.0788300000,3275166,6566374982.4000
2022-07-07,1751.6782750000,1738.5734500000,1755.4786742500,1734.2139115500,2093177,4179088240.3300
2022-07-08,1751.6782750000,1746.4363450000,1760.3187229500,1743.9551648000,1564389,3134903462.4800
2022-07-11,1738.7481810000,1715.5089580000,1742.7407843500,1704.0640775000,2394921,4709248309.8700
2022-07-12,1716.7320750000,1702.2381385500,1723.5465840000,1686.2065693000,2344686,4562731380.5200
2022-07-13,1699.2589750000,1711.3940429500,1722.8476600000,1695.4760488500,1985377,3893406034.0900
2022-07-14,1712.3638000000,1706.2482150000,1727.0412040000,1695.7643550000,2052724,4014985518.4700
2022-07-15,1699.3550770500,1703.1904225000,1747.0304304000,1698.8308840500,3341623,6588730698.5300
2022-07-18,1705.6890758000,1705.0775173000,1711.4901450000,1679.1649100000,2422072,4701936867.9000
2022-07-19,1699.2589750000,1697.5990305000,1705.0687807500,1682.6595300000,2195603,4250852885.9500
2022-07-20,1711.2717312500,1703.7146155000,1721.1003500000,1699.2589750000,1870461,3659970960.8800
2022-07-21,1697.5990305000,1694.0170450000,1708.7818145000,1690.0943340500,1406137,2735503093.4400
2022-07-22,1702.9457991000,1701.0062850000,1714.1111100000,1690.5224250000,2511357,4894378604.9000
2022-07-25,1703.1991590500,1698.9531957500,1705.6366565000,1687.0278050000,1691244,3285451347.0600
2022-07-26,1706.2394784500,1703.8107175500,1716.7058653500,1701.0237581000,2068510,4041100077.1100
2022-07-27,1696.6380100000,1677.0681380000,1701.8799400000,1674.7966350000,2148987,4149807165.6100
2022-07-28,1678.3786205000,1658.1971900000,1693.1433900000,1653.5318723000,3486986,6669448409.0700
2022-07-29,1655.6635905000,1658.5815982000,1676.5352084500,1640.8114555000,3703236,7028415880.6900
2022-08-01,1651.2166865500,1651.4700465000,1666.9337400000,1643.5023129000,2103741,3988198589.9100
2022-08-02,1642.4714000000,1642.4539269000,1649.4431669000,1623.2597265500,2822088,5284516567.6800
2022-08-03,1651.1992134500,1646.8396750000,1663.4391200000,1639.8504350000,2459842,4642442195.7200
2022-08-04,1651.2079500000,1673.9317165500,1680.1259305000,1642.5849751500,3035714,5797110733.0000
2022-08-05,1684.2321090000,1680.8772738000,1690.5224250000,1664.2254095000,2008584,3857406327.0000
2022-08-08,1673.1803732500,1670.0177421500,1688.6702764000,1666.5056490500,1679901,3220702892.0000
2022-08-09,1670.0177421500,1668.6810500000,1676.5352084500,1664.3127750000,1387461,2651800008.0000
2022-08-10,1668.6635769000,1638.9767800000,1675.6702900000,1628.9996399000,2792662,5259452686.0000
2022-08-11,1647.7133300000,1665.9727195000,1666.0600850000,1640.7328265500,2606149,4940834195.0000
2022-08-12,1665.9727195000,1684.4068400000,1686.1541500000,1659.9445000000,2025983,3882570566.0000
2022-08-15,1677.8194813000,1677.3214979500,1694.4538725000,1673.5298352500,1932314,3717178491.2400
2022-08-16,1680.8598007000,1675.5305052000,1689.4653024500,1673.9229800000,1483584,2854189585.5600
2022-08-17,1686.1541500000,1675.6702900000,1686.1541500000,1655.5762250000,1836063,3508295540.7700
2022-08-18,1666.9337400000,1656.0130525000,1671.3719074000,1643.4062108500,2316777,4384060205.3200
2022-08-19,1658.1971900000,1655.5849615500,1667.2395192500,1649.4606400000,1354417,2572000761.5000
2022-08-22,1646.8484115500,1654.6850969000,1666.0600850000,1643.6770439000,1542667,2925285473.0600
2022-08-23,1658.7213830000,1633.7435865500,1658.7213830000,1631.1138850000,2375636,4452538978.2400
2022-08-24,1633.7261134500,1619.9311010000,1638.3040656500,1617.1354050000,1872761,3486382969.3400
2022-08-25,1624.1246450000,1646.8396750000,1649.4606400000,1619.9311010000,2192534,4107597895.1300
2022-08-26,1659.9445000000,1658.1971900000,1670.4283600000,1647.7133300000,2314195,4397161134.7000
2022-08-29,1645.0923650000,1641.4404871000,1659.9182903500,1637.2294700000,1356962,2555981192.1500
2022-08-30,1644.5244892500,1633.7348500000,1646.8396750000,1619.9311010000,1823539,3400091357.6200
2022-08-31,1625.0856655000,1680.9122200000,1682.2751218000,1625.0070365500,4469151,8518225336.6700
2022-09-01,1670.5594082500,1643.2489529500,1673.9229800000,1643.2489529500,2684508,5088658954.7300
2022-09-02,1651.1555307000,1638.1031250000,1653.7939688000,1630.3887513500,1939132,3635162803.5800
2022-09-05,1627.3047492000,1603.1569250000,1632.8611950000,1590.0521000000,3682187,6764549172.7500
2022-09-06,1603.4714408000,1611.8934750000,1614.6891710000,1594.4203750000,2083004,3832086313.1900
2022-09-07,1603.1831346500,1588.3135265500,1605.4808473000,1582.1979415500,2830616,5151537330.2900
2022-09-08,1590.0521000000,1585.6838250000,1600.5359600000,1585.6838250000,1659057,3026766447.8000
2022-09-09,1594.4203750000,1611.7100074500,1618.0090600000,1586.5574800000,2708986,4991679522.9200
2022-09-13,1642.4714000000,1641.5977450000,1649.7926289000,1623.4519306500,2869309,5387987148.0400
2022-09-14,1628.5016565500,1632.8611950000,1642.4714000000,1627.6192650000,1604157,3002693246.6400
2022-09-15,1633.7348500000,1642.4714000000,1653.9337536000,1633.6999038000,2081021,3917954255.6700
2022-09-16,1635.3074290000,1624.1246450000,1647.3638680000,1620.7261270500,2412127,4501527357.2400
2022-09-19,1620.6300250000,1635.1676442000,1649.9760964500,1618.7778764000,1858351,3479680770.6500
2022-09-20,1633.7173769000,1640.7240900000,1646.4902130000,1623.7315002500,1411630,2645281859.2100
2022-09-21,1639.5621288500,1614.5144400000,1645.0923650000,1614.5144400000,2099454,3904096420.8300
2022-09-22,1607.5252000000,1590.7597605500,1608.4163281000,1587.3000867500,2270429,4147900996.4500
2022-09-23,1590.7597605500,1602.6589416500,1620.6300250000,1590.7597605500,2828769,5191904759.5300
2022-09-26,1590.0521000000,1627.6192650000,1649.4606400000,1590.0346269000,3513492,6566771226.6200
2022-09-27,1632.7388833000,1649.4606400000,1657.3235350000,1617.2315070500,2882019,5422668135.0700
2022-09-28,1642.9082275000,1645.0923650000,1659.4203070000,1637.2382065500,2144597,4042506329.8300
2022-09-29,1658.1797169000,1642.7771792500,1661.8490679000,1634.7220801500,2158966,4075515187.3900
2022-09-30,1658.7388561000,1635.9189875000,1661.6830734500,1630.2402300000,2128908,4000917950.9400
2022-10-10,1651.2079500000,1560.3478300000,1652.0816050000,1555.2806310000,4858413,8865386495.5000
2022-10-11,1562.9687950000,1555.0971634500,1577.8209300000,1537.6328000000,3204719,5712249507.4300
2022-10-12,1549.5669273000,1537.6328000000,1554.2322450000,1492.2027400000,4819500,8372252823.4900
2022-10-13,1503.0884813000,1485.2047634500,1515.7914250000,1482.5925350000,6396927,10919727537.3100
2022-10-14,1493.9500500000,1518.0716645500,1533.2645250000,1486.9083907000,4651970,8045032622.5100
2022-10-17,1507.9285300000,1501.3761175000,1509.6671034500,1483.2914590000,3354951,5740146639.2400
2022-10-18,1507.0548750000,1490.3069086500,1511.4231500000,1486.0871550000,2808277,4800689502.2000
2022-10-19,1486.9433369000,1439.7834400000,1486.9433369000,1439.7834400000,6012093,9997656284.4600
2022-10-20,1416.1947550000,1435.8519925000,1457.6322116500,1407.4582050000,4277807,7020555512.3000
2022-10-21,1432.7942000000,1418.8157200000,1439.6087090000,1406.5845500000,3890740,6317945876.4000
2022-10-24,1371.6383500000,1311.6007784000,1388.2377950000,1300.0073765500,13209804,20217576174.4500
2022-10-25,1292.5026801000,1292.7909862500,1323.5873250000,1286.0201600000,8136156,12136909034.2600
2022-10-26,1300.6975640000,1279.1008124000,1323.5785884500,1275.5363000000,8178083,12120993864.4400
2022-10-27,1293.0094000000,1223.9906550000,1299.9811669000,1209.0074717500,10710590,15258551283.1500
2022-10-28,1215.0531643500,1188.1708000000,1228.3589300000,1187.0437850500,9314275,12823821843.1100
2022-10-31,1179.4342500000,1179.4342500000,1207.3999465500,1164.5821150000,7184665,9758303070.6300
2022-11-01,1187.2971450000,1277.2923465500,1283.7486570000,1187.2971450000,11876648,16859775303.5000
2022-11-02,1275.5363000000,1285.9852138000,1315.7244300000,1254.5685800000,7977715,11717204099.4000
2022-11-03,1261.1821483500,1257.6263725000,1277.7204375000,1247.6667055000,4515970,6509550786.9200
2022-11-04,1256.2809438000,1324.9589633500,1334.7438993500,1256.2809438000,8000795,11996968945.3400
2022-11-07,1305.2842527500,1316.6941870500,1326.6276444000,1298.7667864500,4269835,6414049133.4400
2022-11-08,1317.4717400000,1297.2728364000,1326.1995534500,1283.3642488000,3932491,5842320995.4700
2022-11-09,1296.4603372500,1275.4489345000,1300.7674564000,1266.7997500000,3609016,5276777530.3900
2022-11-10,1261.5578200000,1288.6411250000,1297.3776750000,1253.8259732500,3771967,5518325849.4500
2022-11-11,1334.9448400000,1335.0758882500,1349.3164647500,1306.0967519000,7394715,11252112275.0100
2022-11-14,1348.4864925000,1339.3131150000,1365.9858021500,1334.9448400000,5737015,8858049580.5600
2022-11-15,1338.4394600000,1387.3641400000,1396.9481353500,1328.8292550000,5631760,8858377894.3100
2022-11-16,1381.2485550000,1384.9615887500,1396.1006900000,1369.8910400000,2684776,4250886805.4900
2022-11-17,1389.5482775000,1369.0173850000,1394.6154765000,1356.6813764000,3057988,4793001162.4500
2022-11-18,1376.8802800000,1369.1309601500,1383.8695200000,1359.4071800000,2360871,3703793426.0300
2022-11-21,1346.6081342500,1327.9381269000,1346.6081342500,1309.1982271500,3909600,5917086070.3100
2022-11-22,1325.7190432000,1345.3850172500,1362.6746497000,1324.5570820500,2990062,4582790131.0100
2022-11-23,1334.9448400000,1353.2915950000,1360.2808350000,1328.8642012000,2217746,3428793051.7500
2022-11-24,1362.0281450000,1327.9468634500,1370.6598564000,1322.6961969000,2768738,4241974248.2800
2022-11-25,1328.4011640500,1329.7116465500,1338.4394600000,1319.2190500000,1862104,2833988373.4700
2022-11-28,1297.1854709000,1319.1142114000,1323.5873250000,1267.6734050000,4772321,7040991068.0200
2022-11-29,1371.2539418000,1396.9743450000,1397.8480000000,1355.0389050000,7342013,11587859175.7900
2022-11-30,1386.5953236000,1396.9743450000,1401.3426200000,1384.7431750000,3149730,5019450678.4200
2022-12-01,1450.2673000000,1424.7565740000,1467.7404000000,1424.7478374500,5135768,8480772923.0900
2022-12-02,1428.4259250000,1427.4474314000,1444.1429784500,1416.3694860000,2388390,3910860617.5900
2022-12-05,1457.2565400000,1454.5482095000,1466.8667450000,1440.6570950000,3612746,6018521303.7900
2022-12-06,1445.8990250000,1474.7296400000,1508.7148195000,1443.2780600000,4414748,7477917193.6500
2022-12-07,1465.8270955500,1471.2350200000,1502.6866000000,1459.0300596500,3552626,6012253044.6800
2022-12-08,1469.4877100000,1473.8734581000,1480.8452250000,1454.6355750000,1972956,3323420876.5500
2022-12-09,1478.2242600000,1511.4231500000,1511.4231500000,1469.4877100000,3921526,6716944492.7700
2022-12-12,1499.0696683000,1519.3035181000,1542.8747300000,1498.3183250000,3475517,6063957619.1000
2022-12-13,1517.5387350000,1528.8962500000,1538.2356219500,1511.4231500000,2138546,3735089151.7400
2022-12-14,1522.7806650000,1547.1294298500,1555.8048240000,1522.7806650000,2909840,5141262368.0000
2022-12-15,1576.9472750000,1561.2127484500,1586.5574800000,1555.1059000000,3063444,5497063389.6200
2022-12-16,1549.2087287500,1561.1079098500,1564.7161050000,1522.7806650000,3330266,5901587127.5400
2022-12-19,1571.5306140000,1548.9903150000,1571.5306140000,1537.7813213500,2498710,4447236355.7900
2022-12-20,1542.2893811500,1498.3183250000,1542.2893811500,1469.8808547500,4619840,7944120660.9600
2022-12-21,1506.1812200000,1519.2860450000,1519.2860450000,1500.6335107500,2281614,3948926226.8200
2022-12-22,1534.7497385000,1544.6220400000,1557.7268650000,1524.5279750000,2317534,4093861570.3000
2022-12-23,1530.9930220000,1547.2430050000,1556.8532100000,1524.5279750000,1731921,3063608408.7800
2022-12-26,1547.2430050000,1521.9594293000,1547.2430050000,1515.8088981000,2138380,3749121030.3900
2022-12-27,1537.7528540000,1533.3289390000,1545.8486184500,1526.6930665000,1790505,3109270166.2200
2022-12-28,1544.7249440400,1533.3289390000,1545.7159010000,1511.2182118300,2143790,3699948994.8100
2022-12-29,1519.1724110000,1520.9419770000,1528.0113931700,1505.0601221500,2241780,3844499655.3000
2022-12-30,1535.9832880000,1528.0202410000,1551.0157511700,1528.0202410000,2533312,4409544296.5200
2023-01-03,1531.7363296000,1530.6834378300,1538.1333106900,1509.4486458300,2603380,4487760230.8800
2023-01-04,1530.6745900000,1526.2595228300,1538.3722021000,1518.2876280000,2041575,3523582305.6800
2023-01-05,1536.8680710000,1593.4941830000,1593.4941830000,1533.3289390000,4794285,8541587088.5700
2023-01-06,1598.0242719600,1595.9450319100,1603.1383177000,1581.1072210000,2490375,4480838898.3500
2023-01-09,1623.5768050000,1629.0624596000,1636.8308543400,1599.5284030600,3097723,5684181146.5700
2023-01-10,1627.1690239800,1640.7858343500,1649.6779035000,1619.5952815000,2273173,4204783734.0400
2023-01-11,1642.1572480000,1632.3803958500,1645.6963800000,1625.2048057200,2272031,4201487772.7800
2023-01-12,1635.0789840000,1622.6920220000,1642.1572480000,1621.8072390000,1719317,3162637136.1100
2023-01-13,1631.6991129400,1669.5855210000,1670.4703040000,1628.0007200000,3193965,5969876222.2700
2023-01-16,1668.7007380000,1692.5014007000,1712.0551050000,1664.2768230000,3684826,7059982640.3600
2023-01-17,1692.7314442800,1688.1659640000,1701.4377090000,1676.6637850000,2129923,4068321408.7400
2023-01-18,1693.4746620000,1674.8942190000,1703.4727099000,1672.2398700000,2106293,4008665437.5800
2023-01-19,1674.4518275000,1663.5778444300,1674.4695231600,1651.0050780000,2343889,4401994436.6000
2023-01-20,1671.5231957700,1645.7052278300,1679.5393297500,1643.9268140000,2560875,4807356070.5000
2023-01-30,1689.0507470000,1670.4703040000,1689.0507470000,1663.3920400000,3592255,6799756571.4700
2023-01-31,1677.9909595000,1633.0970700800,1681.0434608500,1621.8691738100,3299068,6128311547.6500
2023-02-01,1641.2547693400,1632.3980915100,1644.8115970000,1602.6959262000,3397389,6244678924.6100
2023-02-02,1635.4152015400,1624.5589141300,1644.8115970000,1615.6137580000,2975886,5465509509.9800
2023-02-03,1610.3050600000,1608.5354940000,1615.6137580000,1588.7871374400,3494490,6324635031.3500
2023-02-06,1574.9137400000,1588.1854850000,1588.1854850000,1557.2180800000,4266095,7595739043.7100
2023-02-07,1599.7584466400,1589.9550510000,1600.3954904000,1581.7531125900,2432171,4373671735.4800
2023-02-08,1592.6182478300,1578.4528720000,1597.8915545100,1570.4898250000,1667577,2980574806.0200
2023-02-09,1573.1441740000,1608.5354940000,1618.9316942500,1570.4986728300,2975366,5401399087.9700
2023-02-10,1601.5457083000,1601.4572300000,1608.9690376700,1593.5384221500,1798451,3253859316.6500
2023-02-13,1601.4572300000,1642.4669220500,1658.5257335000,1601.4572300000,3814670,7058382497.5800
2023-02-14,1642.5642481800,1631.3540475700,1643.3959442000,1623.5768050000,1956576,3601769573.5600
2023-02-15,1631.3451997400,1628.8855030000,1641.5378999000,1624.2934792300,1817691,3351422210.8300
2023-02-16,1629.1863292200,1647.3066850600,1669.5855210000,1617.3833240000,3324595,6196915129.8100
2023-02-17,1636.9901152800,1610.9951907400,1657.1985590000,1610.3492991500,2644283,4880328952.3100
2023-02-20,1611.1898430000,1658.9681250000,1662.3303004000,1607.8276676000,2966869,5488800056.2200
2023-02-21,1658.0833420000,1651.8898610000,1658.0833420000,1637.7333330000,1875052,3491633509.9100
2023-02-22,1641.2813128300,1624.4615880000,1649.1470337000,1620.7454994000,2186916,4031016044.6700
2023-02-23,1628.0007200000,1608.5354940000,1635.7868104000,1597.2545107500,2188097,3983991207.9900
2023-02-24,1601.5545561300,1581.9920040000,1601.6253387700,1576.8425669400,2463461,4415621498.3900
2023-02-27,1573.5865655000,1601.8199910300,1605.8811450000,1570.5075206600,2206489,3978128676.1400
2023-02-28,1609.4202770000,1604.7663184200,1612.0834738300,1577.8335239000,2395181,4314877096.4900
2023-03-01,1604.1115790000,1626.7000889900,1635.0789840000,1595.4672490900,2445810,4475592194.7200
2023-03-02,1618.2681070000,1617.3833240000,1627.1070891700,1611.2783213000,1314419,2405292304.3000
2023-03-03,1627.7972199100,1608.5708853200,1629.4252206300,1594.8036618400,1619806,2946842659.1300
2023-03-06,1608.6947549400,1598.9267506200,1608.9778855000,1589.7515509100,2064586,3730079521.7200
2023-03-07,1597.9004023400,1582.2574389000,1607.2967978000,1581.9920040000,2278539,4101302455.8700
2023-03-08,1574.9314356600,1566.4375188600,1580.1693510200,1558.2090369600,2276370,4035787172.3300
2023-03-09,1564.2963440000,1566.0836056600,1579.3376550000,1539.5224200000,2761150,4881442709.8700
2023-03-10,1549.7593593100,1548.3702500000,1575.7985230000,1548.3702500000,2116082,3725139075.3700
2023-03-13,1549.2550330000,1558.9876460000,1570.4898250000,1547.4854670000,2056043,3626476291.1900
2023-03-14,1560.5625597400,1562.5267780000,1574.8075660400,1538.1952455000,2370492,4177289026.6900
2023-03-15,1573.4715437100,1549.1842503600,1579.2314810400,1548.4764239600,1921253,3392698489.5000
2023-03-16,1539.5224200000,1550.1309681700,1566.0659100000,1538.6464848300,1764624,3096791141.7400
2023-03-17,1566.0659100000,1541.2919860000,1571.2772818700,1535.9832880000,2702291,4744249368.6500
2023-03-20,1549.2550330000,1530.3206768000,1552.7941650000,1528.9050240000,2049093,3557872017.4100
2023-03-21,1535.0985050000,1570.4898250000,1580.0897205500,1525.3393485100,3114182,5491052283.5000
2023-03-22,1574.9137400000,1569.0299330500,1586.4159190000,1562.1286256500,1533026,2727648673.6700
2023-03-23,1562.5267780000,1570.3659553800,1584.7436791300,1561.6508428300,1735566,3082821550.7300
2023-03-24,1565.2519096400,1573.6927394600,1578.0989588000,1562.5267780000,1276996,2269649178.7100
2023-03-27,1573.6750438000,1564.1105395700,1573.6750438000,1553.6789480000,1529555,2700755932.7000
2023-03-28,1566.0659100000,1576.5063494000,1583.7615700000,1561.6596906600,1726135,3073113077.2600
2023-03-29,1591.7246170000,1583.7615700000,1592.6094000000,1579.3995898100,1539299,2761909332.8300
2023-03-30,1586.4159190000,1592.6094000000,1597.0333150000,1574.0289570000,1925701,3453573052.0600
2023-03-31,1614.7289750000,1610.3050600000,1635.0789840000,1609.4202770000,2744633,5024790356.0500
2023-04-03,1614.7289750000,1594.4409008100,1617.1798239100,1592.6801826400,2141743,3875811672.6600
2023-04-04,1603.2267960000,1605.5183839700,1606.0315581100,1581.1072210000,2006626,3614275263.4600
2023-04-06,1597.0333150000,1589.9196596800,1606.6774497000,1582.1866562600,1487422,2676251955.7200
2023-04-07,1588.1854850000,1584.6375051700,1597.9269458300,1582.2928302200,1352468,2428160574.1500
2023-04-10,1584.5401790400,1567.5700411000,1584.5401790400,1543.0615520000,2941822,5171150567.2900
2023-04-11,1586.4159190000,1544.3887265000,1586.4159190000,1543.0615520000,2920919,5138854627.3600
2023-04-12,1545.9459445800,1498.9108803000,1548.3702500000,1497.7783580600,5110492,8732657375.7500
2023-04-13,1495.2832700000,1524.4811090000,1525.0031309700,1489.9834198300,2954268,5049310126.1300
2023-04-14,1527.1354580000,1516.0048878600,1533.3289390000,1508.3780584000,2123162,3646526766.4800
2023-04-17,1539.5224200000,1551.0245990000,1551.0245990000,1528.9050240000,3046723,5303401394.5500
2023-04-18,1551.0245990000,1555.4485140000,1565.1811270000,1544.8488136600,1831389,3220107647.2100
2023-04-19,1558.9876460000,1556.3332970000,1562.0843865000,1548.3702500000,1460056,2568632844.6900
2023-04-20,1557.3154061300,1541.1858120400,1561.6419950000,1529.7898070000,1988537,3468366834.7900
2023-04-21,1544.8311180000,1526.6665230100,1546.6714666400,1522.9592822400,1851787,3210937221.6200
2023-04-24,1522.7115430000,1508.5550150000,1523.5963260000,1505.0158830000,2023091,3456728717.8900
2023-04-25,1509.4397980000,1531.0108075400,1535.9655923400,1505.9006660000,2058251,3534989916.7600
2023-04-26,1543.0615520000,1542.9819215300,1558.1028630000,1521.8267600000,2789160,4861477657.1700
2023-04-27,1546.6006840000,1555.3777313600,1566.0659100000,1530.6745900000,2560504,4489906863.5700
2023-04-28,1559.8812768300,1557.6781671600,1577.3645889100,1551.8828385100,2622464,4636084177.0900
2023-05-04,1565.1811270000,1548.2817717000,1572.8521956100,1535.9832880000,2746642,4818999650.4800
2023-05-05,1562.5267780000,1548.3702500000,1562.5267780000,1536.3283533700,2071421,3621305973.0100
2023-05-08,1564.5794745600,1522.2868471600,1565.1811270000,1519.3228241100,3317126,5742915994.0000
2023-05-09,1517.4028450000,1523.5963260000,1539.5047243400,1510.3865158100,2937796,5057346564.0200
2023-05-10,1517.5709537700,1526.2506750000,1535.9832880000,1517.4028450000,2077260,3588550877.4900
2023-05-11,1531.5593730000,1519.2343458100,1535.0985050000,1517.4028450000,1524612,2623835905.1800
2023-05-12,1517.4028450000,1509.7937112000,1530.5684160400,1508.5638628300,1946045,3335038590.3800
2023-05-15,1505.9006660000,1518.5530629000,1519.1724110000,1496.3450096000,2574018,4384647977.0500
2023-05-16,1516.5092141700,1507.0420360700,1521.8179121700,1501.4767510000,2222377,3785811907.3400
2023-05-17,1511.2093640000,1505.0158830000,1515.6332790000,1503.2551648300,1677691,2858697941.9300
2023-05-18,1508.5461671700,1496.1680530000,1508.9089282000,1495.2832700000,1921928,3260170684.3300
2023-05-19,1478.4723930000,1503.6887085000,1507.9622103900,1464.8024956500,2674116,4504022548.8800
2023-05-22,1495.2921178300,1544.8311180000,1550.1398160000,1495.2832700000,4128432,7165754128.6800
2023-05-23,1551.9005341700,1525.8525226500,1551.9093820000,1525.8525226500,1689421,2934118393.7800
2023-05-24,1532.7361343900,1513.7752347000,1533.8155696500,1513.0762561300,1847927,3182416490.6900
2023-05-25,1509.4309501700,1505.0158830000,1512.9789300000,1495.2832700000,2246560,3814504092.8300
2023-05-26,1505.9006660000,1495.7787484800,1508.5550150000,1482.0203728300,1829110,3090691545.8400
2023-05-29,1501.4767510000,1494.3984870000,1502.6712080500,1484.6658740000,1777141,2998147158.8300
2023-05-30,1494.3984870000,1476.0746310700,1503.1489908700,1467.4656924800,2645340,4424706687.6300
2023-05-31,1469.6334108300,1441.2230287000,1473.8007387600,1439.2499626100,3695697,6053737281.2800
2023-06-01,1431.5788940000,1447.4342053600,1482.0026771700,1431.5788940000,2864525,4708722933.1700
2023-06-02,1455.4680350000,1478.1184798000,1480.3746764500,1447.6023141300,2505802,4163116244.4500
2023-06-05,1474.1900432800,1473.1636950000,1488.9836150400,1471.3941290000,1620050,2704294313.2500
2023-06-06,1477.5876100000,1474.9244131700,1489.9745720000,1461.2633636500,1991392,3326778182.8300
2023-06-07,1480.2331111700,1460.6882547000,1485.3737004000,1459.8919500000,1788964,2971782063.8700
2023-06-08,1465.0502348900,1475.8180440000,1482.0115250000,1459.9007978300,1470272,2441569676.5800
2023-06-09,1479.3483281700,1474.0484780000,1484.6393305100,1474.0484780000,1758041,2938014322.0900
2023-06-12,1474.0661736600,1500.5919680000,1511.2093640000,1470.0846501600,2702944,4562308598.8500
2023-06-13,1498.7162280400,1503.2463170000,1508.2099496300,1490.8593550000,1466254,2485398902.4400
2023-06-14,1520.9419770000,1527.9140670400,1534.4260699200,1509.6256024300,3150580,5438040355.8500
2023-06-15,1530.9754162200,1552.7941650000,1553.3692739500,1524.4811090000,2522257,4395900801.5100
2023-06-16,1554.5637310000,1590.5655512700,1592.6094000000,1548.4587283000,3791789,6742301360.9600
2023-06-19,1583.7615700000,1543.0615520000,1590.7955948500,1537.7528540000,3169992,5584248724.9300
2023-06-20,1539.5224200000,1542.5837691800,1561.6419950000,1535.0985050000,2094674,3659824529.0300
2023-06-21,1539.5224200000,1535.8328748900,1554.2098178000,1535.0985050000,1772061,3088635933.9800
2023-06-26,1521.9240861300,1512.0941470000,1530.6745900000,1499.7071850000,2399268,4098619509.8400
2023-06-27,1512.9700821700,1513.9079521500,1521.5613251000,1504.2107304700,1517446,2598138743.7800
2023-06-28,1515.7925399400,1529.2412415400,1534.2137220000,1513.8637130000,1857356,3199294221.2100
2023-06-29,1531.5593730000,1516.2614749300,1535.0896571700,1515.6421268300,1423116,2446524133.5200
2023-06-30,1527.2222000000,1519.1369060000,1535.2985103400,1515.0762916800,2045869,3472586730.4900
2023-07-03,1526.3238340000,1548.8728206000,1549.9328924800,1520.0352720000,1913909,3286737792.2800
2023-07-04,1548.9626572000,1554.7121996000,1558.1619250400,1543.4646572800,1247238,2155553634.6600
2023-07-05,1554.1731800000,1541.0390690800,1555.9429610200,1527.2222000000,1474539,2523960724.5100
2023-07-06,1535.4512325600,1529.8993306800,1556.8682780000,1527.2222000000,1514062,2589459002.0500
2023-07-07,1528.1205660000,1518.2654909800,1535.2985103400,1518.2385400000,1516742,2571458552.9600
2023-07-10,1531.7140300000,1528.0307294000,1540.6617553600,1527.2222000000,1347741,2298241728.0300
2023-07-11,1536.2058600000,1536.2058600000,1540.8504122200,1529.1087686000,1258270,2151079269.9100
2023-07-12,1538.9368926400,1539.6196508000,1547.8846180000,1537.4006867800,1328467,2280785350.6200
2023-07-13,1546.9772683400,1561.7194544000,1568.0170000600,1544.3001376600,2580654,4479772500.3600
2023-07-14,1577.5306960000,1574.8355980000,1579.7766110000,1564.2348792000,1855030,3245530255.3300
2023-07-17,1573.0388660000,1554.1462290200,1573.0388660000,1551.1187356000,1433648,2482069845.8500
2023-07-18,1557.3893302800,1547.7049448000,1558.2248106600,1546.0878860000,1473765,2544005062.8800
2023-07-19,1540.7066736600,1547.8846180000,1552.3764480000,1539.6196508000,1248322,2147704434.6900
2023-07-20,1552.3674643400,1548.7829840000,1571.2241666800,1546.9862520000,1669265,2897176490.4100
2023-07-21,1555.8621080800,1591.2756958000,1592.3537350000,1550.5797160000,3937740,6931535725.8300
2023-07-24,1572.6076503200,1591.1409409000,1591.1409409000,1572.6076503200,1971337,3476648177.4400
2023-07-25,1617.0588000000,1642.7071493000,1643.0036100800,1617.0498163400,4308646,7837450018.6600
2023-07-26,1642.7071493000,1642.7071493000,1649.3909923400,1630.6061592800,1961145,3580171484.2900
2023-07-27,1649.3999760000,1651.2236589800,1666.2802731400,1642.8419042000,2034043,3749635290.0900
2023-07-28,1645.8065120000,1704.2003020000,1706.8954000000,1642.2220316600,3901792,7330314112.2400
2023-07-31,1714.0823280000,1689.4491322800,1738.3382100000,1683.5378840000,4537861,8615279839.3400
2023-08-01,1687.1403316600,1697.0133740000,1713.1390437000,1687.0325277400,1923062,3635857283.1500
2023-08-02,1691.9825244000,1688.9280800000,1697.9117400000,1677.0696488000,1850872,3478674238.7200
2023-08-03,1679.9444200000,1687.5535800200,1697.9117400000,1662.4262830000,2154347,4031087705.2100
2023-08-04,1695.9533021200,1701.0290700200,1712.7527463200,1690.7248120000,2457364,4655813751.3300
2023-08-07,1689.7815277000,1696.0521223800,1705.0986680000,1680.8697369800,2389245,4491893139.8300
2023-08-08,1688.9550309800,1697.9117400000,1701.2446778600,1674.6260932800,1773618,3333559504.8700
2023-08-09,1697.9117400000,1698.1632824800,1711.3872300000,1691.5872433600,1852346,3506306394.3100
2023-08-10,1690.7248120000,1684.4362500000,1697.0133740000,1673.0270018000,1843619,3454219139.5400
2023-08-11,1693.4199100000,1647.6032440000,1693.7792564000,1647.4954400800,2678649,4959166750.5700
2023-08-14,1626.0424600000,1619.7538980000,1639.4999826800,1613.4653360000,2373119,4285362052.5200
2023-08-15,1625.1440940000,1628.7195906800,1633.2293880000,1617.9661496600,1481799,2682125118.6900
2023-08-16,1623.8684142800,1635.0261200000,1638.0356461000,1622.4489960000,1318431,2396261790.6400
2023-08-17,1622.5208652800,1642.2579663000,1647.6032440000,1618.4512673000,1729037,3141408018.0700
2023-08-18,1645.7975283400,1619.3855679400,1648.4926263400,1619.3855679400,1702334,3084761576.7700
2023-08-21,1610.7702380000,1608.9735060000,1629.6269403400,1608.1380256200,1891181,3405415644.5200
2023-08-22,1617.9481823400,1606.2784080000,1619.3586169600,1591.0241533200,2665036,4763131152.4500
2023-08-23,1614.3637020000,1593.7012840000,1617.0588000000,1590.1796892800,1991222,3556178583.8200
2023-08-24,1598.7501009200,1631.7021658000,1642.2130480000,1594.5996500000,2605509,4703417599.8500
2023-08-25,1624.9554371400,1639.4999826800,1650.9900838200,1622.4579796600,1883086,3433296756.2900
2023-08-28,1705.6197202800,1648.4746590200,1705.6197202800,1645.6987080800,4105213,7633221011.5000
2023-08-29,1642.2130480000,1663.1719267800,1679.1179232800,1642.2130480000,2895028,5371260173.3300
2023-08-30,1678.0578514000,1667.3672960000,1678.1476880000,1656.2814595600,1981181,3672570259.6800
2023-08-31,1670.9607600000,1659.2820020000,1670.9607600000,1653.9007896600,1482022,2738445519.0900
2023-09-01,1664.5194757800,1662.9203843000,1675.8748220200,1658.4105869800,1314519,2438622738.3800
2023-09-04,1673.2965116000,1676.3509560000,1688.8741780400,1665.1483319800,2387100,4453823216.3800
2023-09-05,1678.1476880000,1669.7928842000,1678.1476880000,1668.0859888000,1565874,2915625960.9600
2023-09-06,1669.1640280000,1671.8591260000,1676.9438775600,1661.0877176600,1112143,2067605990.0000
2023-09-07,1664.3128516000,1651.1967080000,1668.1668417400,1645.0788355400,1698157,3128587115.7200
2023-09-08,1648.4477080400,1633.6785710000,1648.4477080400,1630.4893717000,1221178,2224338143.8500
2023-09-11,1624.2457280000,1636.9755742200,1652.9934400000,1624.2457280000,1592600,2902617736.3700
2023-09-12,1640.9553356000,1634.9901853600,1641.2967146800,1631.4506233200,1216801,2214514112.2200
2023-09-13,1643.9379107200,1634.9452670600,1643.9379107200,1617.1037183000,1950143,3540583633.3600
2023-09-14,1637.2989859800,1633.8492605400,1641.2967146800,1622.4489960000,1750459,3180447848.4400
2023-09-15,1634.1277540000,1600.8792283400,1634.8284794800,1600.2593558000,2843146,5105749077.0900
2023-09-18,1595.7765094600,1643.2910872000,1643.5605970000,1592.8029180000,3255892,5905120999.6600
2023-09-19,1637.0025252000,1641.2607800400,1643.1114140000,1624.2457280000,1498950,2727858952.9500
2023-09-20,1636.8228520000,1638.6195840000,1644.0097800000,1633.2743063000,1250178,2281583949.3500
2023-09-21,1633.2383716600,1615.6124307400,1636.8228520000,1615.6124307400,1948919,3521486754.5200
2023-09-22,1622.1166005800,1661.0787340000,1661.9411653600,1610.2402020600,3439046,6287832574.8300
2023-09-25,1659.7311850000,1646.1478910800,1660.1803680000,1640.9463519400,1397913,2565773541.0400
2023-09-26,1642.2130480000,1631.4326560000,1648.3938060800,1628.8273946000,1576196,2870852363.4700
2023-09-27,1630.5342900000,1629.6359240000,1647.1540610000,1619.5742248000,2087994,3791876118.5000
2023-09-28,1639.4999826800,1615.7561693000,1639.4999826800,1615.0823948000,2053784,3704812959.8400
2023-10-09,1614.3098000400,1596.3963820000,1614.3098000400,1585.5261534000,2976268,5279950405.9700
2023-10-10,1601.6877577400,1590.1078200000,1616.1424666800,1588.3110880000,2028392,3615557182.2300
2023-10-11,1603.2688819000,1597.7439310000,1603.2688819000,1588.3110880000,2194486,3896568648.2600
2023-10-12,1615.1722314000,1604.4816760000,1615.4686921800,1596.5760552000,1486507,2657095942.1600
2023-10-13,1590.8983820800,1573.0388660000,1597.3037316600,1561.5307975400,2502788,4387687934.1000
2023-10-16,1573.0208986800,1554.0833434000,1577.5306960000,1547.3905167000,2078965,3603604610.3900
2023-10-17,1562.2584740000,1550.5797160000,1562.6537550400,1541.5960560000,1494523,2577312288.0100
2023-10-18,1544.1114808000,1552.3764480000,1564.9535720000,1542.6561278800,2031750,3511987514.2000
2023-10-19,1527.2222000000,1464.3365800000,1527.2491509800,1460.7700669800,7349237,12146921769.3400
2023-10-20,1464.3365800000,1477.8120700000,1486.7957300000,1451.9840475000,4537601,7421390806.3800
2023-10-23,1464.3096290200,1476.8957366800,1491.2875600000,1456.7903056000,2523423,4138279588.3500
2023-10-24,1480.5071680000,1475.9704197000,1485.3224097600,1456.4399428600,2986146,4894807616.6800
2023-10-25,1500.3700402600,1507.0089650000,1525.4254680000,1497.5940893200,3617898,6075417064.2100
2023-10-26,1497.5761220000,1502.2745761800,1516.4418080000,1493.0932756600,2238635,3741418873.6700
2023-10-27,1494.8810240000,1506.2992558600,1519.9274680800,1491.8265796000,3426239,5754795486.1100
2023-10-30,1499.3728540000,1510.1532460000,1517.2323700800,1499.3728540000,2408642,4050573178.4000
2023-10-31,1509.2548800000,1513.3693962800,1518.2385400000,1498.3397331000,1985877,3335804698.6500
2023-11-01,1661.9771000000,1599.9808623400,1661.9771000000,1593.5126271400,9314308,16747292689.4000
2023-11-02,1612.5669700000,1598.6422970000,1612.5669700000,1595.5519179600,2790764,4982090752.5800
2023-11-03,1599.0914800000,1627.1564338400,1630.4354697400,1593.7012840000,3017600,5433116880.7200
2023-11-06,1635.0261200000,1627.8391920000,1638.4309271400,1618.0649699200,2552392,4624102375.0900
2023-11-07,1621.5506300000,1609.1262282200,1626.0424600000,1602.7568132800,1958159,3511590028.4100
2023-11-08,1602.7298623000,1615.5675124400,1620.4725908000,1601.6697904200,1454567,2610041958.5000
2023-11-09,1608.1739602600,1611.7674242600,1616.1604340000,1601.7865780000,1280048,2291996819.2800
2023-11-10,1599.5855813000,1595.3542774400,1606.2784080000,1592.8927546000,1646557,2928380667.6600
2023-11-13,1592.1560944800,1584.7176240000,1603.4755060800,1578.4110946800,1836995,3244573620.5700
2023-11-14,1584.7176240000,1585.8585488200,1594.5906663400,1581.1331436600,1281675,2263963956.5800
2023-11-15,1598.1931140000,1592.7400323800,1601.6877577400,1587.4127220000,1843486,3271230274.5200
2023-11-16,1593.7012840000,1581.1690783000,1595.4980160000,1581.1690783000,1255757,2215937272.6400
2023-11-17,1573.9372320000,1575.2129117200,1580.2257940000,1561.2702714000,2171363,3793781119.2400
2023-11-20,1576.6323300000,1583.3700750000,1589.6586370000,1560.1562975600,1860804,3265514009.9600
2023-11-21,1602.1638917200,1608.0751400000,1615.2620680000,1590.1976566000,3009845,5383107809.5500
2023-11-22,1602.0560878000,1600.4480126600,1611.9830321000,1599.5765976400,1266457,2263460167.1500
2023-11-23,1597.5642578000,1604.4816760000,1606.2784080000,1591.0061860000,1154964,2055272192.8000
2023-11-24,1607.1767740000,1596.3963820000,1607.1767740000,1594.5996500000,1308540,2329345658.1000
2023-11-27,1593.0724278000,1583.8192580000,1593.0724278000,1576.6323300000,1626074,2865075216.8100
2023-11-28,1582.0225260000,1589.2453886400,1593.5934800800,1579.3274280000,1451976,2562905659.3300
2023-11-29,1588.3110880000,1594.3391238600,1595.4980160000,1579.3274280000,1714933,3034175613.9400
2023-11-30,1596.1448395200,1609.4226890000,1612.3513621600,1591.0780552800,2135342,3817513544.9500
2023-12-01,1607.4552674600,1581.3757024800,1607.8056302000,1570.3437680000,3305131,5830850111.1200
2023-12-04,1581.3757024800,1572.7783398600,1582.7681697800,1567.9002124800,1844047,3233102118.3700
2023-12-05,1571.0444934800,1535.3074940000,1571.1343300800,1534.4270953200,2990301,5168983316.9000
2023-12-06,1529.5849025800,1529.9172980000,1544.7133860200,1528.2373535800,2385129,4078003021.8000
2023-12-07,1530.8156640000,1527.2222000000,1535.3793632800,1515.8129518000,2504150,4249170905.9400
2023-12-08,1527.2222000000,1531.6421607200,1535.1637554400,1520.2329125200,2628801,4474160126.2900
2023-12-11,1518.2385400000,1525.4254680000,1530.8156640000,1488.5924620000,3683098,6172810248.1300
2023-12-12,1516.0824616000,1536.1968763400,1536.1968763400,1512.8483440000,2101066,3564305866.1400
2023-12-13,1531.9116705200,1491.2875600000,1532.3608535200,1488.6643312800,3878870,6480807499.5700
2023-12-14,1496.6418213600,1469.6369394000,1500.1544324200,1468.8463773200,4067215,6703240106.6200
2023-12-15,1480.7137921800,1477.8120700000,1507.2515238200,1476.9226876600,3709251,6140791726.4500
2023-12-18,1473.3202400000,1493.0842920000,1494.2791187800,1468.8284100000,1989734,3292194756.9000
2023-12-19,1495.7793900000,1504.7630500000,1509.1380924200,1477.8929229400,2220676,3706057587.1700
2023-12-20,1506.6809720000,1499.2202658600,1508.4984400000,1493.0499620000,2309203,3816133219.4600
2023-12-21,1490.3328473400,1517.5857800000,1519.6940428800,1490.3328473400,2901168,4827827888.4400
2023-12-22,1517.3131598000,1518.1764571000,1525.8552594000,1506.6900593400,2166684,3613238325.1400
2023-12-25,1518.4945140000,1519.4032480000,1525.4008924000,1515.7683120000,1247106,2086014389.7800
2023-12-26,1519.8576150000,1517.5857800000,1522.0385766000,1506.2266050000,1477126,2457177339.1000
2023-12-27,1515.7683120000,1514.9141020400,1524.0832281000,1509.4071740000,1605550,2679221364.5200
2023-12-28,1518.4854266600,1567.5570626600,1570.2832646600,1514.9141020400,3833806,6537401379.7700
2023-12-29,1563.0224800000,1568.4748840000,1589.9028317200,1563.0224800000,2753868,4768857531.4600
2024-01-02,1558.4788100000,1531.2258773400,1561.3776714600,1524.9465254000,3215644,5440082548.0800
2024-01-03,1527.6818147400,1539.3953960000,1540.5040514800,1523.3380662200,2022929,3411400667.3300
2024-01-04,1538.4866620000,1516.6770460000,1538.4866620000,1511.1610306200,2155107,3603970147.1300
2024-01-05,1509.7070562200,1511.5517862400,1525.4554164400,1501.3285287400,2024286,3373155626.7000
2024-01-08,1509.4071740000,1493.9496086600,1510.3159080000,1490.3328473400,2558620,4211918629.1400
2024-01-09,1491.2415813400,1491.2324940000,1501.5193628800,1485.8437013800,2441204,4009826495.9800
2024-01-10,1491.3233674000,1491.6868610000,1508.0077236400,1488.5062920000,1735067,2856120717.9500
2024-01-11,1490.4146334000,1496.2941423800,1506.6264479600,1488.5608160400,1644055,2708764500.3700
2024-01-12,1490.2964979800,1493.1044860400,1500.5561048400,1489.7785196000,1160324,1908084612.3900
2024-01-15,1485.7800900000,1490.3237600000,1503.9275079800,1485.2802863000,1785403,2931202342.5900
2024-01-16,1488.9606590000,1489.8057816200,1496.6848980000,1476.6382259600,2590314,4236042959.7900
2024-01-17,1481.2364200000,1433.0735180000,1486.2162823200,1433.0735180000,5163276,8251735591.3900
2024-01-18,1430.3473160000,1463.8523385800,1465.6061952000,1413.5811737000,6043981,9566349513.7400
2024-01-19,1462.0348705800,1485.7800900000,1488.5153793400,1454.7740859200,4637843,7550144389.1500
2024-01-22,1480.3276860000,1492.1412280000,1493.0499620000,1471.1312979200,4694589,7678297835.8100
2024-01-23,1483.0629753400,1471.2403460000,1490.2783233000,1462.1530060000,3483490,5659457114.7400
2024-01-24,1480.3276860000,1477.6014840000,1484.7259585600,1457.2094930400,3321635,5373603703.0100
2024-01-25,1478.3466458800,1488.5062920000,1491.2324940000,1473.9665480000,3120580,5094508164.9200
2024-01-26,1481.5635642400,1487.8883528800,1494.0495694000,1474.8752820000,2695475,4402111882.2900
2024-01-29,1490.5963802000,1499.4111000000,1509.0255057200,1490.5872928600,3142068,5189014946.0700
2024-01-30,1499.3929253200,1465.7879420000,1499.3929253200,1463.0617400000,3086633,5010784454.2400
2024-01-31,1465.7879420000,1458.4362839400,1472.1218179800,1452.2750674200,2964912,4770104890.5900
2024-02-01,1458.9724370000,1463.0890020200,1475.6840552600,1454.8831340000,2648515,4272298575.7600
2024-02-02,1467.6054100000,1450.3394640000,1479.2190305200,1436.7084540000,3938202,6336691193.6600
2024-02-05,1450.3394640000,1481.2455073400,1487.9974009600,1449.6579135000,5313036,8590683070.9800
2024-02-06,1481.2455073400,1523.0381840000,1531.6529823200,1477.6923574000,5247204,8740646588.3800
2024-02-07,1527.6091160200,1554.8347866600,1558.1062290600,1509.9615017400,5260107,8899606866.7100
2024-02-08,1563.0315673400,1550.3002040000,1567.5661500000,1531.2167900000,4675654,7953438044.0100
2024-02-19,1579.2615565800,1540.6948856200,1579.3160806200,1533.9429920000,3697744,6288277979.6200
2024-02-20,1542.4487422400,1517.5857800000,1542.4487422400,1505.3723950400,3447007,5755266893.4600
2024-02-21,1513.9690186800,1560.8960424400,1573.0185540000,1510.3159080000,4615407,7868784081.7000
2024-02-22,1551.6633050000,1561.5503309200,1565.7577693400,1545.3294290200,2279361,3905984694.8400
2024-02-23,1554.9438347400,1557.6518620600,1567.0027349200,1544.8659746800,2730589,4670706949.8900
2024-02-26,1552.1176720000,1540.2859553200,1552.7901351600,1531.2349646800,2731832,4625594409.3900
2024-02-27,1529.3993220000,1535.3060930000,1538.4139632800,1524.8556520000,2207985,3718478357.6300
2024-02-28,1534.7790272800,1528.0816577000,1541.7308423800,1521.2298033400,3186731,5371312846.9600
2024-02-29,1528.0816577000,1540.3041300000,1541.6672310000,1525.9461328000,2475833,4184917973.1200
2024-03-01,1535.7604600000,1531.2713140400,1540.2768679800,1523.6561231200,2686796,4526845398.1500
2024-03-04,1525.7643860000,1523.3108042000,1527.5727666600,1517.6312167000,2648477,4434401015.2500
2024-03-05,1518.3218545400,1540.3950034000,1542.1215980000,1514.5687831200,3623837,6102136582.1200
2024-03-06,1536.6691940000,1527.1729237000,1540.3041300000,1524.8738266800,2214248,3725582802.2300
2024-03-07,1526.6731200000,1529.9718244200,1535.5787132000,1524.8556520000,2159912,3633934773.8600
2024-03-08,1527.1820110400,1518.8852696200,1532.7434631200,1517.6312167000,2215623,3710678521.7300
2024-03-11,1522.1294500000,1539.8406756600,1543.8300179200,1520.4755541200,2989509,5048394347.3700
2024-03-12,1539.3408719600,1585.7408300000,1589.4666394000,1536.2148270000,5422654,9393309052.2000
2024-03-13,1581.1698979800,1569.7925483000,1588.4670320000,1563.1133534000,2649954,4588879420.4700
2024-03-14,1562.1137460000,1559.9600464200,1576.5080925600,1555.2982410000,1940479,3338768307.9000
2024-03-15,1556.2069750000,1560.7415576600,1574.2907816000,1555.7526080000,1783358,3066692399.0500
2024-03-18,1558.4788100000,1552.3539428400,1562.8861699000,1543.9390660000,2605501,4446059129.6100
2024-03-19,1547.5740020000,1552.1358466800,1562.9679559600,1538.5866227400,2394753,4093701260.6800
2024-03-20,1547.9011462400,1553.5716464000,1557.2792811200,1545.0568088200,1524925,2604543856.3700
2024-03-21,1552.2085454000,1553.0264060000,1562.1137460000,1548.9371030000,1659597,2839332631.3500
2024-03-22,1549.4187320200,1546.0745909000,1553.0173186600,1533.9429920000,2545614,4318592818.2200
2024-03-25,1543.5210483600,1534.8608133400,1543.7300571800,1527.2001857200,2447285,4131446236.9500
2024-03-26,1533.4522756400,1553.2899388600,1556.4795952000,1533.4522756400,2806907,4782899074.3400
2024-03-27,1549.3914700000,1545.7565340000,1555.7526080000,1543.9390660000,1811258,3087792980.3900
2024-03-28,1540.3041300000,1546.3381237600,1561.2050120000,1538.6684088000,2464218,4201857059.1800
2024-03-29,1546.3381237600,1547.4831286000,1554.8347866600,1543.1212054000,1345655,2290584417.1200
2024-04-01,1553.9260526600,1564.2310962200,1575.7447560000,1552.7537858000,2713137,4679371034.9500
2024-04-02,1564.8399480000,1557.5609886600,1567.5570626600,1549.4369067000,2544925,4360973684.1100
2024-04-03,1575.7447560000,1558.5787707400,1580.6882689600,1553.9533146800,2904580,5002390041.8300
2024-04-08,1540.3041300000,1514.5506084400,1541.2128640000,1510.8611484000,5916659,9907355766.2800
2024-04-09,1509.1072917800,1510.5158294800,1520.3119820000,1507.0899023000,2558982,4256226332.6000
2024-04-10,1510.5612661800,1497.5754573200,1513.0330226600,1494.8674300000,2763050,4562853879.7200
2024-04-11,1490.4237207400,1497.5936320000,1499.4111000000,1485.4983824600,2276624,3736417594.6500
2024-04-12,1500.3198340000,1484.8986180200,1512.1333760000,1484.8986180200,2674433,4403968129.4500
2024-04-15,1485.7891773400,1520.2938073200,1522.6837777400,1485.7619153200,3581771,5960815531.8000
2024-04-16,1513.4873896600,1517.5857800000,1526.2732770400,1507.5897060000,2626623,4382796962.2600
2024-04-17,1515.7683120000,1514.8595780000,1522.3111968000,1506.6809720000,2481911,4130322017.8100
2024-04-18,1507.5987933400,1518.2945925200,1529.3811473200,1506.8445441200,2656841,4445487745.1500
2024-04-19,1509.2072525200,1496.3577537600,1516.2226790000,1491.4869395200,2349992,3879233241.8200
2024-04-22,1503.0460360000,1522.1839740400,1525.6553379200,1494.8674300000,2995139,5001684634.6500
2024-04-23,1522.1294500000,1537.8323735200,1540.3041300000,1522.1294500000,2497995,4217855278.9600
2024-04-24,1542.1034233200,1539.0319024000,1544.7660139400,1529.6992042200,1708643,2893555635.0000
2024-04-25,1536.0603422200,1538.5230113600,1540.8493704000,1528.7177715000,1447648,2447183878.8400
2024-04-26,1539.3953960000,1553.4171616200,1557.5700760000,1539.3772213200,3099592,5290248521.3500
2024-04-29,1542.0761613000,1548.4827360000,1570.2923520000,1539.2318238800,4133223,7072096590.1200
2024-04-30,1549.4005573400,1549.3914700000,1572.0007719200,1549.3914700000,3075989,5273902374.3400
2024-05-06,1575.7174939800,1599.5535868000,1603.9155100000,1569.3836180000,5990949,10504351711.5100
2024-05-07,1604.6334098600,1608.4591800000,1615.5473052000,1596.3548431200,2492452,4413196426.0200
2024-05-08,1608.1774724600,1602.9795139800,1608.4319179800,1595.4370217800,1476909,2603293863.2300
2024-05-09,1597.5543720000,1595.7369040000,1603.8973353200,1590.2845000000,2238734,3929804849.3600
2024-05-10,1600.3714474000,1580.2702513200,1606.5326639200,1575.7356686600,2620661,4571398242.2500
2024-05-13,1573.9454626800,1550.3002040000,1574.5270524400,1545.9564554800,3766212,6435415673.6000
2024-05-14,1550.2911166600,1546.6470933200,1556.9067001800,1544.8568873400,2127417,3623282672.0700
2024-05-15,1547.1923337200,1544.8478000000,1552.1176720000,1543.5664850600,1573876,2677203002.2700
2024-05-16,1549.3914700000,1548.9371030000,1553.8260919200,1535.7604600000,2967954,5048754768.5600
2024-05-17,1544.8568873400,1558.4788100000,1559.9146097200,1544.8478000000,2892388,4936920634.1700
2024-05-20,1561.1959246600,1553.0264060000,1574.8269346600,1552.2176327400,3142572,5401389334.8700
2024-05-21,1552.1176720000,1549.3914700000,1553.6897818200,1543.1757294400,1629339,2776847499.0000
2024-05-22,1547.5740020000,1542.7667991400,1553.8987906400,1536.6691940000,2028568,3443977766.9600
2024-05-23,1544.8478000000,1537.5870153400,1550.6455229200,1535.8331587200,1888497,3199923320.0800
2024-05-24,1538.4866620000,1524.0196167200,1540.3041300000,1523.9469180000,2021663,3401323914.9500
2024-05-27,1524.8556520000,1517.6948280800,1533.4431883000,1515.7773993400,2509791,4199001866.3400
2024-05-28,1517.9492736000,1512.7149657600,1522.2839347800,1511.2246420000,2352087,3923020375.1400
2024-05-29,1513.9508440000,1521.2207160000,1526.6731200000,1513.0421100000,1965128,3289173344.7000
2024-05-30,1522.1294500000,1498.5023660000,1522.4747689200,1498.5023660000,3220792,5333306808.3600
2024-05-31,1499.8654670000,1498.0025623000,1511.6790090000,1498.0025623000,2185665,3617654788.0200
2024-06-03,1499.4111000000,1489.7694322600,1500.2471352800,1485.8800507400,3026105,4966041477.4400
2024-06-04,1490.7781270000,1502.3190488000,1504.8635040000,1487.1886277000,2084108,3432497302.9800
2024-06-05,1501.2285680000,1493.9586960000,1507.2989111200,1493.0772240200,1905557,3140824328.0400
2024-06-06,1493.6497264400,1490.1511005400,1501.2194806600,1486.6070379400,2561005,4205700983.2300
2024-06-07,1495.8942994200,1471.4039181200,1495.9397361200,1471.2494333400,3352455,5453120695.4600
2024-06-11,1456.6915146600,1425.8036460000,1458.5180700000,1423.9861780000,7024676,11090577610.0600
2024-06-12,1426.7123800000,1428.2390531200,1444.8870600000,1426.7123800000,3317050,5230086503.4400
2024-06-13,1432.8645091800,1413.0904573400,1432.9735572600,1411.4002121000,3618597,5654938942.0600
2024-06-14,1413.0813700000,1413.0813700000,1421.2236266400,1381.6936976400,5951416,9177637168.0600
2024-06-17,1392.4440208600,1400.8134610000,1407.4199571800,1373.1061613400,4831816,7400883242.8700
2024-06-18,1391.1717932600,1382.6387810000,1412.6633523600,1378.2586831200,4125825,6317590942.7100
2024-06-19,1389.4741064100,1392.2660590000,1395.0487360000,1374.7351939000,4126153,6167728415.7500
2024-06-20,1391.3385000000,1391.4312559000,1406.1887195900,1389.4833820000,2471068,3715924984.0700
2024-06-21,1391.8022795000,1364.4392890000,1395.9577438200,1363.7157929800,4331997,6418543742.2100
2024-06-24,1319.9164570000,1369.5872414500,1381.1260754100,1311.5777015900,6383993,9319362390.1300
2024-06-25,1370.0046430000,1378.9555873500,1394.1119014100,1370.0046430000,4209795,6273919386.3000
2024-06-26,1372.7873200000,1381.3394139800,1392.3309881300,1370.7466902000,2956977,4414601922.2500
2024-06-27,1383.9180280000,1382.5174139100,1385.7453192300,1361.6566120000,3282178,4857959457.2400
2024-06-28,1372.7873200000,1361.0908010100,1386.2276499100,1357.9463760000,3858202,5699649046.8600
2024-07-01,1362.4728639200,1336.0374324200,1366.2851314100,1324.5542520000,3216138,4636689118.2000
2024-07-02,1329.1920470000,1382.7122013000,1389.4833820000,1329.1920470000,5185298,7659166816.2300
2024-07-03,1390.4109410000,1391.3385000000,1403.4060425900,1380.2263431800,3157326,4740808130.0800
2024-07-04,1395.9762950000,1378.1115086600,1402.4692080000,1373.8354616700,2437973,3637968895.2400
2024-07-05,1371.8597610000,1347.7432270000,1385.0125476200,1344.9605500000,3882938,5664477336.4700
2024-07-08,1338.4676370000,1317.1337800000,1352.1676834300,1316.3360792600,3952705,5657951348.4100
2024-07-09,1317.1337800000,1333.8576687700,1349.4963135100,1307.9509459000,3362071,4807957927.3600
2024-07-10,1334.9892907500,1333.4495428100,1359.6901869200,1331.0471650000,2376322,3436693365.4500
2024-07-11,1344.9327232300,1356.1747383100,1362.5841710000,1335.8797473900,2902014,4236960596.1700
2024-07-12,1366.3036825900,1371.6928003800,1378.7236976000,1359.2913365500,2338634,3451132647.9900
2024-07-15,1363.5117300000,1368.0567691000,1380.2077920000,1363.5117300000,1917626,2835374730.1200
2024-07-16,1369.0770840000,1369.0770840000,1374.6424380000,1358.9203129500,2031644,2998367128.3300
2024-07-17,1369.1698399000,1392.6370826000,1394.1211770000,1363.5302811800,3431101,5115680654.1900
2024-07-18,1390.8747205000,1389.0288780900,1405.2518850000,1384.4096342700,2887039,4337214600.9400
2024-07-19,1382.8142327900,1415.1025615800,1418.4046716200,1376.5068315900,3894291,5888615144.7900
2024-07-22,1414.5553017700,1390.4109410000,1419.1467188200,1383.5933823500,2854321,4300813309.9700
2024-07-23,1390.4109410000,1349.5983450000,1392.2660590000,1349.5983450000,3094396,4555460197.6300
2024-07-24,1345.1460618000,1335.7035111800,1357.6681083000,1331.0471650000,2412255,3490200972.8000
2024-07-25,1335.7035111800,1326.8638739100,1343.1054320000,1317.1430555900,2834656,4054086714.0500
2024-07-26,1326.8638739100,1319.1651342100,1333.5701254800,1308.6929931000,3235379,4594928574.1000
2024-07-29,1312.4959850000,1296.7460331800,1318.9796224100,1296.7274820000,3086907,4342610099.9700
2024-07-30,1285.5782228200,1280.0221444100,1289.5574509300,1262.6860667000,5177904,7103491565.7900
2024-07-31,1273.6312629000,1318.3210555200,1323.8771339300,1273.6312629000,4327232,6098149721.2500
2024-08-01,1315.2786620000,1285.7451834400,1317.1337800000,1284.3909473000,3203810,4470988088.0300
2024-08-02,1274.0950424000,1285.0866165500,1295.7720962300,1274.0950424000,2192769,3041726371.6400
2024-08-05,1288.2681439200,1307.8674655900,1322.6991340000,1285.1515456800,3773607,5327127146.6100
2024-08-06,1318.9888980000,1302.9421273000,1320.8440160000,1293.0265215900,2744433,3860735014.1700
2024-08-07,1303.6841745000,1312.9597645000,1318.9796224100,1297.0057497000,2062221,2910580747.0400
2024-08-08,1308.7857490000,1327.0493857100,1343.2723926200,1306.9306310000,2513082,3592705429.8200
2024-08-09,1354.2639667700,1332.7167712000,1362.5841710000,1332.7167712000,3013849,4368705515.2800
2024-08-12,1326.4093700000,1332.0674799000,1338.4676370000,1323.2371182200,1363203,1956573437.9100
2024-08-13,1329.1920470000,1319.9257325900,1331.0471650000,1309.7225835900,1630843,2317037755.6400
2024-08-14,1319.9257325900,1310.9191347000,1321.6788191000,1309.7318591800,1341431,1898377426.4600
2024-08-15,1303.2482217700,1323.5246615100,1331.9654484100,1302.2464580500,2303897,3275699572.4000
2024-08-16,1323.4319056100,1327.5224408000,1331.9005192800,1314.3603785900,1645470,2349825846.1000
2024-08-19,1328.2644880000,1322.1797009600,1353.1972739200,1321.7715750000,2043279,2942106435.2000
2024-08-20,1326.3166141000,1319.6567404800,1326.3444408700,1311.5684260000,1859138,2644814343.5800
2024-08-21,1317.1337800000,1314.8890872200,1324.5357008200,1313.1360007100,1509165,2144746551.0300
2024-08-22,1313.4235440000,1307.9045679500,1317.1337800000,1298.5918755900,1952729,2750868072.6300
2024-08-23,1306.0030720000,1312.4867094100,1320.3802365000,1304.2592610800,1532046,2166499201.6700
2024-08-26,1314.3511030000,1309.7133080000,1320.7141577400,1301.5044108500,1562841,2207595460.9200
2024-08-27,1309.7133080000,1302.3577651300,1310.6408670000,1299.6121904900,1365740,1920770569.5500
2024-08-28,1302.3577651300,1288.3794510000,1304.1479540000,1275.3936250000,3166351,4388025874.5700
2024-08-29,1280.0314200000,1310.9191347000,1315.2786620000,1280.0314200000,2747161,3864270620.6200
2024-08-30,1310.6408670000,1338.6438732100,1352.4459511300,1303.2203950000,3873923,5576118648.8100
2024-09-02,1326.4093700000,1293.9448050000,1333.8298420000,1293.9448050000,3413459,4801049927.2000
2024-09-03,1296.7274820000,1307.8581900000,1312.4774338200,1292.1082381800,1788760,2516125842.3200
2024-09-04,1300.4377180000,1298.5826000000,1316.3824572100,1298.3414346600,1421109,1995221417.2300
2024-09-05,1299.0463795000,1303.1090879200,1305.0755130000,1295.7999230000,1450295,2033680838.8500
2024-09-06,1303.2203950000,1296.7274820000,1304.1479540000,1296.7274820000,1032104,1445537257.0900
2024-09-09,1280.0406955900,1275.3936250000,1292.7482538900,1270.8300347200,2863755,3950086824.5200
2024-09-10,1270.7743811800,1278.1763020000,1292.0896870000,1270.7743811800,1980284,2737295643.8400
2024-09-11,1275.9501604000,1280.0314200000,1285.4854669200,1266.1180350000,2099577,2892932793.6800
2024-09-12,1280.0314200000,1238.3469185400,1284.6692150000,1238.2077846900,4794831,6482445000.4000
2024-09-13,1234.5810290000,1209.6575186700,1235.5085880000,1203.3222907000,5600511,7329376916.8500
2024-09-18,1205.8267000000,1175.1244971000,1205.8359755900,1174.9018829400,4618531,5895948010.8200
2024-09-19,1170.5794580000,1169.6518990000,1199.2224799200,1155.5808289700,5998821,7623739997.1600
2024-09-20,1170.1156785000,1172.3603712800,1181.6174101000,1159.4765767700,3998184,5038507834.9400
2024-09-23,1176.1448120000,1170.1527808600,1199.7975665000,1169.3365289400,4554969,5809791682.2700
2024-09-24,1191.9967953100,1273.1674834000,1273.5385070000,1173.4456153100,10041281,13297277523.0100
2024-09-25,1298.6289779500,1297.6550410000,1323.6266930000,1295.5309308900,7395380,10420109654.7500
2024-09-26,1298.5454976400,1418.2377110000,1419.0446873300,1294.8723640000,9727806,14269262657.3100
2024-09-27,1484.0944000000,1511.1791228000,1511.1791228000,1451.9637562400,8792167,14050260568.9400
2024-09-30,1569.4298280000,1621.3731320000,1632.3925329200,1532.3274680000,15729341,26982747037.2400
2024-10-08,1771.6376900000,1598.1841570000,1771.6376900000,1558.4660806200,19470947,35114075007.0400
2024-10-09,1576.8503000000,1479.5957388500,1576.8503000000,1474.8188100000,12019684,19708432734.0000
2024-10-10,1504.7418633400,1521.1967600000,1547.2426167200,1475.7463690000,7460342,12198964035.3500
2024-10-11,1498.3788086000,1488.7229194100,1521.1596576400,1474.8188100000,4191471,6764982707.4300
2024-10-14,1496.1526670000,1485.9402424100,1503.2299421700,1466.6284640300,4481202,7181350821.9900
2024-10-15,1483.1668410000,1441.6585757500,1485.0126834100,1440.5084025900,4357143,6884141868.6500
2024-10-16,1429.2571119200,1412.2085775000,1437.5309382000,1400.6140900000,4666440,7140169692.2900
2024-10-17,1425.6581830000,1386.3296814000,1426.2703719400,1385.2258861900,3945955,5964778957.8700
2024-10-18,1384.8455870000,1429.3684190000,1454.2641025600,1371.8226586400,6861930,10418043491.5000
2024-10-21,1429.5632063900,1418.0521992000,1437.6886232300,1411.0120263900,4200790,6433918335.4100
2024-10-22,1415.9744670400,1431.2235370000,1447.1590006200,1413.7854278000,3626913,5607826491.6400
2024-10-23,1432.2531274900,1453.9487325000,1462.7141650500,1421.0203880000,4008846,6259600035.0700
2024-10-24,1447.9195990000,1439.7570798000,1460.9054250000,1433.0879305900,2392280,3723973209.0800
2024-10-25,1434.9337730000,1445.9253471500,1460.7106376100,1434.0154895900,2774508,4328271350.7300
2024-10-28,1446.9920400000,1451.6298350000,1451.6298350000,1411.9581365700,3912140,6064453667.7400
2024-10-29,1446.9920400000,1420.6679155800,1465.5432200000,1419.1652700000,4116578,6368105233.4700
2024-10-30,1414.5274750000,1421.0203880000,1438.8202452100,1413.0526561900,3200574,4913175982.5000
2024-10-31,1421.1595218500,1417.1153646100,1428.4408600000,1409.8896800000,2995735,4575545180.0100
2024-11-01,1410.8172390000,1422.6436162500,1433.1992376700,1410.6317272000,3228392,4954302212.4300
2024-11-04,1433.0137258700,1436.0468438000,1437.7164500000,1417.3658055400,2909292,4481761763.8900
2024-11-05,1428.4408600000,1462.7512674100,1463.4098343000,1424.7398995900,4564047,7134443463.8500
2024-11-06,1460.9054250000,1457.1951890000,1473.8819754100,1448.1236619800,3763143,5916917616.4500
2024-11-07,1449.2738351400,1529.6746492600,1533.7188065000,1449.1254257000,7473872,12074951756.9900
2024-11-08,1540.5734675100,1493.3421632300,1546.3428844900,1485.0312345900,6077120,9885645907.1300
2024-11-11,1474.8188100000,1482.2485575900,1493.3236120500,1453.6611892100,4385365,6957095385.2700
2024-11-12,1473.8912510000,1462.9460548000,1505.4282570000,1459.9314880500,4922266,7844798676.3400
2024-11-13,1454.4125120000,1464.1518815000,1471.7207629400,1448.1793155200,2912526,4594445032.4600
2024-11-14,1456.2676300000,1459.7923542000,1478.9464475500,1452.2327483500,2924814,4617144097.2000
2024-11-15,1455.3400710000,1446.0644810000,1469.0679442000,1440.4991270000,3376112,5295326891.8500
2024-11-18,1448.8471580000,1446.0644810000,1461.8237084100,1442.3542450000,2709219,4237197498.8000
2024-11-19,1451.6298350000,1430.2217732800,1455.6832678300,1414.5274750000,3326643,5138831154.7000
2024-11-20,1431.2235370000,1432.9024187900,1441.3988592300,1420.3710967000,2134455,3292675256.9200
2024-11-21,1432.0305133300,1433.1992376700,1436.7796154100,1421.0203880000,1826179,2810933514.7200
2024-11-22,1429.5075528500,1398.5920113800,1435.6479934300,1398.5920113800,3343611,5107288992.2500
2024-11-25,1401.5416490000,1390.0120906300,1421.0203880000,1388.2497285300,3318556,5011136233.9400
2024-11-26,1390.0120906300,1399.6865310000,1408.8508139200,1381.0240439200,2574479,3876885983.6000
2024-11-27,1399.6865310000,1409.0084989500,1411.8839318500,1395.9762950000,2593417,3927607771.6400
2024-11-28,1411.7447980000,1408.0345620000,1414.5181994100,1393.1936180000,2395203,3627662381.9700
2024-11-29,1407.1070030000,1415.2138686600,1442.3542450000,1403.5915543900,3608810,5534035503.3800
2024-12-02,1415.4550340000,1414.5274750000,1419.1559944100,1405.3446409000,2681954,4086609951.5700
2024-12-03,1413.5999160000,1416.1414276600,1418.1449551000,1406.2536487200,2480662,3777197199.4600
2024-12-04,1409.9546091300,1409.8896800000,1413.2845459400,1400.6140900000,2392389,3626565543.5600
2024-12-05,1401.4117907400,1401.5416490000,1407.9047037400,1400.6140900000,1614147,2441318386.6400
2024-12-06,1403.3967670000,1410.8265145900,1427.4205451000,1398.8239011300,3203969,4883148600.2500
2024-12-09,1411.7633491800,1408.7766092000,1418.9055534800,1403.5822788000,1979986,3008173585.8900
2024-12-10,1456.2676300000,1434.5534738100,1465.2927790700,1433.2456156200,6031210,9421340719.3700
2024-12-11,1428.4408600000,1424.3596004000,1442.3542450000,1420.0742778200,2967112,4569662604.0700
2024-12-12,1421.0389391800,1452.3718822000,1452.5573940000,1418.2377110000,4193652,6510547810.4100
2024-12-13,1437.7257255900,1408.9621210000,1442.3449694100,1408.8508139200,4951197,7580908314.9200
2024-12-16,1410.8172390000,1416.5681048000,1418.2377110000,1401.2726568900,3253710,4945298799.4200
2024-12-17,1415.4457584100,1445.1369220000,1455.3400710000,1410.8265145900,5417163,8398945449.1100
2024-12-18,1445.1090952300,1457.6589685000,1462.7605430000,1435.0265289000,4116226,6440801970.6400
2024-12-19,1451.7596932600,1438.6532845900,1454.3475828700,1438.0225444700,2480932,3862602664.9600
2024-12-20,1442.4209211900,1433.8198860000,1452.4727334000,1431.9546012600,2815774,4307425534.8900
2024-12-23,1434.7619490000,1438.0120663500,1448.8928940000,1429.1095710000,2160269,3300971423.7100
2024-12-24,1436.6460750000,1449.6653856600,1454.5452720000,1433.4336401700,2210492,3394160299.0100
2024-12-25,1449.6465444000,1441.3563900000,1449.6465444000,1437.6823443000,1712339,2621061878.2700
2024-12-26,1445.1246420000,1439.2744307700,1449.6277031400,1434.7619490000,1828651,2798840002.8300
2024-12-27,1440.3201207000,1440.3860651100,1447.0087680000,1431.4647285000,2075932,3170191444.5700
2024-12-30,1445.0963801100,1436.6460750000,1454.5075894800,1436.6460750000,2512982,3849542646.3600
2024-12-31,1437.0229002000,1435.7040120000,1455.4873350000,1433.8293066300,3935445,6033540366.2200
2025-01-02,1435.7040120000,1401.7897440000,1436.1656228700,1394.2532400000,5002870,7490883773.1900
2025-01-03,1407.9131535000,1389.5429250000,1408.3747643700,1382.0158416300,3262836,4836610288.1900
2025-01-06,1368.8175390000,1356.5707200000,1377.9178675800,1349.7878664000,4425512,6392479711.6000
2025-01-07,1360.9607335800,1356.7591326000,1367.7718490700,1355.6286570000,2422118,3494634226.6600
2025-01-08,1356.5707200000,1358.9258775000,1367.7059046600,1344.0035995800,3525821,5071821245.9500
2025-01-09,1365.0398663700,1360.3389720000,1379.7266285400,1349.9574377400,2970565,4295852735.9100
2025-01-10,1363.2593673000,1352.8024680000,1367.8283728500,1352.8024680000,2187195,3154677597.8400
2025-01-13,1342.4397750000,1360.3201307400,1360.7534797200,1339.6230066300,2108251,3030806869.6600
2025-01-14,1361.2339318500,1387.1877675000,1393.0097168400,1358.4548460000,3095657,4535651503.6400
2025-01-15,1382.0064210000,1386.0290300100,1389.1660998000,1375.4214006300,1839934,2701518711.8100
2025-01-16,1388.6008620000,1362.5810819400,1396.7591275800,1358.4548460000,2634213,3840411436.7900
2025-01-17,1362.5905025700,1370.4661492500,1376.3540430000,1362.5810819400,1830894,2663227308.9700
2025-01-20,1376.3540430000,1389.3545124000,1403.4760367700,1375.4119800000,3140975,4647626350.5300
2025-01-21,1395.1953030000,1383.0897934500,1396.1373660000,1380.1222950000,1685604,2481821228.8200
2025-01-22,1378.4925260100,1357.5127830000,1382.9013808500,1354.6865940000,2829384,4088101682.4000
2025-01-23,1365.9630881100,1359.3969090000,1382.9484840000,1354.6865940000,2712504,3932700849.5000
2025-01-24,1358.4548460000,1352.8024680000,1363.9093907700,1347.4421295300,3136034,4515322685.2100
2025-01-27,1353.7445310000,1351.8509843700,1360.3107101100,1344.3427422600,2935646,4213534543.1600
2025-02-05,1356.5707200000,1322.4680394000,1359.3969090000,1320.9701592300,4075652,5753730033.6700
2025-02-06,1318.8976206300,1330.9842889200,1339.6041653700,1318.8976206300,2735582,3859568162.5200
2025-02-07,1331.7756218400,1352.8024680000,1359.0954488400,1322.1006348300,3724207,5310850624.0700
2025-02-10,1354.6865940000,1348.5726051300,1356.5707200000,1344.4086866700,2083979,2988101755.5900
2025-02-11,1351.8133018500,1335.8453340000,1352.7647854800,1333.8670017000,2357283,3348668866.9700
2025-02-12,1335.8453340000,1359.3969090000,1361.2810350000,1334.7902234400,2547579,3644170476.8800
2025-02-13,1359.4157502600,1380.1788187800,1389.7784407500,1351.3987941300,4338536,6335985851.4800
2025-02-14,1380.1788187800,1389.5429250000,1391.4270510000,1373.7351078600,2709992,3978694098.4200
2025-02-17,1395.1953030000,1386.3587520600,1408.3653437400,1382.1006273000,3247059,4804663813.4400
2025-02-18,1384.8326100000,1389.5429250000,1406.4906383700,1377.3714710400,2779992,4113845397.1300
2025-02-19,1389.5900281500,1404.6159330000,1407.8566297200,1380.0280887000,3239331,4803378440.6600
2025-02-20,1397.0794290000,1388.6008620000,1405.5297341100,1388.0262035700,2374973,3513552983.9800
2025-02-21,1394.2532400000,1401.9875772300,1410.0139539900,1387.6682196300,3641783,5418169587.3500
2025-02-24,1401.7897440000,1393.3771214100,1412.6423097600,1388.6008620000,3474373,5157907321.5700
2025-02-25,1384.8420306300,1369.7596020000,1388.0262035700,1367.8754760000,2838743,4142814458.8000
2025-02-26,1371.1255933500,1375.4214006300,1380.0846124800,1361.2810350000,2636609,3835949041.2300
2025-02-27,1375.4308212600,1399.4911102800,1403.5796637000,1369.7596020000,4976217,7368002361.1100
2025-02-28,1399.4345865000,1413.8387297700,1439.8302479400,1396.1373660000,5612895,8475738166.4600
2025-03-03,1415.5438638000,1400.8665222600,1432.8684023700,1395.6663345000,3159566,4736679902.8300
2025-03-04,1398.9635550000,1384.9362369300,1399.9056180000,1380.3201282300,2521121,3710675863.1500
2025-03-05,1386.7167360000,1381.4129213100,1388.6008620000,1375.5061863000,2460522,3606932151.5900
2025-03-06,1388.6008620000,1418.7280367400,1422.7035426000,1386.7921010400,4216764,6297117400.0800
2025-03-07,1415.9206890000,1432.8778230000,1439.8114066800,1415.9206890000,3799135,5760608729.1900
2025-03-10,1431.7567680300,1434.6677427000,1438.4171534400,1418.8787668200,3136907,4758789259.6800
2025-03-11,1429.1095710000,1458.9541268400,1458.9541268400,1424.3992560000,3977560,6094007854.0900
2025-03-12,1457.3337784800,1453.2075425400,1459.8961898400,1437.9178600500,2960396,4552923644.1300
2025-03-13,1454.5452720000,1448.6762195100,1465.3789965000,1442.1854054400,2572439,3966369271.4100
2025-03-14,1457.9932225800,1533.6879846300,1533.6879846300,1451.7190830000,9291315,14882842708.4300
2025-03-17,1560.9983910000,1542.9673051800,1561.9310333700,1532.6234534400,5468913,8985138902.3600
2025-03-18,1549.7313175200,1529.9103120000,1556.2880760000,1527.7435671000,3161345,5153210436.2700
2025-03-19,1530.1835102700,1540.9418697300,1552.5198240000,1528.9682490000,2738955,4477128769.8500
2025-03-20,1540.9418697300,1511.0690520000,1542.7223688000,1502.6564294100,3673677,5903879207.4300
2025-03-21,1506.3587370000,1482.5716462500,1518.7939686000,1477.9366962900,3361430,5324973190.2700
2025-03-24,1479.0389100000,1491.2857290000,1497.5598685800,1471.8603899400,2556585,4032223481.5700
2025-03-25,1495.9960440000,1484.2202565000,1500.5179464000,1475.8924195800,1767438,2783286813.0000
2025-03-26,1481.6484245100,1484.6912880000,1490.8900625400,1479.9809730000,1432356,2257639750.2200
2025-03-27,1484.6912880000,1496.9381070000,1505.6521897500,1482.2230829400,1795563,2848889209.9400
2025-03-28,1498.7562885900,1493.3676882300,1500.7063590000,1484.6912880000,1622789,2569470015.4600
2025-03-31,1489.3827617400,1470.5603430000,1495.0162984800,1469.6748037800,2108494,3311857714.3100
2025-04-01,1473.3865320000,1465.8688692600,1478.9352830700,1462.2796092300,1855644,2893739955.2000
2025-04-02,1467.7341540000,1459.2744282600,1476.9663714000,1455.9583665000,2167401,3371883024.1700
2025-04-03,1441.3563900000,1477.9837994400,1494.1119180000,1440.4237476300,3548050,5557442051.9200
2025-04-07,1431.9451806300,1413.0945000000,1447.8095215500,1377.2961060000,10195267,15314738234.9200
2025-04-08,1425.3413190000,1455.4873350000,1455.4873350000,1408.3841850000,7387649,11226977557.2500
2025-04-09,1436.6649162600,1451.7567655200,1466.6036784000,1432.4538946500,5563004,8562928224.6500
2025-04-10,1461.1302923700,1459.2555870000,1464.9079650000,1439.4722640000,3862021,5963650790.9600
2025-04-11,1488.4312781100,1478.0780057400,1488.4312781100,1455.4873350000,3263423,5087359923.8200
2025-04-14,1470.5320811100,1462.0723553700,1475.2706580000,1461.6390063900,2171144,3379425640.3800
2025-04-15,1462.0817760000,1467.7341540000,1474.3285950000,1455.4873350000,2148928,3339942729.1000
2025-04-16,1462.0817760000,1468.8363677100,1484.6912880000,1447.9508310000,3115605,4834880595.7800
2025-04-17,1463.9659020000,1479.0389100000,1485.1623195000,1460.1882293700,2384605,3733924973.3700
2025-04-18,1475.2706580000,1475.2141342200,1483.7492250000,1465.8500280000,2029848,3179974340.2100
2025-04-21,1474.7996265000,1461.1397130000,1474.7996265000,1461.1397130000,1805703,2808158177.4400
2025-04-22,1460.1976500000,1459.0671744000,1466.1326469000,1453.8010422300,1843214,2857525967.3000
2025-04-23,1468.6762170000,1462.0817760000,1468.8834708600,1455.4873350000,1866876,2895468891.8400
2025-04-24,1462.0817760000,1462.3172917500,1470.2588828400,1459.2367457400,1487181,2313372072.0300
2025-04-25,1466.8862973000,1460.1976500000,1470.7487556000,1460.1976500000,1476490,2295029705.2700
2025-04-28,1462.0817760000,1460.1976500000,1464.9079650000,1456.9946358000,1465972,2274252465.4800
2025-04-29,1460.1976500000,1454.5452720000,1462.5904900200,1443.2593572600,1892180,2917422937.8100
2025-04-30,1460.1882293700,1457.3714610000,1475.8924195800,1456.7120169000,2575425,4005439429.4500
2025-05-06,1468.6762170000,1460.3860626000,1468.6762170000,1454.8561527900,1830026,2838614214.6900
2025-05-07,1479.0389100000,1464.9079650000,1479.0389100000,1460.3860626000,2746221,4275142568.6500
2025-05-08,1463.0238390000,1486.7544059700,1500.4991051400,1460.0374992900,3348106,5265446443.7700
2025-05-09,1487.5080563700,1498.9918043400,1504.8985393500,1483.7963281500,2367190,3757574546.1700
2025-05-12,1505.4166740000,1511.5400835000,1525.1340525900,1504.1072064300,2473533,3967785800.2800
2025-05-13,1515.7040019600,1498.1627889000,1515.7040019600,1493.2734819300,2125829,3386617847.8100
2025-05-14,1497.8801700000,1540.2635843700,1549.6936350000,1496.1656153400,3946012,6394735058.0500
2025-05-15,1540.0845924000,1537.4562366300,1548.3653261700,1530.0327801900,2473285,4043402636.0000
2025-05-16,1539.3215213700,1520.6121501900,1542.1477103700,1520.6121501900,2293522,3714508659.1900
2025-05-19,1503.5325480000,1487.4986357400,1507.3008000000,1482.6941144400,3806283,6021950009.8600
2025-05-20,1488.4595400000,1494.1119180000,1502.4020724000,1483.8434313000,1952153,3095742637.1100
2025-05-21,1493.1698550000,1489.3733411100,1503.4760242200,1489.3733411100,1979464,3143941416.0600
2025-05-22,1489.3921823700,1488.4595400000,1493.1604343700,1479.1331163000,1509024,2381236585.5100
2025-05-23,1483.9376376000,1481.4882738000,1495.9018377000,1480.6027345800,2153700,3399424961.4000
2025-05-26,1479.0389100000,1460.6686815000,1483.4006616900,1455.4873350000,2708653,4212944430.4800
2025-05-27,1461.1397130000,1454.4510657000,1468.2993918000,1454.0836611300,1775213,2748945675.4700
2025-05-28,1454.5358513700,1447.9508310000,1456.8627469800,1444.1825790000,1626568,2504624605.1200
2025-05-29,1450.7770200000,1450.7770200000,1464.9079650000,1443.2405160000,2185958,3375465796.0200
2025-05-30,1450.9183294500,1433.8198860000,1455.4873350000,1427.4515401200,3123918,4764875946.7400
2025-06-03,1420.6404246300,1421.5730670000,1430.9936970000,1417.8236562600,2897918,4377892798.9000
2025-06-04,1422.9861615000,1422.4774474800,1434.7619490000,1421.7803208600,2300809,3480363796.5600
2025-06-05,1426.2833820000,1426.2833820000,1428.1675080000,1415.1670386000,2321366,3504925523.8900
2025-06-06,1426.0949694000,1419.1142825700,1430.9654351100,1415.9206890000,2502307,3777727616.0700
2025-06-09,1417.8236562600,1400.0092449300,1421.2904481000,1399.6041578400,4495867,6723839137.5800
2025-06-10,1399.9056180000,1389.5523456300,1405.5579960000,1389.3545124000,3049220,4511934584.0400
2025-06-11,1391.2386384000,1394.2532400000,1407.4421220000,1390.5791943000,3089282,4585522755.1400
2025-06-12,1394.2532400000,1374.4699170000,1397.8990238100,1369.8538083000,4990361,7306800799.6800
2025-06-13,1360.7252178300,1344.2767978500,1365.9630881100,1342.4962987800,5911325,8466515559.4100
2025-06-16,1320.0186756000,1339.8867842700,1342.4774575200,1319.9998343400,4288787,6060448437.6400
2025-06-17,1337.7294600000,1344.3239010000,1344.3239010000,1330.3625273400,2723151,3868364671.4000
2025-06-18,1356.5707200000,1342.4397750000,1359.8114167200,1338.6809436300,3076099,4404131363.5700
2025-06-19,1343.3818380000,1343.3818380000,1350.6074612100,1335.0728423400,2450072,3490268567.6400
2025-06-20,1341.1020455400,1345.8877255800,1357.6446718200,1337.9178726000,3481581,4990683314.3100
2025-06-23,1337.7294600000,1337.7294600000,1349.9762790000,1323.7680863400,2672331,3794012342.5900
2025-06-24,1340.8853710500,1353.9329436000,1367.5740158400,1340.8853710500,3631151,5229183514.1200
2025-06-25,1355.7322839300,1352.6705791800,1365.2376996000,1338.2099121300,4105007,5869292227.3600
2025-06-26,1359.1457050000,1363.9483400000,1371.6325560000,1354.4199121600,3486025,4955829982.0800
2025-06-27,1363.9579452700,1347.7058284300,1366.8299210000,1347.7058284300,3824973,5404312674.7800
2025-06-30,1348.0996445000,1353.8820170400,1357.4455722100,1346.6588540000,3045730,4287373690.9000
2025-07-01,1353.3825430000,1349.6364877000,1356.2064923800,1347.9171443700,1987819,2794423202.6600
2025-07-02,1353.8628065000,1353.9588592000,1358.9535996000,1344.7378000000,2621825,3689246315.8700
2025-07-03,1356.2641240000,1359.7220212000,1366.5321576300,1352.4220160000,2441267,3456733002.1900
2025-07-04,1359.8180739000,1366.0807099400,1375.3690060300,1354.3526752700,2876691,4086547267.7100
2025-07-07,1366.1383415600,1355.0154389000,1367.3101845000,1354.3526752700,2385467,3370562659.3100
2025-07-08,1355.0250441700,1360.2118899700,1363.9483400000,1355.0154389000,1867370,2643302690.7400
2025-07-09,1359.1457050000,1362.8725497600,1373.5247941900,1358.3484675900,2774532,3950810723.3600
2025-07-10,1362.9589971900,1370.1917655000,1379.4896668600,1354.7272808000,3872503,5503329754.2200
2025-07-11,1366.9836053200,1370.6720290000,1400.4483660000,1366.9836053200,5724335,8239010389.7700
2025-07-14,1373.5536100000,1367.4062372000,1378.3370344600,1365.4851832000,2778094,3961736006.3600
2025-07-15,1364.8896564600,1355.3035970000,1366.7626841100,1352.7293846400,3540578,5005150164.6100
2025-07-16,1354.3526752700,1355.3324128100,1361.5374172300,1354.2950436500,2128605,3006882578.8600
2025-07-17,1358.1659674600,1360.4424164500,1366.8395262700,1357.1093877600,2310554,3273100406.1900
2025-07-18,1363.9483400000,1380.2772990000,1381.0553258700,1360.4712322600,4182341,5984949774.2100
2025-07-21,1380.2676937300,1386.0404610000,1389.6904636000,1378.3562450000,2620331,3779891828.9900
2025-07-22,1387.0009880000,1407.1528444600,1408.7088982000,1383.8120383600,4211898,6127636851.0400
2025-07-23,1411.0141630000,1417.2575885000,1435.9878650000,1410.9661366500,4504484,6676301461.9700
2025-07-24,1417.7378520000,1432.6260205000,1439.8299730000,1416.7773250000,3880364,5786337377.3600
2025-07-25,1432.5299678000,1397.5667850000,1432.5299678000,1395.6457310000,4191126,6140078740.7700
2025-07-28,1395.6457310000,1381.8717738200,1397.5571797300,1379.6049301000,3858632,5560966385.7700
2025-07-29,1382.7746692000,1382.1983530000,1391.6019123300,1378.3658502700,2630408,3785848101.9600
2025-07-30,1387.0009880000,1392.2262548800,1399.6415233200,1380.2772990000,3186771,4612883039.7700
2025-07-31,1386.0404610000,1365.5524200900,1387.8366464900,1362.0272860000,5179751,7386302757.8600
2025-08-01,1365.7445254900,1361.0667590000,1369.6730809200,1358.1851780000,2963559,4200850789.6200
2025-08-04,1359.1457050000,1362.9878130000,1363.7562346000,1358.1851780000,1868795,2647105740.4700
2025-08-05,1364.9088670000,1371.3828189800,1373.4959783800,1361.1724169700,2534227,3607931487.6200
2025-08-06,1372.5930830000,1367.6751847600,1372.5930830000,1363.2759711000,2369928,3372334939.9000
2025-08-07,1367.6751847600,1366.2055784500,1371.3443979000,1364.0059716200,2800134,3988765794.5900
2025-08-08,1366.8779473500,1364.8800511900,1370.1917655000,1362.0272860000,1865528,2651478117.9800
2025-08-11,1367.3101845000,1387.9615150000,1394.6755987300,1366.8299210000,4715907,6794034089.8600
2025-08-12,1391.8036230000,1380.3157200800,1407.2392918900,1379.3167720000,4201923,6095342035.7400
2025-08-13,1368.7509750000,1363.9963663500,1377.0883493600,1363.9483400000,6552754,9325460101.1100
2025-08-14,1364.8512353800,1370.6624237300,1390.3724377700,1364.8512353800,4812930,6897535330.1700
2025-08-15,1369.7211072700,1365.9462361600,1372.2665038200,1364.1596559400,4758165,6772436996.7900
2025-08-18,1370.6624237300,1372.1128195000,1379.9315092800,1366.9259737000,4737798,6773477871.3900
2025-08-19,1376.9154545000,1381.2378260000,1389.5559898200,1375.4746640000,4637186,6678541000.8000
2025-08-20,1381.2378260000,1392.7641500000,1395.4536256000,1373.5728205400,4580466,6623095725.0600
2025-08-21,1396.0779681500,1391.0832277500,1397.5571797300,1386.6648035500,3089057,4470441662.4100
2025-08-22,1391.6883597600,1406.1635016500,1406.2115280000,1387.7405937900,4497058,6544867367.8500
2025-08-25,1411.9842952700,1431.5022039100,1436.9483920000,1408.1325820000,6532455,9676719497.5500
2025-08-26,1431.4925986400,1423.1264084700,1435.2482592100,1421.5895652700,3960213,5883917000.2700
2025-08-27,1423.3857507600,1390.8430960000,1426.3153581100,1390.8430960000,5600609,8184169112.6800
2025-08-28,1390.8142801900,1389.0180947000,1398.6233647000,1381.9774317900,3928177,5683673273.4800
2025-08-29,1395.6457310000,1421.5799600000,1424.0581196600,1394.6852040000,6225648,9159701454.1600
2025-09-01,1423.6931194000,1417.8339047000,1429.2641760000,1407.8444239000,4512338,6658918555.3500
2025-09-02,1420.2928538200,1432.4339151000,1449.4352430000,1419.6589060000,5668837,8470012816.3800
2025-09-03,1432.1457570000,1422.1082498500,1444.1523445000,1408.1325820000,4504503,6656011144.6400
2025-09-04,1413.8957440000,1414.5296918200,1420.9075911000,1402.8208676900,4774676,7017084749.9700
2025-09-05,1412.9352170000,1424.4615410000,1428.2748331900,1406.2115280000,3738848,5519312162.7100
2025-09-08,1424.4615410000,1441.9719482100,1446.9762938800,1419.1786425000,5138298,7682065696.2500
2025-09-09,1445.5931350000,1445.5931350000,1450.3477436500,1434.4702323400,3574277,5366650005.0400
2025-09-10,1447.1876098200,1461.9316992700,1469.5582836500,1436.9483920000,4966331,7541460048.9500
2025-09-11,1461.9316992700,1463.3628845000,1465.7834125400,1448.9549795000,3723896,5642778455.8200
2025-09-12,1465.7642020000,1456.1589320000,1477.3097365400,1450.9048493100,3372209,5132184935.1100
2025-09-15,1456.0340634900,1455.2944577000,1457.5805119600,1442.2312905000,2582703,3901929717.6000
2025-09-16,1455.2944577000,1440.7712894600,1460.9519617300,1437.1501026700,3271789,4928374477.5600
2025-09-17,1440.7808947300,1434.0668110000,1450.6647175600,1431.1948352700,3033054,4534770634.4700
2025-09-18,1433.1062840000,1410.0152149200,1438.6773406000,1405.7312645000,4972125,7347477478.9600
2025-09-19,1410.0440307300,1410.0248201900,1417.2575885000,1399.4974442700,3263662,4784528851.2600
2025-09-22,1407.2585024300,1395.9819154500,1410.0248201900,1392.7737552700,3494708,5085057536.0900
2025-09-23,1393.2444135000,1390.2859903400,1399.9681025000,1383.1588800000,3866300,5588384387.7600
2025-09-24,1377.4629548900,1385.0799340000,1399.2765230600,1377.4629548900,3074350,4443052872.0000
2025-09-25,1385.8771714100,1382.1983530000,1388.1632256700,1379.3167720000,3386973,4873274661.3500
2025-09-26,1384.2923018600,1378.3562450000,1389.9882269700,1371.6421612700,4512071,6480889596.6500
2025-09-29,1382.5633532600,1403.1954732200,1411.9650847300,1378.3562450000,5368403,7798434585.8700
2025-09-30,1402.3694200000,1386.9913827300,1403.0994205200,1383.1588800000,3936362,5687474875.7000
2025-10-09,1379.3167720000,1380.0659830600,1382.5633532600,1363.9483400000,5491812,7845448946.7200
2025-10-10,1380.8536152000,1373.5536100000,1383.1012483800,1371.1522925000,3600144,5157459262.0200
2025-10-13,1359.8180739000,1363.1799184000,1366.6858419500,1359.2609682400,4606880,6533147457.7600
2025-10-14,1373.5440047300,1393.7438875400,1406.2115280000,1373.5440047300,6667233,9639484605.1600
2025-10-15,1393.7054664600,1404.2904740000,1405.2510010000,1388.0383571600,4278540,6233407482.1800
2025-10-16,1404.2136318400,1426.2961475700,1426.3345686500,1401.2936297600,4573015,6749162949.1700
2025-10-17,1424.5575937000,1397.5667850000,1429.2641760000,1396.6350738100,3808589,5594724899.7200
2025-10-20,1397.5667850000,1400.3811291100,1411.4944265000,1397.4515217600,2594988,3793283758.7300
2025-10-21,1401.4088930000,1404.5402110200,1411.9170583800,1398.0470485000,2544267,3727984130.3300
2025-10-22,1404.3673161600,1401.1207349000,1407.8732397100,1398.5273120000,1819492,2657486636.2200
2025-10-23,1397.5667850000,1410.0344254600,1410.8220576000,1390.0746744000,2932235,4274652090.3900
2025-10-24,1410.0056096500,1392.7641500000,1420.5041697600,1392.1302021800,3822583,5578603148.4300
2025-10-27,1383.1588800000,1383.5526960700,1395.1558622300,1379.3071667300,3710239,5352667151.5100
2025-10-28,1385.0799340000,1387.9615150000,1393.9167824000,1384.2154597000,2712433,3923817140.0300
2025-10-29,1383.1780905400,1375.3786113000,1389.4503318500,1373.5920310800,3393711,4868780319.1700
2025-10-30,1365.6868938700,1370.4222919800,1379.9219040100,1365.6868938700,4745610,6768821310.6600
2025-10-31,1365.8693940000,1373.5632152700,1379.2975614600,1364.0539979700,3569377,5109623860.8400
2025-11-03,1374.5141370000,1378.3562450000,1390.8430960000,1364.0443927000,3454766,4945310830.2300
2025-11-04,1378.4522977000,1372.5930830000,1379.1054560600,1367.5791320600,2656572,3793892903.1200
2025-11-05,1369.6058440300,1364.0251821600,1374.5045317300,1363.9579452700,3447527,4908475372.8400
2025-11-06,1373.5536100000,1378.4811135100,1384.5516441500,1373.5440047300,3834782,5505960414.5300
2025-11-07,1378.4619029700,1376.7521649100,1382.9475640600,1374.6197949700,1886139,2704995856.0100
2025-11-10,1378.3562450000,1404.5786321000,1405.9137646300,1378.3370344600,4945154,7181246441.0800
2025-11-11,1404.2904740000,1401.3992877300,1404.4633688600,1389.8825690000,2669156,3882776771.7700
2025-11-12,1402.3502094600,1407.3161340500,1420.0046957200,1401.6106036700,3299210,4849073050.8100
2025-11-13,1404.4057372400,1412.3396902600,1415.4133766600,1400.4483660000,3117923,4569178268.9700
2025-11-14,1411.9746900000,1399.1036282000,1420.5714066500,1398.8154701000,2747306,4031007105.9100
2025-11-17,1396.6062580000,1412.9352170000,1414.8562710000,1388.7203313300,3446221,5035780026.5400
2025-11-18,1412.6470589000,1417.7378520000,1427.4103588900,1411.0141630000,3420478,5055675473.5800
2025-11-19,1415.8167980000,1412.9448222700,1421.1285123100,1411.9362689200,2204537,3249449213.6200
2025-11-20,1413.8957440000,1409.1987669700,1421.4839073000,1407.2008708100,2400232,3531653942.7300
2025-11-21,1412.4549535000,1408.7088982000,1421.5799600000,1398.5273120000,4260720,6259873432.5200
2025-11-24,1409.0931090000,1394.6852040000,1412.9352170000,1393.8495455100,3360744,4901903704.7700
2025-11-25,1400.4483660000,1387.6253305500,1400.4483660000,1387.4812515000,2844069,4119930011.4800
2025-11-26,1391.6883597600,1391.9477020500,1396.1163892300,1386.5975666600,2030616,2938818094.5800
2025-11-27,1392.2838865000,1390.1707271000,1392.7641500000,1382.2367740800,2228689,3216797187.4800
2025-11-28,1389.4023055000,1393.2444135000,1398.0470485000,1386.0404610000,2321121,3366696621.6800
2025-12-01,1393.7246770000,1390.8430960000,1404.5498162900,1385.0799340000,2733342,3961994999.0700
2025-12-02,1390.8430960000,1379.3455878100,1394.6083618400,1378.3754555400,2504726,3607543824.6900
2025-12-03,1379.1342718700,1372.6891357000,1379.2879561900,1371.6325560000,2357279,3370080065.6800
2025-12-04,1372.6891357000,1367.7712374600,1375.9549275000,1362.3922862600,2907539,4134921901.5400
2025-12-05,1367.7712374600,1373.5632152700,1376.5216384300,1363.4680765000,2540166,3622681596.5200
2025-12-08,1372.7851884000,1362.2386019400,1379.9603250900,1362.0272860000,3360280,4789155769.6500
2025-12-09,1362.2482072100,1345.7079322700,1364.9088670000,1344.7858263500,4263443,5995722120.9700
2025-12-10,1344.7378000000,1347.4272756000,1347.4272756000,1328.5817358600,3313347,4625906138.9600
2025-12-11,1351.1349098200,1356.2545187300,1356.2545187300,1346.2266168500,2238501,3149974074.1900
2025-12-12,1362.0272860000,1364.5726825500,1368.7509750000,1357.7721513900,3715919,5273563274.4000
2025-12-15,1382.7650639300,1369.7115020000,1383.1492747300,1369.2984753900,3335879,4774362060.2100
2025-12-16,1369.9036074000,1365.8693940000,1372.3817670600,1359.1457050000,2396367,3403139194.1900
2025-12-17,1368.7509750000,1376.5312437000,1383.1012483800,1361.7199173600,3138249,4489482138.1000
2025-12-18,1376.9154545000,1374.5141370000,1382.0830897600,1369.8171599700,1782995,2551177659.1800
2025-12-19,1377.4050300000,1377.4050300000,1379.7983933500,1368.6228518300,2650868,3733028356.7900
2025-12-22,1377.4050300000,1375.7052535800,1381.4493256200,1374.0640901400,2042565,2881636855.8000
2025-12-23,1375.7052535800,1375.3145003800,1380.2672971900,1364.8911587700,2450681,3445377031.9800
2025-12-24,1372.5108461700,1368.5153947000,1373.8491758800,1367.6362000000,2518669,3533253565.2100
2025-12-25,1372.5206150000,1381.4786321100,1386.6658808400,1368.9842985400,2338621,3299572095.7900
2025-12-26,1381.4786321100,1381.4395567900,1386.3337406200,1377.4050300000,1780299,2520605635.1300
2025-12-29,1381.4395567900,1369.5899660000,1381.4395567900,1368.6130830000,2630810,3694660106.7000
2025-12-30,1368.6130830000,1357.5938427600,1369.4922777000,1353.9598380000,3379194,4702489813.4600
2025-12-31,1357.8673700000,1345.3437299400,1361.7749020000,1345.3339611100,3476563,4799456452.0800
2026-01-05,1352.9829550000,1393.0351580000,1398.7792300400,1352.9829550000,7094942,10018086372.3000
2026-01-06,1399.4337416500,1394.9986928300,1403.7515645100,1383.7840759900,3958618,5649710152.7700
2026-01-07,1399.7561130400,1390.4561868800,1401.8271050000,1387.3692366000,2968380,4234255286.3500
2026-01-08,1390.4268803900,1379.6518609000,1390.4561868800,1375.5880276200,2913454,4117925041.3700
2026-01-09,1384.2432110000,1386.2946653000,1395.5750538000,1383.2760968300,2984774,4243865418.1500
2026-01-12,1386.2946653000,1390.3291920900,1397.9195730000,1384.3408993000,3608266,5135636032.8600
2026-01-13,1393.8068955700,1378.3819130000,1396.4737861600,1376.4183781700,3916866,5555633778.5800
2026-01-14,1378.3819130000,1365.6922028300,1389.3718467500,1363.9045069400,5175797,7285041159.3100
2026-01-15,1363.7482056600,1356.7830298700,1370.4007788900,1356.4801961400,4090714,5698739671.2600
2026-01-16,1362.7517850000,1350.0523060000,1365.1939925000,1348.0985400000,5512068,7643061997.6700
2026-01-19,1349.9546177000,1344.1910080000,1355.4153936700,1343.2141250000,4228640,5833745441.5700
2026-01-20,1347.6100985000,1341.7976446500,1349.6420151400,1340.3323201500,3648443,5021900765.1000
2026-01-21,1341.8074134800,1319.8275459800,1342.6279952000,1318.7920500000,6451625,8775880803.4800
2026-01-22,1320.7555848300,1309.0818329800,1330.2801940800,1306.5614748400,5901089,7962441433.5000
2026-01-23,1309.1209083000,1306.0925710000,1316.8382840000,1301.6672910100,6194890,8301311489.4000
2026-01-26,1309.5214303300,1310.9769860000,1323.6764650000,1294.4872009600,8016606,10751225525.3800
2026-01-27,1313.8880973400,1311.9636378300,1322.4065171000,1307.0694540000,4841596,6514513216.1000
2026-01-28,1311.9929443200,1293.0902582700,1315.5781049300,1291.4490948300,7621801,10135019524.3400
2026-01-29,1304.1388050000,1404.4842267600,1411.5959350000,1298.3361199800,18953440,26305591086.2100
2026-01-30,1401.8271050000,1368.6130830000,1401.8271050000,1368.6130830000,9447974,13366329413.5100
2026-02-02,1392.0582750000,1394.0120410000,1424.8620061400,1378.9875804600,8572427,12312646442.5500
2026-02-03,1411.5959350000,1440.8242743600,1442.6705832300,1409.6714754900,8632066,12628439702.8000
2026-02-04,1450.6712550000,1489.7465750000,1497.8253974100,1439.9255420000,10912293,16444345979.5900
2026-02-05,1484.8621600000,1519.0530650000,1528.8218950000,1479.9777450000,9162274,14183456476.1300
2026-02-06,1519.0530650000,1479.9875138300,1531.7525440000,1471.0685720400,7896538,12019878669.0000
2026-02-09,1482.9083940000,1489.7074996800,1507.2132430400,1478.5026516700,5116846,7809067704.6000
2026-02-10,1489.7172685100,1470.0135384000,1489.7172685100,1461.9054095000,3957596,5953269320.5800
2026-02-11,1470.0135384000,1469.5544033900,1479.0008620000,1461.4169680000,3092846,4648360030.0900
2026-02-12,1465.5198766000,1452.2342678000,1468.0793100600,1439.3003368800,4624582,6874370112.5700
2026-02-13,1452.2342678000,1450.9643199000,1472.9441874000,1436.5846021400,4167901,6216379202.6200
2026-02-24,1485.8390430000,1432.8919844000,1489.1604452000,1429.7659588000,4191253,6198840572.4300
2026-02-25,1436.0180100000,1457.1772957800,1474.7611897800,1433.9470180400,3688067,5490316149.3900
2026-02-26,1452.2342678000,1432.3156234300,1455.0574596700,1430.8112236100,3295801,4855471430.1000
2026-02-27,1433.0775921700,1421.3843026600,1442.0844534300,1421.3843026600,3216016,4697692477.0800
2026-03-02,1416.4803500000,1406.8189771300,1423.3185310000,1403.4487307800,3545386,5115063511.4300
2026-03-03,1406.8092083000,1393.2207657700,1419.2840042100,1389.2546207900,4589086,6565381648.1900
2026-03-04,1382.2894450000,1368.7889219400,1390.1045090000,1359.9090554700,4801443,6743267103.4000
2026-03-05,1373.4974980000,1366.6983923200,1380.2966036800,1362.7517850000,3050524,4276226062.3800
2026-03-06,1362.7517850000,1369.5899660000,1374.9628225000,1355.9136040000,2915415,4072328833.3200
2026-03-09,1357.8673700000,1364.7055510000,1372.4229267000,1351.2245656000,3744162,5220095639.0800
2026-03-10,1372.4229267000,1369.4727400400,1376.9068196700,1365.6824340000,2462592,3457808915.6500
2026-03-11,1370.5570801700,1367.6362000000,1373.4877291700,1365.7019716600,2445673,3425363891.7800
2026-03-12,1362.7517850000,1359.8211360000,1371.4948878500,1358.8540218300,2758646,3850521716.6800
2026-03-13,1360.2900398400,1380.9608841200,1384.8488784600,1359.8211360000,3360783,4738808557.6800
2026-03-16,1387.1738600000,1426.4250189400,1432.1104780000,1387.1738600000,6008635,8711525836.0300
2026-03-17,1434.0642440000,1450.6712550000,1463.4391158100,1427.4116707700,4945361,7347310632.2300
2026-03-18,1454.5787870000,1434.8457504000,1461.9054095000,1429.3263614500,3555100,5239992521.9300
2026-03-19,1438.9095836800,1419.2840042100,1438.9486590000,1412.5728180000,3031859,4404953480.9100
2026-03-20,1419.3719236800,1411.5959350000,1428.6913875000,1405.7346370000,2613234,3782818260.2800
2026-03-23,1400.1957103900,1375.5196458100,1401.8271050000,1367.6655064900,4725589,6669708664.5100
2026-03-24,1383.2663280000,1374.7967523900,1384.8195719700,1367.8120389400,2856179,4017694387.3600
2026-03-25,1377.5124871300,1377.6687884100,1385.0930992100,1368.6228518300,2609346,3677905549.0600
2026-03-26,1376.4281470000,1368.7889219400,1381.2148737000,1367.9292649000,2309289,3243387502.4300
2026-03-27,1367.6362000000,1383.2858656600,1393.0351580000,1364.3734107800,3008711,4257499781.1400
2026-03-30,1374.4743810000,1387.1738600000,1397.9195730000,1370.0979451600,2868459,4060684934.2900
2026-03-31,1434.0642440000,1416.4803500000,1445.7184581900,1414.9271060300,6169066,9015486796.8600
2026-04-01,1430.6353846700,1425.7021255200,1436.0082411700,1419.2937730400,2912514,4256185471.7200
2026-04-02,1425.7021255200,1426.1319540400,1431.0163690400,1418.5318043000,2106437,3071809845.5000
2026-04-03,1425.7998138200,1426.2491800000,1435.9789346800,1421.3647650000,2019373,2953993080.5800
2026-04-07,1426.2980241500,1406.7310576600,1436.0180100000,1401.8759491500,2415218,3507471653.2800
2026-04-08,1426.2491800000,1431.1531326600,1435.1192776400,1418.5611107900,3383610,4947937006.7600
2026-04-09,1431.1531326600,1426.7278526700,1431.1531326600,1414.0381425000,2070476,3012278579.2600
2026-04-10,1425.4090606200,1420.3488066800,1425.9658839300,1407.7860913000,2886556,4187181528.8800
2026-04-13,1410.6190520000,1409.9450027300,1413.0612595000,1399.8733390000,2521364,3629675490.2600
2026-04-14,1409.2514158000,1413.4520127000,1415.1127138000,1401.8271050000,2423261,3492544229.7800
2026-04-15,1411.5763973400,1433.5758025000,1436.7897475700,1408.6652860000,3455348,5049317186.5400
2026-04-16,1433.5269583500,1429.0235277200,1443.2567130300,1426.2491800000,2451284,3597294838.1100
2026-04-17,1367.6362000000,1374.7088329200,1388.1507430000,1367.5092052100,9682499,13631929446.0800
2026-04-20,1370.5668490000,1378.2744558700,1381.2539490200,1367.6362000000,3645139,5127146041.4500
2026-04-21,1378.3819130000,1379.3685648300,1387.0761717000,1377.4050300000,2175427,3074595191.7200
2026-04-22,1382.2894450000,1376.9165885000,1386.1969770000,1372.5010773400,2691593,3793827534.3400
2026-04-23,1375.4512640000,1386.1969770000,1386.8807951000,1372.6183033000,3770109,5332831150.9200
2026-04-24,1380.4333673000,1424.7740866700,1425.1550710400,1380.4333673000,5545531,8003410999.0700
2026-04-27,1387.1738600000,1370.7622256000,1387.1738600000,1369.7853426000,7279774,10239763452.3000
2026-04-28,1369.5899660000,1372.5206150000,1376.8091313700,1367.7436571300,3400442,4772513712.1600
2026-04-29,1372.5206150000,1368.7791531100,1377.1608092500,1367.9097272400,3481313,4881691348.2500
2026-04-30,1367.6362000000,1352.7778095700,1368.7791531100,1348.0985400000,5275267,7316111748.0900
2026-05-06,1333.5429833000,1343.2141250000,1347.1216570000,1328.6097241500,4780604,6550750939.8500
2026-05-07,1343.2141250000,1339.3554371500,1355.9136040000,1338.3394788300,4046147,5573286314.8600
2026-05-08,1339.9513357800,1341.2505901700,1350.8045059100,1338.3297100000,3336853,4582855939.2600
2026-05-11,1341.1529018700,1329.8601343900,1341.1529018700,1329.5377630000,5713510,7790721392.3600
2026-05-12,1330.5146460000,1323.2368676500,1332.0581211400,1319.2804915000,5083743,6886304981.8800
2026-05-13,1323.1880235000,1313.0186714700,1327.1932438000,1307.0694540000,5696787,7653257144.3900
2026-05-14,1307.0694540000,1311.1430561100,1337.4114399800,1304.3146439400,5524434,7428592859.4700
2026-05-15,1304.2853374500,1302.1361948500,1308.3198642400,1296.4311981300,5818365,7749366540.0100
2026-05-18,1305.1156880000,1292.4162090000,1311.6412664400,1289.1045756300,4966097,6594983723.1600
2026-05-19,1291.3416377000,1293.6861569000,1299.2446211700,1287.5317940000,4325464,5719170335.4700
2026-05-20,1290.4624430000,1284.6011450000,1302.1752701700,1283.6242620000,4748733,6271273747.8200
2026-05-21,1282.6278413400,1280.6936130000,1292.9241881600,1280.6936130000,3886838,5112740390.8900
2026-05-22,1280.6447688500,1260.3744466000,1281.5825765300,1260.2962959600,4915714,6372389481.7000
2026-05-25,1257.2484210000,1256.1543120400,1274.6271695700,1247.4795910000,4635276,5978725158.2600
2026-05-26,1255.6365640500,1243.9432745400,1260.0716128700,1240.6511788300,4593162,5867830633.1900
2026-05-27,1238.7071816600,1272.8785490000,1288.5086770000,1221.2014383000,8272791,10586574902.2000
2026-05-28,1260.1790700000,1246.4831703400,1273.8554320000,1241.6182930000,4588998,5895475019.4800
2026-05-29,1241.2275398000,1295.3468580000,1298.2775070000,1240.6414100000,7647805,10037388211.1500
2026-06-01,1296.3237410000,1279.3259768000,1296.3237410000,1271.2276167300,4384460,5741133268.4500
2026-06-02,1275.8091980000,1277.0009952600,1295.6985358800,1270.9247830000,3636185,4769963103.8100
2026-06-03,1273.8554320000,1252.2760865300,1273.8554320000,1246.5027080000,5247652,6743202681.3200
2026-06-04,1249.4235881700,1238.6876440000,1259.1924181700,1237.4079272700,3350617,4273269325.4900
2026-06-05,1248.4564740000,1243.4352953800,1253.3408890000,1238.4336544200,3130397,3984001862.3400
2026-06-08,1242.5951760000,1233.7836913400,1248.4564740000,1230.8725800000,3082836,3898027116.3000
2026-06-09,1233.7934601700,1226.9650480000,1233.8032290000,1223.5948016500,2786012,3500590714.7500
2026-06-10,1223.1356666400,1246.3854820400,1252.3640060000,1221.3088954300,3924414,4991686419.3200
2026-06-11,1242.7124019600,1249.4333570000,1253.2236630400,1237.6228415300,2535198,3230008219.7100
2026-06-12,1241.7941319400,1262.0449165300,1265.0634850000,1235.7667638300,5049478,6477910214.3300
2026-06-15,1262.8166541000,1241.7159813000,1262.8166541000,1240.7390983000,4158556,5303656129.2900
2026-06-16,1237.7205298300,1226.6426766100,1238.5704180400,1225.9881650000,3496974,4399957625.4600
2026-06-17,1228.9188140000,1211.3349200000,1230.6478969100,1209.9282084800,4480330,5581256291.1200
2026-06-18,1206.4505050000,1186.9128450000,1210.2310422100,1183.2202272600,5747173,7016713941.4000
2026-06-22,1186.2387957300,1212.7123250300,1223.8390224000,1177.1440150000,5825131,7163236298.3700
2026-06-23,1210.3580370000,1194.1906233500,1234.7801120000,1188.8666110000,5800405,7179745910.8200
2026-06-24,1194.3859999500,1179.7620614400,1213.1616912100,1179.5959913300,4533528,5516574459.5500
2026-06-25,1179.0977810000,1184.0798843000,1198.6354410000,1172.2596000000,4844649,5860481755.2100
2026-06-26,1199.0000000000,1168.6300000000,1199.0000000000,1168.1000000000,5006647,5922014053.7700
2026-06-29,1169.0000000000,1194.9600000000,1215.0000000000,1151.0100000000,6687812,7949237761.3900
2026-06-30,1187.0000000000,1185.4900000000,1195.6700000000,1176.0000000000,3960779,4684236158.9500
2026-07-01,1180.1000000000,1193.0100000000,1196.8000000000,1166.3300000000,4247381,5033838235.5400
2026-07-02,1193.0100000000,1203.0000000000,1215.5200000000,1190.5100000000,5087015,6122360931.7800
2026-07-03,1205.2400000000,1194.4500000000,1210.1400000000,1185.0000000000,3426755,4099266243.4100
2026-07-06,1186.0000000000,1206.9100000000,1215.0000000000,1180.0000000000,4097001,4913750668.1300
2026-07-07,1200.0000000000,1188.8000000000,1202.0000000000,1188.1100000000,2736500,3264967794.0900
2026-07-08,1188.7700000000,1199.3000000000,1200.9800000000,1177.0000000000,2577602,3071933497.8000
2026-07-09,1191.0000000000,1182.1900000000,1191.9900000000,1178.0000000000,3409634,4035216946.0800
2026-07-10,1182.2000000000,1204.9800000000,1204.9800000000,1170.2800000000,5221255,6223343641.5500
