date,open,close,high,low,volume
2020-01-02,39.9530334000,40.3142724000,41.7231045000,39.7579643400,41123567
2020-01-03,40.4587680000,39.5050970400,40.5310158000,39.3317023200,28864212
2020-01-06,39.0210367800,38.5225269600,39.4039501200,38.3274579000,34356081
2020-01-07,38.3780313600,38.6381234400,39.1077341400,38.3780313600,23478333
2020-01-08,38.2913340000,38.0673658200,38.5658756400,38.0023428000,23232476
2020-01-09,38.5803252000,38.3924809200,38.6525730000,38.0456914800,22788922
2020-01-10,38.3708065800,38.6092243200,38.7103712400,37.7855994000,25068454
2020-01-13,38.2913340000,38.0890401600,38.2913340000,37.3521126000,32982604
2020-01-14,38.0745906000,38.2263109800,38.6525730000,37.9156454400,23102135
2020-01-15,38.3635818000,37.9228702200,38.4430543800,37.6772277000,17396916
2020-01-16,37.7639250600,37.3737869400,38.0023428000,37.2798648000,24712567
2020-01-17,37.7133516000,37.6627781400,38.0384667000,37.4388099600,16927971
2020-01-20,37.6627781400,38.0456914800,38.4358296000,37.6411038000,26280239
2020-01-21,37.5688560000,36.2178221400,37.5833055600,36.1816982400,40751329
2020-01-22,35.8493583600,36.1527991200,36.4634646600,35.6253901800,39854244
2020-01-23,36.0516522000,34.6789440000,36.1239000000,34.3538289000,43507835
2020-02-03,31.2182743800,32.3886887400,32.7282534000,31.2182743800,75940224
2020-02-04,32.7138038400,34.2599067600,34.8956874000,32.7138038400,48562246
2020-02-05,34.2454572000,34.0865120400,34.7873157000,33.8842182000,38919000
2020-02-06,34.3321545600,34.6500448800,34.9245865200,33.8191951800,28755749
2020-02-07,34.4549758200,34.9029121800,35.0040591000,34.2743563200,24037998
2020-02-10,34.5344484000,37.0414470600,37.2076170000,34.3538289000,46788218
2020-02-11,36.7596806400,37.2798648000,37.6411038000,36.5646115800,40200560
2020-02-12,36.7018824000,37.4315851800,37.4460347400,36.5573868000,29140812
2020-02-13,37.5688560000,37.9662189000,38.2696596600,37.2292913400,37503114
2020-02-14,37.5688560000,38.1612879600,38.2913340000,37.5688560000,24535007
2020-02-17,38.1612879600,38.5947747600,38.6742473400,37.8433976400,29901592
2020-02-18,38.2985587800,37.4243604000,38.4864030600,37.1136948600,44442094
2020-02-19,37.2148417800,37.7278011600,38.2696596600,36.8608275600,26362245
2020-02-20,37.9156454400,37.8939711000,38.0456914800,37.2148417800,26177995
2020-02-21,37.5760807800,37.7567002800,38.1829623000,37.3376630400,28589893
2020-02-24,37.7278011600,38.3057835600,39.4111749000,37.5182825400,44958127
2020-02-25,37.4604843000,37.5327321000,38.0312419200,36.8825019000,34729771
2020-02-26,36.8391532200,38.5008526200,39.1944315000,36.6729832800,64677528
2020-02-27,38.5442013000,40.2203502600,40.7838831000,38.5442013000,64117226
2020-02-28,39.1799819400,39.6351430800,41.0945486400,39.0138120000,57980571
2020-03-02,39.9385838400,43.5726481800,43.6015473000,39.9385838400,103858380
2020-03-03,44.8875581400,42.6262020000,44.8875581400,42.0626691600,90455108
2020-03-04,42.0337700400,42.7995967200,43.4787260400,41.9037240000,47563462
2020-03-05,42.9368675400,42.6695506800,43.2114091800,42.3155364600,38152290
2020-03-06,42.2432886600,41.3257416000,42.3372108000,41.2896177000,42461489
2020-03-09,40.5310158000,40.2420246000,40.9139291400,39.8446617000,43452287
2020-03-10,40.2420246000,41.5930584600,42.0626691600,39.9458086200,42833264
2020-03-11,41.5641593400,40.5599149200,41.5786089000,40.4948919000,25089185
2020-03-12,39.7724139000,39.8735608200,40.2420246000,38.9343394200,34492545
2020-03-13,37.9300950000,39.1005093600,40.0180564200,37.4749338600,38338657
2020-03-16,39.3967253400,37.3521126000,39.8302121400,37.1425939800,37312703
2020-03-17,37.9228702200,36.8463780000,38.3997057000,35.5459176000,46040522
2020-03-18,37.3159887000,37.1353692000,38.7103712400,37.0920205200,47970875
2020-03-19,36.9547497000,36.1889230200,37.7567002800,34.4477510400,57758546
2020-03-20,36.7452310800,38.1974118600,38.3491322400,36.0155283000,51326788
2020-03-23,36.4851390000,37.3737869400,38.2913340000,36.4706894400,44988549
2020-03-24,38.3852561400,39.4834227000,39.4834227000,37.9806684600,45918537
2020-03-25,40.8200070000,39.9963820800,41.3185168200,39.5339961600,43503443
2020-03-26,39.2377801800,39.2522297400,40.6249379400,39.1872067200,23976392
2020-03-27,39.7362900000,40.3287219600,40.8200070000,39.2161058400,36329150
2020-03-30,39.7146156600,40.3431715200,40.9500530400,39.3967253400,35020170
2020-03-31,40.7333096400,39.8085378000,40.8200070000,39.6712669800,24043848
2020-04-01,39.5917944000,39.5917944000,40.5093414600,39.4617483600,21899528
2020-04-02,39.0788350200,39.5339961600,39.5845696200,38.6308986600,22836674
2020-04-03,39.1583076000,39.4617483600,40.0325059800,39.1583076000,17589934
2020-04-07,40.3720706400,41.7592284000,42.3083116800,40.3576210800,61942729
2020-04-08,41.1884707800,41.6147328000,42.1276921800,41.0078512800,25989752
2020-04-09,41.8098018600,41.8676001000,42.3299860200,41.3979894000,22552394
2020-04-10,42.1927152000,41.8170266400,42.5539542000,41.3257416000,22532575
2020-04-13,41.6869806000,42.8429454000,43.3631295600,41.4052141800,27619273
2020-04-14,42.5539542000,43.1030374800,43.1174870400,42.3805594800,23227351
2020-04-15,42.8862940800,41.7592284000,42.8862940800,41.6291823600,29085376
2020-04-16,41.3329663800,41.3835398400,41.7158797200,41.0945486400,18284441
2020-04-17,41.7231045000,42.0554443800,42.9007436400,41.4413380800,30411081
2020-04-20,42.6045276600,43.0307896800,43.5004003800,42.5900781000,30218350
2020-04-21,42.6262020000,42.7345737000,43.2330835200,41.9398479000,21053894
2020-04-22,42.4094586000,43.0091153400,43.0524640200,42.1565913000,16842866
2020-04-23,43.1030374800,41.8459257600,43.2403083000,41.8459257600,23800649
2020-04-24,41.8459257600,41.9326231200,42.1204674000,41.3979894000,18248439
2020-04-27,42.3372108000,42.1999399800,42.8862940800,42.0843435000,19467545
2020-04-28,42.6117524400,42.4383577200,42.6406515600,41.6291823600,19541288
2020-04-29,42.4455825000,43.3486800000,43.9266624000,42.4383577200,25441059
2020-04-30,43.5292995000,43.3197808800,43.6015473000,42.9151932000,20835334
2020-05-06,42.8429454000,43.0524640200,43.2908817600,42.3950090400,36527055
2020-05-07,43.1319366000,43.9989102000,44.0278093200,43.1319366000,29534639
2020-05-08,44.0783827800,43.9627863000,44.3095757400,43.5943225200,21437648
2020-05-11,44.2228783800,44.7575121000,45.4221918600,44.2012040400,32316440
2020-05-12,44.7936360000,44.3745987600,44.9670307200,43.7460429000,22324274
2020-05-13,44.2951261800,44.2084288200,44.3601492000,43.5726481800,19317910
2020-05-14,44.0567084400,42.7562480400,44.1867544800,42.6334267800,35695494
2020-05-15,42.7779223800,42.5178303000,42.9874410000,42.0265452600,22594174
2020-05-18,43.0235649000,42.9079684200,43.3342304400,42.6767754600,21229373
2020-05-19,43.4209278000,42.9151932000,43.6954694400,42.7490232600,18026014
2020-05-20,42.9151932000,42.3372108000,43.0380144600,42.0987930600,24077392
2020-05-21,42.4672568400,42.2866373400,42.6045276600,41.6147328000,21427564
2020-05-22,41.9759718000,41.1740212200,42.0987930600,41.0728743000,25239789
2020-05-25,41.1089982000,40.9717273800,41.1667964400,40.3720706400,20428940
2020-05-26,41.3763150600,41.4846867600,41.8748248800,41.1812460000,19786111
2020-05-27,41.5641593400,41.1451221000,41.8170266400,41.0945486400,16242028
2020-05-28,41.1523468800,41.5569345600,41.9037240000,41.0367504000,17318156
2020-05-29,41.1523468800,41.0367504000,41.4485628600,40.6466122800,23580179
2020-06-01,41.4919115400,42.1565913000,42.2505134400,41.1667964400,33150294
2020-06-02,41.9253983400,41.6580814800,42.0626691600,41.3401911600,23515951
2020-06-03,41.8170266400,41.5930584600,42.1638160800,41.5424850000,20045260
2020-06-04,41.8676001000,40.9139291400,41.8676001000,40.7477592000,25203134
2020-06-05,40.8922548000,40.5599149200,40.9067043600,39.8663360400,35289213
2020-06-08,40.6827361800,40.4659927800,41.0367504000,40.1119785600,27068670
2020-06-09,40.3865202000,40.8633556800,41.1595716600,40.3287219600,24519753
2020-06-10,41.0800990800,41.7736779600,41.8892744400,40.8416813400,35808920
2020-06-11,41.7664531800,41.0078512800,41.7664531800,40.4732175600,34589696
2020-06-12,40.3865202000,40.4587680000,40.8994795800,40.2275750400,27697112
2020-06-15,40.3070476200,40.1697768000,40.8489061200,39.8807856000,22382801
2020-06-16,40.7405344200,40.4732175600,40.7477592000,40.1336529000,28782346
2020-06-17,40.4443184400,40.4948919000,40.7838831000,40.0252812000,32695328
2020-06-18,40.4948545500,40.8544758300,40.9069206000,39.9404384100,24209411
2020-06-19,40.8319995000,40.9069206000,41.0792391300,40.3075518000,34299080
2020-06-22,41.0193022500,40.5023466600,41.0193022500,40.3300281300,26361160
2020-06-23,40.3450123500,40.0078674000,40.3525044600,39.8505330900,30222871
2020-06-24,40.1502174900,40.5323151000,40.8619679400,40.1277411600,27306292
2020-06-29,40.0378358400,39.5283723600,40.3599965700,39.3485617200,38980584
2020-06-30,39.7006908900,39.6407540100,39.9329463000,39.3935143800,25534563
2020-07-01,39.8430409800,41.4987972900,41.6186710500,39.6407540100,56880614
2020-07-02,41.8284501300,42.3978504900,42.4652794800,41.7010842600,55182871
2020-07-03,42.4053426000,42.5327084700,43.3343642400,42.0157528800,44253251
2020-07-06,42.8773455300,43.7689066200,44.0536068000,42.8773455300,51455203
2020-07-07,44.2034490000,43.4542380000,45.4021866000,43.4542380000,53226567
2020-07-08,43.9786857000,43.4167774500,44.2034490000,42.7874402100,42519970
2020-07-09,43.4242695600,44.3832596400,44.5405939500,42.7799481000,69068488
2020-07-10,44.0760831300,42.8398849800,44.0760831300,42.7050270000,53354244
2020-07-13,42.7050270000,43.8063671700,44.3383069800,42.5701690200,58434919
2020-07-14,43.9562093700,43.8887803800,44.8627546800,43.2369668100,52420813
2020-07-15,44.1584963400,42.9672508500,44.4581807400,42.7799481000,40134165
2020-07-16,43.0796325000,41.6711158200,44.0536068000,41.5512420600,60714710
2020-07-17,41.9558160000,42.6975348900,43.1021088300,41.7535290300,39627685
2020-07-20,43.4542380000,46.9680375900,46.9680375900,43.4542380000,130534583
2020-07-21,46.9680375900,45.6344420100,47.1928008900,44.8178020200,86357704
2020-07-22,45.4621234800,45.6793946700,45.9715869600,44.8777389000,49563222
2020-07-23,45.0125968800,45.7393315500,46.0764765000,44.2858622100,43753284
2020-07-24,45.2972970600,44.0910673500,45.6569183400,43.6040802000,44369905
2020-07-27,44.6679598200,44.7728493600,45.6269499000,44.3083385400,36205435
2020-07-28,45.0875179800,44.8777389000,45.6644104500,44.5405939500,28411771
2020-07-29,44.6529756000,45.4621234800,45.5520288000,44.2409095500,31914823
2020-07-30,46.4435898900,46.0390159500,47.6198511600,45.8367289800,55290311
2020-07-31,45.7018710000,46.0165396200,46.9680375900,45.6344420100,35478208
2020-08-03,46.8706401600,46.6159084200,47.5748985000,46.4660662200,36604399
2020-08-04,47.0504508000,46.9680375900,47.4250563000,46.5934320900,29948593
2020-08-05,46.9006086000,46.3611766800,46.9680375900,45.9640948500,27024339
2020-08-06,46.5260031000,45.9191421900,47.1028955700,45.5445366900,29609925
2020-08-07,46.0764765000,46.0764765000,46.1588897100,45.1849154100,25080619
2020-08-10,46.9755297000,46.1513976000,47.5674063900,45.7018710000,28580067
2020-08-11,46.4360977800,45.3647260500,46.5035267700,45.3272655000,22054757
2020-08-12,45.3647260500,44.2633858800,45.5370445800,43.4617301100,31556180
2020-08-13,44.3532912000,44.2259253300,44.8028178000,43.9337330400,18009894
2020-08-14,44.2259253300,44.5405939500,44.5630702800,43.7389381800,19415476
2020-08-17,44.5480860600,45.7767921000,45.7842842100,44.2034490000,31049175
2020-08-18,45.7767921000,45.8067605400,45.9940632900,45.3347576100,18016208
2020-08-19,45.8142526500,45.4396471500,46.3686687900,45.3872023800,18939084
2020-08-20,45.3347576100,44.3832596400,45.3347576100,44.2034490000,20094636
2020-08-21,44.8552625700,44.4731649600,44.9526600000,44.2034490000,12696736
2020-08-24,45.5445366900,46.1364133800,46.4510820000,45.4396471500,39639803
2020-08-25,46.8256875000,45.9116500800,46.8931164900,45.4546313700,23960064
2020-08-26,45.9566027400,45.6269499000,46.5260031000,45.4396471500,22436918
2020-08-27,45.9116500800,45.4246629300,46.0015554000,44.9676442200,17937049
2020-08-28,45.4321550400,46.5260031000,46.6009242000,45.1998996300,31339949
2020-08-31,47.1028955700,45.6344420100,47.3351509800,45.6269499000,29909934
2020-09-01,45.4771077000,45.1774233000,45.5070761400,44.7653572500,28657946
2020-09-02,45.2898049500,44.7278967000,45.3197733900,44.4207201900,24432938
2020-09-03,44.7503730300,44.6304992700,45.1924075200,44.4357044100,23903140
2020-09-04,44.1809726700,44.5405939500,44.5780545000,43.9637014800,16676326
2020-09-07,44.5031334000,43.6640170800,44.8702467900,43.4916985500,21031205
2020-09-08,43.8288435000,44.0985594600,44.1959568900,43.2369668100,19092795
2020-09-09,43.4767143300,43.2294747000,43.7389381800,42.8473770900,19487128
2020-09-10,43.6790013000,43.3418563500,44.1884647800,43.2369668100,19348109
2020-09-11,43.4916985500,43.4542380000,43.6040802000,42.8548692000,13910839
2020-09-14,43.6415407500,44.3457990900,44.4656728500,43.6415407500,21786064
2020-09-15,44.2633858800,44.3457990900,44.5256097300,43.7689066200,14352598
2020-09-16,44.3907517500,44.3832596400,44.6754519300,44.0536068000,13503676
2020-09-17,44.3457990900,43.8663040500,44.4207201900,43.5890959800,13832875
2020-09-18,44.0760831300,44.9751363300,45.0650416500,43.7988750600,25179398
2020-09-21,45.3122812800,44.7653572500,45.5445366900,44.4956412900,15950542
2020-09-22,44.4282123000,44.0011620300,44.5780545000,43.8363356100,14506408
2020-09-23,44.1659884500,43.6040802000,44.1659884500,43.4617301100,12647997
2020-09-24,43.3793169000,42.8698534200,43.4542380000,42.8024244300,15620950
2020-09-25,42.8548692000,42.4802637000,43.1170930500,42.3454057200,14412701
2020-09-28,42.6301059000,42.1655950800,43.0271877300,42.0756897600,13937271
2020-09-29,42.2629925100,41.8434343500,42.5102321400,41.7760053600,18388679
2020-09-30,42.1131503100,41.4013998600,42.3229293900,40.9818417000,24588331
2020-10-09,42.0232449900,41.6711158200,42.0457213200,41.0417785800,32452002
2020-10-12,41.6411473800,42.6226137900,42.6975348900,41.6186710500,28911884
2020-10-13,42.6151216800,42.2929609500,42.6151216800,42.1805793000,21794032
2020-10-14,42.2779767300,41.6561316000,42.2929609500,41.2215892200,29006244
2020-10-15,41.6636237100,41.7010842600,41.9483238900,41.2215892200,20286982
2020-10-16,41.5362578400,41.2590497700,42.1581029700,41.0942233500,27076381
2020-10-19,41.3489550900,40.5173308800,41.6411473800,40.4798703300,27377752
2020-10-20,40.5622835400,40.6971415200,40.7570784000,40.2251385900,20088749
2020-10-21,40.8469837200,40.5098387700,40.9593653700,40.2326307000,17546300
2020-10-22,40.3974571200,39.8879936400,40.4573940000,39.7606277700,19752990
2020-10-23,39.8879936400,39.8580252000,40.1577096000,39.7081830000,17498335
2020-10-26,39.8580252000,38.9364956700,39.8580252000,38.7342087000,26181978
2020-10-27,38.9589720000,39.4459591500,39.6482461200,38.6667797100,25662571
2020-10-28,39.1088142000,38.9589720000,39.2586564000,38.2097610000,36485297
2020-10-29,38.2097610000,38.9964325500,39.3710380500,38.1348399000,27635945
2020-10-30,38.9964325500,38.0898872400,39.0338931000,37.9849977000,27972312
2020-11-02,38.0823951300,38.2622057700,38.6218270500,37.9175687100,22563283
2020-11-03,38.4045558600,38.6967481500,38.8765587900,38.1348399000,28286682
2020-11-04,38.9140193400,40.8619679400,41.1092075700,38.8091298000,64749387
2020-11-05,41.4313683000,40.9144127100,41.5812105000,40.5997440900,37539884
2020-11-06,40.9144127100,41.0118101400,41.5062894000,40.3824729000,35119795
2020-11-09,41.3189866500,41.4538446300,41.7160684800,41.0043180300,37650346
2020-11-10,41.4613367400,40.4573940000,41.6561316000,40.2775833600,34624410
2020-11-11,40.5398072100,41.9333396700,42.2405161800,40.2700912500,55142638
2020-11-12,41.7235605900,41.8359422400,42.3004530600,41.2066050000,32694917
2020-11-13,41.5812105000,41.1916207800,41.6935921500,40.8769521600,22035591
2020-11-16,41.5062894000,42.5252163600,42.6076295700,41.3564472000,41753081
2020-11-17,42.5551848000,43.2744273600,43.9562093700,42.1506108600,55739145
2020-11-18,43.2594431400,43.0796325000,43.5216669900,42.5776611300,25246851
2020-11-19,42.8024244300,42.5476926900,43.0421719500,42.2854688400,23046060
2020-11-20,42.6151216800,42.1056582000,42.6151216800,41.9558160000,20525199
2020-11-23,42.1281345300,42.6750585600,43.2294747000,41.7535290300,31703331
2020-11-24,42.6301059000,42.8099165400,43.0796325000,42.1206424200,22386524
2020-11-25,42.7874402100,41.6261631600,43.1320772700,41.4238761900,26112467
2020-11-26,41.5812105000,41.2140971100,41.8059738000,40.9144127100,18611343
2020-11-27,41.2815261000,41.5812105000,41.7235605900,41.0942233500,16148289
2020-11-30,41.6561316000,42.3304215000,42.4652794800,41.5887026100,35744758
2020-12-01,41.9782923300,42.1655950800,42.2929609500,41.7685132500,21793831
2020-12-02,42.1056582000,42.0007686600,42.3229293900,41.8059738000,17166728
2020-12-03,42.0157528800,41.5587341700,42.0906739800,41.3040024300,20871763
2020-12-04,41.5362578400,41.8584185700,41.8584185700,41.1241917900,16376492
2020-12-07,41.7535290300,40.6297125300,41.7610211400,40.5398072100,31831564
2020-12-08,40.6297125300,40.0378358400,40.9668574800,40.0228516200,21819340
2020-12-09,40.0378358400,39.6557382300,40.3225360200,39.6107855700,18962758
2020-12-10,39.5658329100,39.6407540100,39.8505330900,39.3710380500,16007381
2020-12-11,39.6407540100,39.2961169500,39.9404384100,39.0189088800,18133337
2020-12-14,39.3036090600,38.9739562200,39.4534512600,38.6443033800,19877193
2020-12-15,38.9739562200,39.8280567600,39.9704068500,38.7192244800,20359830
2020-12-16,39.3335775000,39.4834197000,39.6182776800,39.1837353000,16618362
2020-12-17,39.3635459400,39.6332619000,39.8205646500,38.8765587900,20026320
2020-12-18,39.6407540100,39.8355488700,40.2476149200,39.5208802500,19517792
2020-12-21,39.4084986000,39.5508486900,39.7606277700,39.1837353000,19153216
2020-12-22,39.5508486900,38.6068428300,39.6332619000,38.5843665000,32372096
2020-12-23,38.5843665000,38.3970637500,38.7267165900,38.1198556800,21399944
2020-12-24,38.3970637500,38.4944611800,39.0488773200,38.2022688900,16776697
2020-12-25,38.5019532900,38.3146505400,38.5169375100,38.1198556800,15563697
2020-12-28,38.3221426500,37.6029000900,38.3521110900,37.4755342200,35833389
2020-12-29,37.8351555000,38.5693822800,38.9364956700,37.5129947700,27531891
2020-12-30,38.3596032000,38.4644927400,38.5019532900,37.9325529300,19481925
2020-12-31,38.5094454000,38.6742718200,39.2062116300,38.2996663200,26814450
2021-01-04,38.7342087000,39.1687510800,39.2811327300,38.4420164100,31900434
2021-01-05,39.1462747500,38.8166219100,39.1987195200,38.2172531100,41983750
2021-01-06,38.8241140200,41.8659106800,42.6301059000,38.8241140200,111772803
2021-01-07,41.2140971100,41.1541602300,41.2440655500,40.1127569400,68864293
2021-01-08,41.3564472000,42.2929609500,42.4652794800,41.3264787600,66114248
2021-01-11,43.1545536000,42.3379136100,43.5741117600,42.0007686600,65944693
2021-01-12,42.3454057200,42.6600743400,42.7799481000,41.5062894000,43073145
2021-01-13,42.6600743400,42.9297903000,44.1135436800,42.2629925100,54063426
2021-01-14,42.7050270000,42.0981660900,42.9073139700,41.7460369200,40523883
2021-01-15,41.8059738000,41.6411473800,42.0906739800,41.2140971100,32552383
2021-01-18,41.2140971100,41.3414629800,41.4163840800,40.5772677600,36663268
2021-01-19,41.4538446300,41.2590497700,41.5812105000,40.4573940000,39926495
2021-01-20,41.2066050000,40.4573940000,41.2066050000,40.3749807900,31226787
2021-01-21,40.4573940000,39.8954857500,40.5997440900,39.7156751100,46311674
2021-01-22,39.9329463000,39.1687510800,39.9853910700,39.0413852100,37590552
2021-01-25,38.9964325500,39.7381514400,40.1352332700,38.4420164100,58857853
2021-01-26,39.1837353000,38.9065272300,39.5583408000,38.5094454000,47903790
2021-01-27,38.9439877800,38.7342087000,39.5508486900,38.6218270500,35909959
2021-01-28,38.3670953100,38.0599188000,38.5019532900,37.8501397200,38944230
2021-01-29,38.2022688900,37.7902028400,38.3596032000,37.4605500000,41319283
2021-02-01,37.8351555000,37.8351555000,37.9100766000,37.4605500000,30905188
2021-02-02,37.9475371500,37.4605500000,37.9700134800,37.0859445000,59968497
2021-02-03,37.4605500000,37.2208024800,37.6628369700,36.8611812000,33248670
2021-02-04,37.1533734900,36.7113390000,37.1533734900,36.0295569900,43365422
2021-02-05,36.6888626700,37.6029000900,38.0374424700,36.3442256100,42428143
2021-02-08,37.6029000900,38.3745874200,38.5469059500,37.4155973400,36044909
2021-02-09,38.5019532900,38.2996663200,38.5094454000,37.8501397200,32553579
2021-02-10,38.2846821000,38.8765587900,39.0189088800,37.9700134800,33745876
2021-02-18,39.5733250200,38.9215114500,40.3000596900,38.5843665000,46465186
2021-02-19,39.0264009900,40.9518732600,41.1017154600,38.7342087000,79049976
2021-02-22,41.3189866500,40.7645705100,42.1056582000,40.7570784000,79798068
2021-02-23,40.1577096000,39.3335775000,40.6971415200,39.2436721800,52371597
2021-02-24,39.7006908900,39.8505330900,40.5622835400,39.4534512600,43130900
2021-02-25,40.3000596900,40.8694600500,41.1017154600,39.5583408000,49916020
2021-02-26,39.9554226300,39.9629147400,40.6372046400,39.7156751100,31703251
2021-03-01,39.9629147400,39.8130725400,40.3674886800,39.4234828200,29281209
2021-03-02,39.7306593300,40.0378358400,40.7870468400,39.4909118100,38877001
2021-03-03,40.0827885000,40.6671730800,40.7570784000,39.7156751100,35594009
2021-03-04,40.3300281300,39.9179620800,40.6596809700,39.7156751100,30060182
2021-03-05,39.5583408000,38.3670953100,39.6482461200,38.3296347600,44917195
2021-03-08,38.9889404400,38.2846821000,39.6107855700,38.2472215500,36562862
2021-03-09,38.4270321900,37.8501397200,38.8690666800,37.3856289000,35642982
2021-03-10,38.1348399000,38.2172531100,38.3970637500,37.7227738500,20524243
2021-03-11,38.8091298000,39.8430409800,40.2176464800,38.8016376900,58271078
2021-03-12,40.1202490500,40.7720626200,41.1241917900,39.7156751100,61570894
2021-03-15,40.5023466600,40.3450123500,41.1166996800,39.9554226300,38837450
2021-03-16,40.3824729000,40.4573940000,40.5622835400,39.7681198800,23447840
2021-03-17,40.4948545500,39.7606277700,40.5098387700,39.4684354800,25461315
2021-03-18,39.8205646500,39.6707224500,40.1951701500,39.4909118100,21543606
2021-03-19,39.3260853900,38.6293191600,39.3335775000,38.5843665000,27367786
2021-03-22,38.6293191600,38.9439877800,38.9589720000,38.2022688900,19632177
2021-03-23,39.1537668600,38.7192244800,40.0752963900,38.5019532900,37038345
2021-03-24,38.4045558600,38.0074740300,38.7491929200,37.9250608200,27616489
2021-03-25,38.0374424700,38.1348399000,38.3521110900,37.7002975200,23352313
2021-03-26,38.3970637500,38.4570006300,38.6218270500,37.9849977000,28553458
2021-03-29,38.7491929200,38.7192244800,39.2586564000,38.6443033800,35129879
2021-03-30,38.7267165900,38.6592876000,38.8990351200,38.5319217300,28209031
2021-03-31,38.7267165900,38.3745874200,38.7866534700,38.1423320100,17789612
2021-04-01,38.5094454000,38.5244296200,38.5244296200,38.2097610000,16655179
2021-04-02,38.5244296200,38.4570006300,38.5843665000,38.2921742100,17209383
2021-04-06,38.4794769600,38.2846821000,38.5768743900,38.2472215500,18397249
2021-04-07,38.1348399000,38.6817639300,38.6967481500,37.6103922000,31300922
2021-04-08,38.5094454000,38.3446189800,38.5169375100,38.1348399000,17938003
2021-04-09,38.3446189800,37.9550292600,38.3446189800,37.8201712800,16192563
2021-04-12,37.9550292600,37.6253764200,38.0149661400,37.6178843100,17070324
2021-04-13,37.6253764200,37.4680421100,37.7827107300,37.3481683500,16998408
2021-04-14,37.6478527500,37.7152817400,37.8051870600,37.5055026600,11078849
2021-04-15,37.6928054100,37.4230894500,37.6928054100,37.2357867000,13325809
2021-04-16,37.4455657800,37.7527422900,37.8351555000,37.4305815600,11156221
2021-04-19,37.7527422900,38.0449345800,38.0674109100,37.5354711000,18775401
2021-04-20,38.1348399000,37.8351555000,38.1423320100,37.8126791700,15800227
2021-04-21,37.7602344000,37.6103922000,37.7602344000,37.3856289000,14897503
2021-04-22,37.5729316500,37.5504553200,37.7377580700,37.4605500000,12540887
2021-04-23,37.5504553200,37.4980105500,37.6553448600,37.4305815600,17302612
2021-04-26,37.4830263300,37.1383892700,37.6853133000,37.0859445000,24406139
2021-04-27,37.0709602800,36.6214336800,37.0784523900,36.5614968000,21892521
2021-04-28,36.7188311100,37.0559760600,37.4006131200,36.7113390000,15671387
2021-04-29,37.0934366100,37.2657551400,37.3107078000,36.8087364300,14678050
2021-04-30,37.0859445000,36.7338153300,37.2432788100,36.6738784500,17789852
2021-05-06,36.7487995500,36.9960391800,37.2732472500,36.7487995500,16231118
2021-05-07,36.9885470700,37.6403606400,37.9100766000,36.9885470700,30702264
2021-05-10,37.7602344000,37.5429632100,38.1573162300,37.1608656000,23474199
2021-05-11,37.4006131200,37.0334997300,37.4006131200,36.5614968000,20014952
2021-05-12,36.8611812000,36.9361023000,37.1833419300,36.7862601000,11907758
2021-05-13,36.8312127600,36.7113390000,36.9361023000,36.6364179000,15038840
2021-05-14,36.7113390000,37.3331841300,37.3781367900,36.7113390000,20465608
2021-05-17,37.3556604600,37.7002975200,38.0599188000,37.3556604600,23673109
2021-05-18,37.7152817400,37.3781367900,37.7452501800,37.2357867000,13414182
2021-05-19,37.3781367900,37.0934366100,37.3781367900,36.8986417500,13747390
2021-05-20,37.0709602800,36.9960391800,37.0859445000,36.7487995500,14627244
2021-05-21,37.0409918400,36.8012443200,37.2282945900,36.7862601000,14708469
2021-05-24,36.8312127600,36.7188311100,36.8312127600,36.6214336800,14301090
2021-05-25,36.7188311100,37.2133103700,37.2582630300,36.6214336800,24479936
2021-05-26,37.2208024800,37.2208024800,37.4305815600,37.0709602800,18190286
2021-05-27,37.2507709200,37.1084208300,37.4455657800,37.0634681700,22850629
2021-05-28,37.1983261500,36.7487995500,37.3107078000,36.7113390000,27759341
2021-05-31,36.8536890900,36.7338153300,36.8536890900,36.5614968000,24776290
2021-06-01,36.7263232200,36.5240362500,36.7263232200,36.3741940500,21807665
2021-06-02,36.5165441400,36.2243518500,36.5165441400,36.1868913000,21677218
2021-06-03,36.1868913000,36.2693045100,36.4041624900,36.1344465300,17361952
2021-06-04,36.2693045100,36.1719070800,36.5165441400,36.0745096500,19608898
2021-06-07,36.1719070800,36.3741940500,36.4790835900,35.9621280000,21614750
2021-06-08,36.2618124000,36.6588942300,36.6588942300,36.1868913000,21957011
2021-06-09,36.8611812000,36.5614968000,36.8836575300,36.5315283600,17984091
2021-06-10,36.5764810200,36.2842887300,36.7862601000,36.2842887300,19571881
2021-06-11,36.4566072600,36.0295569900,36.4715914800,36.0220648800,18815124
2021-06-15,36.0370491000,35.3402828700,36.1719070800,35.2578696600,24106813
2021-06-16,35.3702513100,35.2728538800,35.5126014000,34.8907562700,24018819
2021-06-17,35.2258011000,34.4334167100,35.2336464900,34.4020351500,26520670
2021-06-18,34.4334167100,33.5704238100,34.4491074900,33.3978252300,32227153
2021-06-21,33.2644536000,32.1033358800,33.2644536000,32.0248819800,47810074
2021-06-22,32.0797997100,32.4720692100,32.9271018300,32.0484181500,25946553
2021-06-23,32.4877599900,32.8564933200,33.0604734600,32.4799146000,18373416
2021-06-24,32.9506380000,32.5505231100,33.0212465100,32.3308521900,14546330
2021-06-25,32.6760493500,33.0134011200,33.1153911900,32.5583685000,17034117
2021-06-28,33.0290919000,33.0526280700,33.3899798400,32.7309670800,16124414
2021-06-29,33.1075458000,32.2680890700,33.1075458000,32.2680890700,17316954
2021-06-30,32.2523982900,32.2053259500,32.5819046700,32.0091912000,16554327
2021-07-01,32.1660990000,32.6682039600,32.9035656600,31.7032209900,27991847
2021-07-02,32.1739443900,31.6404578700,32.2288621200,31.5463131900,23452228
2021-07-05,31.6404578700,31.5227770200,31.8130564500,31.3031061000,17210824
2021-07-06,31.5227770200,31.8836649600,31.9621188600,31.4600139000,16399805
2021-07-07,31.7346025500,31.7738295000,31.9385826900,31.4678592900,14192516
2021-07-08,31.7659841100,31.0128266700,31.7738295000,30.9892905000,25654083
2021-07-09,30.8245373100,30.7696195800,31.2481883700,30.5499486600,18715862
2021-07-12,31.0912805700,30.7539288000,31.3423330500,30.7225472400,16923351
2021-07-13,30.7539288000,30.7617741900,30.9735997200,30.5342578800,16709956
2021-07-14,30.7460834100,30.0478437000,30.7539288000,29.9693898000,26785824
2021-07-15,30.0086167500,30.6990110700,30.7931557500,29.8517089500,23023602
2021-07-16,30.5813302200,30.3224323500,30.5891756100,30.2204422800,14759684
2021-07-19,30.2910507900,29.8595543400,30.2910507900,29.5300479600,23961761
2021-07-20,29.7340281000,30.0556890900,30.1106068200,29.6163472500,13268966
2021-07-21,30.3459685200,30.2988961800,30.9892905000,30.1498337700,25172969
2021-07-22,30.2988961800,30.8794550400,31.1697344700,29.8909359000,30256453
2021-07-23,30.9108366000,30.4322678100,31.1226621300,30.3930408600,21249857
2021-07-26,30.3851954700,29.0907061200,30.3851954700,28.9494891000,33626408
2021-07-27,29.1063969000,27.8668252800,29.3260678200,27.8354437200,32883191
2021-07-28,27.8511345000,27.9374337900,28.3218579000,27.6000820200,22638112
2021-07-29,28.2120224400,27.6942267000,28.3297032900,27.4667103900,25415863
2021-07-30,27.6863813100,27.7726806000,28.0864962000,27.1842763500,22120676
2021-08-02,27.7726806000,30.4871855400,30.5499486600,27.1607401800,73630550
2021-08-03,30.4401132000,30.7382380200,31.2874153200,29.8752451200,59530528
2021-08-04,30.6754749000,30.9108366000,31.0912805700,30.3695046900,36471581
2021-08-05,30.8166919200,31.4600139000,31.7659841100,30.4793401500,41103035
2021-08-06,31.4443231200,30.8245373100,31.4521685100,30.5185671000,24732972
2021-08-09,30.6754749000,32.4956053800,33.4135160100,30.5185671000,64593663
2021-08-10,32.5034507700,32.6054408400,32.6289770100,31.6247670900,40955600
2021-08-11,32.5975954500,32.1896351700,32.9114110500,32.0876451000,27401467
2021-08-12,32.0876451000,32.0719543200,32.5505231100,31.7032209900,24457672
2021-08-13,32.0719543200,32.2837798500,32.6368224000,31.7816748900,21320737
2021-08-16,32.6368224000,32.5034507700,33.3272167200,32.4406876500,29902735
2021-08-17,32.5191415500,32.8408025400,33.5782692000,32.5191415500,45576016
2021-08-18,32.8486479300,33.3978252300,33.4448975700,32.1739443900,29856256
2021-08-19,33.3350621100,32.3622337500,33.3429075000,32.3465429700,27061302
2021-08-20,32.2837798500,33.0683188500,33.6096507600,31.7895202800,39645881
2021-08-23,33.0604734600,32.6525131800,33.0604734600,32.3230068000,26195802
2021-08-24,32.6682039600,32.0091912000,32.9035656600,32.0013458100,25801970
2021-08-25,32.3230068000,31.7738295000,32.4014607000,31.6796848200,19369901
2021-08-26,31.6953756000,30.9500635500,31.6953756000,30.9500635500,24064445
2021-08-27,31.0834351800,30.8480734800,31.3658692200,30.7539288000,17406001
2021-08-30,30.3302777400,29.3339132100,30.3381231300,29.0357883900,41035721
2021-08-31,29.5692749100,31.3501784400,31.7581387200,29.5692749100,53416385
2021-09-01,31.6169217000,33.8607032400,34.3471174200,31.3894053900,91354005
2021-09-02,34.1274465000,34.0019202600,34.3628082000,33.5468876400,48552991
2021-09-03,33.6959500500,34.2765089100,34.6687784100,33.1075458000,47744746
2021-09-06,35.0296663500,35.8534323000,36.3241557000,34.7629230900,72591107
2021-09-07,35.8534323000,35.5160805300,35.9475769800,35.0610479100,37054409
2021-09-08,35.4219358500,34.9669032300,35.5160805300,34.5981699000,36772445
2021-09-09,34.9119855000,36.0652578300,36.2300110200,34.6923145800,46562009
2021-09-10,36.4732181100,37.2499117200,38.7562266000,36.4732181100,81235638
2021-09-13,37.6578720000,38.7405358200,38.9209797900,37.3440564000,83353919
2021-09-14,38.9288251800,38.0501415000,39.0700422000,37.7363259000,51865861
2021-09-15,38.0579868900,35.8769684700,38.1285954000,35.5396167000,56394702
2021-09-16,36.4183003800,36.2535471900,37.3362110100,35.7985145700,52481881
2021-09-17,37.2577571100,36.5830535700,37.2577571100,35.3983996800,33934496
2021-09-22,36.6065897400,36.5830535700,37.2656025000,36.4026096000,26494953
2021-09-23,36.9674776800,37.3754379600,38.4031840500,36.9674776800,42109405
2021-09-24,37.0616223600,34.1352918900,37.1165400900,33.7351770000,67559809
2021-09-27,34.0411472100,32.7545032500,34.0411472100,32.2288621200,47915225
2021-09-28,32.9506380000,32.9741741700,33.5390422500,32.5191415500,28269220
2021-09-29,32.5505231100,32.0248819800,32.7780394200,31.9072011300,32390271
2021-09-30,31.9778096400,32.0091912000,32.5505231100,31.6953756000,24199753
2021-10-08,32.5034507700,32.3857699200,32.7074309100,31.7738295000,22945547
2021-10-11,32.5897500600,32.7701940300,33.8607032400,32.5583685000,38864931
2021-10-12,32.7623486400,32.7388124700,33.3821344500,32.1739443900,28893568
2021-10-13,32.6995855200,32.2367075100,32.6995855200,31.4207869500,26777799
2021-10-14,32.2445529000,31.5620039700,32.2602436800,31.4207869500,24171710
2021-10-15,31.5698493600,31.6169217000,32.0405727600,31.3737146100,17201678
2021-10-18,31.6169217000,32.0405727600,32.0405727600,30.6362479500,27611574
2021-10-19,31.8522834000,31.6875302100,31.9699642500,31.4443231200,20767879
2021-10-20,31.8679741800,31.6561486500,32.0484181500,31.3423330500,18059399
2021-10-21,31.5070862400,31.2560337600,31.8993557400,31.0520536200,25807019
2021-10-22,31.2874153200,31.8601287900,32.5348323300,31.2874153200,29994982
2021-10-25,31.3737146100,30.7382380200,31.3737146100,30.7147018500,36320145
2021-10-26,30.9265273800,30.5577940500,31.0206720600,30.5185671000,19808592
2021-10-27,30.4008862500,29.8517089500,30.4322678100,29.6948011500,24579052
2021-10-28,29.8517089500,29.8438635600,30.1655245500,29.4672848400,18421305
2021-10-29,29.6555742000,29.8752451200,30.0007713600,29.6241926400,18396722
2021-11-01,29.8124820000,29.7340281000,30.0399983100,29.5614295200,20372076
2021-11-02,29.8124820000,29.2319231400,30.1106068200,29.0279430000,25209401
2021-11-03,29.0985515100,29.7575642700,30.0478437000,29.0985515100,20345646
2021-11-04,29.9458536300,29.8281727800,29.9536990200,29.4202125000,16069841
2021-11-05,29.7104919300,29.6712649800,29.9223174600,29.4202125000,13268132
2021-11-08,29.5300479600,29.6555742000,29.9536990200,29.3182224300,20146073
2021-11-09,29.8046366100,29.7261827100,29.9850805800,29.5771203000,14144274
2021-11-10,29.6320380300,28.8004266900,29.7183373200,28.4787657000,33129634
2021-11-11,28.8082720800,30.4871855400,30.6911656800,28.7219727900,54716236
2021-11-12,30.4950309300,29.9144720700,30.5107217100,29.8203273900,28156998
2021-11-15,29.9223174600,30.0086167500,30.1969061100,29.7732550500,14878150
2021-11-16,30.0086167500,29.1770054100,30.1655245500,29.0907061200,30666774
2021-11-17,29.1691600200,29.0671699500,29.3025316500,28.9494891000,20446529
2021-11-18,29.1063969000,29.0279430000,29.1926961900,28.9494891000,15715378
2021-11-19,29.0122522200,29.3966763300,29.4986664000,28.7925813000,17705383
2021-11-22,29.3809855500,29.2476139200,29.3809855500,29.0357883900,14329858
2021-11-23,29.1691600200,29.3496039900,29.5300479600,29.0671699500,14590259
2021-11-24,29.3339132100,29.3260678200,29.4045217200,29.0279430000,14568476
2021-11-25,29.3260678200,29.1534692400,29.3260678200,29.0750153400,11655603
2021-11-26,29.0671699500,28.6905912300,29.0671699500,28.6592096700,20952630
2021-11-29,28.3846210200,28.3375486800,28.4003118000,28.2434040000,21775445
2021-11-30,28.3532394600,28.4160025800,28.8631898100,28.2590947800,22101422
2021-12-01,28.3061671200,28.7533543500,28.7690451300,28.2669401700,19068521
2021-12-02,28.6278281100,30.1890607200,30.6754749000,28.3924664100,67763010
2021-12-03,30.0556890900,30.0949160400,30.1262976000,29.6791103700,29279044
2021-12-06,30.3538139100,30.4714947600,30.9892905000,30.2439784500,41751081
2021-12-07,30.9029912100,31.1461983000,31.4364777300,30.9029912100,40446400
2021-12-08,31.1461983000,30.8088465300,31.2168068100,30.6048663900,26231182
2021-12-09,30.9108366000,31.5227770200,31.7346025500,30.8637642600,41731315
2021-12-10,31.3737146100,30.9422181600,31.4600139000,30.8010011400,28073380
2021-12-13,31.7738295000,31.8836649600,32.9506380000,31.7581387200,52080592
2021-12-14,31.8130564500,30.9892905000,31.8130564500,30.9108366000,29138902
2021-12-15,30.9029912100,31.0363628400,31.3187968800,30.8480734800,14730311
2021-12-16,31.0520536200,31.4050961700,31.4835500700,30.6911656800,18573798
2021-12-17,31.4600139000,31.3266422700,31.9150465200,31.1540436900,36003757
2021-12-20,31.2011160300,31.5933855300,31.8287472300,31.0206720600,26820205
2021-12-21,31.3815600000,32.3151614100,32.8564933200,31.3815600000,34260632
2021-12-22,32.4956053800,32.3622337500,32.5583685000,31.9464280800,19552039
2021-12-23,32.3230068000,32.7545032500,32.7937302000,32.0484181500,23074146
2021-12-24,32.7388124700,32.7780394200,32.9427926100,32.3857699200,17334537
2021-12-27,32.8015755900,32.5505231100,33.4213614000,32.1504082200,19096264
2021-12-28,32.6211316200,32.0797997100,32.7309670800,31.9072011300,17587121
2021-12-29,32.1582536100,31.7502933300,32.3700791400,31.6247670900,14006628
2021-12-30,31.7659841100,31.7346025500,32.1582536100,31.5698493600,18324327
2021-12-31,31.5541585800,31.6169217000,31.9072011300,31.3815600000,14445806
2022-01-04,31.7424479400,32.6917401300,32.8329571500,31.3972507800,27085461
2022-01-05,32.5975954500,33.1546181400,33.4056706200,32.4328422600,33089460
2022-01-06,33.3429075000,33.9626933100,34.6373968500,33.2016904800,42265069
2022-01-07,33.8920848000,34.4883344400,34.6373968500,33.8528578500,37286602
2022-01-10,34.4883344400,34.4255713200,34.9119855000,34.0489926000,25206411
2022-01-11,34.6060152900,34.0568379900,34.6687784100,33.9313117500,21756386
2022-01-12,33.8920848000,32.6054408400,33.9940748700,32.5505231100,38919507
2022-01-13,32.6917401300,31.6953756000,32.8251117600,31.6561486500,26655269
2022-01-14,31.5384678000,30.6440933400,31.5776947500,30.5970210000,32502173
2022-01-17,30.6754749000,30.6048663900,30.8245373100,30.4558039800,20685110
2022-01-18,30.6597841200,31.5306224100,31.6090763100,30.3773500800,28715171
2022-01-19,31.3894053900,33.6881046600,33.8136309000,31.3894053900,67781943
2022-01-20,33.6881046600,33.4762791300,33.8528578500,33.1859997000,29474573
2022-01-21,33.4998153000,32.3151614100,33.4998153000,32.2367075100,33950890
2022-01-24,33.2252266500,32.8800294900,33.2644536000,32.3779245300,21430164
2022-01-25,32.5819046700,32.0405727600,32.8721841000,31.9307373000,16666360
2022-01-26,31.7895202800,32.0405727600,32.3622337500,31.1148167400,23289138
2022-01-27,31.7581387200,31.2795699300,31.8287472300,31.2246522000,16481004
2022-01-28,31.5463131900,30.7617741900,31.8287472300,30.7382380200,19078984
2022-02-07,31.2560337600,33.0840096300,33.4056706200,31.2089614200,37616996
2022-02-08,33.0840096300,32.9271018300,33.2644536000,32.3857699200,24463489
2022-02-09,32.9427926100,33.0055557300,33.8136309000,32.8800294900,23661489
2022-02-10,33.0055557300,34.1902096200,34.2059004000,32.6446677900,37367808
2022-02-11,34.2059004000,34.5824791200,34.8727585500,33.9783840900,39309409
2022-02-14,34.2765089100,33.3036805500,34.6138606800,33.2487628200,24666289
2022-02-15,33.5233514700,33.0290919000,33.7037954400,32.7937302000,20713128
2022-02-16,33.3272167200,33.3350621100,33.8920848000,33.0369372900,18157267
2022-02-17,33.3350621100,33.4448975700,34.0097656500,32.8094209800,19201836
2022-02-18,33.1938450900,34.1509826700,34.2137457900,33.0683188500,22007985
2022-02-21,34.1588280600,33.8607032400,34.3314266400,33.4998153000,16899816
2022-02-22,33.4684337400,33.3350621100,33.5547330300,33.0134011200,16635440
2022-02-23,33.2644536000,32.8408025400,33.4998153000,32.6446677900,21235476
2022-02-24,32.5662138900,31.8365926200,32.5897500600,31.4757046800,31005050
2022-02-25,32.0719543200,31.6247670900,32.5112961600,31.5776947500,21680149
2022-02-28,31.7738295000,31.6169217000,32.1268720500,31.4050961700,18055363
2022-03-01,31.7189117700,31.9935004200,32.1190266600,31.6483032600,15842725
2022-03-02,31.9542734700,31.8365926200,32.3700791400,31.7738295000,17995427
2022-03-03,32.0013458100,32.2916252400,32.4328422600,31.8287472300,21386984
2022-03-04,32.0091912000,31.3423330500,32.0091912000,31.0755897900,32173441
2022-03-07,31.3423330500,31.5227770200,32.0719543200,31.1540436900,27320946
2022-03-08,31.3344876600,30.5970210000,31.5776947500,30.4401132000,25546303
2022-03-09,30.9814451100,29.9615444100,31.1383529100,28.7533543500,29773532
2022-03-10,30.5970210000,30.1027614300,30.7539288000,29.9693898000,20091334
2022-03-11,29.6006564700,29.8517089500,29.9536990200,29.1063969000,27199849
2022-03-14,29.4829756200,29.2005415800,30.0870706500,29.0671699500,17955629
2022-03-15,29.0357883900,27.2627302500,29.0514791700,27.2391940800,42152938
2022-03-16,27.5608550700,27.9217430100,28.0472692500,26.5174182000,34767401
2022-03-17,28.4003118000,29.0200976100,29.3182224300,28.2434040000,33445310
2022-03-18,29.0593245600,29.5378933500,29.7183373200,28.8710352000,20341674
2022-03-21,29.6555742000,29.1299330700,29.7104919300,28.9651798800,19285457
2022-03-22,28.9808706600,29.1926961900,29.4045217200,28.7768905200,13214592
2022-03-23,29.1063969000,29.1377784600,29.3103770400,28.9494891000,13187096
2022-03-24,29.0279430000,28.9337983200,29.1063969000,28.7062820100,13977683
2022-03-25,28.9024167600,28.9259529300,29.2554593100,28.7690451300,13209662
2022-03-28,29.0357883900,29.5771203000,29.7340281000,28.7768905200,23024571
2022-03-29,29.4045217200,29.5614295200,29.6791103700,29.1926961900,15032714
2022-03-30,29.6555742000,30.3930408600,30.5970210000,29.6555742000,27557644
2022-03-31,30.2361330600,30.9814451100,31.3737146100,30.1655245500,34819390
2022-04-01,30.6754749000,31.1461983000,31.3266422700,30.5891756100,23058827
2022-04-06,31.0755897900,32.1111812700,32.2680890700,30.9579089400,30546460
2022-04-07,32.0091912000,31.7816748900,32.8172663700,31.6639940400,35257410
2022-04-08,31.9150465200,32.1033358800,32.3622337500,31.6012309200,32168377
2022-04-11,32.1504082200,31.7738295000,32.3230068000,31.5149316300,27031505
2022-04-12,31.5698493600,31.7424479400,31.9150465200,31.0677444000,21403117
2022-04-13,31.5698493600,31.1069713500,31.8209018400,31.0834351800,17452405
2022-04-14,31.1540436900,31.6169217000,31.7738295000,30.6127117800,21978291
2022-04-15,31.4286323400,31.3344876600,31.8522834000,31.2246522000,11812720
2022-04-18,31.1775798600,31.0755897900,31.4364777300,30.6990110700,10806408
2022-04-19,30.9892905000,30.5107217100,31.3109514900,30.4322678100,17977223
2022-04-20,30.5185671000,29.8203273900,30.7225472400,29.6791103700,16037800
2022-04-21,29.6398834200,29.3417586000,30.0478437000,29.2005415800,16002168
2022-04-22,29.1063969000,30.0635344800,30.3302777400,28.9494891000,18235838
2022-04-25,29.8124820000,29.0985515100,30.3302777400,29.0750153400,20392693
2022-04-26,29.1063969000,29.5457387400,30.0321529200,28.9494891000,21717375
2022-04-27,29.9458536300,30.9814451100,32.1425628300,29.9458536300,58066993
2022-04-28,30.9500635500,31.4600139000,31.5855401400,30.7147018500,28680277
2022-04-29,31.0520536200,31.3501784400,31.5384678000,30.4636493700,27968442
2022-05-05,31.3658692200,31.6796848200,31.8209018400,31.2011160300,23947298
2022-05-06,30.9892905000,30.5421032700,31.3815600000,30.4950309300,17225007
2022-05-09,30.5107217100,30.3851954700,31.0520536200,30.1341429900,10924636
2022-05-10,29.9301628500,30.4087316400,30.5185671000,29.6477288100,15379518
2022-05-11,30.5813302200,30.0713798700,30.6440933400,29.9066266800,20327154
2022-05-12,29.9144720700,29.7418734900,30.0321529200,29.4908210100,15208924
2022-05-13,29.7732550500,29.9850805800,30.0243075300,29.6634195900,15043572
2022-05-16,30.2675146200,29.9066266800,30.3538139100,29.7104919300,15730687
2022-05-17,29.9066266800,29.7967912200,29.9066266800,29.3260678200,16572848
2022-05-18,29.6398834200,29.2554593100,29.6712649800,29.0828607300,21528753
2022-05-19,28.9887160500,29.4515940600,29.6163472500,28.8788805900,15227267
2022-05-20,29.5692749100,29.7889458300,29.8830905100,29.4672848400,16619936
2022-05-23,29.7889458300,29.4202125000,29.7889458300,29.3574493800,14312880
2022-05-24,29.5378933500,28.9651798800,29.5535841300,28.9494891000,18950636
2022-05-25,28.9651798800,29.1220876800,29.2162323600,28.8161174700,12621112
2022-05-26,29.3574493800,29.5692749100,29.9301628500,29.3496039900,26844267
2022-05-27,29.5771203000,29.2005415800,29.6712649800,29.0750153400,27795387
2022-05-30,29.0671699500,29.0907061200,29.3103770400,28.9887160500,16609496
2022-05-31,29.0907061200,28.8945713700,29.1063969000,28.7768905200,24039428
2022-06-01,28.8945713700,29.1613146300,29.1848508000,28.8945713700,17436583
2022-06-02,29.1770054100,28.4160025800,29.2240777500,28.2669401700,45461684
2022-06-06,28.0708054200,27.6236181900,28.1571047100,27.2235033000,63868790
2022-06-07,27.5451642900,27.8511345000,27.8511345000,27.4588650000,33869097
2022-06-08,27.8668252800,28.0472692500,28.1884862700,27.7726806000,29442996
2022-06-09,28.0394238600,27.9060522300,28.2198678300,27.8354437200,23825056
2022-06-10,27.6942267000,27.9295884000,27.9688153500,27.5373189000,20386433
2022-06-13,27.7726806000,27.8589798900,28.1492593200,27.5451642900,24868038
2022-06-14,27.6549997500,28.3846210200,28.3924664100,27.4745557800,35768518
2022-06-15,28.3846210200,28.9337983200,29.2711500900,28.2904763400,42746209
2022-06-16,28.9181075400,28.6592096700,29.0279430000,28.6356735000,24076474
2022-06-17,28.3297032900,29.1063969000,29.1063969000,28.3297032900,35425053
2022-06-20,29.2005415800,29.1063969000,29.2005415800,28.8631898100,31434146
2022-06-21,29.2572982000,28.9387373600,29.2572982000,28.5363447200,26602773
2022-06-22,28.9387373600,28.2848493200,28.9387373600,28.1842511600,31772007
2022-06-23,28.2848493200,28.4022138400,28.4860456400,28.1255689000,18049961
2022-06-24,28.5028120000,28.4692792800,28.5698774400,28.1758679800,24670938
2022-06-27,28.4692792800,28.7794569400,28.8800551000,28.2596997800,27686278
2022-06-28,28.7543074000,28.8465223800,28.8968214600,28.5111951800,21972946
2022-06-29,28.8297560200,29.0561018800,29.2405318400,28.7543074000,31513888
2022-06-30,29.1734664000,29.5758590400,29.7686721800,29.0141859800,36228051
2022-07-01,29.6932235600,29.8105880800,30.1375321000,29.5339431400,32240289
2022-07-04,29.9866348600,30.1794480000,30.3554947800,29.6764572000,31584401
2022-07-05,30.2045975400,30.0872330200,30.4728593000,29.6429244800,26942884
2022-07-06,29.9698685000,29.3075972800,30.0537003000,29.0896346000,24404371
2022-07-07,29.2992141000,29.2069991200,29.3998122600,28.9806532600,14132114
2022-07-08,29.3327468200,29.3411300000,29.5926254000,29.1567000400,13594568
2022-07-11,29.0058028000,29.4668777000,29.6345413000,28.7543074000,22763996
2022-07-12,29.4249618000,30.0034012200,30.1794480000,29.3243636400,30654108
2022-07-13,30.0872330200,29.6345413000,30.2297470800,29.4501113400,17806046
2022-07-14,29.4417281600,29.1483168600,29.4668777000,29.0141859800,14595516
2022-07-15,29.0058028000,28.5028120000,29.2824477400,28.5028120000,19687070
2022-07-18,28.5028120000,29.4333449800,29.6848403800,28.3770643000,20692177
2022-07-19,29.3243636400,29.1231673200,29.3411300000,28.9890364400,15273918
2022-07-20,29.3075972800,28.9638869000,29.3159804600,28.8632887400,10564147
2022-07-21,28.7543074000,28.5195783600,28.9135878200,28.5111951800,13406364
2022-07-22,28.5028120000,27.8992230400,28.6117933400,27.7064099000,30400499
2022-07-25,27.9076062200,27.8237744200,28.1171857200,27.7567089800,15214502
2022-07-26,27.8237744200,28.0165875600,28.0752698200,27.5638958400,15520490
2022-07-27,27.9579053000,27.5890453800,28.0836530000,27.5806622000,17288943
2022-07-28,27.6644940000,27.6477276400,27.8573071400,27.5890453800,11396459
2022-07-29,27.6728771800,27.2453350000,27.8489239600,27.1950359200,17841764
2022-08-01,27.1866527400,27.1279704800,27.2453350000,26.8261760000,13982682
2022-08-02,26.7674937400,26.2561197600,26.7674937400,26.0465402600,22448193
2022-08-03,26.1471384200,25.8872598400,26.5327647000,25.8621103000,15754310
2022-08-04,26.0716898000,26.1471384200,26.2309702200,25.9291757400,11446572
2022-08-05,26.2058206800,26.8513255400,26.8932414400,25.9878580000,18904575
2022-08-08,26.8513255400,27.2872509000,27.3291668000,26.7842601000,16704135
2022-08-09,27.2788677200,27.2453350000,27.4046154200,27.1028209400,11765779
2022-08-10,27.2453350000,27.1363536600,27.6644940000,26.9183909800,14346791
2022-08-11,27.2704845400,27.4297649600,27.4884472200,26.9854564200,12266532
2022-08-12,27.3878490600,27.5638958400,27.6561108200,27.2704845400,9400407
2022-08-15,27.5638958400,27.3878490600,27.8489239600,27.3291668000,13030343
2022-08-16,27.4632976800,27.4549145000,27.7147930800,27.3375499800,11788401
2022-08-17,27.4716808600,27.4632976800,27.5638958400,26.9603068800,15432773
2022-08-18,27.3291668000,26.5076151600,27.4129986000,26.4740824400,28738173
2022-08-19,26.5159983400,26.7423442000,26.8764750800,26.4908488000,17021241
2022-08-22,26.7339610200,26.9770732400,27.1112041200,26.6165965000,14567025
2022-08-23,26.9770732400,26.3818674600,27.0189891400,26.2812693000,20059314
2022-08-24,26.3734842800,26.0130075400,26.4824656200,25.9878580000,18762078
2022-08-25,26.2561197600,26.9100078000,27.0692882200,26.1136057000,31077161
2022-08-26,26.7171946600,26.6668955800,26.8261760000,26.2896524800,19215698
2022-08-29,26.4489329000,26.3399515600,26.6333628600,26.0716898000,15488825
2022-08-30,26.3148020200,25.9794748200,26.7926432800,25.8537271200,20662339
2022-08-31,25.8956430200,26.7591105600,26.7591105600,25.7112130600,35382915
2022-09-01,26.4070170000,26.4908488000,27.0525218600,25.9878580000,25800265
2022-09-02,26.4908488000,26.1303720600,26.7423442000,26.0465402600,17741847
2022-09-05,26.0213907200,25.9962411800,26.1806711400,25.5686990000,22635615
2022-09-06,26.0297739000,25.9878580000,26.1555216000,25.7950448600,20191134
2022-09-07,25.8201944000,25.4932503800,25.9040262000,25.3339699600,29422849
2022-09-08,25.4429513000,25.3172036000,25.6022317200,25.1914559000,19969177
2022-09-09,25.3339699600,26.2980356600,26.4070170000,25.2836708800,44961442
2022-09-13,26.2980356600,26.7926432800,27.1447368400,26.1303720600,31515581
2022-09-14,26.4656992600,26.4824656200,26.8932414400,26.3986338200,16121199
2022-09-15,26.5243815200,27.0189891400,27.2034191000,26.5243815200,26024617
2022-09-16,26.8429423600,26.1471384200,26.9686900600,25.9962411800,33850625
2022-09-19,26.1471384200,25.5267831000,26.1471384200,25.4429513000,21451430
2022-09-20,25.6609139800,24.7974464400,25.6944467000,24.4956519600,39075712
2022-09-21,24.6549323800,24.4621192400,24.6884651000,24.0932593200,24394559
2022-09-22,24.2022406600,24.0848761400,24.3531379000,23.9926611600,18094858
2022-09-23,24.0848761400,24.0261938800,24.4285865200,23.9339789000,14117002
2022-09-26,23.8920630000,23.7495489400,24.1854743000,23.7327825800,14695846
2022-09-27,23.7746984800,23.9842779800,24.0178107000,23.5735021600,13401972
2022-09-28,23.8920630000,23.7243994000,24.1100256800,23.6405676000,15627949
2022-09-29,23.7998480200,23.5651189800,24.3950538000,23.4729040000,18440487
2022-09-30,23.6238012400,24.1519415800,24.4369697000,23.6238012400,28487069
2022-10-10,24.0848761400,23.6321844200,24.3950538000,23.4980535400,15951525
2022-10-11,23.6489507800,23.4309881000,23.7495489400,23.0872777200,13230911
2022-10-12,23.3471563000,23.7579321200,23.7830816600,22.9363804800,14486697
2022-10-13,23.5567358000,24.0010443400,24.3782874400,23.4393712800,19317872
2022-10-14,24.1435584000,24.2273902000,24.3950538000,24.0261938800,15542234
2022-10-17,24.1435584000,24.0010443400,24.1435584000,23.7327825800,16681596
2022-10-18,24.1100256800,23.7914648400,24.2525397400,23.7746984800,10894144
2022-10-19,23.7495489400,23.4896703600,23.8920630000,23.4896703600,14437625
2022-10-20,23.3052404000,23.3220067600,23.6238012400,23.2214086000,11050826
2022-10-21,23.3974553800,23.2968572200,23.8920630000,23.1459599800,15801786
2022-10-24,23.3052404000,22.2489597200,23.3890722000,22.2154270000,29039318
2022-10-25,22.3495578800,22.4753055800,22.6848850800,22.0980624800,15073972
2022-10-26,22.3327915200,22.4333896800,22.8022496000,22.3160251600,15704399
2022-10-27,22.4417728600,22.6765019000,22.7854832400,22.4417728600,14714298
2022-10-28,21.7878848200,21.2094454000,22.2154270000,21.1591463200,35470881
2022-10-31,21.0836977000,20.3543610400,21.1172304200,20.2872956000,29617840
2022-11-01,20.4130433000,21.1842958600,21.2010622200,20.1866974400,32530953
2022-11-02,20.9830995400,21.1926790400,21.2848940200,20.7902864000,25164920
2022-11-03,20.9579500000,20.9076509200,21.0166322600,20.7735200400,14767105
2022-11-04,20.8825013800,21.5447726000,21.6705203000,20.8825013800,27995034
2022-11-07,21.4190249000,21.8465670800,21.9974643200,21.3603426400,21647640
2022-11-08,21.7375857400,21.8046511800,22.0058475000,21.6705203000,14995916
2022-11-09,21.7543521000,21.8046511800,22.0896793000,21.6369875800,12249662
2022-11-10,21.6705203000,21.8298007200,21.9136325200,21.5280062400,14050626
2022-11-11,22.1651279200,22.6345860000,22.8609318600,22.0309970400,38652624
2022-11-14,23.3052404000,23.1208104400,23.5735021600,22.8106327800,50130352
2022-11-15,23.1375768000,24.3866706200,24.5711005800,22.8525486800,50853812
2022-11-16,24.2441565600,23.9172125400,24.2944556400,23.8249975600,24204779
2022-11-17,23.8920630000,23.7914648400,24.0932593200,23.4729040000,21617072
2022-11-18,23.8082312000,23.3723058400,23.9507452600,23.3052404000,24027653
2022-11-21,23.3723058400,23.0705113600,23.3723058400,22.5423710200,19955705
2022-11-22,23.1543431600,23.1878758800,23.5818853400,22.9531468400,13735015
2022-11-23,23.1040440800,23.1291936200,23.5148199000,22.9866795600,15615378
2022-11-24,23.3052404000,23.2297917800,23.6741003200,23.1375768000,17952357
2022-11-25,23.2381749600,23.6573339600,23.7243994000,23.2381749600,20293034
2022-11-28,23.2214086000,23.0118291000,23.2214086000,22.7268009800,17758327
2022-11-29,23.4645208200,24.3112220000,24.4621192400,23.3723058400,39338214
2022-11-30,24.3028388200,23.9675116200,24.6716987400,23.9423620800,28848815
2022-12-01,24.3028388200,23.9758948000,24.5208015000,23.9172125400,19405968
2022-12-02,23.9255957200,23.6238012400,23.9758948000,23.5567358000,16552531
2022-12-05,23.7914648400,24.9818764000,25.0573250200,23.7914648400,41208935
2022-12-06,24.8058296200,24.4034369800,24.9399605000,24.3782874400,22227830
2022-12-07,24.4118201600,24.1435584000,24.5040351400,23.9842779800,19311471
2022-12-08,24.0597266000,24.3028388200,24.4621192400,24.0597266000,15339751
2022-12-09,24.3112220000,25.3591195000,25.5519326400,24.2273902000,49467674
2022-12-12,25.1998390800,24.7639137200,25.5267831000,24.7219978200,28571906
2022-12-13,24.6381660200,24.8980446000,24.9651100400,24.4956519600,16232901
2022-12-14,24.8980446000,24.8980446000,24.9651100400,24.5208015000,20378506
2022-12-15,24.8561287000,24.1435584000,24.9651100400,24.0681097800,24762591
2022-12-16,24.0178107000,24.8477455200,25.1495400000,24.0010443400,32041468
2022-12-19,24.8561287000,24.0429602400,25.1495400000,23.8920630000,23263946
2022-12-20,23.9004461800,23.5735021600,23.9423620800,23.4729040000,15493851
2022-12-21,23.5567358000,23.6573339600,23.9172125400,23.5567358000,10185486
2022-12-22,23.7914648400,23.8417639200,24.4537360600,23.7411657600,16294896
2022-12-23,23.6908666800,23.7243994000,24.0932593200,23.4896703600,9636482
2022-12-26,23.7160162200,23.4729040000,23.9591284400,23.3136235800,16259934
2022-12-27,23.5651189800,23.5986517000,23.8501471000,23.5315862600,13241272
2022-12-28,23.5986517000,23.4058385600,23.6070348800,23.3052404000,15644405
2022-12-29,23.3303899400,22.9531468400,23.3303899400,22.8441655000,14659541
2022-12-30,23.0537450000,22.9531468400,23.2633245000,22.9196141200,13929453
2023-01-03,22.9615300200,23.2297917800,23.2800908600,22.7016514400,11087579
2023-01-04,23.2381749600,23.5902685200,23.9842779800,23.1543431600,19368871
2023-01-05,23.7076330400,23.7914648400,23.9255957200,23.5986517000,13799267
2023-01-06,23.8920630000,23.9591284400,24.1100256800,23.7327825800,13909471
2023-01-09,24.0261938800,23.8417639200,24.1854743000,23.7746984800,13999766
2023-01-10,23.8417639200,23.7663153000,24.0261938800,23.6573339600,9946887
2023-01-11,23.8417639200,23.9339789000,24.0764929600,23.7663153000,11180936
2023-01-12,23.8166143800,23.5148199000,23.8752966400,23.3974553800,16245925
2023-01-13,23.5232030800,24.2441565600,24.3112220000,23.5232030800,25394106
2023-01-16,24.1770911200,24.5794837600,24.8477455200,24.1184088600,25324408
2023-01-17,24.5878669400,24.4705024200,24.7136146400,24.2693061000,13439163
2023-01-18,24.4621192400,24.3363715400,24.5543342200,24.1435584000,15255302
2023-01-19,24.3112220000,24.3615210800,24.3782874400,24.1100256800,17766503
2023-01-20,24.3699042600,24.7136146400,24.7219978200,24.2776892800,16392266
2023-01-30,25.2249886200,24.4202033400,25.2249886200,24.3615210800,27640249
2023-01-31,24.2860724600,24.6633155600,24.8645118800,24.2357733800,18867370
2023-02-01,24.6884651000,24.7471473600,24.7639137200,24.3531379000,21489560
2023-02-02,24.6884651000,24.8142128000,24.9734932200,24.5291846800,21958279
2023-02-03,24.6549323800,24.3699042600,24.6884651000,24.1854743000,21405033
2023-02-06,24.1435584000,24.0094275200,24.2525397400,23.8585302800,15456041
2023-02-07,24.0094275200,24.2022406600,24.5459510400,24.0010443400,16494928
2023-02-08,24.2106238400,23.9675116200,24.3028388200,23.9172125400,13569572
2023-02-09,23.9591284400,24.0513434200,24.1016425000,23.9088293600,14001251
2023-02-10,23.9675116200,24.2273902000,24.3447547200,23.9507452600,15117478
2023-02-13,24.2273902000,25.1663063600,25.2920540600,24.0848761400,51456756
2023-02-14,25.1160072800,25.1160072800,25.2752877000,24.8561287000,22439911
2023-02-15,25.1327736400,25.1411568200,25.5686990000,25.1160072800,28749017
2023-02-16,25.2417549800,25.2501381600,25.8621103000,25.0237923000,35919697
2023-02-17,25.2585213400,25.1998390800,25.8118112200,25.1914559000,22147077
2023-02-20,25.3172036000,26.6249796800,26.6501292200,25.2920540600,59051480
2023-02-21,26.6333628600,26.7842601000,27.0776714000,26.4154001800,36427214
2023-02-22,26.6752787600,26.4405497200,26.7758769200,26.3064188400,18298997
2023-02-23,26.4405497200,26.6249796800,26.6920451200,26.3902506400,19061663
2023-02-24,26.5579142400,26.0633066200,26.5579142400,25.8201944000,26383686
2023-02-27,25.9459421000,25.7363626000,26.2142038600,25.5938485400,17222562
2023-02-28,25.7531289600,25.7195962400,25.9291757400,25.3255867800,21347916
2023-03-01,25.9459421000,26.1890543200,26.4489329000,25.9459421000,26137496
2023-03-02,26.0297739000,26.5243815200,26.7674937400,25.9291757400,24487335
2023-03-03,26.5662974200,26.5914469600,26.6501292200,26.2393534000,15454479
2023-03-06,26.5914469600,25.9291757400,26.5914469600,25.7363626000,29850928
2023-03-07,25.8872598400,25.4513344800,26.1219888800,25.3926522200,23580048
2023-03-08,25.4010354000,25.3172036000,25.4094185800,25.0657082000,15348085
2023-03-09,25.3172036000,24.8896614200,25.3507363200,24.8142128000,17331032
2023-03-10,24.7974464400,24.4705024200,24.8058296200,24.3699042600,20489802
2023-03-13,24.3950538000,24.5124183200,24.7303810000,24.2525397400,19005367
2023-03-14,24.5627174000,24.3615210800,24.7639137200,24.3112220000,14724715
2023-03-15,24.4621192400,24.8393623400,24.9651100400,24.4285865200,18409672
2023-03-16,24.6716987400,24.6549323800,24.9567268600,24.5459510400,14354328
2023-03-17,24.8561287000,24.6381660200,25.0154091200,24.5291846800,22893909
2023-03-20,24.6465492000,24.4285865200,25.2333718000,24.4202033400,21301306
2023-03-21,24.6130164800,24.4621192400,24.6800819200,24.3112220000,11162425
2023-03-22,24.5543342200,24.4788856000,24.6381660200,24.3363715400,13259470
2023-03-23,24.3782874400,24.5040351400,24.5543342200,24.1770911200,13748944
2023-03-24,24.4788856000,24.2693061000,24.4788856000,24.1435584000,18820494
2023-03-27,24.2190070200,23.6573339600,24.2190070200,23.5064367200,24966155
2023-03-28,23.6741003200,23.6238012400,23.8333807400,23.3890722000,22765139
2023-03-29,23.6321844200,23.5148199000,23.7914648400,23.4729040000,18746502
2023-03-30,23.5567358000,23.7998480200,23.9172125400,23.3052404000,20883157
2023-03-31,23.8166143800,23.6824835000,24.0597266000,23.6824835000,19160812
2023-04-03,23.6992498600,23.7579321200,23.9004461800,23.5567358000,22573341
2023-04-04,23.7579321200,23.9591284400,24.0597266000,23.6573339600,24180182
2023-04-06,23.8501471000,23.8082312000,23.9339789000,23.7243994000,10438488
2023-04-07,23.8166143800,23.9675116200,24.0178107000,23.7495489400,12534921
2023-04-10,24.0010443400,23.9423620800,24.0764929600,23.8585302800,13080470
2023-04-11,23.9172125400,24.3615210800,24.4453528800,23.7746984800,29790913
2023-04-12,24.3363715400,24.3950538000,24.4705024200,24.1603247600,15016400
2023-04-13,24.2944556400,24.0010443400,24.2944556400,23.9507452600,17194106
2023-04-14,24.0681097800,23.9842779800,24.2022406600,23.9507452600,12249118
2023-04-17,23.8082312000,23.9591284400,24.0178107000,23.7663153000,22034800
2023-04-18,23.9004461800,23.8920630000,24.0261938800,23.8249975600,18340962
2023-04-19,23.8920630000,23.4477544600,23.9088293600,23.4058385600,22133098
2023-04-20,23.4477544600,23.4729040000,23.5735021600,23.3052404000,16420107
2023-04-21,23.4812871800,23.1040440800,23.6992498600,23.0537450000,19455235
2023-04-24,23.1040440800,22.7184178000,23.1040440800,22.6345860000,19076218
2023-04-25,22.7184178000,22.6345860000,22.8190159600,22.3830906000,15937697
2023-04-26,22.6178196400,22.5256046600,22.7016514400,22.3579410600,12082442
2023-04-27,22.3160251600,22.3495578800,22.5256046600,22.1483615600,17904837
2023-04-28,22.3579410600,22.5339878400,22.6345860000,22.3495578800,15242768
2023-05-04,22.5004551200,22.6429691800,22.7435673400,22.3160251600,16782531
2023-05-05,22.7184178000,22.6848850800,22.9615300200,22.3495578800,17531662
2023-05-08,22.7016514400,22.9950627400,23.0788945400,22.5088383000,20553866
2023-05-09,23.0537450000,23.1878758800,23.5902685200,22.8776982200,35486967
2023-05-10,23.0705113600,23.0118291000,23.2633245000,22.8944645800,14851236
2023-05-11,22.9699132000,22.9447636600,23.1459599800,22.8190159600,11653223
2023-05-12,22.9531468400,22.6848850800,23.0537450000,22.6262028200,13908795
2023-05-15,22.6429691800,22.8693150400,22.9279973000,22.5088383000,10824076
2023-05-16,22.8357823200,22.5004551200,22.8357823200,22.4417728600,14125340
2023-05-17,22.4669224000,22.1902774600,22.4836887600,22.0980624800,16118145
2023-05-18,22.1902774600,22.1735111000,22.3244083400,22.0896793000,11064152
2023-05-19,22.1483615600,22.1064456600,22.2992588000,21.8800998000,13763302
2023-05-22,22.1064456600,22.3411747000,22.4417728600,22.0561465800,12890609
2023-05-23,22.2657260800,22.2238101800,22.4250065000,22.2238101800,10204772
2023-05-24,22.1064456600,21.7459689200,22.2238101800,21.7375857400,17110670
2023-05-25,21.7040530200,21.4609408000,21.7375857400,21.3268099200,16094880
2023-05-26,21.4860903400,21.8968661600,21.9136325200,21.4693239800,11159606
2023-05-29,21.8046511800,21.3351931000,21.8046511800,21.3016603800,15217405
2023-05-30,21.2848940200,21.1926790400,21.4441744400,21.0166322600,13988432
2023-05-31,21.0417818000,21.0082490800,21.3687258200,21.0082490800,16872999
2023-06-01,20.9830995400,20.9579500000,21.1591463200,20.8825013800,12508209
2023-06-02,21.0753145200,21.3519594600,21.4022585400,21.0333986200,17142523
2023-06-05,21.3184267400,21.4441744400,21.5866885000,21.2178285800,12749958
2023-06-06,21.4525576200,21.3184267400,21.7878848200,21.2848940200,18279599
2023-06-07,21.2932772000,21.4777071600,21.6286044000,21.2932772000,12338014
2023-06-08,21.4777071600,22.2321933600,22.3495578800,21.4190249000,35240679
2023-06-09,22.2238101800,21.9723147800,22.4920719400,21.9052493400,46360613
2023-06-12,21.8968661600,21.4274080800,21.9723147800,20.9998659000,41248271
2023-06-13,21.4441744400,21.5363894200,21.6034548600,21.3351931000,18503579
2023-06-14,21.5866885000,21.6034548600,21.7627352800,21.5028567000,17481968
2023-06-15,21.5531557800,22.0729129400,22.0729129400,21.5531557800,21217125
2023-06-16,22.1483615600,22.3244083400,22.4250065000,22.1315952000,20204700
2023-06-19,22.3327915200,22.0309970400,22.3747074200,21.9471652400,18225279
2023-06-20,22.0665146400,21.5868078000,22.0665146400,21.5246235800,20634942
2023-06-21,21.5690408800,21.3291874600,21.6312251000,21.3203040000,15720180
2023-06-26,21.2492363200,20.9560821400,21.2492363200,20.9471986800,13350481
2023-06-27,21.0182663600,21.6045747200,21.6401085600,21.0004994400,14564897
2023-06-28,21.5423905000,21.4446724400,21.7200597000,21.2492363200,8657734
2023-06-29,21.4002551400,21.0360332800,21.4713228200,21.0182663600,13181558
2023-06-30,21.0360332800,21.0893340400,21.3469543800,21.0360332800,11556223
2023-07-03,21.1870521000,21.3025370800,21.4180220600,21.1604017200,12704175
2023-07-04,21.3380709200,21.2403528600,21.3469543800,21.1692851800,8536424
2023-07-05,21.2314694000,21.0804505800,21.2670032400,21.0360332800,10501848
2023-07-06,21.0449167400,20.9205483000,21.1337513400,20.8938979200,11099569
2023-07-07,20.8850144600,20.8228302400,20.9205483000,20.7517625600,8900865
2023-07-10,20.9294317600,20.8405971600,21.0271498200,20.8139467800,8538184
2023-07-11,20.9294317600,20.8672475400,21.0804505800,20.8228302400,11410168
2023-07-12,20.8672475400,20.6540445000,20.8938979200,20.6362775800,13569814
2023-07-13,20.7251121800,20.9027813800,20.9294317600,20.7162287200,11256991
2023-07-14,20.9027813800,20.9471986800,20.9916159800,20.8405971600,7794921
2023-07-17,20.9471986800,20.8317137000,20.9471986800,20.7339956400,6502597
2023-07-18,20.9205483000,20.8317137000,20.9383152200,20.7428791000,7764018
2023-07-19,20.9027813800,20.9383152200,20.9560821400,20.7961798600,9454674
2023-07-20,20.9383152200,21.0182663600,21.2137024800,20.9383152200,17331425
2023-07-21,21.0182663600,21.1692851800,21.1870521000,20.9916159800,12120433
2023-07-24,21.2847701600,21.2137024800,21.3114205400,21.0093829000,16847400
2023-07-25,21.7822439200,21.9421462000,22.1997665400,21.7378266200,41679994
2023-07-26,21.9421462000,22.1375823200,22.2086500000,21.9421462000,27286812
2023-07-27,22.1286988600,22.3241349800,22.8837929600,21.9599131200,45840038
2023-07-28,22.5462214800,23.0081614000,23.0969960000,22.4485034200,41126340
2023-07-31,23.4523344000,24.1097104400,24.1630112000,23.4345674800,76569428
2023-08-01,23.9853420000,23.6833043600,24.0652931400,23.6122366800,29322836
2023-08-02,23.6744209000,23.8876239400,24.2251954200,23.6300036000,29451119
2023-08-03,23.7721389600,23.9853420000,24.0564096800,23.6921878200,15502048
2023-08-04,24.1630112000,23.7632555000,24.4206315400,23.7454885800,25143796
2023-08-07,23.8698570200,23.3901501800,23.8965074000,23.2835486600,22682134
2023-08-08,23.4523344000,23.0348117800,23.5944697600,23.0170448600,19431171
2023-08-09,23.0969960000,23.1147629200,23.2035975200,22.8837929600,15028674
2023-08-10,23.0969960000,23.0170448600,23.2391313600,22.8482591200,12268763
2023-08-11,23.0436952400,22.5195711000,23.1769471400,22.4751538000,15609444
2023-08-14,22.3952026600,22.5284545600,22.7505410600,21.9954469600,18070699
2023-08-15,22.5284545600,22.5373380200,22.7771914400,22.1819996200,13581230
2023-08-16,22.5018041800,22.6705899200,22.9193268000,22.3063680600,16010194
2023-08-17,22.5195711000,22.7771914400,23.0703456200,22.3241349800,22618681
2023-08-18,22.7238906800,22.8127252800,23.1680636800,22.7238906800,17570023
2023-08-21,22.8127252800,22.6705899200,22.9903944800,22.5728718600,16607219
2023-08-22,22.8304922000,23.1680636800,23.3457328800,22.7594245200,29649069
2023-08-23,23.1769471400,23.0170448600,23.2924321200,22.8837929600,19922279
2023-08-24,22.9548606400,22.9104433400,23.1591802200,22.6084057000,16564721
2023-08-25,22.7594245200,23.1769471400,23.4523344000,22.7505410600,20809881
2023-08-28,24.0119923800,23.5500524600,24.3317969400,23.4789847800,38782831
2023-08-29,23.3723832600,23.4079171000,23.4967517000,23.0170448600,22821202
2023-08-30,23.5500524600,23.1236463800,23.5589359200,23.0259283200,14909691
2023-08-31,23.0525787000,22.8127252800,23.3457328800,22.6705899200,15652726
2023-09-01,22.9193268000,23.4434509400,23.5411690000,22.9193268000,24099254
2023-09-04,23.7010712800,24.2163119600,24.3051465600,23.6477705200,32897054
2023-09-05,24.3229134800,23.4878682400,24.3229134800,23.4345674800,19583810
2023-09-06,23.4434509400,23.3634998000,23.4878682400,23.0348117800,15143196
2023-09-07,23.1858306000,23.0969960000,23.3812667200,23.0436952400,9509573
2023-09-08,23.0436952400,23.0792290800,23.2568982800,22.9370937200,9278353
2023-09-11,23.1414133000,22.9459771800,23.1769471400,22.9104433400,15254802
2023-09-12,22.9459771800,22.7771914400,22.9459771800,22.6972403000,10932094
2023-09-13,22.7416576000,22.8304922000,22.9282102600,22.7150072200,8985886
2023-09-14,22.7594245200,23.1325298400,23.1502967600,22.7416576000,14240070
2023-09-15,23.1414133000,23.4789847800,23.6300036000,23.0525787000,20925059
2023-09-18,23.4523344000,23.0170448600,23.4701013200,22.9282102600,14096357
2023-09-19,23.0170448600,23.6477705200,23.6744209000,23.0081614000,18799386
2023-09-20,23.6655374400,23.9409247000,24.0564096800,23.5234020800,25423672
2023-09-21,23.9409247000,23.5589359200,24.0208758400,23.4967517000,15810205
2023-09-22,23.6744209000,23.6833043600,23.7543720400,23.3457328800,12783907
2023-09-25,23.7543720400,23.5056351600,23.8965074000,23.4789847800,11615098
2023-09-26,23.4523344000,23.2302479000,23.6211201400,23.1947140600,12531043
2023-09-27,23.2391313600,23.1591802200,23.4345674800,23.0081614000,13991770
2023-09-28,23.1680636800,23.1236463800,23.3279659600,23.0881125400,7689103
2023-10-09,23.0881125400,22.7505410600,23.0881125400,22.6794733800,11495411
2023-10-10,22.7505410600,22.2708342200,22.9459771800,22.2086500000,16323872
2023-10-11,22.2974846000,22.1375823200,22.4929207200,22.0398642600,12987477
2023-10-12,22.1908830800,22.7327741400,22.8571425800,22.1908830800,12342400
2023-10-13,22.6439395400,22.3952026600,22.6528230000,22.3152515200,7601500
2023-10-16,22.4396199600,22.2353003800,22.5018041800,22.1553492400,10242326
2023-10-17,22.3330184400,22.0931650200,22.3330184400,21.9066123600,9662762
2023-10-18,22.1375823200,22.0665146400,22.2086500000,21.9154958200,11673900
2023-10-19,21.9066123600,21.5068566600,22.0220973400,21.4979732000,11561096
2023-10-20,21.5068566600,21.3736047600,21.5868078000,21.3380709200,9244852
2023-10-23,21.3203040000,20.9738490600,21.3647213000,20.8494806200,13753196
2023-10-24,21.0360332800,20.7961798600,21.1337513400,20.6629279600,18698003
2023-10-25,21.7644770000,22.1464657800,22.2264169200,21.4802062800,40232811
2023-10-26,21.9421462000,21.3913716800,22.1731161600,21.1159844200,29363522
2023-10-27,21.1870521000,21.7733604600,21.9066123600,21.1870521000,15878159
2023-10-30,21.5868078000,21.6134581800,21.9243792800,21.4091386000,18007055
2023-10-31,21.6134581800,21.4890897400,21.7644770000,21.2847701600,13051580
2023-11-01,21.5157401200,21.1426348000,21.5690408800,20.9649656000,16775931
2023-11-02,21.1426348000,21.0715671200,21.2758867000,21.0449167400,10026813
2023-11-03,21.0538002000,21.1159844200,21.1781686400,21.0449167400,11667453
2023-11-06,21.3203040000,21.4002551400,21.4624393600,21.1870521000,16574269
2023-11-07,21.4180220600,21.1959355600,21.4269055200,21.1248678800,16565714
2023-11-08,21.1692851800,21.0982175000,21.2758867000,21.0093829000,15858684
2023-11-09,21.0982175000,21.1870521000,21.3203040000,21.0982175000,12242507
2023-11-10,21.1426348000,20.9027813800,21.1426348000,20.8583640800,14289184
2023-11-13,20.9116648400,20.9383152200,21.0360332800,20.7162287200,12935094
2023-11-14,20.9471986800,20.8761310000,21.0715671200,20.7961798600,13353849
2023-11-15,21.0804505800,21.2581197800,21.4802062800,21.0715671200,19876664
2023-11-16,21.2225859400,21.1604017200,21.2492363200,20.9560821400,10462343
2023-11-17,21.0271498200,20.8050633200,21.1159844200,20.6718114200,23225133
2023-11-20,20.7784129400,20.8317137000,20.8494806200,20.6984618000,10646731
2023-11-21,20.8672475400,21.0982175000,21.3203040000,20.8672475400,21695572
2023-11-22,21.0182663600,20.9738490600,21.2403528600,20.9383152200,12468384
2023-11-23,21.0449167400,21.0893340400,21.0982175000,20.8672475400,8744592
2023-11-24,21.3203040000,21.1159844200,21.3824882200,21.0538002000,13843992
2023-11-27,21.1159844200,20.7428791000,21.1159844200,20.6718114200,17080048
2023-11-28,20.7517625600,20.8850144600,20.8938979200,20.6984618000,9269747
2023-11-29,20.8317137000,20.5474429800,20.9649656000,20.4586083800,18403219
2023-11-30,20.4763753000,20.4319580000,20.5918602800,20.3520068600,11672626
2023-12-01,20.4141910800,20.3075895600,20.4763753000,20.1476872800,16533412
2023-12-04,20.3075895600,20.0588526800,20.4230745400,20.0499692200,13607780
2023-12-05,20.0144353800,19.7834654200,20.1832211200,19.7745819600,12957126
2023-12-06,19.7656985000,19.6413300600,19.9078338600,19.5969127600,15350675
2023-12-07,19.6502135200,19.5436120000,19.7035142800,19.3215255000,16056976
2023-12-08,19.5436120000,19.3837097200,19.7123977400,19.3481758800,16083700
2023-12-11,19.3481758800,19.3925931800,19.4281270200,18.9750705600,16871923
2023-12-12,19.3570593400,19.6413300600,19.7123977400,19.2771082000,10791717
2023-12-13,19.6768639000,19.1527397600,19.6857473600,19.0106044000,13624478
2023-12-14,19.2771082000,19.2415743600,19.3925931800,19.1793901400,8241426
2023-12-15,19.2948751200,19.4014766400,19.7390481200,19.2771082000,13583214
2023-12-18,19.3215255000,19.1705066800,19.4458939400,19.0905555400,10374459
2023-12-19,19.0905555400,19.0727886200,19.2060405200,18.9217698000,9679377
2023-12-20,19.0905555400,19.0816720800,19.1882736000,19.0372547800,8273603
2023-12-21,19.0550217000,19.2682247400,19.2948751200,18.9395367200,12524434
2023-12-22,19.2326909000,19.3659428000,19.4814277800,19.0727886200,10708896
2023-12-25,19.3304089600,19.5258450800,19.5347285400,19.2149239800,8932093
2023-12-26,19.4991947000,19.5436120000,19.5791458400,19.3925931800,8570874
2023-12-27,19.5524954600,19.6857473600,19.7035142800,19.4547774000,9420472
2023-12-28,19.6857473600,20.0410857600,20.0943865200,19.6057962200,14204365
2023-12-29,20.0855030600,20.0410857600,20.2098715000,19.8367661800,14529824
2024-01-02,20.0322023000,19.8545331000,20.0410857600,19.8278827200,8077796
2024-01-03,19.8101158000,19.9611346200,20.0144353800,19.7212812000,8521513
2024-01-04,19.9611346200,19.8634165600,19.9966684600,19.5880293000,10499915
2024-01-05,19.8278827200,19.9789015400,20.2809391800,19.4725443200,18303550
2024-01-08,19.9877850000,19.9344842400,20.1921045800,19.8101158000,14669571
2024-01-09,19.9789015400,19.9344842400,19.9789015400,19.6057962200,9246115
2024-01-10,19.8545331000,19.9078338600,20.0322023000,19.8012323400,8123365
2024-01-11,19.8723000200,19.8367661800,19.9611346200,19.6324466000,8806515
2024-01-12,19.8367661800,19.8900669400,20.1032699800,19.7656985000,9435128
2024-01-15,19.8101158000,20.1299203600,20.1565707400,19.6768639000,11129565
2024-01-16,20.0588526800,20.2720557200,20.3164730200,19.9522511600,17511469
2024-01-17,20.1921045800,19.8634165600,20.2276384200,19.8634165600,15431492
2024-01-18,19.8101158000,19.9877850000,20.0588526800,19.3481758800,15433075
2024-01-19,19.9078338600,19.7923488800,20.0499692200,19.6768639000,12112370
2024-01-22,19.7212812000,19.4192435600,19.9256007800,19.1882736000,17620255
2024-01-23,19.3126420400,19.3215255000,19.4192435600,19.1260893800,13176082
2024-01-24,19.4014766400,19.6590969800,19.7568150400,19.0283713200,15143017
2024-01-25,19.6590969800,20.0766196000,20.1210369000,19.5969127600,20828037
2024-01-26,20.2898226400,20.2720557200,20.7339956400,20.0855030600,22339901
2024-01-29,20.4053076200,20.4852587600,20.7339956400,20.3786572400,22209907
2024-01-30,20.3520068600,20.2631722600,20.6540445000,20.2631722600,17333903
2024-01-31,20.1476872800,20.5296760600,20.7251121800,20.1032699800,23924743
2024-02-01,20.4674918400,20.4319580000,20.7162287200,20.2187549600,18906126
2024-02-02,20.4319580000,20.4141910800,20.7162287200,19.9256007800,20491936
2024-02-05,20.4141910800,20.6718114200,20.7428791000,20.1299203600,33439138
2024-02-06,20.5652099000,21.0893340400,21.2225859400,20.4941422200,25803376
2024-02-07,21.0893340400,21.1604017200,21.1781686400,20.7872964000,24806886
2024-02-08,21.1692851800,21.5246235800,21.5246235800,20.9827325200,26927269
2024-02-19,21.5157401200,21.4446724400,21.5690408800,20.9560821400,19765008
2024-02-20,21.3558378400,21.7289431600,21.8799619800,21.2314694000,19074976
2024-02-21,21.6667589400,21.9776800400,22.2797176800,21.5246235800,21595040
2024-02-22,21.8621950600,21.9243792800,22.0043304200,21.6667589400,14373686
2024-02-23,21.8977289000,21.8533116000,22.0398642600,21.6312251000,15221381
2024-02-26,21.7733604600,21.4357889800,21.8355446800,21.3913716800,15542987
2024-02-27,21.3736047600,21.3736047600,21.4890897400,21.2137024800,16170713
2024-02-28,21.3469543800,21.1959355600,21.4091386000,21.0449167400,20861133
2024-02-29,21.0538002000,21.2670032400,21.2758867000,21.0271498200,20981150
2024-03-01,21.2403528600,21.1159844200,21.2492363200,21.0093829000,17529343
2024-03-04,21.1071009600,20.8139467800,21.1071009600,20.6718114200,23230402
2024-03-05,20.7339956400,21.0982175000,21.1071009600,20.6451610400,19291448
2024-03-06,21.0982175000,21.3203040000,21.4002551400,20.9649656000,17420409
2024-03-07,21.2758867000,21.4713228200,21.7289431600,21.2492363200,19220504
2024-03-08,21.4357889800,21.1426348000,21.4535559000,21.0538002000,16267084
2024-03-11,21.1426348000,21.0982175000,21.2581197800,20.8938979200,16859280
2024-03-12,21.0982175000,21.1692851800,21.2758867000,20.7428791000,26434379
2024-03-13,21.0449167400,20.6096272000,21.0449167400,20.5740933600,26998922
2024-03-14,20.4852587600,20.6629279600,20.8761310000,20.4763753000,17398778
2024-03-15,20.6273941200,20.8672475400,20.8761310000,20.5652099000,15738134
2024-03-18,20.8317137000,20.7695294800,20.9383152200,20.7162287200,15408992
2024-03-19,20.7606460200,20.6096272000,20.8228302400,20.5474429800,16589498
2024-03-20,20.3253564800,20.1476872800,20.3875407000,20.0766196000,32845828
2024-03-21,20.1921045800,20.1032699800,20.3431234000,20.0055519200,19942840
2024-03-22,20.0410857600,19.7834654200,20.1032699800,19.7123977400,19383605
2024-03-25,19.7568150400,19.8900669400,20.0499692200,19.6235631400,18019048
2024-03-26,19.8723000200,19.8367661800,19.9078338600,19.6590969800,16828041
2024-03-27,19.8900669400,19.6857473600,20.0410857600,19.6768639000,14804824
2024-03-28,19.6768639000,19.7390481200,19.8012323400,19.5436120000,15415760
2024-03-29,19.6679804400,19.7923488800,19.7923488800,19.6502135200,8699301
2024-04-01,19.8189992600,19.9256007800,19.9789015400,19.7390481200,20276090
2024-04-02,19.9256007800,19.8723000200,20.0233188400,19.8278827200,14636115
2024-04-03,19.8989504000,19.8012323400,19.9611346200,19.6768639000,12421055
2024-04-08,19.8012323400,19.6946308200,19.9167173200,19.6146796800,13278986
2024-04-09,19.6590969800,19.6502135200,19.7745819600,19.5524954600,14186251
2024-04-10,19.5702623800,19.3392924200,19.6590969800,19.2504578200,17615449
2024-04-11,19.4725443200,20.2987061000,20.3253564800,19.4725443200,53177295
2024-04-12,20.2009880400,20.0322023000,20.3786572400,19.9700180800,24589670
2024-04-15,20.0233188400,20.1654542000,20.3431234000,19.8989504000,22522528
2024-04-16,20.1654542000,20.2542888000,20.4763753000,20.0588526800,24055025
2024-04-17,20.2542888000,20.5829768200,20.6273941200,20.1210369000,25792401
2024-04-18,20.5474429800,20.3608903200,20.7606460200,20.3431234000,23627905
2024-04-19,20.2542888000,20.6362775800,20.7428791000,20.2276384200,18449667
2024-04-22,20.6362775800,20.6096272000,20.8050633200,20.4141910800,15639909
2024-04-23,20.6007437400,20.0677361400,20.6007437400,20.0144353800,18573867
2024-04-24,20.1388038200,19.8811834800,20.1832211200,19.6413300600,21212919
2024-04-25,19.8634165600,20.0410857600,20.0766196000,19.7656985000,11328123
2024-04-26,19.9966684600,20.2276384200,20.2542888000,19.7656985000,17030564
2024-04-29,19.9522511600,20.6895783400,20.8494806200,19.6146796800,35646361
2024-04-30,20.6185106600,20.4141910800,20.6806948800,20.3520068600,16178836
2024-05-06,20.6806948800,20.6273941200,20.8050633200,20.4941422200,17995963
2024-05-07,20.6273941200,20.6185106600,20.6540445000,20.2631722600,15309168
2024-05-08,20.5474429800,20.6273941200,21.0271498200,20.5207926000,19960534
2024-05-09,20.5918602800,20.9205483000,21.0449167400,20.5918602800,18451631
2024-05-10,20.9205483000,21.5423905000,21.6312251000,20.8139467800,40115048
2024-05-13,21.4535559000,21.6401085600,21.7289431600,21.1959355600,18205261
2024-05-14,21.6578754800,21.3736047600,21.7111762400,21.3203040000,13613469
2024-05-15,21.3380709200,21.6134581800,21.8088943000,21.1870521000,19572461
2024-05-16,21.6134581800,22.5373380200,22.8749095000,21.5512739600,54972823
2024-05-17,22.5373380200,22.5639884000,22.7594245200,21.9510296600,33121668
2024-05-20,22.7061237600,22.5106876400,22.8038418200,22.1997665400,29635176
2024-05-21,22.5018041800,22.5639884000,23.0525787000,22.3774357400,20795933
2024-05-22,22.4307365000,22.3596688200,22.9548606400,22.3507853600,22595286
2024-05-23,22.3241349800,22.0842815600,22.3685522800,21.9332627400,21733561
2024-05-24,22.0753981000,21.7022927800,22.1109319400,21.6756424000,17557354
2024-05-27,21.7289431600,21.8621950600,21.8888454400,21.5956912600,12828389
2024-05-28,21.8888454400,21.7289431600,22.0487477200,21.6756424000,19222178
2024-05-29,21.8088943000,21.7022927800,22.0487477200,21.6312251000,13558029
2024-05-30,21.7289431600,21.7911273800,21.9154958200,21.6134581800,14370235
2024-05-31,21.8088943000,21.3291874600,21.9332627400,21.3114205400,17295403
2024-06-03,21.3203040000,21.7467100800,21.7467100800,21.1248678800,22076561
2024-06-04,21.5423905000,21.8177777600,21.9776800400,21.3203040000,15303206
2024-06-05,21.7911273800,21.6312251000,22.0132138800,21.5868078000,12110124
2024-06-06,21.6134581800,21.5601574200,21.7467100800,21.3291874600,12768293
2024-06-07,21.4979732000,21.5868078000,21.6934093200,21.3913716800,11696582
2024-06-11,21.4802062800,21.1959355600,21.6401085600,21.1248678800,11787687
2024-06-12,21.1870521000,21.2048190200,21.3025370800,21.0626836600,8424564
2024-06-13,21.2048190200,20.6806948800,21.2758867000,20.6185106600,14061366
2024-06-14,20.6984618000,21.1604017200,21.2758867000,20.5385595200,15751737
2024-06-17,21.0626836600,21.0538002000,21.2758867000,20.8850144600,9282740
2024-06-18,20.9649656000,21.1692851800,21.2048190200,20.9560821400,7250739
2024-06-19,21.1071009600,21.0626836600,21.2670032400,20.9738490600,5668769
2024-06-20,21.0093829000,21.1248678800,21.1781686400,20.8850144600,7822807
2024-06-21,21.0093829000,21.8088943000,21.8533116000,21.0093829000,24345993
2024-06-24,21.7442141800,21.3838128400,22.1785440000,21.3468486000,23065235
2024-06-25,21.3745717800,21.7626963000,21.9844817400,21.3468486000,18088561
2024-06-26,21.7626963000,21.8828300800,21.9197943200,21.4392592000,17484557
2024-06-27,21.9013122000,21.7534552400,22.1508208200,21.7072499400,15782443
2024-06-28,21.7164910000,21.7996605400,21.9752406800,21.6518035800,12591980
2024-07-01,21.7072499400,21.5686340400,22.0491691600,21.5501519200,13423517
2024-07-02,21.5871161600,21.9752406800,22.1693029400,21.5871161600,20447466
2024-07-03,21.9937228000,22.2247493000,22.2986777800,21.8366247800,15142181
2024-07-04,22.2247493000,22.1230976400,22.2709546000,22.0122049200,13551795
2024-07-05,22.0861334000,22.3356420200,22.6775612400,22.0861334000,19912980
2024-07-08,22.2247493000,22.8254182000,22.9917572800,22.2247493000,28009532
2024-07-09,22.7330076000,22.8254182000,22.9825162200,22.5759095800,19142695
2024-07-10,22.8254182000,22.6498380600,22.8623824400,22.4650168600,14416877
2024-07-11,22.6590791200,22.9178288000,22.9455519800,22.5389453400,14450712
2024-07-12,22.9825162200,22.8808645600,23.2320248400,22.8254182000,11791278
2024-07-15,22.7699718400,22.9732751600,23.0194804600,22.6036327600,10334250
2024-07-16,22.9732751600,22.9547930400,23.0102394000,22.6683201800,8909345
2024-07-17,22.9455519800,23.3521586200,23.4445692200,22.9178288000,17749473
2024-07-18,23.2967122600,23.1950606000,23.3891228600,23.0656857600,15673763
2024-07-19,23.2043016600,23.0287215200,23.2505069600,22.8808645600,16150821
2024-07-22,22.9825162200,22.5759095800,22.9917572800,22.5574274600,20508067
2024-07-23,22.5204632200,22.2801956600,22.7330076000,22.1785440000,11505333
2024-07-24,22.2155082400,22.0491691600,22.3264009600,21.9013122000,13567088
2024-07-25,21.9475175000,21.9937228000,22.2524724800,21.8366247800,11630496
2024-07-26,21.9937228000,22.1046155200,22.1600618800,21.7719373600,10510667
2024-07-29,22.1046155200,22.2617135400,22.5112221600,22.0306870400,13009407
2024-07-30,22.2524724800,22.3633652000,22.4372936800,22.1138565800,12272474
2024-07-31,22.4280526200,22.3356420200,22.4372936800,22.0029638600,16416232
2024-08-01,22.3356420200,21.7811784200,22.3356420200,21.7626963000,19931814
2024-08-02,21.7626963000,21.4392592000,21.7626963000,21.3376075400,14952134
2024-08-05,21.4392592000,21.4392592000,21.7534552400,21.2544380000,12212650
2024-08-06,21.4392592000,21.7442141800,21.8273837200,21.3191254200,16198486
2024-08-07,21.8089016000,21.5039466200,22.0676512800,21.4854645000,11719700
2024-08-08,21.4762234400,22.1323387000,22.3171599000,21.4485002600,19622904
2024-08-09,22.1323387000,21.8273837200,22.1970261200,21.7719373600,11254170
2024-08-12,21.7811784200,21.5131876800,21.7904194800,21.3930539000,8591156
2024-08-13,21.5963572200,21.3930539000,21.5963572200,21.1158221000,8580549
2024-08-14,21.3838128400,20.8847956000,21.3838128400,20.8108671200,13987516
2024-08-15,20.8755545400,20.9864472600,21.1435452800,20.7923850000,8223844
2024-08-16,20.9864472600,20.8293492400,21.0603757400,20.6722512200,9397900
2024-08-19,20.8108671200,20.8755545400,21.0973399800,20.7923850000,6951696
2024-08-20,20.9310009000,20.5243942600,20.9772062000,20.4781889600,8997438
2024-08-21,20.6352869800,19.9237253600,20.6537691000,19.5171187200,27667118
2024-08-22,19.8590379400,19.6464935600,19.9606896000,19.5263597800,20993617
2024-08-23,19.6464935600,19.9606896000,20.0715823200,19.5910472000,10323302
2024-08-26,19.9237253600,19.8220737000,20.0623412600,19.6557346200,11550545
2024-08-27,19.7573862800,19.4801544800,19.8682790000,19.3600207000,13336971
2024-08-28,19.3322975200,18.9349319400,19.5078776600,18.8240392200,26503114
2024-08-29,19.0181014800,19.0920299600,19.2214048000,18.8055571000,14521303
2024-08-30,19.0365836000,19.3322975200,19.8313147600,18.8702445200,18842148
2024-09-02,19.2860922200,19.2768511600,19.5171187200,19.0827889000,12556934
2024-09-03,19.2953332800,19.1474763200,19.3877438800,19.0181014800,11615757
2024-09-04,19.0365836000,18.9811372400,19.1659584400,18.7963160400,10217418
2024-09-05,18.9811372400,19.3507796400,19.3692617600,18.9349319400,11745278
2024-09-06,19.3415385800,19.2121637400,19.4062260000,19.1751995000,6380107
2024-09-09,19.1197531400,18.8702445200,19.2860922200,18.8055571000,9095899
2024-09-10,18.7778339200,18.3065398600,18.8610034600,18.2048882000,17270850
2024-09-11,18.2880577400,18.5006021200,18.5930127200,18.1217186600,11323140
2024-09-12,18.4821200000,18.6299769600,18.7593518000,18.3712272800,11362557
2024-09-13,18.6854233200,18.5560484800,18.9903783000,18.4728789400,12605043
2024-09-18,18.5652895400,18.6946643800,18.7778339200,18.4821200000,10410803
2024-09-19,18.7131465000,18.4174325800,18.8332802800,18.3065398600,24744599
2024-09-20,18.3712272800,18.3619862200,18.4359147000,18.0477901800,18210044
2024-09-23,18.3065398600,18.5468074200,18.5468074200,18.2880577400,12484045
2024-09-24,18.6761822600,19.3230564600,19.3692617600,18.5468074200,26196531
2024-09-25,19.8682790000,19.8775200600,20.5336353200,19.8682790000,36494810
2024-09-26,19.8497968800,21.3376075400,21.3653307200,19.7851094600,38904313
2024-09-27,22.1785440000,22.3633652000,22.5019811000,21.6702857000,26717289
2024-09-30,23.5647030000,24.1561308400,24.4610858200,23.2782301400,83573516
2024-10-08,26.5680475000,24.2485414400,26.5680475000,23.5924261800,94938409
2024-10-09,23.9343454000,22.2617135400,23.9343454000,21.9659996200,61828673
2024-10-10,22.2617135400,23.0749268200,23.6201493600,22.0306870400,41104537
2024-10-11,22.9178288000,22.9825162200,23.3798818000,22.7792129000,26380323
2024-10-14,23.2227837800,23.8142116200,24.1653719000,23.2227837800,45523654
2024-10-15,23.7495242000,23.5369798200,24.1746129600,23.3983639200,28638880
2024-10-16,23.2874712000,23.6571136000,24.1746129600,23.1950606000,34669025
2024-10-17,23.8881401000,23.0841678800,24.0359970600,23.0564447000,26532859
2024-10-18,23.0749268200,23.2320248400,23.5739440600,22.4834989800,30104379
2024-10-21,23.2320248400,23.2135427200,23.3336765000,22.6868023000,24040440
2024-10-22,23.2874712000,23.3059533200,23.3151943800,22.9917572800,14883431
2024-10-23,23.3336765000,23.5462208800,23.6848367800,23.2412659000,20446965
2024-10-24,23.4538102800,23.1950606000,23.5924261800,23.1211321200,9329863
2024-10-25,23.2043016600,23.5184977000,23.7125599600,23.1950606000,18296664
2024-10-28,23.5277387600,24.3132288600,24.4333626400,23.5092566400,43888138
2024-10-29,24.2762646200,24.1930950800,24.5812196000,23.8604169200,21550128
2024-10-30,23.9343454000,24.7567997400,25.0155494200,23.8881401000,43821183
2024-10-31,25.0155494200,24.7198355000,25.0247904800,24.3779162800,23537005
2024-11-01,24.6181838400,24.7660408000,25.0709957800,24.5719785400,21838817
2024-11-04,24.7937639800,24.5627374800,24.8769335200,24.2115772000,18149606
2024-11-05,24.5719785400,24.9970673000,25.1356832000,24.4703268800,22606117
2024-11-06,25.0247904800,24.7845229200,25.0894779000,24.4426037000,21545819
2024-11-07,24.6551480800,25.5977362000,25.6439415000,24.6274249000,30914431
2024-11-08,25.6993878600,25.0617547200,25.7640752800,24.9785851800,25163256
2024-11-11,24.9046567000,24.5442553600,24.9046567000,24.3594341600,21302854
2024-11-12,24.4703268800,24.3594341600,24.8492103400,24.2393003800,22113253
2024-11-13,24.2300593200,24.2670235600,24.6089427800,24.1376487200,17583042
2024-11-14,24.4795679400,24.1653719000,24.7105944400,24.1376487200,18118717
2024-11-15,24.1653719000,23.7218010200,24.2947467400,23.7218010200,14901588
2024-11-18,24.0452381200,24.3594341600,24.9785851800,24.0452381200,29697027
2024-11-19,24.3594341600,24.0175149400,24.4888090000,23.5924261800,20048666
2024-11-20,24.1006844800,24.0914434200,24.2300593200,23.9066222200,10425606
2024-11-21,24.0637202400,23.8696579800,24.3224699200,23.8049705600,10340716
2024-11-22,23.8511758600,23.3891228600,23.9805507000,23.3891228600,12387172
2024-11-25,23.3798818000,23.2874712000,23.6940778400,23.2135427200,10759738
2024-11-26,23.2227837800,23.2043016600,23.5092566400,23.0841678800,9293761
2024-11-27,23.2320248400,23.7125599600,23.7125599600,23.1396142400,12212047
2024-11-28,23.6293904200,23.7218010200,23.9251043400,23.4630513400,13338317
2024-11-29,23.9343454000,23.7125599600,24.0175149400,23.5647030000,14364477
2024-12-02,23.8326937400,23.6940778400,23.8881401000,23.5369798200,22562994
2024-12-03,23.6571136000,24.0544791800,24.1191666000,23.6571136000,17989723
2024-12-04,24.0267560000,23.8973811600,24.0267560000,23.7033189000,13524712
2024-12-05,23.7495242000,23.6571136000,23.8419348000,23.3983639200,14879483
2024-12-06,23.7310420800,23.8881401000,23.9897917600,23.6848367800,14882756
2024-12-09,23.8419348000,23.5647030000,23.9805507000,23.3983639200,17749488
2024-12-10,24.2115772000,23.7772473800,24.4610858200,23.6663546600,25392999
2024-12-11,23.8604169200,23.7033189000,24.0914434200,23.6386314800,17970513
2024-12-12,23.7033189000,24.1191666000,24.1746129600,23.5369798200,20292122
2024-12-13,23.9897917600,24.1284076600,24.2577825000,23.7587652600,25112345
2024-12-16,24.0359970600,22.8901056200,24.0822023600,22.8254182000,40252472
2024-12-17,22.8716235000,22.7330076000,23.0656857600,22.6868023000,17545857
2024-12-18,22.8531413800,22.6960433600,23.2320248400,22.6590791200,13334971
2024-12-19,22.5759095800,22.5943917000,22.6960433600,22.4188115600,12108105
2024-12-20,22.6405970000,22.2986777800,22.6868023000,22.2801956600,13991912
2024-12-23,22.2155082400,22.2709546000,22.5481864000,22.1970261200,14564524
2024-12-24,22.2709546000,22.5574274600,22.6590791200,22.2247493000,10399651
2024-12-25,22.4834989800,22.6590791200,22.6868023000,22.4188115600,9027059
2024-12-26,22.6221148800,22.0861334000,22.6498380600,21.8273837200,21365194
2024-12-27,22.1046155200,22.2062671800,22.2801956600,21.9752406800,13313110
2024-12-30,22.1785440000,22.1693029400,22.4095705000,22.0122049200,14328301
2024-12-31,22.2432314200,21.9752406800,22.3818473200,21.9752406800,15333857
2025-01-02,21.9659996200,21.5778751000,22.2709546000,21.4854645000,17343672
2025-01-03,21.6518035800,21.6518035800,21.9382764400,21.5871161600,14897800
2025-01-06,21.6518035800,21.7904194800,21.9013122000,21.5131876800,11655015
2025-01-07,21.6702857000,21.9937228000,21.9937228000,21.6055982800,12825227
2025-01-08,21.9567585600,21.9475175000,22.2155082400,21.7719373600,13354583
2025-01-09,21.8735890200,22.0861334000,22.2986777800,21.5501519200,11699350
2025-01-10,22.1415797600,21.9290353800,22.2339903600,21.8366247800,10292918
2025-01-13,21.8366247800,22.0029638600,22.2801956600,21.6795267600,12281994
2025-01-14,21.8920711400,22.1046155200,22.1415797600,21.7626963000,14860147
2025-01-15,22.0491691600,22.3448830800,22.4280526200,21.7996605400,14740299
2025-01-16,22.3541241400,22.6590791200,22.7330076000,22.3541241400,14599339
2025-01-17,22.7330076000,22.7422486600,22.8993466800,22.4095705000,11902396
2025-01-20,22.8531413800,22.6960433600,22.8808645600,22.4372936800,11756488
2025-01-21,22.6960433600,22.5943917000,22.8531413800,22.5019811000,7834906
2025-01-22,22.5943917000,22.5389453400,22.6868023000,22.4465347400,7660006
2025-01-23,22.6128738200,22.6221148800,22.9085877400,22.5297042800,11965771
2025-01-24,22.6036327600,22.5851506400,22.9085877400,22.5481864000,11515099
2025-01-27,22.6405970000,23.0102394000,23.1488553000,22.6036327600,15253108
2025-02-05,23.0194804600,21.9290353800,23.0841678800,21.9197943200,21690174
2025-02-06,21.9105532600,21.9844817400,22.1138565800,21.8366247800,13011736
2025-02-07,22.0029638600,22.1415797600,22.2709546000,21.8089016000,14110098
2025-02-10,22.0861334000,22.2339903600,22.3633652000,22.0491691600,11451823
2025-02-11,22.2247493000,22.1970261200,22.4095705000,22.0399281000,8095549
2025-02-12,22.2062671800,21.9844817400,22.2801956600,21.8089016000,15297769
2025-02-13,21.9752406800,22.2709546000,22.5204632200,21.9290353800,20881298
2025-02-14,22.3356420200,22.0214459800,22.3910883800,21.9752406800,14402781
2025-02-17,22.0214459800,21.6980088800,22.0768923400,21.6702857000,17891295
2025-02-18,21.6980088800,21.6148393400,21.8181426600,21.4947055600,13547022
2025-02-19,21.6240804000,21.5224287400,21.7442141800,21.4207770800,13289047
2025-02-20,21.4300181400,21.3560896600,21.5224287400,21.3006433000,11996285
2025-02-21,21.2914022400,20.9494830200,21.3745717800,20.8940366600,24948152
2025-02-24,20.8847956000,20.9402419600,21.1527863400,20.7646618200,20806697
2025-02-25,20.8847956000,20.7831439400,21.1620274000,20.7369386400,18793777
2025-02-26,20.7461797000,20.9402419600,21.0696168000,20.7461797000,14828017
2025-02-27,20.9494830200,21.3098843600,21.5316698000,20.9494830200,23644232
2025-02-28,21.3930539000,21.4947055600,21.7164910000,21.3006433000,25190531
2025-03-03,21.5224287400,21.5409108600,21.7811784200,21.4300181400,15832308
2025-03-04,21.5316698000,21.4392592000,21.5316698000,21.2544380000,13100448
2025-03-05,21.5501519200,22.1877850600,22.3541241400,21.4022949600,40266374
2025-03-06,22.2986777800,22.1415797600,22.3171599000,21.9567585600,18391587
2025-03-07,22.1046155200,22.2617135400,22.3079188400,22.0029638600,14042764
2025-03-10,22.3633652000,22.3264009600,22.4927400400,22.0214459800,15792093
2025-03-11,22.0861334000,22.3633652000,22.3633652000,21.9844817400,13171081
2025-03-12,22.3633652000,22.0768923400,22.3633652000,22.0214459800,11868031
2025-03-13,22.0861334000,22.3448830800,22.4557758000,22.0861334000,13011987
2025-03-14,22.3356420200,22.5112221600,22.5759095800,22.2524724800,14647259
2025-03-17,22.5759095800,23.3336765000,23.4168460400,22.5666685200,30337771
2025-03-18,23.2597480200,22.9825162200,23.3151943800,22.9640341000,13952715
2025-03-19,23.0656857600,22.9547930400,23.1673374200,22.7792129000,12079396
2025-03-20,23.0102394000,22.7976950200,23.0102394000,22.7237665400,10525632
2025-03-21,22.7976950200,23.0287215200,23.4353281600,22.7422486600,22217797
2025-03-24,22.9825162200,22.8716235000,23.1765784800,22.7884539600,16496039
2025-03-25,22.7330076000,22.4465347400,22.8069360800,22.0861334000,27507668
2025-03-26,22.5204632200,22.7422486600,22.7976950200,22.2801956600,12882279
2025-03-27,22.8254182000,22.8808645600,23.0934089400,22.6405970000,14162625
2025-03-28,22.9732751600,22.7330076000,22.9732751600,22.5019811000,10760970
2025-03-31,22.9363109200,22.4465347400,23.1488553000,22.3541241400,18204975
2025-04-01,22.4280526200,22.3633652000,22.6221148800,22.2709546000,14322897
2025-04-02,22.3633652000,22.2432314200,22.4927400400,22.2432314200,11079428
2025-04-03,22.1877850600,22.3264009600,22.8623824400,22.1508208200,23339250
2025-04-07,21.6240804000,21.8551069000,22.1230976400,21.1712684600,43286378
2025-04-08,22.1693029400,22.9363109200,22.9732751600,22.0584102200,46120065
2025-04-09,22.8346592600,23.5647030000,23.5647030000,22.4188115600,41952222
2025-04-10,24.0082738800,23.7495242000,24.0082738800,23.1950606000,29340050
2025-04-11,23.8419348000,23.6386314800,23.8511758600,23.1765784800,22298817
2025-04-14,23.4260871000,23.2597480200,23.6109083000,23.1858195400,21293219
2025-04-15,23.1950606000,23.4538102800,23.4538102800,22.9825162200,17604852
2025-04-16,23.4076049800,23.5647030000,23.5647030000,23.0841678800,18143814
2025-04-17,23.4538102800,23.3983639200,23.5924261800,23.2412659000,12937947
2025-04-18,23.2782301400,23.2043016600,23.5000155800,23.1118910600,12569164
2025-04-21,23.1765784800,22.9917572800,23.2412659000,22.8716235000,12884680
2025-04-22,23.0934089400,23.1950606000,23.3429175600,22.8901056200,12801545
2025-04-23,23.1765784800,22.9917572800,23.2320248400,22.8901056200,11181770
2025-04-24,23.0102394000,23.0009983400,23.2597480200,22.9640341000,10099058
2025-04-25,23.0841678800,22.7052844200,23.1396142400,22.7052844200,13819766
2025-04-28,22.7330076000,22.6775612400,22.9270698600,22.5943917000,8403920
2025-04-29,22.6868023000,22.5759095800,22.7422486600,22.4742579200,8289622
2025-04-30,22.6128738200,22.2524724800,22.6405970000,22.1415797600,14976656
2025-05-06,22.2801956600,22.1970261200,22.3726062600,22.1138565800,14696872
2025-05-07,22.4465347400,22.2709546000,22.5389453400,22.1785440000,18236338
2025-05-08,22.1970261200,22.1138565800,22.2801956600,22.0399281000,14983338
2025-05-09,22.1138565800,22.1785440000,22.2339903600,21.9105532600,17443444
2025-05-12,22.1785440000,21.9567585600,22.1785440000,21.9290353800,23591066
2025-05-13,22.0306870400,22.0861334000,22.2339903600,21.9937228000,19040973
2025-05-14,22.0491691600,22.2339903600,22.2524724800,21.9937228000,14713289
2025-05-15,22.1785440000,22.0214459800,22.2986777800,22.0214459800,13896926
2025-05-16,22.0584102200,21.7442141800,22.1138565800,21.6333214600,20656136
2025-05-19,21.7164910000,21.6980088800,21.8643479600,21.6702857000,13624100
2025-05-20,21.7534552400,21.6795267600,21.7996605400,21.5963572200,14436248
2025-05-21,21.6887678200,21.9659996200,22.0214459800,21.6795267600,16676438
2025-05-22,21.9105532600,21.9567585600,22.0214459800,21.7904194800,9108100
2025-05-23,21.9105532600,21.8181426600,22.1046155200,21.8181426600,13144950
2025-05-26,21.7534552400,21.3468486000,21.8089016000,21.2821611800,19511225
2025-05-27,21.3560896600,21.3468486000,21.4485002600,21.2914022400,9619808
2025-05-28,21.3560896600,21.3468486000,21.4022949600,21.2821611800,7210047
2025-05-29,21.3468486000,21.3653307200,21.4300181400,21.3006433000,12392022
2025-05-30,21.3283664800,21.4669823800,21.5778751000,21.3006433000,14623101
2025-06-03,21.4485002600,21.0511346800,21.5316698000,21.0234115000,31329403
2025-06-04,21.0696168000,21.2821611800,21.4022949600,21.0603757400,18874176
2025-06-05,21.2821611800,21.0696168000,21.3838128400,21.0049293800,19390170
2025-06-06,21.1158221000,21.1805095200,21.2821611800,21.0696168000,12954306
2025-06-09,21.1158221000,21.0880989200,21.1989916400,21.0788578600,16187801
2025-06-10,21.1065810400,20.9956883200,21.1989916400,20.9494830200,17713899
2025-06-11,21.0234115000,21.0326525600,21.1435452800,20.9864472600,15950778
2025-06-12,20.9956883200,20.8293492400,21.0141704400,20.8016260600,21314648
2025-06-13,20.8016260600,20.6537691000,20.8940366600,20.6445280400,21526484
2025-06-16,20.6075638000,20.4874300200,20.7092154600,20.4504657800,19702701
2025-06-17,20.5428763800,20.5521174400,20.6075638000,20.4319836600,17741294
2025-06-18,20.5521174400,20.3765373000,20.5983227400,20.3672962400,15425456
2025-06-19,20.3672962400,20.0993055000,20.4227426000,20.0438591400,23488171
2025-06-20,20.1455108000,20.0438591400,20.3210909400,20.0346180800,15513372
2025-06-23,19.9976538400,19.9422074800,20.0438591400,19.8590379400,18326797
2025-06-24,19.9791717200,20.3026088200,20.3210909400,19.9606896000,18525226
2025-06-25,20.3118498800,20.4135015400,20.4504657800,20.2379214000,16990588
2025-06-26,20.4504657800,20.4597068400,20.6075638000,20.3303320000,22201397
2025-06-27,20.6506584900,20.4692611200,20.6506584900,20.3833360500,19586479
2025-06-30,20.4692611200,20.4979028100,20.5647334200,20.3737888200,14258388
2025-07-01,20.4979028100,20.4597138900,20.5265445000,20.3928832800,11424334
2025-07-02,20.4597138900,21.1280199900,21.1566616800,20.4406194300,37232284
2025-07-03,21.1757561400,21.2712284400,21.4430785800,21.0993783000,30956637
2025-07-04,21.2712284400,21.1566616800,21.3857952000,21.0993783000,20393949
2025-07-07,21.1662089100,21.2616812100,21.3857952000,21.1566616800,18177049
2025-07-08,21.2616812100,21.3667007400,21.6149287200,21.1662089100,20682814
2025-07-09,21.4335313500,21.4048896600,21.7199482500,21.3667007400,27140720
2025-07-10,21.4144368900,21.6244759500,21.8917983900,21.3380590500,32405929
2025-07-11,21.6626648700,21.5767398000,21.8058733200,21.5576453400,25580263
2025-07-14,21.7199482500,22.1209319100,22.2545931300,21.6817593300,43834747
2025-07-15,22.1686680600,21.5767398000,22.3023292800,21.5290036500,39920621
2025-07-16,21.5767398000,21.3189645900,21.7008537900,21.0611893800,43497838
2025-07-17,21.2712284400,21.3380590500,21.4048896600,21.2139450600,20334320
2025-07-18,21.4335313500,21.4335313500,21.5480981100,21.2998701300,16393444
2025-07-21,22.7987852400,23.5816581000,23.5816581000,21.9968179200,179080923
2025-07-22,24.5650227900,25.9398239100,25.9398239100,24.5554755600,270617282
2025-07-23,26.7322440000,23.9158111500,26.7322440000,23.9158111500,223634382
2025-07-24,23.6484887100,24.0972085200,24.6318534000,23.5530164100,124651666
2025-07-25,24.1067557500,23.2856939700,24.2022280500,23.2665995100,106657494
2025-07-28,23.2952412000,23.1997689000,23.3907135000,22.9610881500,57408603
2025-07-29,23.2093161300,23.1042966000,23.5434691800,22.8465213900,76370694
2025-07-30,22.9610881500,23.1329382900,23.3907135000,22.9133520000,57762232
2025-07-31,23.0088243000,22.4837266500,23.0183715300,22.3405182000,63239938
2025-08-01,22.4359905000,22.3405182000,22.5410100300,22.3023292800,30138282
2025-08-04,22.2736875900,22.3978015800,22.4359905000,22.1209319100,33387824
2025-08-05,22.4073488100,22.3214237400,22.4837266500,22.2641403600,27731138
2025-08-06,22.3405182000,22.3118765100,22.3787071200,22.2068569800,25362849
2025-08-07,22.7605963200,22.9228992300,23.0088243000,22.5314628000,65487246
2025-08-08,22.7987852400,23.1424855200,23.2475050500,22.6937657100,51136898
2025-08-11,23.2856939700,23.3047884300,23.4479968800,23.0852021400,45217698
2025-08-12,23.3047884300,23.1806744400,23.3429773500,23.1424855200,28278583
2025-08-13,23.2475050500,23.1806744400,23.3429773500,23.0852021400,33219337
2025-08-14,23.1806744400,23.1042966000,23.6389414800,23.0852021400,35367703
2025-08-15,23.0470132200,23.0374659900,23.3907135000,22.9324464600,40847023
2025-08-18,23.1520327500,23.1042966000,23.3238828900,23.0565604500,42936614
2025-08-19,23.1042966000,22.7701435500,23.1806744400,22.7701435500,41499963
2025-08-20,22.6460295600,22.9419936900,22.9610881500,22.5791989500,24824251
2025-08-21,22.9706353800,23.0947493700,23.3811662700,22.9133520000,36227878
2025-08-22,23.0661076800,23.1902216700,23.1997689000,22.9419936900,26313205
2025-08-25,23.1902216700,23.5912053300,23.7153193200,23.1806744400,48979677
2025-08-26,23.6293942500,23.6102997900,23.7439610100,23.2952412000,32912094
2025-08-27,24.0112834500,23.5052802600,24.4409088000,23.4766385700,74041343
2025-08-28,23.5625636400,23.4766385700,23.7153193200,23.0565604500,35414373
2025-08-29,23.5721108700,23.2475050500,23.8298860800,23.2284105900,46912326
2025-09-01,23.3811662700,23.2093161300,23.5243747200,23.1615799800,40578198
2025-09-02,23.2093161300,23.0661076800,23.3429773500,22.9515409200,26920481
2025-09-03,23.0661076800,22.6651240200,23.1138438300,22.4741794200,30139527
2025-09-04,22.6555767900,22.5887461800,22.6555767900,22.3596126600,25503534
2025-09-05,22.5791989500,22.6937657100,22.7033129400,22.3882543500,25626884
2025-09-08,22.7319546300,23.0279187600,23.1138438300,22.6842184800,36096630
2025-09-09,23.0088243000,23.4002607300,23.4957330300,22.8369741600,43127485
2025-09-10,23.3334301200,22.9897298400,23.3334301200,22.9324464600,23477552
2025-09-11,22.9228992300,23.0470132200,23.0470132200,22.8656158500,23456963
2025-09-12,23.0279187600,22.7415018600,23.4766385700,22.5791989500,60525695
2025-09-15,22.6842184800,22.7128601700,22.9038047700,22.5696517200,29563544
2025-09-16,22.7128601700,22.4646321900,22.8178797000,22.3882543500,27627117
2025-09-17,22.3978015800,22.4741794200,22.5314628000,22.3023292800,22611400
2025-09-18,22.4550849600,22.0159123800,22.5123683400,21.8917983900,39598132
2025-09-19,21.9681762300,22.2545931300,22.3405182000,21.8822511600,32319997
2025-09-22,22.2545931300,21.9395345400,22.2545931300,21.8249677800,23835150
2025-09-23,21.9490817700,22.0636485300,22.1018374500,21.6531176400,27951646
2025-09-24,22.0731957600,22.0922902200,22.1495736000,21.8822511600,21406531
2025-09-25,22.3787071200,22.1591208300,22.5887461800,22.1304791400,30500588
2025-09-26,22.1018374500,22.1209319100,22.2641403600,21.9013456200,21597843
2025-09-29,22.1495736000,22.2927820500,22.3405182000,21.8345150100,29799118
2025-09-30,22.3410160800,22.3988943600,22.5725292000,22.2059667600,24455268
2025-10-09,22.3988943600,22.8136887000,22.8329814600,22.3313697000,36948388
2025-10-10,22.8040423200,23.2574221800,23.3635323600,22.6207611000,48445432
2025-10-13,22.7654568000,22.9776771600,23.1127264800,22.6882857600,32045570
2025-10-14,23.0066163000,23.0548482000,23.2863613200,22.8812133600,30390997
2025-10-15,23.0548482000,23.6239846200,23.6818629000,22.9776771600,51487066
2025-10-16,23.5950454800,23.1320192400,23.7976194600,23.0548482000,43851434
2025-10-17,23.0644945800,22.9005061200,23.3828251200,22.8619206000,41601715
2025-10-20,23.0066163000,23.0162626800,23.0741409600,22.8715669800,24732719
2025-10-21,23.0162626800,22.8522742200,23.1127264800,22.8136887000,24358810
2025-10-22,22.8426278400,22.8329814600,22.9776771600,22.7943959400,16300656
2025-10-23,22.7943959400,22.7461640400,22.8136887000,22.4085407400,22433157
2025-10-24,22.7461640400,22.5050045400,22.8426278400,22.4278335000,22337097
2025-10-27,22.5532364400,22.9101525000,23.0162626800,22.5532364400,31938600
2025-10-28,22.8329814600,22.5628828200,22.8908597400,22.5339436800,22087267
2025-10-29,22.5339436800,22.5725292000,22.6014683400,22.3410160800,19369926
2025-10-30,22.5821755800,22.5435900600,22.7172249000,22.4374798800,22584489
2025-10-31,22.4567726400,22.3699552200,22.6207611000,22.3313697000,27763833
2025-11-03,22.4760654000,22.4374798800,22.5050045400,22.3217233200,18187831
2025-11-04,22.4471262600,22.1963203800,22.4953581600,22.0998565800,21583616
2025-11-05,22.0998565800,22.2349059000,22.2831378000,21.9937464000,15884558
2025-11-06,22.2156131400,22.1963203800,22.2734914200,22.0998565800,20506199
2025-11-07,22.1963203800,22.4953581600,22.5821755800,22.1095029600,34182209
2025-11-10,22.5821755800,22.7558104200,22.8426278400,22.5435900600,27111584
2025-11-11,22.8426278400,22.8715669800,22.9873235400,22.6882857600,24779862
2025-11-12,22.8812133600,22.6689930000,22.9776771600,22.6111147200,21132346
2025-11-13,22.6786393800,22.9680307800,23.0355554400,22.5821755800,23565867
2025-11-14,22.8715669800,22.8522742200,23.1995439000,22.8426278400,36565853
2025-11-17,22.7654568000,22.4953581600,22.9101525000,22.4953581600,21007485
2025-11-18,22.4760654000,22.1963203800,22.5242973000,22.1963203800,24663954
2025-11-19,22.2059667600,22.1770276200,22.2638450400,22.0902102000,16084000
2025-11-20,22.1963203800,22.4374798800,22.7365176600,22.1770276200,27984710
2025-11-21,22.3796016000,22.1866740000,22.6304074800,22.1673812400,24689237
2025-11-24,22.2059667600,22.0709174400,22.3120769400,22.0323319200,24156161
2025-11-25,22.1673812400,22.0998565800,22.2541986600,22.0516246800,16143587
2025-11-26,22.0998565800,22.0226855400,22.3217233200,21.9937464000,21819619
2025-11-27,21.9937464000,21.8201115600,22.0709174400,21.7043550000,33737349
2025-11-28,21.7911724200,22.0419783000,22.0516246800,21.6754158600,18284164
2025-12-01,21.9455145000,21.9455145000,22.2059667600,21.8490507000,35633515
2025-12-02,21.8683434600,21.9358681200,21.9744536400,21.7815260400,19227962
2025-12-03,21.9455145000,21.9744536400,22.0902102000,21.8972826000,17977412
2025-12-04,21.9262217400,21.8972826000,22.0323319200,21.8201115600,13892422
2025-12-05,21.8972826000,21.9841000200,22.0226855400,21.7622332800,17393346
2025-12-08,21.9937464000,21.8683434600,22.0902102000,21.8104651800,23152543
2025-12-09,21.8683434600,21.2799142800,21.8683434600,21.2316823800,42440947
2025-12-10,21.2413287600,21.5210737800,21.6657694800,21.0966330600,21900763
2025-12-11,21.4728418800,21.3763780800,21.5789520600,21.3184998000,17043291
2025-12-12,21.4342563600,21.3763780800,21.5403665400,21.2799142800,31157697
2025-12-15,21.3184998000,21.4921346400,21.6464767200,21.2413287600,27615615
2025-12-16,21.4631955000,21.1448649600,21.5596593000,21.1062794400,23320866
2025-12-17,21.1448649600,21.2799142800,21.3474389400,20.9615837400,19103436
2025-12-18,21.2316823800,21.3860244600,21.4439027400,21.1930968600,13977467
2025-12-19,21.3860244600,21.3956708400,21.4535491200,21.2895606600,18379718
2025-12-22,21.3956708400,21.2799142800,21.3956708400,21.2509751400,23306960
2025-12-23,21.2895606600,21.4053172200,21.5403665400,21.2509751400,19914154
2025-12-24,21.4246099800,21.5403665400,21.6561231000,21.3860244600,18329926
2025-12-25,21.5114274000,21.6175375800,21.6368303400,21.4728418800,13907523
2025-12-26,21.6175375800,21.4149636000,21.6657694800,21.4053172200,22719546
2025-12-29,21.4149636000,21.4246099800,21.7043550000,21.3956708400,31790002
2025-12-30,21.3667317000,21.0676939200,21.4246099800,21.0580475400,28645834
2025-12-31,21.0580475400,21.0869866800,21.2413287600,21.0387547800,15393859
2026-01-05,21.2220360000,21.3184998000,21.4342563600,21.1545113400,32797097
2026-01-06,21.3088534200,21.5982448200,21.6078912000,21.2123896200,36977173
2026-01-07,21.6657694800,21.8297579400,22.0709174400,21.5982448200,42052779
2026-01-08,21.8201115600,22.0998565800,22.2541986600,21.7236477600,40513630
2026-01-09,22.0998565800,21.9551608800,22.1770276200,21.8683434600,31160479
2026-01-12,21.9455145000,21.8490507000,21.9937464000,21.7718796600,27491169
2026-01-13,21.8490507000,21.7332941400,22.0130391600,21.7140013800,22989478
2026-01-14,21.7815260400,21.5693056800,21.9648072600,21.4921346400,31669666
2026-01-15,21.6078912000,21.7429405200,21.8683434600,21.6078912000,25836114
2026-01-16,21.8008188000,21.3667317000,21.8586970800,21.2799142800,34328285
2026-01-19,21.3088534200,21.5210737800,21.5885984400,21.2220360000,27315811
2026-01-20,21.5210737800,22.7558104200,22.8136887000,21.5114274000,112702263
2026-01-21,22.6689930000,22.4567726400,22.7075785200,22.2734914200,50126075
2026-01-22,22.4085407400,23.1127264800,23.1995439000,22.3796016000,70783401
2026-01-23,23.1513120000,22.8908597400,23.3345932200,22.8136887000,41729963
2026-01-26,22.8908597400,22.9680307800,23.4214106400,22.8908597400,45874835
2026-01-27,23.0548482000,22.8522742200,23.1609583800,22.7654568000,33838811
2026-01-28,22.8426278400,23.5371672000,24.0580717200,22.7654568000,86906024
2026-01-29,23.7108020400,23.9616079200,24.0001934400,23.3635323600,71919828
2026-01-30,23.7300948000,23.6529237600,24.3088776000,23.4889353000,56104300
2026-02-02,23.2863613200,22.6593466200,23.4792889200,22.5146509200,63045068
2026-02-03,22.8426278400,23.5082280600,23.6239846200,22.7751031800,46973360
2026-02-04,23.4599961600,24.3474631200,24.4439269200,23.4117642600,82552924
2026-02-05,24.1352427600,24.3088776000,24.4342805400,23.8844368800,53904872
2026-02-06,24.2992312200,24.1448891400,24.8683676400,24.0194862000,50842996
2026-02-09,24.3088776000,24.1352427600,24.5018052000,24.0001934400,29325157
2026-02-10,24.1448891400,23.8747905000,24.1641819000,23.7686803200,30482257
2026-02-11,23.8844368800,24.4632196800,24.7333183200,23.6818629000,49821682
2026-02-12,24.4246341600,24.3378167400,24.6465009000,24.3185239800,26730433
2026-02-13,24.3185239800,23.7879730800,24.3281703600,23.6915092800,27188497
2026-02-24,23.9519615400,24.0387789600,24.1159500000,23.6336310000,33886498
2026-02-25,24.4825124400,25.4471504400,25.9777013400,24.4632196800,102984021
2026-02-26,25.3313938800,24.7043791800,25.4567968200,24.5693298600,48102094
2026-02-27,24.5500371000,24.6561472800,25.0805880000,24.3281703600,38268905
2026-03-02,24.3667558800,25.1481126600,25.4567968200,24.2606457000,53613213
2026-03-03,25.1095271400,24.3474631200,25.2445764600,24.1931210400,39195609
2026-03-04,24.1255963800,24.1834746600,24.7043791800,24.0677181000,35395674
2026-03-05,24.3088776000,23.9230224000,24.4825124400,23.8458513600,33459793
2026-03-06,23.8265586000,24.4439269200,24.4825124400,23.7300948000,27331423
2026-03-09,24.0773644800,23.7204484200,24.2027674200,23.3828251200,43864065
2026-03-10,23.7976194600,23.8458513600,24.0001934400,23.6046918600,30160950
2026-03-11,23.8844368800,24.5596834800,24.5886226200,23.7879730800,33838558
2026-03-12,24.5500371000,24.5982690000,24.6175617600,24.0387789600,27418432
2026-03-13,24.6465009000,24.4439269200,25.0516488600,24.4246341600,30976255
2026-03-16,24.3667558800,24.1159500000,24.7429647000,23.9326687800,32446571
2026-03-17,24.1063036200,24.1834746600,24.6947328000,23.9809006800,29425409
2026-03-18,24.1159500000,24.0001934400,24.3956950200,23.5564599600,32496967
2026-03-19,23.8747905000,23.2574221800,23.8844368800,23.1995439000,26879916
2026-03-20,23.3442396000,22.8040423200,23.4407034000,22.8040423200,24774885
2026-03-23,22.2831378000,21.9069289800,22.4760654000,21.8201115600,36934031
2026-03-24,22.1866740000,22.3796016000,22.4085407400,21.9551608800,24251433
2026-03-25,22.3892479800,22.5146509200,22.5628828200,22.0998565800,30650025
2026-03-26,22.4471262600,22.1191493400,22.6497002400,21.9551608800,35515832
2026-03-27,21.9262217400,22.2252595200,22.2541986600,21.8586970800,21176292
2026-03-30,21.8779898400,22.5918219600,22.7558104200,21.6078912000,28271210
2026-03-31,22.5532364400,22.3410160800,22.6497002400,22.3217233200,20697453
2026-04-01,22.5725292000,22.4857117800,22.7172249000,22.3506624600,19319248
2026-04-02,22.4857117800,22.3603088400,22.5725292000,22.3120769400,16202440
2026-04-03,22.3603088400,22.0998565800,22.4085407400,21.9937464000,12956550
2026-04-07,22.0998565800,22.0226855400,22.2445522800,21.8972826000,16179770
2026-04-08,22.3796016000,22.4567726400,22.5242973000,22.1577348600,26420368
2026-04-09,22.3217233200,22.0516246800,22.4278335000,21.8683434600,28012545
2026-04-10,22.0998565800,22.0323319200,22.2541986600,22.0033927800,17288921
2026-04-13,21.8972826000,21.8586970800,21.9841000200,21.8201115600,19042399
2026-04-14,21.9551608800,21.8490507000,22.0419783000,21.7140013800,24990969
2026-04-15,21.8972826000,21.7525869000,22.0226855400,21.7236477600,22078750
2026-04-16,21.7043550000,21.4631955000,21.7525869000,21.2895606600,51502129
2026-04-17,21.4149636000,21.4342563600,21.5307201600,21.2509751400,29125113
2026-04-20,21.3956708400,21.2992070400,21.4053172200,21.1834504800,30729376
2026-04-21,21.3667317000,21.2509751400,21.3763780800,21.2316823800,25192638
2026-04-22,21.2509751400,21.0291084000,21.2799142800,21.0098156400,37474032
2026-04-23,21.0291084000,20.8844127000,21.0676939200,20.8072416600,26365720
2026-04-24,20.8458271800,20.6432532000,20.8458271800,20.5371430200,26615193
2026-04-27,20.7107778600,20.4310328400,20.7975952800,20.4117400800,31979571
2026-04-28,20.4406792200,20.4503256000,20.5082038800,20.1995197200,31532167
2026-04-29,20.4213864600,20.5082038800,20.6528995800,20.3635081800,44358597
2026-04-30,20.4985575000,20.3828009400,20.5660821600,20.2670443800,31661467
2026-05-06,20.2670443800,20.3924473200,20.4503256000,20.1609342000,53925910
2026-05-07,20.4406792200,20.4599719800,20.9615837400,20.3731545600,72690186
2026-05-08,20.4599719800,20.2959835200,20.4599719800,20.2188124800,35406328
2026-05-11,20.2573980000,20.6721923400,20.9326446000,20.2381052400,75113910
2026-05-12,20.6914851000,20.6336068200,20.7879489000,20.4985575000,36930892
2026-05-13,20.6625459600,20.4985575000,20.6625459600,20.3249226600,32486642
2026-05-14,20.4985575000,20.2573980000,20.5467894000,20.2573980000,25481638
2026-05-15,20.1898733400,19.7557862400,20.2477516200,19.6303833000,46143865
2026-05-18,19.5917977800,19.3313455200,19.6786152000,19.2638208600,31163205
2026-05-19,19.3216991400,19.2831136200,19.3892238000,19.1962962000,20058409
2026-05-20,19.2155889600,19.3024063800,19.3506382800,19.0901860200,18475179
2026-05-21,19.3024063800,19.0130149800,19.4181629400,18.9937222200,28920378
2026-05-22,19.0516005000,18.9840758400,19.1577106800,18.8683192800,16537745
2026-05-25,18.9840758400,18.6946844400,19.0612468800,18.6464525400,26557176
2026-05-26,18.6175134000,18.8104410000,18.8297337600,18.5789278800,18969537
2026-05-27,19.1384179200,19.0130149800,19.2638208600,18.8586729000,24771266
2026-05-28,19.0226613600,18.9744294600,19.1287715400,18.7332699600,18505113
2026-05-29,19.0516005000,19.4374557000,19.4856876000,19.0516005000,42837103
2026-06-01,19.3216991400,19.5917977800,19.6110905400,19.1962962000,32831670
2026-06-02,19.5917977800,19.4181629400,19.6593224400,19.3988701800,21729451
2026-06-03,19.3892238000,18.9069048000,19.3892238000,18.8200873800,30571617
2026-06-04,18.9069048000,18.5499887400,18.9165511800,18.5017568400,24204091
2026-06-05,18.6657453000,18.6657453000,19.0516005000,18.6175134000,22995106
2026-06-08,18.4728177000,18.4149394200,18.6271597800,18.2798901000,27182122
2026-06-09,18.4438785600,18.3281220000,18.6078670200,18.0869625000,32478007
2026-06-10,18.1834263000,18.1159016400,18.3377683800,18.0483769800,22430751
2026-06-11,18.0966088800,17.9133276600,18.1062552600,17.7589855800,27494271
2026-06-12,18.0483769800,18.0483769800,18.2316582000,17.9229740400,33058224
2026-06-15,18.1351944000,17.7879247200,18.3184756200,17.6818145400,39354943
2026-06-16,17.8361566200,17.5853507400,17.8843885200,17.5757043600,30313162
2026-06-17,17.5853507400,17.5949971200,17.7879247200,17.4406550400,32215433
2026-06-18,17.5081797000,17.1319708800,17.5564116000,17.0933853600,57653907
2026-06-22,17.0740926000,17.2284346800,17.3441912400,16.5049561800,53550329
2026-06-23,17.2284346800,16.8232867200,17.3441912400,16.7364693000,31175443
2026-06-24,16.9101041400,16.6496518800,16.9872751800,16.5531880800,23250673
2026-06-25,16.5049561800,17.1223245000,17.3924231400,16.3409677200,56454385
2026-06-26,16.9872751800,16.5628344600,17.2284346800,16.5531880800,48109990
2026-06-29,16.5724808400,16.5917736000,16.7847012000,16.2155647800,34797815
2026-06-30,16.5531880800,16.3506141000,16.5531880800,16.2637966800,26896213
2026-07-01,16.3120285800,16.6400055000,16.7943475800,16.1866256400,33032903
2026-07-02,16.7200000000,16.8500000000,17.0700000000,16.6400000000,43973243
2026-07-03,16.9200000000,17.1400000000,17.2900000000,16.9000000000,31277288
2026-07-06,17.0900000000,17.2000000000,17.2300000000,16.9600000000,22000079
2026-07-07,17.1500000000,17.0000000000,17.2800000000,16.8500000000,22355488
2026-07-08,16.9800000000,17.0200000000,17.2700000000,16.8700000000,20000650
2026-07-09,16.9300000000,16.7400000000,16.9700000000,16.5800000000,33964247
2026-07-10,16.7000000000,17.1100000000,17.2700000000,16.5900000000,31373102
2026-07-13,17.0200000000,16.9900000000,17.1500000000,16.8800000000,22951851
2026-07-14,16.9300000000,16.8700000000,16.9800000000,16.6600000000,37174792
2026-07-15,16.8100000000,17.6500000000,17.6800000000,16.7600000000,48709472
2026-07-16,17.5400000000,17.5500000000,17.6900000000,17.2600000000,30183245
2026-07-17,17.5200000000,17.6700000000,17.9000000000,17.4700000000,39571656
2026-07-20,17.4900000000,17.8200000000,17.8400000000,17.4100000000,42585046
2026-07-21,17.8000000000,17.5900000000,18.1400000000,17.5300000000,49887887
2026-07-22,17.5900000000,17.8500000000,17.8900000000,17.3200000000,32342929
2026-07-23,17.7000000000,18.1500000000,18.1600000000,17.6100000000,31895748
2026-07-24,18.0800000000,17.7700000000,18.2000000000,17.7600000000,21170175
2026-07-27,17.7500000000,17.7500000000,17.9000000000,17.6400000000,25067104
2026-07-28,17.7500000000,17.9600000000,18.0000000000,17.6600000000,22908877
2026-07-29,17.9300000000,18.3400000000,18.4000000000,17.9100000000,33846396
2026-07-30,18.3500000000,18.6400000000,18.6700000000,18.3000000000,32595310
2026-07-31,18.4100000000,18.5600000000,18.6000000000,18.2000000000,33549608
