date,open,close,high,low,volume,amount
2020-01-02,24.4095287600,24.8717117500,25.0440511700,24.2606901700,54604247,1724087023.0000
2020-01-03,25.0675520000,24.8638781400,25.0675520000,24.4878648600,42670858,1349519349.0000
2020-01-06,24.6523706700,24.3546934900,24.8168764800,24.1431860200,42899553,1344879040.0000
2020-01-07,24.4956984700,25.1850561500,25.4278980600,24.3546934900,63222917,2024756211.0000
2020-01-08,25.0048831200,25.2163905900,25.4435652800,24.8952125800,46351899,1491786596.0000
2020-01-09,25.4122308400,25.4513988900,25.7960777300,25.3808964000,43733192,1431347918.0000
2020-01-10,25.4670661100,25.3965636200,25.5532358200,25.1458881000,27093733,875323446.0000
2020-01-13,25.2868930800,25.8430793900,25.8430793900,25.2555586400,38705406,1265476459.0000
2020-01-14,25.9684171500,25.6394055300,25.9684171500,25.5219013800,26158916,856541329.0000
2020-01-15,25.6159047000,26.0624204700,26.3522640400,25.5689030400,48604304,1618594317.0000
2020-01-16,26.0624204700,26.2660943300,26.3600976500,26.0075852000,28437944,950970057.0000
2020-01-17,26.2425935000,25.7569096800,26.3522640400,25.6707399700,39348030,1300292809.0000
2020-01-20,25.7177416300,25.7647432900,25.8117449500,25.3730627900,33212407,1086237540.0000
2020-01-21,25.5845702600,25.2242242000,25.5845702600,24.9892159000,39152828,1261249680.0000
2020-01-22,25.1145536600,25.4200644500,25.4748997200,24.6915387200,37071183,1186652065.0000
2020-01-23,25.2242242000,24.0021810400,25.2242242000,23.8141744000,76416673,2370378721.0000
2020-02-03,21.6990997000,22.2317851800,22.7409698300,21.6990997000,128450428,3648175276.0000
2020-02-04,22.4511262600,23.1404839400,23.1639847700,22.4432926500,80572358,2359172704.0000
2020-02-05,23.3833258500,23.1874856000,23.4068266800,22.9603109100,60131065,1777453108.0000
2020-02-06,23.3833258500,23.7358383000,23.7358383000,23.2579880900,66865003,2008471232.0000
2020-02-07,23.6966702500,24.0883507500,24.2058549000,23.3206569700,55409598,1678307867.0000
2020-02-10,23.7750063500,23.6340013700,23.9786802100,23.4694955600,53719182,1621145673.0000
2020-02-11,23.6261677600,23.6810030300,24.1431860200,23.6261677600,45807210,1395556133.0000
2020-02-12,23.6810030300,23.6966702500,23.8690096700,23.6183341500,36879362,1116136095.0000
2020-02-13,23.6888366400,23.2423208700,23.7358383000,23.2266536500,49674781,1483934957.0000
2020-02-14,23.1874856000,23.2658217000,23.4616619500,23.1561511600,39689228,1180134215.0000
2020-02-17,23.0543142300,23.6340013700,23.6575022000,23.0308134000,61643397,1838585832.0000
2020-02-18,23.5086636100,23.6575022000,23.8141744000,23.4929963900,50145395,1516057254.0000
2020-02-19,23.6575022000,23.9003441100,23.9630129900,23.4929963900,59419892,1800283355.0000
2020-02-20,23.8846768900,24.3546934900,24.4408632000,23.7750063500,57951432,1791801651.0000
2020-02-21,24.2293557300,24.0570163100,24.2450229500,23.9395121600,54909230,1685910240.0000
2020-02-24,23.8690096700,23.4773291700,23.8690096700,23.2658217000,74409277,2229454839.0000
2020-02-25,23.1091495000,23.2579880900,23.3284905800,22.9524773000,62094834,1834848281.0000
2020-02-26,22.8819748100,23.0073125700,23.2814889200,22.7801378800,51749800,1523075113.0000
2020-02-27,23.0699814500,23.4616619500,23.5399980500,23.0308134000,54857726,1634710076.0000
2020-02-28,22.9603109100,22.6469665100,23.3049897500,22.6391329000,53881359,1574965993.0000
2020-03-02,22.7566370500,23.1796519900,23.2658217000,22.7566370500,47623186,1402115817.0000
2020-03-03,23.3049897500,23.3833258500,23.5869997100,23.1796519900,60317178,1801083192.0000
2020-03-04,23.3441578000,23.7828399600,23.7985071800,23.2736553100,54509701,1638586482.0000
2020-03-05,23.9395121600,24.2371893400,24.5035320800,23.6731694200,87707587,2701424591.0000
2020-03-06,23.9708466000,23.7906735700,24.3781943200,23.7436719100,46843030,1435565788.0000
2020-03-09,23.2658217000,22.7409698300,23.2658217000,22.7174690000,76566759,2240691964.0000
2020-03-10,22.6391329000,23.4146602900,23.4616619500,22.6391329000,60902118,1797201140.0000
2020-03-11,23.3441578000,22.9211428600,23.3519914100,22.9054756400,51209474,1508411242.0000
2020-03-12,22.7018017800,22.3806237700,22.7096353900,22.2317851800,54895270,1569879524.0000
2020-03-13,21.5032594500,22.1377818600,22.3806237700,21.2682511500,84007352,2335727469.0000
2020-03-16,22.1299482500,21.3465872500,22.1299482500,21.1899150500,67051726,1856329973.0000
2020-03-17,21.5424275000,21.7617685800,21.9732760500,21.0645772900,74088640,2049499753.0000
2020-03-18,21.8714391200,21.6755988700,22.4824607000,21.5345938900,55265696,1557497057.0000
2020-03-19,21.7069333100,21.8087702400,21.9889432700,21.1899150500,72267433,1995562476.0000
2020-03-20,21.8087702400,22.2082843500,22.3649565500,21.8087702400,48390395,1361176853.0000
2020-03-23,21.3622544700,21.5502611100,21.8166038500,21.3544208600,59706011,1642827235.0000
2020-03-24,21.9732760500,22.2082843500,22.2474524000,21.8636055100,52143366,1469215018.0000
2020-03-25,22.6783009500,22.4354590400,22.7174690000,22.2396187900,54254740,1555754047.0000
2020-03-26,22.0986138100,22.2317851800,22.5059615300,22.0359449300,31351275,892371568.0000
2020-03-27,22.5372959700,22.4746270900,22.8976420300,22.4041246000,64662894,1871732406.0000
2020-03-30,22.3022876700,22.7409698300,22.7723042700,22.2396187900,50676955,1463808275.0000
2020-03-31,22.9524773000,23.3911594600,23.4068266800,22.7253026100,63805901,1885140153.0000
2020-04-01,23.1013158900,22.9524773000,23.3911594600,22.8271395400,56808249,1676208844.0000
2020-04-02,22.8663075900,22.8976420300,23.0229797900,22.5451295800,40248140,1166856613.0000
2020-04-03,22.8349731500,23.0543142300,23.3676586300,22.7253026100,38832352,1145036439.0000
2020-04-07,23.3833258500,23.6496685900,23.8063407900,23.3833258500,74944943,2260268742.0000
2020-04-08,23.5008300000,23.4459947300,23.6496685900,23.2658217000,35990802,1075702301.0000
2020-04-09,23.5478316600,23.6183341500,23.8768432800,23.5321644400,41212718,1247506237.0000
2020-04-10,23.6183341500,23.6575022000,24.1823540700,23.5008300000,47280471,1438464290.0000
2020-04-13,23.6496685900,23.3911594600,23.6496685900,23.1404839400,34209997,1020135646.0000
2020-04-14,23.4929963900,23.9081777200,24.0100146500,23.1483175500,56934408,1721743183.0000
2020-04-15,23.9630129900,23.4851627800,24.0100146500,23.3519914100,44135806,1330034480.0000
2020-04-16,23.4146602900,23.3441578000,23.6496685900,23.2031528200,30322811,904670642.0000
2020-04-17,23.5791661000,23.4616619500,23.7358383000,23.3911594600,37875851,1137585195.0000
2020-04-20,23.7358383000,23.8925105000,24.0883507500,23.5086636100,59572089,1816205460.0000
2020-04-21,23.8925105000,23.5243308300,23.8925105000,23.2579880900,60355286,1806487373.0000
2020-04-22,23.3441578000,23.7593391300,23.7828399600,23.3206569700,41391770,1248908186.0000
2020-04-23,23.7358383000,24.0726835300,24.4173623700,23.7201710800,58380677,1801503617.0000
2020-04-24,24.1510196300,24.4408632000,24.6758715000,23.9708466000,60367387,1877825383.0000
2020-04-27,24.4956984700,24.3076918300,24.6367034500,24.1275188000,37325208,1157584969.0000
2020-04-28,24.3233590500,24.6132026200,24.7385403800,23.9316785500,60087289,1869831439.0000
2020-04-29,23.6575022000,22.9446436900,23.6575022000,22.7096353900,183535564,5420001750.0000
2020-04-30,22.9446436900,22.9054756400,23.1483175500,22.5607968000,107814315,3145045336.0000
2020-05-06,22.4902943100,22.8506403700,22.8741412000,22.4824607000,98649301,2860917396.0000
2020-05-07,22.8663075900,22.7644706600,23.0386470100,22.6861345600,64781449,1889219978.0000
2020-05-08,22.8428067600,23.0621478400,23.2266536500,22.6861345600,79537690,2333025862.0000
2020-05-11,23.0229797900,22.8898084200,23.4773291700,22.7566370500,68164476,2002607578.0000
2020-05-12,22.7879714900,22.8193059300,22.9916453500,22.7096353900,61031713,1779763160.0000
2020-05-13,22.8193059300,23.0934822800,23.2188200400,22.5999648500,72158052,2117580507.0000
2020-05-14,22.8819748100,22.7174690000,23.0151461800,22.6861345600,58055960,1691099974.0000
2020-05-15,22.8036387100,22.3101212800,22.8271395400,22.2866204500,83648411,2396059950.0000
2020-05-18,22.3101212800,22.4667934800,22.6391329000,22.0124441000,66015811,1890377834.0000
2020-05-19,22.6469665100,22.7174690000,22.7958051000,22.5216287500,56898198,1646419323.0000
2020-05-20,22.6783009500,22.4981279200,22.9368100800,22.4041246000,55192397,1593495910.0000
2020-05-21,22.6156320700,22.3884573800,22.7018017800,22.2787868400,44280704,1270584854.0000
2020-05-22,22.2631196200,21.8479382900,22.3101212800,21.8322710700,72327761,2029391997.0000
2020-05-25,21.9967768800,22.3257885000,22.4354590400,21.5815955500,58449767,1645447689.0000
2020-05-26,22.5686304100,22.4197918200,22.6077984600,22.1456154700,51757466,1478252524.0000
2020-05-27,22.4119582100,22.5059615300,22.7801378800,22.3336221100,50075524,1443822101.0000
2020-05-28,22.5059615300,22.2787868400,22.6704673400,22.0281113200,40702704,1159508948.0000
2020-05-29,22.2239515700,22.2866204500,22.5137951400,22.0986138100,43697295,1243156543.0000
2020-06-01,22.4824607000,22.6548001200,22.8193059300,22.3257885000,78006370,2248817546.0000
2020-06-02,22.5686304100,22.5921312400,22.6469665100,22.3571229400,61188567,1755180203.0000
2020-06-03,22.6312992900,22.5294623600,22.7723042700,22.4197918200,56582801,1633285770.0000
2020-06-04,22.7331362200,22.6234656800,22.7409698300,22.5059615300,47680421,1376684749.0000
2020-06-05,22.6391329000,22.3101212800,22.6783009500,22.1691163000,80649607,2294314332.0000
2020-06-08,22.5607968000,23.7201710800,23.8925105000,22.5372959700,189537220,5671326262.0000
2020-06-09,24.0335154800,23.9316785500,24.3468598800,23.8063407900,136287437,4187300511.0000
2020-06-10,23.9638766600,23.6178569500,24.0121584800,23.5293402800,64572092,1905090188.0000
2020-06-11,23.7385615000,23.2476963300,23.8029372600,22.9338645000,78532535,2271576189.0000
2020-06-12,22.8936296500,23.4166827000,23.4166827000,22.8533948000,54400167,1566075207.0000
2020-06-15,23.0948039000,23.0143342000,23.3844948200,22.9660523800,59911757,1723102147.0000
2020-06-16,23.2637902700,23.2637902700,23.4247296700,23.0787099600,55765244,1611915284.0000
2020-06-17,23.3362130000,23.6500448300,23.7385615000,23.1752736000,57285958,1678264137.0000
2020-06-18,23.7144205900,23.5293402800,23.8190312000,23.4569175500,49558224,1454638174.0000
2020-06-19,23.4971524000,24.0684872700,24.2857554600,23.4649645200,106305607,3172957901.0000
2020-06-22,24.1328630300,24.2133327300,24.6881039600,24.0604403000,76843976,2328651991.0000
2020-06-23,24.2535675800,24.3340372800,24.7363857800,24.0765342400,93230029,2827903725.0000
2020-06-24,24.7041979000,24.8007615400,25.0502176100,24.4949766800,75472536,2323979070.0000
2020-06-29,24.9456070000,24.8490433600,25.2916267100,24.5834933500,67543239,2090090918.0000
2020-06-30,25.1065464000,25.0502176100,25.2996736800,24.8329494200,65468239,2043311640.0000
2020-07-01,25.1467812500,25.6617873300,25.8549146100,25.0180297300,74340113,2357492373.0000
2020-07-02,25.7503040000,25.7020221800,25.9756191600,25.3077206500,76937053,2442549556.0000
2020-07-03,26.1526525000,25.4203782300,26.1767934100,25.0743585200,96229554,3039892462.0000
2020-07-06,25.6698343000,27.1987586000,27.5206374000,25.6295994500,141382069,4718054081.0000
2020-07-07,27.6735298300,27.0378192000,27.6735298300,26.9975843500,104279815,3545539349.0000
2020-07-08,27.0378192000,28.0356434800,28.2850995500,26.9734434400,115098932,3990932488.0000
2020-07-09,28.0356434800,28.1804889400,28.5586965300,27.8264222600,81078707,2832150342.0000
2020-07-10,28.1241601500,27.8103283200,28.4138510700,27.6252480100,80311064,2795208503.0000
2020-07-13,27.3596980000,28.5265086500,29.0254207900,27.2631343600,110736545,3885738393.0000
2020-07-14,28.2529116700,28.2931465200,28.9690920000,27.9229859000,70184476,2471160441.0000
2020-07-15,28.8805753300,28.5265086500,29.1300314000,28.0758783300,78701179,2798127977.0000
2020-07-16,28.4862738000,26.6354707000,28.9690920000,26.6354707000,117199570,3998169383.0000
2020-07-17,26.4342964500,27.6413419500,27.9632207500,26.4342964500,78978618,2697058543.0000
2020-07-20,27.6493889200,26.9090676800,28.0839253000,26.1526525000,125281187,4167762347.0000
2020-07-21,26.9653964700,27.4079798200,27.8425162000,26.6757055500,79075277,2690312023.0200
2020-07-22,27.1987586000,28.9690920000,29.4760511100,27.1987586000,118137648,4220372577.8100
2020-07-23,28.7759647200,28.5989313800,29.2105011000,27.8988449900,78068781,2762263995.5700
2020-07-24,28.2448647000,27.3838389100,28.5506495600,26.9573495000,101088500,3485348960.5900
2020-07-27,27.8505631700,27.2792283000,28.0356434800,26.9895373800,54136386,1847467481.2400
2020-07-28,27.7620465000,28.4540859200,29.1702662500,27.6172010400,96266709,3414770976.2400
2020-07-29,28.4862738000,28.8644813900,29.0334677600,28.0034556000,77353337,2750480497.2700
2020-07-30,29.2507359500,28.9851859400,29.6369905100,28.7759647200,78286110,2842710516.3300
2020-07-31,28.9690920000,29.4760511100,29.7657420300,28.7276829000,71692210,2615855433.2300
2020-08-03,30.0151981000,30.6589557000,30.9647405600,30.0071511300,78650930,2984013496.5700
2020-08-04,31.1981026900,30.3934056900,31.2061496600,29.9427753700,61447608,2332795119.2500
2020-08-05,30.2887950800,30.3612178100,30.9405996500,30.0876208300,59904200,2269848144.7500
2020-08-06,30.1037147700,29.8783996100,30.3612178100,29.5082389900,59362164,2207968411.0500
2020-08-07,29.9186344600,29.3151117100,30.0232450700,28.9047162400,63933034,2340167428.7000
2020-08-10,29.5323799000,29.3070647400,29.7496480900,28.8886223000,47404868,1728285459.7600
2020-08-11,29.5565208100,28.9690920000,30.1359026500,28.8886223000,50530724,1851526290.4600
2020-08-12,28.9610450300,28.4218980400,29.1622192800,27.6735298300,56136780,1973554053.0900
2020-08-13,28.4782268300,28.0356434800,28.5667435000,27.9632207500,40333514,1413492454.4100
2020-08-14,28.0356434800,28.3575222800,28.4138510700,27.6976707400,49269246,1722101534.2600
2020-08-17,28.2448647000,28.4460389500,28.7276829000,27.9632207500,70828067,2493469415.5500
2020-08-18,28.3897101600,29.0817495800,29.3231586800,28.1885359100,63263983,2271572807.3600
2020-08-19,28.9288571500,28.1563480300,28.9288571500,28.0839253000,49197507,1740250463.8200
2020-08-20,28.0436904500,27.4160267900,28.0436904500,27.2389934500,70536549,2407516909.7100
2020-08-21,27.8264222600,28.0758783300,28.2770525800,27.4723555800,54779277,1898150407.2400
2020-08-24,28.3736162200,28.3414283400,28.9449510900,28.0517374200,58620040,2074511979.4400
2020-08-25,28.2287707600,28.3655692500,28.8886223000,28.1724419700,46219083,1638022658.3600
2020-08-26,28.4621328900,28.8242465400,29.0978435200,28.3575222800,63032132,2259891445.1500
2020-08-27,29.5323799000,29.6933193000,30.4175466000,29.1702662500,92110461,3400069454.2700
2020-08-28,32.1074103000,32.6626512300,32.6626512300,31.4716996700,131957357,5289373202.4900
2020-08-31,33.3949255000,33.7489921800,34.6663467600,33.1696103400,176066776,7420720527.7300
2020-09-01,33.5397709600,33.4110194400,33.9179785500,32.8557785100,86455766,3576479762.5200
2020-09-02,33.8777437000,33.4753952000,34.1754815900,33.2500800400,74919983,3138788503.6400
2020-09-03,33.5719588400,33.4351603500,34.6261119100,33.2178921600,91935496,3863048578.8600
2020-09-04,33.0810936700,32.9764830600,33.4190664100,32.3568663700,68140896,2787175302.6900
2020-09-07,33.4593012600,32.4936648600,34.2639982600,32.1476451500,80507613,3338705284.4700
2020-09-08,32.2683497000,32.0913163600,32.8316376000,31.5360754300,63807454,2544840351.2000
2020-09-09,31.7292027100,31.5199814900,32.0269406000,30.9325526800,50524914,1980772505.9900
2020-09-10,31.8660012000,31.2383375400,32.0269406000,31.1578678400,48721220,1909010714.8200
2020-09-11,31.6245921000,31.2544314800,31.6245921000,30.8762238900,44147554,1715013913.1100
2020-09-14,31.9867057500,31.3992769400,32.1395981800,31.0773981400,55359345,2169719779.1400
2020-09-15,31.3831830000,32.1315512100,32.4453830400,31.3831830000,68685191,2731351869.7500
2020-09-16,31.9625648400,31.4636527000,32.2361618200,31.1981026900,45588321,1785631900.7700
2020-09-17,31.1820087500,30.7072375200,31.2463845100,30.1841844700,61675013,2344135888.2400
2020-09-18,30.8440360100,31.6648269500,31.6648269500,30.5543450900,47901784,1857113458.2200
2020-09-21,31.6567799800,31.0210693500,31.8499072600,31.0049754100,37997101,1473383648.8000
2020-09-22,30.9808345000,31.0854451100,31.6728739200,30.8359890400,31906391,1239668673.6900
2020-09-23,31.3107602700,31.2624784500,31.5038875500,30.9647405600,30305291,1175689574.6900
2020-09-24,31.0613042000,30.4980163000,31.1015390500,30.2566072000,44750231,1698680784.9400
2020-09-25,30.4175466000,30.6670026700,30.9727875300,30.3934056900,25261534,965935239.1500
2020-09-28,31.3349011800,30.7233314600,31.3992769400,30.5784860000,30194790,1163735598.0700
2020-09-29,31.0693511700,30.8118481300,31.1015390500,30.5945799400,26277063,1008006919.8300
2020-09-30,31.0291163200,30.9808345000,31.6648269500,30.8198951000,36227254,1404863691.3600
2020-10-09,31.7855315000,32.4292891000,32.9845300300,31.4395117900,53966845,2162875053.4400
2020-10-12,32.8155436600,33.5478179300,33.6765694500,32.6706982000,47976053,1989850154.3800
2020-10-13,33.3144558000,33.3788315600,33.6202406600,33.2259391300,25550318,1059490696.2300
2020-10-14,33.3949255000,33.6363346000,34.0386831000,33.3225027700,35489823,1483399798.5000
2020-10-15,33.7168043000,33.3707845900,33.7972740000,33.1857042800,35850635,1489101551.7300
2020-10-16,33.3144558000,33.1615633700,33.9099315800,32.8718724500,26238069,1085971708.8000
2020-10-19,33.1615633700,32.3327254600,33.5156300500,32.2361618200,51692734,2096262759.4300
2020-10-20,32.5499936500,33.3949255000,33.5558649000,32.5258527400,39656596,1631908065.3900
2020-10-21,33.6685224800,33.6765694500,33.7168043000,33.1132815500,36838077,1531399111.6600
2020-10-22,33.9501664300,33.9099315800,34.0386831000,33.2339861000,36586747,1530855029.9300
2020-10-23,33.9099315800,32.5499936500,33.9099315800,32.4453830400,38887949,1596384808.9400
2020-10-26,32.5419466800,33.3144558000,33.6604755100,31.9062360500,29084220,1191959421.6700
2020-10-27,33.7892270300,33.1696103400,33.9582134000,32.9040603300,34648744,1433834731.7500
2020-10-28,33.5236770200,34.5939240300,34.9721316200,33.3627376200,76055352,3263190788.5700
2020-10-29,34.5858770600,35.5193255800,35.8412043800,34.3203270500,81557539,3550172612.0900
2020-10-30,32.9845300300,31.9706118100,33.3949255000,31.9706118100,134286954,5371200261.5400
2020-11-02,31.1337269300,30.4980163000,31.6648269500,30.0554329500,169931648,6473260351.4600
2020-11-03,30.6428617600,31.4716996700,31.6406860400,30.5221572100,91665907,3567488755.4900
2020-11-04,31.5441224000,31.7533436200,31.9223299900,30.9084117700,52002204,2031417510.7500
2020-11-05,31.9867057500,31.7694375600,32.1476451500,31.3107602700,64212084,2522586096.7500
2020-11-06,32.0591284800,31.2866193600,32.0671754500,31.0452102600,53479775,2079341133.6700
2020-11-09,31.6406860400,31.7935784700,31.9947527200,31.4636527000,56694522,2238028688.5900
2020-11-10,31.7774845300,31.3349011800,31.7935784700,31.1417739000,49244249,1921874439.2400
2020-11-11,31.6245921000,31.5924042200,32.2763966700,31.5280284600,57887339,2292344533.1500
2020-11-12,31.7855315000,31.3912299700,32.0269406000,31.2222436000,43650486,1705472637.5200
2020-11-13,31.3027133000,30.8359890400,31.3027133000,30.4175466000,44855242,1707389445.4400
2020-11-16,30.9808345000,30.7555193400,31.1256799600,30.5060632700,40338119,1539521158.1800
2020-11-17,30.6428617600,30.5543450900,30.7313784300,30.0473859800,51169550,1929908489.1400
2020-11-18,30.5462981200,30.8440360100,30.9405996500,30.4014526600,40068415,1529738083.3700
2020-11-19,30.8520829800,31.4475587600,31.4877936100,30.6750496400,45899462,1782695165.1800
2020-11-20,31.4636527000,31.5682633100,31.8901421100,31.1820087500,43450054,1703071679.9400
2020-11-23,31.5682633100,31.7935784700,32.1074103000,31.4716996700,44902648,1779055025.0700
2020-11-24,31.9867057500,31.1417739000,31.9867057500,30.9405996500,48493261,1884092303.7200
2020-11-25,31.1417739000,30.4094996300,31.2624784500,30.3451238700,54809150,2083841921.0500
2020-11-26,30.3451238700,30.6750496400,30.7474723700,30.1922314400,34981647,1324731841.0200
2020-11-27,30.6670026700,30.8198951000,30.8198951000,30.2646541700,30412665,1156922205.8500
2020-11-30,30.7877072200,30.4094996300,30.8842708600,30.4014526600,43322613,1647783832.8800
2020-12-01,30.6750496400,31.0210693500,31.1578678400,30.5704390300,35901791,1379888830.9000
2020-12-02,31.2866193600,31.0130223800,31.3027133000,30.7152844900,32254111,1240566857.2600
2020-12-03,31.1015390500,31.3349011800,31.4636527000,30.9164587400,33924680,1317406151.0600
2020-12-04,31.5682633100,32.0188936300,32.0913163600,31.3751360300,52929585,2095960957.0600
2020-12-07,32.1878800000,32.3327254600,32.6706982000,32.0108466600,69308570,2785466526.5900
2020-12-08,32.3327254600,32.7350739600,33.1213285200,32.0671754500,52931735,2147471807.4900
2020-12-09,32.9925770000,32.3810072800,33.1857042800,32.2683497000,49796043,2021999526.7400
2020-12-10,32.0832693900,31.7292027100,32.5499936500,31.4556057300,53594121,2128037285.3500
2020-12-11,31.8096724100,31.4153708800,31.9062360500,30.8681769200,54645264,2123167832.2700
2020-12-14,31.5441224000,32.2361618200,32.3085845500,31.3831830000,51774364,2048745864.9300
2020-12-15,32.5821815300,32.5097588000,32.6626512300,32.0269406000,53387884,2143693290.8700
2020-12-16,32.4856178900,32.5821815300,32.8799194200,32.0510815100,52504131,2116281095.8700
2020-12-17,32.8799194200,33.2420330700,33.6443815700,32.6867921400,80985688,3353488212.4100
2020-12-18,33.0006239700,32.7511679000,33.3385967100,32.3971012200,54402481,2216103766.5500
2020-12-21,32.7592148700,33.3949255000,33.7007103600,32.5982754700,62481883,2587300196.5300
2020-12-22,33.3466436800,32.9603891200,33.9179785500,32.9040603300,60962118,2533303010.0500
2020-12-23,33.2903148900,33.4512542900,34.0467300700,33.0730467000,68201231,2854552193.7900
2020-12-24,33.3788315600,32.5982754700,33.3788315600,32.5097588000,58205300,2380326472.0300
2020-12-25,32.7189800200,32.1878800000,33.0649997300,32.1556921200,54349159,2194282424.5300
2020-12-28,32.4856178900,33.7087573300,33.7168043000,32.3407724300,85011410,3526861977.7700
2020-12-29,34.1191528000,33.6926633900,34.3203270500,33.5719588400,57771647,2433762572.8400
2020-12-30,33.6926633900,35.3744801200,35.4790907300,33.6041467200,96387984,4163273695.7700
2020-12-31,35.0928361700,35.7044058900,36.2113650000,35.0847892000,83561335,3703996842.6900
2021-01-04,35.8894862000,38.1104499200,38.6254560000,35.5434664900,87538655,4067206462.7500
2021-01-05,38.7059257000,40.9832182100,41.7235394500,38.7059257000,125276269,6279953467.9500
2021-01-06,41.4418955000,40.6854803200,41.7235394500,39.6715621000,97835732,4924778416.0500
2021-01-07,40.7176682000,41.5947879300,41.7154924800,39.8003136200,98355135,4945582208.9700
2021-01-08,41.2809561000,39.6474211900,41.7235394500,39.1726499600,113557968,5646536745.2800
2021-01-11,39.4301530000,39.1404620800,40.3636015200,38.6415499400,90644829,4452408233.0500
2021-01-12,39.1887439000,39.9692999900,40.2348500000,39.0278045000,61285750,3026984102.7300
2021-01-13,40.0900045400,39.1002272300,40.6371985000,38.6817847900,77807589,3821127309.3400
2021-01-14,38.7381135800,37.7805241500,39.4703878500,37.6115377800,81171035,3847490759.7800
2021-01-15,37.2977059500,37.5391150500,37.9736514300,36.8551226000,69765378,3239843526.9600
2021-01-18,37.5391150500,38.2311544700,38.8185832800,37.5391150500,70675567,3354358893.6600
2021-01-19,38.2311544700,37.1287195800,38.2794362900,36.9919210900,63822949,2970963317.4300
2021-01-20,37.1206726100,37.1448135200,37.3379408000,36.6217604700,65172501,2997057193.1800
2021-01-21,37.2574711000,37.2172362500,37.4988802000,36.2274589400,98622642,4523282665.9900
2021-01-22,37.0241089700,37.0482498800,37.8127120300,36.5171498600,119443915,5498601927.3400
2021-01-25,37.1287195800,39.2933545100,39.3657772400,37.1287195800,152055108,7220524556.6300
2021-01-26,38.6335029700,37.8127120300,38.7863954000,37.4827862600,94322495,4468032608.4100
2021-01-27,37.9736514300,37.1850483700,37.9816984000,36.3803513700,82759501,3802346330.9200
2021-01-28,36.6941832000,35.4388558800,36.9194983600,35.1491649600,96681832,4312064396.4500
2021-01-29,35.6641710400,35.5676074000,36.0101907500,35.0686952600,77663335,3433198000.2100
2021-02-01,36.0504256000,35.6078422500,36.1630831800,35.3261983000,53356045,2369515588.7800
2021-02-02,35.6078422500,36.1952710600,36.5251968300,35.3422922400,77051545,3445334723.6600
2021-02-03,36.3240225800,34.8272861600,36.3320695500,34.6422058500,130760919,5694160640.7800
2021-02-04,34.8192391900,35.1893998100,35.6641710400,34.3364209900,79495944,3471513059.0700
2021-02-05,35.5515134600,35.5273725500,36.2998816700,35.1250240500,79759179,3544478716.8900
2021-02-08,35.9458149900,36.7907468400,36.8229347200,35.6239361900,89439787,4038576136.1200
2021-02-09,36.8873104800,37.0321559400,37.3620817100,36.3883983400,84801370,3888251506.2900
2021-02-10,37.0321559400,37.4103635300,37.7000544500,36.6378544100,85323531,3940105440.5600
2021-02-18,38.3035772000,36.8551226000,38.5127984200,36.4044922800,94251189,4355426390.5500
2021-02-19,36.9919210900,38.8185832800,38.9312408600,36.4366801600,113356573,5329460614.0700
2021-02-22,38.8346772200,37.4827862600,38.8427241900,37.0965317000,102000229,4811856218.5700
2021-02-23,37.0080150300,36.2194119700,37.2655180700,36.2113650000,72002219,3282304918.4000
2021-02-24,36.4849619800,35.5676074000,36.8229347200,35.0847892000,69734794,3110199408.5200
2021-02-25,35.7285468000,35.4871377000,36.2113650000,35.2618225400,51144581,2272170405.7600
2021-02-26,34.6019710000,34.7790043400,35.2457286000,34.2881391700,57781316,2498615217.9300
2021-03-01,35.0847892000,35.2457286000,35.3825270900,34.8272861600,45989454,2008060406.5300
2021-03-02,35.4308089100,34.6019710000,35.6319831600,34.2076694700,59416504,2569828846.7000
2021-03-03,34.6019710000,35.1411179900,35.1974467800,34.4088437200,39323030,1707601215.8200
2021-03-04,34.7226755500,33.3949255000,34.9238498000,33.1937512500,68887578,2901671105.4900
2021-03-05,32.9925770000,33.3627376200,33.8777437000,32.3810072800,47505006,1962508121.4800
2021-03-08,33.4351603500,32.0269406000,33.6604755100,31.7855315000,74116651,2987113452.8400
2021-03-09,31.7935784700,30.5382511500,31.9062360500,30.3531708400,99147646,3833579022.0100
2021-03-10,31.3831830000,30.9164587400,31.6487330100,30.8279420700,68500539,2656213252.3300
2021-03-11,31.3027133000,31.6245921000,31.9062360500,31.0613042000,61323559,2404636066.1800
2021-03-12,31.7855315000,31.7694375600,31.8660012000,31.3027133000,47451033,1859613652.5200
2021-03-15,31.6084981600,30.8038011600,31.6487330100,30.5060632700,47568319,1831435816.4200
2021-03-16,31.2463845100,31.3992769400,31.7292027100,31.0371632900,42344805,1654675922.0700
2021-03-17,31.4234178500,31.8579542300,32.0430345400,31.0291163200,38892845,1531308031.9000
2021-03-18,31.9223299900,32.3085845500,32.4936648600,31.8096724100,39100722,1566501692.8100
2021-03-19,31.9142830200,31.3509951200,32.0993633300,31.0854451100,44257880,1734719473.5200
2021-03-22,31.4636527000,31.5843572500,31.7613905900,31.0452102600,28169507,1100235691.5500
2021-03-23,31.5038875500,31.3509951200,31.8499072600,31.0532572300,32619642,1272674119.2100
2021-03-24,31.3429481500,31.4636527000,32.2683497000,31.2624784500,46347783,1824708124.1900
2021-03-25,31.3831830000,31.5763102800,31.7372496800,31.1417739000,26722892,1046570846.7200
2021-03-26,31.6326390700,32.4936648600,32.7350739600,31.6245921000,56352760,2265392415.2000
2021-03-29,32.5902285000,32.5097588000,32.9282012400,32.1717860600,35968571,1452099257.5700
2021-03-30,32.3085845500,32.3971012200,32.7753088100,32.2361618200,34763395,1402999888.5300
2021-03-31,32.4292891000,32.2120209100,32.4775709200,31.8579542300,27775544,1107455626.5200
2021-04-01,32.2039739400,32.4292891000,32.5097588000,32.0269406000,26220463,1051656158.5700
2021-04-02,32.5902285000,32.5902285000,32.9925770000,32.2281148500,38391148,1555627474.3500
2021-04-06,32.5902285000,32.8155436600,32.9684360900,32.3810072800,28449464,1156798301.9400
2021-04-07,32.8960133600,31.8177193800,32.8960133600,31.5843572500,46487627,1851989087.7500
2021-04-08,31.7533436200,32.9684360900,33.3707845900,31.7050618000,66200201,2704322276.4900
2021-04-09,32.9764830600,32.0269406000,33.0891406400,31.7452966500,49746092,1986825459.7700
2021-04-12,32.0108466600,31.6326390700,32.1476451500,31.3912299700,39241225,1547439584.4300
2021-04-13,31.7533436200,32.0269406000,32.5580406200,31.6889678600,32087869,1282580199.3900
2021-04-14,32.3407724300,31.9303769600,32.3890542500,31.7855315000,25512605,1016118342.4900
2021-04-15,32.1154572700,31.2302905700,32.1235042400,30.6830966100,53954546,2086830946.0700
2021-04-16,31.1417739000,31.3992769400,31.5038875500,31.0130223800,29090089,1129981712.4600
2021-04-19,31.2222436000,32.2683497000,32.4212421300,30.8198951000,48555183,1925509063.4100
2021-04-20,32.1959269700,32.1878800000,32.3810072800,31.9303769600,29026918,1161361919.0800
2021-04-21,31.7855315000,31.9223299900,32.1074103000,31.4314648200,35602721,1407314873.0700
2021-04-22,32.1637390900,32.1717860600,32.2442087900,31.7452966500,30546225,1214989200.7400
2021-04-23,32.0349875700,32.5982754700,32.8396845700,31.8499072600,41502542,1677135642.7400
2021-04-26,32.7109330500,31.8820951400,32.9925770000,31.7855315000,44732085,1801605644.5400
2021-04-27,31.8579542300,31.9706118100,32.1154572700,31.5119345200,25233315,998009876.8100
2021-04-28,31.8740481700,31.5843572500,31.8740481700,31.0613042000,59144078,2303146834.0000
2021-04-29,33.3144558000,33.8616497600,34.3283740200,33.1535164000,149418945,6271152281.6500
2021-04-30,33.7972740000,32.9523421500,33.8455558200,32.6465572900,87674877,3619927687.8900
2021-05-06,32.7189800200,31.9062360500,32.8155436600,31.7131087700,80527759,3223035209.9400
2021-05-07,31.9706118100,31.0693511700,32.0269406000,31.0613042000,74908984,2923669261.1900
2021-05-10,31.0613042000,30.2002784100,31.0613042000,29.8140238500,88881681,3350896272.8500
2021-05-11,30.2163723500,30.8923178300,31.0371632900,29.9830102200,63012391,2395695371.9200
2021-05-12,30.6991905500,30.8681769200,30.9808345000,30.4819223600,40010512,1529690652.0000
2021-05-13,30.5784860000,31.1981026900,31.2624784500,30.4819223600,45075687,1738856465.5100
2021-05-14,31.3831830000,31.6004511900,31.8660012000,30.9084117700,62678121,2454332589.3900
2021-05-17,31.5441224000,31.9142830200,32.1556921200,31.3992769400,63130352,2502771478.9000
2021-05-18,31.8660012000,31.5280284600,31.8660012000,31.1417739000,51236125,1993691452.3300
2021-05-19,31.4395117900,31.2222436000,31.4395117900,30.9727875300,38236984,1478016175.5800
2021-05-20,31.3027133000,32.1235042400,32.2763966700,31.3027133000,84693930,3361252929.2500
2021-05-21,32.1878800000,31.3831830000,32.3327254600,31.3107602700,53856148,2118263348.5400
2021-05-24,31.2141966300,31.4716996700,31.6165451300,30.8198951000,47119194,1827111814.5200
2021-05-25,31.5602163400,33.0006239700,33.0730467000,31.5602163400,121772886,4957528844.0600
2021-05-26,33.3788315600,33.0328118500,33.3788315600,32.6706982000,68503961,2808833360.4100
2021-05-27,33.0328118500,32.7511679000,33.2742209500,32.5178057700,56624373,2309102790.0300
2021-05-28,32.8718724500,32.6385103200,33.0328118500,32.2683497000,50666468,2054836358.5700
2021-05-31,32.4453830400,32.5821815300,32.5902285000,32.0108466600,60447137,2420298794.0400
2021-06-01,33.0086709400,32.3971012200,33.1615633700,31.9464709000,73289357,2950731623.7300
2021-06-02,32.1798330300,31.7533436200,32.5499936500,31.4716996700,68177945,2694967822.6200
2021-06-03,31.8257663500,31.7855315000,32.1395981800,31.7050618000,48009459,1904844910.5100
2021-06-04,31.6406860400,31.8499072600,32.1476451500,31.4234178500,48626497,1920650111.4800
2021-06-07,30.6830966100,30.3290299300,31.0291163200,29.9347284000,183297704,6911078206.9500
2021-06-08,30.3451238700,30.4658284200,30.5623920600,30.0634799200,81838382,3082812331.6200
2021-06-09,30.5221572100,32.0430345400,32.2683497000,30.4819223600,161516746,6349208297.5300
2021-06-10,32.1798330300,31.7131087700,32.5017118300,31.6567799800,79586761,3165364851.7900
2021-06-11,31.7952872400,31.4419149600,31.7952872400,30.9241834800,71566953,2721271609.9800
2021-06-15,31.1296324800,31.0145810400,31.3022096400,30.4804136400,66928476,2513212016.2200
2021-06-16,31.0885426800,31.6391460000,32.4445060800,30.8913116400,79924666,3087444824.1700
2021-06-17,31.3104276000,31.3926072000,31.6062741600,31.1789402400,47053910,1794586119.4800
2021-06-18,31.2939916800,30.9981451200,31.3268635200,30.8173500000,54165010,2041901893.4400
2021-06-21,30.7433883600,30.6365548800,31.1131965600,30.4064520000,62971577,2341729214.1900
2021-06-22,30.6283369200,30.4228879200,30.7269524400,30.2256568800,66419230,2455614041.1600
2021-06-23,30.4228879200,30.5708112000,30.6365548800,30.0037719600,51708066,1912881946.8200
2021-06-24,30.6365548800,30.5215034400,30.7351704000,30.3242724000,41557353,1542048335.6000
2021-06-25,30.5625932400,30.7433883600,30.8913116400,30.4146699600,55936292,2087459717.7000
2021-06-28,30.8584398000,30.6529908000,30.9652732800,30.4886316000,41345384,1538961021.2100
2021-06-29,30.6776446800,30.6529908000,30.7269524400,29.9544642000,69003166,2544386932.7300
2021-06-30,30.4064520000,30.2667466800,30.5625932400,30.1681311600,42503634,1567831396.7500
2021-07-01,30.2667466800,30.4064520000,30.6201189600,29.9955540000,56079588,2067006929.2900
2021-07-02,30.1599132000,29.9544642000,30.2667466800,29.8311948000,59768558,2181163676.6500
2021-07-05,29.7736690800,28.9354371600,29.7736690800,28.6642444800,93362128,3298377526.6000
2021-07-06,28.7464240800,28.7957318400,28.8039498000,28.2040387200,68452689,2376594793.5000
2021-07-07,28.5245391600,28.8368216400,29.1984118800,28.5245391600,57217862,2008102373.6400
2021-07-08,28.8203857200,28.1136411600,28.8286036800,28.0150256400,72535789,2493785899.7600
2021-07-09,28.0478974800,28.1958207600,28.3766158800,27.8506664400,48467205,1659882669.1800
2021-07-12,28.3519620000,28.4752314000,28.7217702000,27.9574999200,58530394,2024173264.2100
2021-07-13,28.5163212000,28.9107832800,29.0669245200,28.4834493600,55592285,1954176133.7300
2021-07-14,28.9025653200,29.0422706400,29.1573220800,28.5163212000,49699921,1745281308.6900
2021-07-15,29.0093988000,29.4202968000,29.7325792800,28.8203857200,63377359,2272452586.2900
2021-07-16,29.1737580000,28.8450396000,29.3709890400,28.7628600000,48782183,1715030811.2500
2021-07-19,28.6149367200,28.8121677600,28.8614755200,28.1711668800,51724969,1789583589.4000
2021-07-20,28.6806804000,28.6806804000,28.9436551200,28.3355260800,33504095,1168120874.4900
2021-07-21,28.9272192000,28.7217702000,29.5435662000,28.7135522400,52274623,1844893358.4800
2021-07-22,28.5820648800,28.8121677600,29.0093988000,28.2780003600,36033880,1261108447.8400
2021-07-23,28.6806804000,28.0232436000,28.7464240800,27.7767048000,71114155,2427911911.6400
2021-07-26,27.9246280800,27.1850116800,27.9246280800,26.8809471600,77259813,2557643919.4100
2021-07-27,27.1439218800,25.8537021600,27.3658068000,25.7304327600,92081182,2962588247.6600
2021-07-28,25.3934964000,26.4947030400,26.6919340800,25.3934964000,79244111,2523597994.1400
2021-07-29,26.7741136800,26.9138190000,27.1850116800,26.5522287600,57456114,1876835754.5600
2021-07-30,26.7905496000,27.4397684400,27.5959096800,26.5686646800,73619769,2441038591.9700
2021-08-02,27.1192680000,28.1876028000,28.5491930400,27.0370884000,85260727,2903996251.9100
2021-08-03,28.1876028000,29.1655400400,29.2477196400,27.9492819600,79160225,2775027004.3900
2021-08-04,29.1655400400,28.5738469200,29.7490152000,28.4670134400,72512495,2540365436.0600
2021-08-05,28.5163212000,28.7710779600,29.1162322800,28.2204746400,56477888,1981608465.4800
2021-08-06,28.2204746400,29.0915784000,29.2148478000,27.8588844000,67117465,2336649697.7200
2021-08-09,28.9272192000,29.6093098800,29.9133744000,28.8450396000,69872445,2522942654.1900
2021-08-10,29.7325792800,29.7983229600,29.9873360400,29.0997963600,62677775,2256404037.1200
2021-08-11,29.7490152000,29.1901939200,29.7490152000,29.1326682000,48185319,1720708927.3900
2021-08-12,29.0997963600,28.8532575600,29.3381172000,28.6806804000,38012901,1338303915.3400
2021-08-13,28.6888983600,29.0011808400,29.1080143200,28.4177056800,32232165,1130820532.9400
2021-08-16,28.7628600000,28.9190012400,29.3052453600,28.6806804000,35717548,1258382790.8500
2021-08-17,28.7710779600,27.9410640000,29.0504886000,27.7767048000,63947934,2198710163.9400
2021-08-18,27.9657178800,27.7931407200,28.3273081200,27.7273970400,47923420,1627488666.2400
2021-08-19,27.7602688800,27.4315504800,28.1629489200,27.3822427200,48570869,1636758136.7400
2021-08-20,27.2096655600,27.3082810800,27.5794737600,26.8809471600,54296513,1794591085.5300
2021-08-23,27.3575888400,27.3082810800,27.7273970400,27.1192680000,41018257,1368496760.6700
2021-08-24,27.3247170000,27.3658068000,27.5055121200,27.0288704400,48469317,1607609366.5400
2021-08-25,27.3740247600,27.6698713200,27.8835382800,27.2836272000,45490770,1525514947.1000
2021-08-26,27.8177946000,27.2014476000,27.8999742000,27.1192680000,40619339,1356722502.5800
2021-08-27,27.2096655600,27.5301660000,28.0725513600,27.1932296400,51985084,1748463923.6800
2021-08-30,27.5301660000,27.2261014800,27.5301660000,26.7905496000,50696568,1672788429.5200
2021-08-31,28.1054232000,27.9492819600,29.2477196400,27.9410640000,148908514,5174823855.8400
2021-09-01,28.1136411600,29.7325792800,29.8311948000,27.8671023600,150148731,5319680980.0400
2021-09-02,29.8969384800,29.6010919200,30.0695156400,29.2805914800,87871866,3170926626.0500
2021-09-03,29.3874249600,29.7161433600,30.4639777200,29.0340526800,96868451,3515608885.5200
2021-09-06,30.0119899200,30.0612976800,30.9652732800,29.8805025600,93604391,3466912416.4500
2021-09-07,30.0202078800,29.9544642000,30.2010030000,29.6503996800,52093042,1897906476.4000
2021-09-08,29.8887205200,29.7325792800,30.0530797200,29.4531686400,49861883,1802386515.5000
2021-09-09,29.7983229600,29.5928739600,29.9955540000,29.3627710800,45549513,1644409398.7500
2021-09-10,29.6750535600,29.9133744000,30.1188234000,29.5928739600,61956692,2254623692.8500
2021-09-13,29.5846560000,29.4202968000,29.7490152000,29.0751424800,53838689,1921879723.9000
2021-09-14,29.4120788400,29.1491041200,29.9873360400,29.0093988000,41998561,1504575147.4300
2021-09-15,28.9518730800,28.6067187600,29.1573220800,28.4916673200,47107427,1647069059.3300
2021-09-16,28.7546420400,28.8039498000,29.0833604400,28.2286926000,57087533,1998701513.6700
2021-09-17,28.6806804000,29.1655400400,29.4202968000,28.3519620000,60539246,2128256556.6900
2021-09-22,28.6971163200,29.0504886000,29.3298992400,28.5985008000,38569744,1357833462.2300
2021-09-23,29.0587065600,29.3463351600,29.8065409200,29.0587065600,47940065,1714809092.1400
2021-09-24,29.4613866000,30.4721956800,30.6776446800,29.4613866000,108267830,3997418360.5500
2021-09-27,30.4968495600,30.6365548800,31.6391460000,30.4886316000,117853209,4450363382.7300
2021-09-28,30.3407083200,30.8584398000,31.1542863600,29.9133744000,72552729,2711276103.0100
2021-09-29,30.9077475600,30.9817092000,31.2775557600,30.3571442400,70590645,2651007562.8400
2021-09-30,31.1789402400,30.9817092000,31.6473639600,30.8584398000,62151182,2359460422.4700
2021-10-08,30.9817092000,32.5595575200,32.8389681600,30.8173500000,135373944,5295638819.4900
2021-10-11,32.5924293600,32.4362881200,33.0690710400,31.9843003200,76208181,3013430556.8500
2021-10-12,32.1733134000,31.8774668400,32.3212366800,31.5405304800,78819835,3054398248.2700
2021-10-13,31.8856848000,32.5513395600,32.9458016400,31.3926072000,83429894,3284088328.2800
2021-10-14,32.4198522000,32.0664799200,32.6746089600,31.7213256000,48188185,1880106118.0600
2021-10-15,31.6473639600,32.1157876800,33.3073918800,31.6473639600,76986644,3033700493.6600
2021-10-18,32.0582619600,31.7213256000,32.0664799200,30.7187344800,73390732,2808692143.9100
2021-10-19,32.0500440000,31.4665688400,32.2883648400,31.3679533200,61294769,2369888835.4300
2021-10-20,31.7952872400,31.2282480000,32.0500440000,31.1296324800,46536620,1779915869.8000
2021-10-21,31.1049786000,31.3761712800,31.8445950000,31.0556708400,43958061,1682675211.5300
2021-10-22,31.6309280400,32.7814424400,33.1183788000,31.4830047600,99840664,3949603508.4000
2021-10-25,32.8718400000,33.2827380000,33.8415592800,32.7485706000,90266356,3661353355.0000
2021-10-26,33.2827380000,33.3320457600,33.6854180400,32.8718400000,46293508,1876427658.5900
2021-10-27,33.2005584000,33.1019428800,33.3977894400,32.6417371200,47378074,1904834984.1300
2021-10-28,33.3649176000,33.4964049600,34.1045340000,32.7732244800,87267261,3569106738.5000
2021-10-29,34.5976116000,35.3372280000,35.6002027200,34.1702776800,163802844,7000357587.2100
2021-11-01,35.4276255600,34.9756377600,35.4769333200,34.5154320000,84854895,3613487316.1000
2021-11-02,34.9756377600,35.3207920800,35.8138696800,34.8030606000,82586395,3553061021.1100
2021-11-03,35.5180231200,34.3592907600,35.5508949600,34.3510728000,77007985,3257157507.7700
2021-11-04,34.6387014000,35.2221765600,36.0275366400,34.6222654800,96217443,4151715647.0000
2021-11-05,34.9592018400,35.5344590400,36.3644730000,34.8112785600,78114907,3397163314.2900
2021-11-08,35.4604974000,34.9263300000,35.6659464000,34.8605863200,49778758,2127148623.8800
2021-11-09,35.0578173600,34.7044450800,35.4604974000,34.5154320000,52355792,2218606056.0400
2021-11-10,33.6936360000,33.6936360000,34.2195854400,32.7485706000,130993504,5332456153.1800
2021-11-11,34.1867136000,34.6797912000,34.8277144800,33.7511617200,80563891,3372796317.9000
2021-11-12,34.9181120400,34.5154320000,35.0906892000,34.2278034000,58842459,2478852644.6200
2021-11-15,34.6387014000,34.7455348800,35.0906892000,34.2688932000,53182623,2241150624.9400
2021-11-16,34.9920736800,34.7455348800,35.2139586000,34.4332524000,42033594,1779170628.5000
2021-11-17,34.7455348800,34.0552262400,34.7455348800,33.8990850000,45289740,1881012456.8300
2021-11-18,33.9648286800,33.8579952000,34.0798801200,33.5703666000,35342209,1453960899.3300
2021-11-19,33.7922515200,33.5703666000,34.0305723600,33.3238278000,54264361,2219534662.2900
2021-11-22,33.6607641600,33.0608530800,33.7758156000,32.9293657200,93996999,3786772523.1300
2021-11-23,32.8718400000,32.9375836800,33.1512506400,32.3458905600,94672346,3773444281.5000
2021-11-24,32.8636220400,32.8143142800,33.2416482000,32.5431216000,94784990,3803274105.5200
2021-11-25,33.0361992000,33.1348147200,33.3649176000,32.7978783600,77482425,3120869516.3700
2021-11-26,32.8964938800,32.2061852400,33.0279812400,32.1815313600,68908814,2728623782.8600
2021-11-29,32.0007362400,32.6581730400,32.6581730400,31.7213256000,68031498,2665983231.6200
2021-11-30,32.6088652800,32.1897493200,32.6581730400,31.9678644000,62162137,2436836741.5500
2021-12-01,32.0500440000,31.8035052000,32.4609420000,31.4994406800,60230488,2330525390.6400
2021-12-02,31.9678644000,31.5405304800,31.9760823600,31.5076586400,50597763,1949618650.2800
2021-12-03,31.6062741600,32.7896604000,33.0361992000,31.4912227200,93196830,3683165142.4000
2021-12-06,32.7732244800,32.7239167200,32.9786734800,32.2801468800,51072143,2028631648.1400
2021-12-07,32.9786734800,32.8554040800,32.9786734800,32.5266856800,56200343,2242172391.0000
2021-12-08,32.8718400000,33.7675976400,33.8169054000,32.6663910000,80377033,3268049200.4000
2021-12-09,33.6936360000,34.0305723600,34.5154320000,33.5128408800,78215679,3248419875.9000
2021-12-10,34.5893936400,34.7537528400,34.9345479600,34.1291878800,86300546,3630348102.4400
2021-12-13,34.7455348800,34.7619708000,36.0932803200,34.5236499600,94052399,4021762996.3600
2021-12-14,34.5811756800,34.4907781200,35.0989071600,34.2524572800,53145031,2238265715.9300
2021-12-15,34.2278034000,34.0141364400,34.6222654800,33.7840335600,43041537,1783745837.8700
2021-12-16,33.8579952000,33.9812646000,34.0880980800,33.4717510800,47945098,1969674421.6600
2021-12-17,33.9319568400,33.6607641600,33.9730466400,33.3566996400,45366196,1855151134.8400
2021-12-20,33.5128408800,33.6525462000,33.9977005200,33.4553151600,52614953,2161968816.4300
2021-12-21,33.7182898800,34.1538417600,34.5154320000,33.6936360000,48305351,2009556019.0400
2021-12-22,34.1127519600,34.1456238000,34.4825601600,33.8497772400,32235697,1339304578.3300
2021-12-23,34.0223544000,34.0963160400,34.4332524000,33.8333413200,29410585,1219932057.6900
2021-12-24,34.0387903200,34.8194965200,34.8605863200,33.9648286800,51044245,2139482966.0500
2021-12-27,34.8359324400,34.4743422000,34.8359324400,33.8169054000,48382025,2024682311.5200
2021-12-28,34.4168164800,34.4332524000,34.5976116000,33.9155209200,36324879,1515175375.8000
2021-12-29,34.3592907600,33.7758156000,34.5400858800,33.6114564000,42510165,1756683556.3000
2021-12-30,33.8169054000,33.9894825600,34.1867136000,33.6525462000,29204453,1206347549.9000
2021-12-31,33.9401748000,34.0716621600,34.3182009600,33.5457127200,35218251,1455332128.6900
2022-01-04,33.7347258000,33.4470972000,34.0223544000,33.1183788000,56767638,2312303349.0100
2022-01-05,33.3649176000,34.2688932000,34.6633552800,33.1265967600,79380707,3314025788.1600
2022-01-06,34.2688932000,32.8554040800,34.2688932000,32.5431216000,89836438,3609604615.6800
2022-01-07,32.7074808000,32.9786734800,33.2416482000,32.7074808000,37886062,1523425309.0800
2022-01-10,32.8718400000,33.7182898800,33.8579952000,32.7814424400,59537027,2426942751.8600
2022-01-11,33.3977894400,32.7239167200,33.6525462000,32.6581730400,56220815,2252759136.8600
2022-01-12,32.7239167200,32.8060963200,33.0608530800,32.4773779200,35653976,1422476989.7600
2022-01-13,32.8718400000,32.0500440000,32.9458016400,31.9267746000,49485182,1942999194.7400
2022-01-14,32.1650954400,31.9349925600,32.3294546400,31.8281590800,28046327,1094014109.3900
2022-01-17,31.8856848000,32.1815313600,32.4445060800,31.6473639600,37692967,1467473147.9200
2022-01-18,32.0500440000,32.3951983200,32.6006473200,32.0171721600,30700294,1209956184.7800
2022-01-19,32.2883648400,32.3048007600,32.5759934400,31.8856848000,29253468,1148331946.2800
2022-01-20,32.2965828000,32.9211477600,32.9622375600,32.2061852400,43702301,1741204584.2000
2022-01-21,32.7239167200,32.9211477600,33.1348147200,32.5102497600,35229458,1407526967.0900
2022-01-24,32.6992628400,32.3787624000,32.8718400000,32.2144032000,27499981,1086961801.6400
2022-01-25,32.1075697200,31.7706333600,32.6663910000,31.6555819200,35430449,1383830231.0800
2022-01-26,31.8528129600,31.9514284800,32.4609420000,31.2364659600,36188047,1404832427.4700
2022-01-27,31.6802358000,31.3268635200,32.2554930000,31.2118120800,37482525,1442368656.7800
2022-01-28,31.3926072000,31.2857737200,32.0007362400,31.1049786000,43673773,1673894232.4200
2022-02-07,31.7213256000,31.8528129600,32.1322236000,31.5405304800,34584177,1339578572.1600
2022-02-08,31.8528129600,31.7624154000,31.8528129600,30.9817092000,32638652,1251100433.7500
2022-02-09,31.7377615200,32.8143142800,32.8471861200,31.7213256000,52976253,2097496893.9900
2022-02-10,33.0772890000,32.8800579600,33.1841224800,32.6335191600,28813339,1152133984.5800
2022-02-11,33.1183788000,32.7321346800,33.1183788000,32.6746089600,28981353,1157166715.3400
2022-02-14,32.5924293600,32.8718400000,33.1841224800,32.4609420000,37760719,1511846715.5300
2022-02-15,33.0361992000,32.7732244800,33.2745200400,32.5677754800,37073270,1484269395.2000
2022-02-16,32.9293657200,33.1101608400,33.1759045200,32.4773779200,32285305,1293066616.0400
2022-02-17,33.2827380000,33.2252122800,33.6032384400,33.0937249200,30276238,1228783746.8100
2022-02-18,33.0772890000,33.3320457600,33.4388792400,32.9293657200,24794573,1001616300.6800
2022-02-21,33.2827380000,33.7018539600,33.7265078400,33.0937249200,30061286,1226256549.9400
2022-02-22,33.4717510800,33.2745200400,33.5128408800,32.7896604000,33340970,1345907741.8100
2022-02-23,33.6936360000,33.0690710400,33.8579952000,32.9129298000,30093747,1216837401.7200
2022-02-24,32.9786734800,32.4773779200,32.9786734800,32.0007362400,43705421,1727184526.1100
2022-02-25,32.5924293600,32.4609420000,32.9704555200,32.2965828000,25512929,1013720141.0200
2022-02-28,32.0746978800,32.4773779200,32.4938138400,32.0582619600,24748440,971809184.0000
2022-03-01,32.4116342400,32.4609420000,32.6335191600,32.1075697200,38935705,1531768320.0000
2022-03-02,32.2554930000,32.2472750400,32.5020318000,32.1075697200,22706342,892223488.0000
2022-03-03,32.2637109600,32.3212366800,32.5020318000,31.8856848000,27316770,1071596560.0000
2022-03-04,32.3623264800,32.3376726000,32.5020318000,31.9760823600,32179722,1263666800.0000
2022-03-07,32.0582619600,30.8584398000,32.1157876800,30.6201189600,68186110,2589977360.0000
2022-03-08,30.8584398000,30.1434772800,31.1625043200,29.9133744000,49288052,1830676416.0000
2022-03-09,30.2831826000,30.1023874800,30.8420038800,28.9354371600,59636114,2173351600.0000
2022-03-10,30.6694267200,30.2010030000,30.8173500000,30.1599132000,37175344,1378387376.0000
2022-03-11,30.8173500000,31.4747868000,31.6391460000,30.6694267200,79186393,3005783840.0000
2022-03-14,31.0556708400,30.6201189600,31.3186455600,30.6201189600,44153801,1662215040.0000
2022-03-15,30.2420928000,29.0915784000,30.4064520000,28.9847449200,68037219,2455942080.0000
2022-03-16,29.5846560000,30.5050675200,30.7433883600,28.8121677600,66971332,2432182752.0000
2022-03-17,30.8913116400,30.5708112000,31.4665688400,30.5297214000,61470290,2314730112.0000
2022-03-18,30.4475418000,31.0638888000,31.0638888000,30.1188234000,51800399,1928644098.1000
2022-03-21,30.8584398000,30.4064520000,30.8995296000,30.2092209600,46141762,1709462587.1900
2022-03-22,30.3735801600,30.5050675200,30.7187344800,30.2503107600,25585268,948462676.6400
2022-03-23,30.5050675200,30.2585287200,30.5872471200,30.1845670800,32858007,1213163095.8600
2022-03-24,30.1516952400,29.9955540000,30.4311058800,29.7490152000,37676209,1376876479.4200
2022-03-25,29.9544642000,29.3792070000,30.0777336000,29.3216812800,36285449,1309688926.8100
2022-03-28,28.8121677600,29.6093098800,29.6093098800,28.7792959200,31574739,1123324176.1100
2022-03-29,29.6997074400,29.3381172000,29.9462462400,29.2723735200,24811071,891702889.0300
2022-03-30,29.5928739600,30.3571442400,30.3571442400,29.4942584400,35544313,1294841340.9400
2022-03-31,30.2256568800,30.3160544400,30.5543752800,30.0777336000,27742866,1023436059.1100
2022-04-01,30.2749646400,30.6858626400,30.9734912400,30.0859515600,29725944,1107692223.3500
2022-04-06,30.3489262800,30.5708112000,30.7680422400,30.2420928000,27820051,1031222205.5700
2022-04-07,30.3242724000,30.2503107600,30.6940806000,30.1681311600,21364432,789462935.9800
2022-04-08,30.2503107600,30.3735801600,30.5379393600,30.0941695200,23618182,871090160.6400
2022-04-11,30.1599132000,30.0119899200,30.3735801600,29.7490152000,30628449,1120618045.4600
2022-04-12,30.1516952400,30.7762602000,30.7762602000,29.8558486800,35111579,1297976781.3400
2022-04-13,30.5790291600,30.9652732800,31.2775557600,30.4968495600,43536876,1641705913.2200
2022-04-14,31.1460684000,31.8035052000,31.9021207200,30.9652732800,44354122,1701846746.9700
2022-04-15,31.4994406800,31.7295435600,32.2965828000,31.4994406800,35896696,1395643681.9500
2022-04-18,31.5240945600,31.4994406800,32.1733134000,31.3104276000,35894821,1383847757.7500
2022-04-19,31.5076586400,31.3515174000,32.0007362400,31.0721067600,26621138,1018649541.4100
2022-04-20,31.3926072000,31.9103386800,32.4609420000,31.2364659600,58761483,2289079756.3800
2022-04-21,31.7048896800,31.5816202800,32.1733134000,31.3268635200,42246737,1631565608.1700
2022-04-22,31.2364659600,31.5158766000,31.7624154000,30.8995296000,36850592,1409503609.1900
2022-04-25,31.0721067600,30.6776446800,31.6227100800,30.6529908000,47459234,1801361901.4800
2022-04-26,30.6776446800,31.1214145200,31.6391460000,30.4228879200,51045335,1936904447.4200
2022-04-27,31.1049786000,32.0500440000,32.0500440000,31.0638888000,55690035,2143627806.2900
2022-04-28,31.8856848000,31.2775557600,31.9432105200,30.7187344800,76463809,2914227793.8800
2022-04-29,31.2775557600,31.6144921200,31.7870692800,31.0227990000,53262187,2041303902.9500
2022-05-05,32.4609420000,31.8199411200,32.4609420000,31.6884537600,56420225,2198512993.6400
2022-05-06,31.4747868000,31.0392349200,31.6720178400,31.0227990000,34316412,1307217080.5700
2022-05-09,30.9817092000,31.0967606400,31.2529018800,30.7433883600,32329546,1219149189.5000
2022-05-10,30.8995296000,32.0911338000,32.1650954400,30.8173500000,58718439,2273770458.3300
2022-05-11,32.0336080800,31.8035052000,32.0500440000,31.5898382400,52109195,2015879518.4000
2022-05-12,31.6555819200,31.8610309200,32.0007362400,31.4994406800,24396130,944119449.9700
2022-05-13,31.6391460000,31.5980562000,31.9267746000,31.3597353600,30607083,1174966487.8300
2022-05-16,31.4172610800,30.6694267200,31.6391460000,30.4639777200,53584259,2015174820.2300
2022-05-17,30.5708112000,30.9159655200,30.9159655200,30.5050675200,32590685,1218041098.7700
2022-05-18,30.8995296000,30.9899271600,31.1378504400,30.2420928000,46322227,1728195325.8200
2022-05-19,30.5708112000,30.3489262800,30.7680422400,30.1681311600,43343887,1603823658.5100
2022-05-20,30.3407083200,30.9652732800,30.9652732800,30.3242724000,42832026,1600916004.3200
2022-05-23,31.0063630800,30.5543752800,31.0063630800,30.4557597600,36475702,1358110412.7400
2022-05-24,30.6529908000,30.4886316000,30.8995296000,30.3242724000,38957533,1449570723.2100
2022-05-25,30.4557597600,30.5215034400,30.8173500000,30.3324903600,26434288,983212844.3100
2022-05-26,30.5215034400,30.7105165200,31.0063630800,30.4886316000,45445505,1700406211.6400
2022-05-27,30.8255679600,30.8913116400,31.2857737200,30.7105165200,33289000,1254328399.5800
2022-05-30,30.9734912400,30.9570553200,31.3761712800,30.8255679600,40575707,1534349616.7200
2022-05-31,30.9734912400,31.2282480000,31.3843892400,30.7516063200,56116741,2124115057.4400
2022-06-01,31.2788245000,30.8572770000,31.2788245000,30.5369009000,54832411,2006066395.6900
2022-06-02,30.6127794500,30.4863152000,30.7561056000,30.2755414500,38733761,1398379476.4100
2022-06-06,30.3092652500,30.4863152000,30.4947461500,29.7781154000,71952495,2571373865.3400
2022-06-07,30.3345581000,30.6717961000,30.8994317500,30.2502486000,50721239,1843084635.2700
2022-06-08,30.8151222500,31.2872554500,31.7509577000,30.7139508500,79394417,2943885909.1700
2022-06-09,31.4474435000,31.2198078500,31.5907696500,31.0006031500,65030687,2408523819.1000
2022-06-10,31.3209792500,31.4727363500,31.5148911000,31.1102055000,62444415,2320414370.4000
2022-06-13,31.3631340000,31.2535316500,31.3884268500,30.9921722000,59398075,2194837436.3400
2022-06-14,31.2282388000,31.8352672000,31.8689910000,30.8572770000,54850548,2044710777.2100
2022-06-15,31.8352672000,32.0966266500,32.5013122500,31.6750791500,88794497,3392907125.9600
2022-06-16,32.3748480000,32.0881957000,32.7711026500,31.8689910000,57557941,2202671144.1300
2022-06-17,31.9364386000,32.2821075500,32.4085718000,31.7846815000,50503886,1924529227.6100
2022-06-20,32.3832789500,31.9533005000,32.4507265500,31.8436981500,65969193,2508581247.9000
2022-06-21,31.8774219500,31.8184053000,32.2821075500,31.5739077500,45828537,1732195089.5900
2022-06-22,31.9448695500,31.5654768000,31.9954552500,31.4727363500,43276285,1625494416.2500
2022-06-23,31.7593886500,31.7003720000,31.8436981500,31.3715649500,50904274,1908020964.2000
2022-06-24,31.6750791500,32.0376100000,32.1893671000,31.4895982500,69886177,2633554458.1800
2022-06-27,32.0376100000,32.6277765000,32.9650145000,32.0291790500,82832064,3210172686.7300
2022-06-28,32.7879645500,32.7120860000,32.8638431000,32.4591575000,43230844,1673809573.9200
2022-06-29,32.6699312500,32.0797647500,32.7458098000,32.0123171500,50970098,1952859169.1400
2022-06-30,32.0797647500,32.8385502500,32.8975669000,32.0376100000,66776812,2582997020.3500
2022-07-01,32.7458098000,32.4085718000,32.9987383000,32.1050576000,46076296,1771734819.0000
2022-07-04,31.7593886500,31.8858529000,32.0544719000,31.2451007000,91508300,3442512832.3000
2022-07-05,31.7509577000,31.5148911000,31.9533005000,31.3799959000,59262099,2220132460.7100
2022-07-06,31.5486149000,31.2113769000,31.7172339000,31.0511888500,60908625,2257873332.0100
2022-07-07,31.2113769000,30.8741389000,31.2366697500,30.8235532000,55695788,2044868250.5600
2022-07-08,31.0006031500,30.6380723000,31.0933436000,30.5874866000,53648473,1957308618.1100
2022-07-11,30.6380723000,30.4441604500,30.6380723000,30.1237843500,56262485,2020869595.2200
2022-07-12,30.4778842500,30.6717961000,30.7055199000,30.2755414500,60583788,2191320208.7100
2022-07-13,30.8151222500,30.3176962000,30.8235532000,30.1996629000,53095360,1916413828.8700
2022-07-14,30.3176962000,30.4272985500,30.5200390000,30.0226129500,44455677,1599076498.5400
2022-07-15,30.4272985500,30.0816296000,30.8404151000,30.0731986500,51725758,1869870975.4800
2022-07-18,30.1237843500,30.3935747500,30.5369009000,30.0226129500,39358206,1415290059.8200
2022-07-19,30.2333867000,30.4863152000,30.5200390000,30.1237843500,37562652,1352480120.4000
2022-07-20,30.5369009000,30.7729675000,30.9078627000,30.4863152000,49507917,1804136847.1100
2022-07-21,30.6886580000,30.4525914000,30.7561056000,30.4525914000,26567524,963937235.5500
2022-07-22,30.4525914000,30.5874866000,30.7308127500,30.3598509500,27528246,996928341.6900
2022-07-25,30.6717961000,30.8657079500,30.8825698500,30.4525914000,34582290,1259894566.0700
2022-07-26,30.8151222500,30.8404151000,31.0596198000,30.6043485000,35395073,1292359986.4200
2022-07-27,30.7729675000,30.6970889500,30.9668793500,30.6043485000,30711851,1121409522.0700
2022-07-28,30.8319841500,31.0006031500,31.1607912000,30.7139508500,40244447,1478940208.2300
2022-07-29,31.0006031500,30.2080938500,31.0849126500,30.1406462500,52691894,1902698963.7200
2022-08-01,30.2080938500,30.2165248000,30.3261271500,29.8371320500,38799536,1384670905.9600
2022-08-02,29.9298725000,29.7612535000,29.9888891500,29.3902917000,45504336,1602104065.3400
2022-08-03,29.7528225500,29.6432202000,29.9973201000,29.5336178500,29649539,1046809492.2100
2022-08-04,29.7865463500,29.9973201000,30.0816296000,29.6600821000,23281707,825908768.0000
2022-08-05,30.1743700500,30.6549342000,30.6802270500,29.9298725000,36877633,1330187154.0000
2022-08-08,30.7561056000,30.6380723000,30.9837412500,30.5031771000,29288144,1065583401.0000
2022-08-09,30.6380723000,30.6717961000,30.8825698500,30.5369009000,23059598,839683373.0000
2022-08-10,30.7139508500,30.3092652500,30.8319841500,30.2249557500,24618897,887191806.0000
2022-08-11,30.4694533000,30.7729675000,30.7982603500,30.3092652500,29077084,1055265104.0000
2022-08-12,30.7561056000,30.8741389000,30.9415865000,30.6380723000,19651327,718046878.0000
2022-08-15,30.7139508500,30.5621937500,30.9837412500,30.5369009000,27129424,988887275.2500
2022-08-16,30.5790556500,30.6127794500,30.8235532000,30.3598509500,20801054,753847342.5200
2022-08-17,30.7223818000,30.6380723000,30.7729675000,30.4020057000,24116805,876414152.5700
2022-08-18,30.5621937500,30.3514200000,30.5621937500,30.3092652500,23168176,835162616.4400
2022-08-19,30.2671105000,30.1659391000,30.4188676000,30.1490772000,21090245,756960211.7100
2022-08-22,30.0647677000,30.2418176500,30.4188676000,30.0226129500,21235647,761872355.3500
2022-08-23,30.2080938500,29.8708558500,30.3514200000,29.8455630000,24245869,862013281.2500
2022-08-24,29.8539939500,29.6432202000,29.9973201000,29.6347892500,28074491,992598511.6300
2022-08-25,29.6432202000,30.1828010000,30.2418176500,29.5842035500,36865270,1306972938.9400
2022-08-26,30.5874866000,30.5116080500,30.6296413500,30.2671105000,31183766,1127259530.9100
2022-08-29,30.3682819000,30.3092652500,30.5537628000,30.2671105000,23766533,856092190.5300
2022-08-30,30.4525914000,30.4610223500,30.5874866000,30.1069224500,21575519,776528189.0900
2022-08-31,30.0900605500,30.1322153000,30.3514200000,29.5251869000,59101195,2097200870.9800
2022-09-01,29.8539939500,29.1289322500,29.9635963000,29.1120703500,65690869,2302334189.7700
2022-09-02,29.1710870000,28.5809205000,29.3565679000,28.3195610500,60293375,2050920273.9200
2022-09-05,28.3279920000,28.1340801500,28.5219038500,27.8895826000,41000325,1365771639.1000
2022-09-06,28.1930968000,28.3532848500,28.3617158000,28.1003563500,27372595,917841676.2200
2022-09-07,28.2268206000,28.0076159000,28.3448539000,27.9317373500,39617373,1318510332.0000
2022-09-08,27.9148754500,28.0497706500,28.2099587000,27.9148754500,27506520,915580948.6500
2022-09-09,28.0329087500,28.4123015000,28.4460253000,27.9485992500,39560422,1327537041.3900
2022-09-13,28.4544562500,28.4460253000,28.6399371500,28.2942682000,35502367,1199240304.2100
2022-09-14,28.1593730000,28.3279920000,28.3617158000,28.1172182500,24109307,807564114.4000
2022-09-15,28.3279920000,28.4038705500,28.7495395000,28.2015277500,44325829,1493773599.1300
2022-09-16,28.2858372500,27.7209636000,28.4038705500,27.7209636000,45854277,1525094712.1600
2022-09-19,27.8052731000,27.7378255000,27.9570302000,27.4258803500,29443348,967264103.6500
2022-09-20,27.7462564500,27.5354827000,27.8642897500,27.2909851500,29215971,953880255.3200
2022-09-21,27.3247089500,27.3837256000,27.5776374500,27.2319685000,26596003,863641262.2200
2022-09-22,27.2151066000,26.9790400000,27.3921565500,26.9790400000,30588490,984138780.4700
2022-09-23,26.8947305000,27.3584327500,27.4848970000,26.8525757500,44411263,1437893952.6300
2022-09-26,27.5354827000,27.2825542000,27.5692065000,27.2741232500,26432671,859427204.0600
2022-09-27,27.2572613500,28.0076159000,28.0834944500,27.1813828000,40877581,1344766249.4000
2022-09-28,27.9738921000,28.0413397000,28.4123015000,27.7546874000,42582428,1424006698.4400
2022-09-29,28.0413397000,28.0750635000,28.5387657500,27.8727207000,31754170,1061022706.9700
2022-09-30,28.0666325500,27.8052731000,28.2183896500,27.7631183500,26476180,878073265.7800
2022-10-10,27.5270517500,27.2319685000,27.8727207000,27.1476590000,29557462,963530801.1700
2022-10-11,27.5101898500,27.2825542000,27.5101898500,27.0211947500,18679992,602926932.5100
2022-10-12,27.2572613500,27.4511732000,27.4848970000,26.6670948500,35799260,1151925481.7700
2022-10-13,27.3331399000,27.4511732000,27.6113612500,27.0549185500,26849973,871075954.7700
2022-10-14,27.4174494000,27.6619469500,27.8642897500,27.4090184500,34154331,1122498600.6800
2022-10-17,27.4848970000,27.8305659500,27.9654611500,27.4174494000,28743074,944790661.0800
2022-10-18,27.8389969000,27.6282231500,28.1678039500,27.5692065000,32026983,1056162713.3700
2022-10-19,27.5607755500,27.4005875000,27.7715493000,27.2403994500,28729927,934361033.7300
2022-10-20,27.1476590000,25.5457785000,27.1898137500,25.5120547000,99440167,3087361416.7600
2022-10-21,25.3350047500,25.2422643000,25.6975356000,24.9640429500,64541966,1938186752.7500
2022-10-24,24.8544406000,24.3654455000,25.3687285500,24.2811360000,67398295,1966765331.5500
2022-10-25,24.1209479500,24.5762192500,24.7785620500,24.1125170000,46763272,1356974701.8100
2022-10-26,24.5340645000,24.5340645000,25.0820762500,24.4160312000,40041423,1172691641.4300
2022-10-27,24.6942525500,24.2474122000,24.8291477500,24.2136884000,38381909,1114625302.5500
2022-10-28,22.4094651000,21.8192986000,22.4937746000,21.8192986000,152650413,3966407662.7700
2022-10-31,21.2375630500,21.2797178000,21.7349891000,20.6642584500,114401856,2889012903.8800
2022-11-01,21.5748010500,22.3757413000,22.4263270000,21.0858059500,102565420,2663095956.1100
2022-11-02,22.0975199500,23.0502173000,23.1176649000,22.0047795000,98088934,2628017454.0900
2022-11-03,22.7467031000,22.4600508000,22.9912006500,22.3420175000,54008830,1446963091.4800
2022-11-04,22.3673103500,23.3790243500,23.7752790000,22.3588794000,81677752,2256594508.0200
2022-11-07,23.1766815500,23.3621624500,23.7162623500,22.9490459000,54872589,1520203544.0600
2022-11-08,23.3453005500,23.0670792000,23.5645052500,22.8731673500,44501381,1219607565.7300
2022-11-09,23.0923720500,22.9406149500,23.2525601000,22.8900292500,27166184,742461611.2800
2022-11-10,22.7719959500,23.3621624500,23.3790243500,22.7214102500,42429981,1161275892.3200
2022-11-11,23.8848813500,23.9607599000,24.2642741000,23.4549029000,79487939,2249296215.1100
2022-11-14,24.4413240500,23.9101742000,24.5593573500,23.8595885000,60803774,1742089464.1900
2022-11-15,23.9691908500,24.6183740000,24.8460096500,23.9270361000,56623430,1644828771.0600
2022-11-16,24.4666169000,24.6183740000,24.9724739000,24.3907383500,39551888,1159458525.7200
2022-11-17,24.6183740000,24.6520978000,24.9218882000,24.4413240500,34760823,1016186658.4600
2022-11-18,24.7195454000,24.5509264000,24.8544406000,24.4497550000,33668249,984093369.2300
2022-11-21,24.1968265000,24.2305503000,24.3485836000,23.9354670500,35604738,1017109651.3500
2022-11-22,24.3317217000,24.1715336500,24.6015121000,23.9944837000,31273050,899461999.0300
2022-11-23,24.1799646000,24.0029146500,24.3232907500,23.9691908500,24981208,714126881.2000
2022-11-24,24.1631027000,24.0113456000,24.3401526500,23.9607599000,18411165,526087211.7700
2022-11-25,23.9438980000,24.0282075000,24.0787932000,23.7331242500,25853919,734019575.0900
2022-11-28,23.6066600000,24.0029146500,24.1378098500,23.3453005500,51235436,1438656619.5300
2022-11-29,24.3654455000,24.5424954500,24.6436668500,23.9438980000,48816328,1410553671.3000
2022-11-30,24.4328931000,24.3232907500,24.5424954500,24.0956551000,45928483,1322556132.9500
2022-12-01,25.0399215000,25.2169714500,25.4277452000,24.8881644000,78144799,2334922505.2100
2022-12-02,25.2254024000,25.0736453000,25.3687285500,24.9218882000,41113378,1223444774.9100
2022-12-05,25.6553808500,25.8324308000,26.1106521500,25.5457785000,63542561,1947029209.3800
2022-12-06,26.0094807500,26.2877021000,26.6333710500,25.7734141500,62147924,1938725328.2400
2022-12-07,26.2708402000,26.6249401000,26.9284543000,26.1022212000,56820561,1789035005.5200
2022-12-08,26.6418020000,26.3298568500,26.7092496000,26.2708402000,42920302,1343831895.2400
2022-12-09,26.4394592000,26.9706090500,26.9790400000,26.0937902500,79373895,2507508341.2800
2022-12-12,26.7935591000,26.7682662500,26.9621781000,26.5743544000,42877381,1360522505.1000
2022-12-13,26.5743544000,26.3804425500,26.5996472500,26.2877021000,32392748,1014863775.6300
2022-12-14,26.3888735000,26.7429734000,26.8947305000,26.2877021000,47088371,1485884842.3500
2022-12-15,26.7429734000,26.4394592000,26.9706090500,26.3973044500,37190687,1173310033.8100
2022-12-16,26.2792711500,26.4900449000,26.5574925000,26.1443759500,27440606,858342334.8600
2022-12-19,26.4057354000,26.4647520500,27.0296257000,26.3551497000,36239291,1145991706.0300
2022-12-20,26.3214259000,25.7143975000,26.4563211000,25.4614690000,50047431,1531520005.0800
2022-12-21,25.9841879000,26.0769283500,26.3298568500,25.8661546000,39761578,1232244844.4000
2022-12-22,26.2202545000,26.0094807500,26.3888735000,25.9251712500,37963257,1178309554.5800
2022-12-23,25.8239998500,26.2202545000,26.3635806500,25.7228284500,28805579,893922116.2000
2022-12-26,26.2033926000,25.7734141500,26.2624092500,25.7143975000,27647884,849997072.4900
2022-12-27,26.0347736000,26.2708402000,26.3635806500,25.9841879000,24825981,771471907.6600
2022-12-28,26.0769283500,26.0769283500,26.2792711500,26.0263426500,24753876,766852345.9200
2022-12-29,25.8914474500,26.0263426500,26.1528069000,25.6469499000,23112241,710069287.8800
2022-12-30,26.1106521500,26.1359450000,26.3888735000,25.9673260000,27728634,861391734.2700
2023-01-03,26.1359450000,25.8830165000,26.1949616500,25.5710713500,41192622,1259875523.9900
2023-01-04,25.8830165000,25.7818451000,26.0853593000,25.7143975000,27184860,834441953.0200
2023-01-05,25.9926188500,26.5912163000,26.6418020000,25.9420331500,53318052,1674666690.2800
2023-01-06,26.7261115000,26.5574925000,26.7261115000,26.3382878000,33750701,1060969782.9900
2023-01-09,26.5153377500,26.6418020000,26.8019900500,26.3045640000,44171044,1393853565.1200
2023-01-10,26.6333710500,27.4090184500,27.4427422500,26.5574925000,52304334,1687514408.4400
2023-01-11,27.4174494000,27.3584327500,27.6956707500,27.1560899500,36000436,1172847246.2400
2023-01-12,27.3331399000,27.1729518500,27.5354827000,26.9368852500,28730524,924753703.8600
2023-01-13,27.1898137500,27.4764660500,27.5017589000,27.1139352000,23592387,765328967.9500
2023-01-16,27.6535160000,28.1593730000,28.4123015000,27.4933279500,61629895,2050939731.0800
2023-01-17,28.2521134500,28.4544562500,28.4966110000,27.9233064000,47099199,1578797339.9300
2023-01-18,28.3111301000,27.1729518500,28.4713181500,27.1476590000,70619029,2305441694.9600
2023-01-19,27.2656923000,27.3331399000,27.3331399000,26.8694376500,38609925,1243866187.7600
2023-01-20,27.4427422500,27.2572613500,27.4764660500,27.0464876000,36623500,1182152802.9000
2023-01-30,27.6703779000,28.0329087500,28.2436825000,27.5944993500,92146580,3064707622.4500
2023-01-31,28.2352515500,27.4680351000,28.2436825000,27.3752946500,40947418,1346604084.7200
2023-02-01,27.6366541000,27.4680351000,27.6956707500,27.1223661500,33437874,1085178340.6700
2023-02-02,27.4848970000,27.4174494000,27.6535160000,27.1307971000,46612137,1512513758.2100
2023-02-03,27.2656923000,27.0043328500,27.3837256000,26.8272829000,37445798,1199623695.8800
2023-02-06,26.7682662500,26.2371164000,26.7766972000,26.0769283500,60585954,1889571285.4100
2023-02-07,26.2455473500,26.1528069000,26.4984758500,26.1106521500,31250205,972164437.8400
2023-02-08,26.2961330500,26.3551497000,26.4731830000,26.2371164000,27500660,860639176.2900
2023-02-09,26.3551497000,26.5574925000,26.7008186500,26.2624092500,27306304,859634347.1600
2023-02-10,26.5659234500,26.5237687000,26.6839567500,26.3467187500,17465481,549549752.5600
2023-02-13,26.6165091500,26.6333710500,26.7008186500,26.3973044500,35599468,1121255766.8400
2023-02-14,26.6418020000,26.6670948500,26.7766972000,26.5490615500,25692820,812250553.4300
2023-02-15,26.6249401000,26.2877021000,26.6418020000,26.0263426500,41082600,1278907943.7200
2023-02-16,26.2708402000,26.0347736000,26.5406306000,25.8830165000,38509877,1202046052.0800
2023-02-17,26.0263426500,25.8745855500,26.3467187500,25.7987070000,31569776,978584494.1100
2023-02-20,25.9083093500,26.4310282500,26.5237687000,25.7481213000,37423611,1159941780.8100
2023-02-21,26.3973044500,26.5490615500,26.6333710500,26.3214259000,25839776,811617256.1800
2023-02-22,26.4141663500,26.1865307000,26.4984758500,26.0937902500,29125252,908020109.3000
2023-02-23,26.1528069000,26.1359450000,26.3888735000,26.0600664500,25859740,802835709.4800
2023-02-24,26.1359450000,25.8071379500,26.2371164000,25.8071379500,22195488,682162959.8900
2023-02-27,25.6806737000,25.7143975000,25.8492927000,25.5542094500,28485378,868475830.3300
2023-02-28,25.7396903500,25.6806737000,26.0853593000,25.4530380500,33616243,1024522058.9300
2023-03-01,25.7396903500,26.2371164000,26.2539783000,25.6132261000,36530593,1128354567.5000
2023-03-02,26.1359450000,26.2539783000,26.3888735000,26.1022212000,18493333,576015286.0600
2023-03-03,26.3045640000,26.1865307000,26.4310282500,26.0516355000,20693510,642870035.7900
2023-03-06,26.1865307000,25.9083093500,26.2118235500,25.8830165000,23893147,735672193.9500
2023-03-07,25.8239998500,25.2422643000,25.8492927000,25.2422643000,49473601,1497736565.3800
2023-03-08,25.2675571500,25.1832476500,25.2928500000,25.1158000500,23097589,689642882.3700
2023-03-09,25.2001095500,24.9134572500,25.2759881000,24.9134572500,26919435,800099855.9600
2023-03-10,24.7869930000,24.5424954500,25.0314905500,24.5256335500,35961641,1052463809.0100
2023-03-13,24.5424954500,24.8460096500,25.2422643000,24.5172026000,37142573,1098276883.1600
2023-03-14,24.8544406000,24.9050263000,24.9809048500,24.5930811500,24251764,712857431.4200
2023-03-15,25.0905072000,24.6099430500,25.2338333500,24.6015121000,27688467,814434658.5900
2023-03-16,24.5424954500,24.5340645000,24.8207168000,24.4328931000,26432768,771922446.8400
2023-03-17,24.7026835000,24.3401526500,24.7869930000,24.3401526500,36564026,1064225034.1700
2023-03-20,24.3485836000,24.0619313000,24.4497550000,24.0113456000,36054171,1033053402.7500
2023-03-21,24.0619313000,24.4328931000,24.4834788000,23.9607599000,38534513,1109661898.7400
2023-03-22,24.4413240500,24.3485836000,24.5677883000,24.2474122000,27184312,786784710.4700
2023-03-23,24.2811360000,24.4581859500,24.7195454000,24.2389812500,34943382,1015821825.8300
2023-03-24,24.4750478500,24.5593573500,24.7364073000,24.4244621500,23391369,682193810.2800
2023-03-27,24.6015121000,24.5509264000,24.7448382500,24.4497550000,24408979,711745046.5700
2023-03-28,24.5509264000,24.4497550000,24.7279763500,24.3654455000,22024315,640611270.3000
2023-03-29,24.5846502000,24.1968265000,24.6520978000,24.1546717500,33573332,967044160.6400
2023-03-30,24.2558431500,24.6183740000,24.7195454000,24.1209479500,41132301,1191076140.4900
2023-03-31,24.6183740000,24.5509264000,24.8375787000,24.5509264000,30785555,900708310.9100
2023-04-03,24.5424954500,24.4413240500,24.6015121000,24.2979979000,32993420,955286401.3000
2023-04-04,24.4666169000,24.5424954500,24.6605287500,24.2979979000,35683570,1035243582.9900
2023-04-06,24.5256335500,24.3823074000,24.5340645000,24.1968265000,31179044,898936687.3000
2023-04-07,24.3738764500,24.5677883000,24.6858216000,24.3148598000,26401001,768712536.0100
2023-04-10,24.6015121000,24.3317217000,24.6942525500,24.2558431500,39858373,1150541252.5300
2023-04-11,24.2811360000,24.0450694000,24.3485836000,23.9944837000,45965481,1316101127.7900
2023-04-12,24.0450694000,23.7415552000,24.0956551000,23.7078314000,45022172,1270357510.8300
2023-04-13,23.6066600000,23.6909695000,23.7921409000,23.5054886000,38971971,1091369720.9300
2023-04-14,23.7584171000,23.5392124000,23.8680194500,23.5054886000,41736086,1169550315.2700
2023-04-17,23.5054886000,23.7584171000,23.7668480500,23.3790243500,48312401,1353307173.5200
2023-04-18,23.7584171000,24.0197765500,24.0703622500,23.6994004500,61120678,1735618339.6800
2023-04-19,24.0282075000,23.7921409000,24.0619313000,23.6741076000,38178237,1078305878.2000
2023-04-20,23.7415552000,23.6741076000,23.8848813500,23.5813671500,41938872,1178412321.0000
2023-04-21,23.7752790000,23.6066600000,24.1799646000,23.5645052500,58013378,1645110819.1500
2023-04-24,23.6235219000,23.0670792000,23.6825385500,22.9912006500,53589193,1473932775.2400
2023-04-25,23.1008030000,23.1935434500,23.3284386500,22.9068911500,44251621,1212498931.5100
2023-04-26,23.1092339500,23.1513887000,23.3031458000,22.9743387500,33399638,917622806.8800
2023-04-27,23.1260958500,23.4380410000,23.5139195500,22.8478745000,51373576,1409706752.0100
2023-04-28,24.1968265000,24.9218882000,25.2844190500,24.1968265000,133173972,3914425562.7700
2023-05-04,24.8628715500,25.1663857500,25.3687285500,24.7701311000,69879572,2085135825.0200
2023-05-05,25.2928500000,25.0483524500,25.4783309000,24.8628715500,45210898,1347130009.7700
2023-05-08,25.2085405000,25.4024523500,25.5457785000,25.0399215000,66327122,1992763212.0000
2023-05-09,25.4698999500,25.2085405000,25.5289166000,25.2001095500,45136851,1359083444.0000
2023-05-10,25.2506952500,25.1495238500,25.3434357000,25.0399215000,29027487,867274155.4900
2023-05-11,25.2085405000,24.9387501000,25.2844190500,24.8713025000,22327142,662695077.5800
2023-05-12,24.8881644000,25.0989381500,25.5879332500,24.8207168000,35311566,1058015202.9700
2023-05-15,25.3940214000,25.5120547000,25.5373475500,25.1748167000,33962566,1022554380.4600
2023-05-16,25.5879332500,25.3350047500,25.6047951500,25.2169714500,29676198,892026244.2400
2023-05-17,25.3602976000,25.1410929000,25.4361761500,25.1242310000,21717146,650734459.9600
2023-05-18,25.0989381500,25.0146286500,25.2928500000,24.8881644000,21417735,637444391.3000
2023-05-19,25.1242310000,25.1663857500,25.3265738000,24.9050263000,20354406,607334217.7900
2023-05-22,25.2506952500,25.6722427500,25.7734141500,25.1579548000,46194543,1402523980.3300
2023-05-23,25.6385189500,25.8577236500,26.1359450000,25.5457785000,51797472,1595514014.7100
2023-05-24,25.8661546000,25.2928500000,25.9167403000,25.2675571500,39562302,1199815873.8600
2023-05-25,25.1242310000,25.0652143500,25.2759881000,24.8713025000,35725904,1060619583.3200
2023-05-26,25.0399215000,24.8460096500,25.1242310000,24.6268049500,26151444,770000651.7400
2023-05-29,24.8713025000,24.6015121000,25.0061977000,24.3064288500,34591820,1006984139.9300
2023-05-30,24.5762192500,24.6099430500,24.7954239500,24.1293789000,36040515,1044712915.9900
2023-05-31,24.6436668500,24.2895669500,24.6605287500,24.2305503000,27619755,798597360.4500
2023-06-01,24.0366384500,24.5256335500,25.0314905500,24.0282075000,34070177,992807439.5500
2023-06-02,24.7448382500,25.0905072000,25.1748167000,24.6099430500,28664647,848097671.3300
2023-06-05,25.0820762500,24.8797334500,25.1832476500,24.8291477500,18716667,553892394.2500
2023-06-06,24.8797334500,24.8713025000,25.2675571500,24.7869930000,24082998,714729404.2100
2023-06-07,24.9724739000,24.8713025000,25.0820762500,24.8122858500,20847456,616986675.3200
2023-06-08,24.8713025000,24.9640429500,25.1410929000,24.6015121000,20860446,614453978.3500
2023-06-09,24.9893358000,25.1579548000,25.2844190500,24.9134572500,32288739,962186066.8700
2023-06-12,25.2928500000,25.2001095500,25.3855904500,24.9303191500,36398104,1087974180.3000
2023-06-13,25.3922961600,25.2700078400,25.3922961600,25.0953102400,26897880,777576391.9900
2023-06-14,25.2874776000,25.3922961600,25.9076540800,25.2525380800,40140764,1173938081.5000
2023-06-15,25.5058496000,25.5931984000,25.7242216000,25.3136822400,26255231,767839206.3300
2023-06-16,25.6718123200,25.6543425600,25.7067518400,25.4447054400,31089924,910331036.0600
2023-06-19,25.6368728000,25.3748264000,25.7678960000,25.3311520000,24688988,720615596.0200
2023-06-20,25.3748264000,25.1739241600,25.4971147200,25.1651892800,18430415,534301299.1700
2023-06-21,25.1651892800,25.1564544000,25.4097659200,25.0865753600,23364492,675620405.5600
2023-06-26,24.9904916800,25.0953102400,25.2263334400,24.8332638400,26345234,755006950.8300
2023-06-27,25.1477195200,24.9817568000,25.1913939200,24.8682033600,20597062,589399982.6600
2023-06-28,24.9380824000,24.9206126400,25.0254312000,24.7284452800,21574394,613963738.8700
2023-06-29,24.9380824000,24.6585662400,25.0778404800,24.5537476800,30970599,875485856.3500
2023-06-30,24.6585662400,24.7371801600,24.8856731200,24.5624825600,23529018,667743120.3700
2023-07-03,24.7371801600,25.4447054400,25.4709100800,24.7284452800,45866347,1328281400.7300
2023-07-04,25.4621752000,25.4534403200,25.5495240000,25.2263334400,22515258,654784868.0900
2023-07-05,25.4534403200,25.1302497600,25.4971147200,25.0254312000,21141901,609292663.9600
2023-07-06,25.1651892800,24.9992265600,25.3748264000,24.9817568000,22260594,641422023.9600
2023-07-07,24.9380824000,25.0516358400,25.1826590400,24.9118777600,16428751,471677836.9400
2023-07-10,25.0603707200,24.7895894400,25.1477195200,24.7197104000,36438583,1038745617.7200
2023-07-11,24.9817568000,24.8944080000,24.9992265600,24.7284452800,19456488,553251300.2000
2023-07-12,24.8594684800,24.7721196800,24.9992265600,24.7284452800,16449081,468179951.8600
2023-07-13,24.8944080000,25.3224171200,25.4010310400,24.8856731200,31331675,903991158.8200
2023-07-14,25.3136822400,24.5188081600,25.4010310400,24.3703152000,79317803,2245956789.1900
2023-07-17,24.5188081600,24.0645944000,24.5275430400,23.8636921600,54476052,1498237990.0800
2023-07-18,24.0471246400,23.8462224000,24.0645944000,23.6889945600,46271735,1260409760.7100
2023-07-19,23.6977294400,23.7938131200,23.8112828800,23.4880923200,53162978,1438751321.8200
2023-07-20,23.7938131200,23.7414038400,23.9248363200,23.6889945600,35078516,956099570.4300
2023-07-21,23.7239340800,23.9510409600,24.1432083200,23.6977294400,34994411,959640812.2000
2023-07-24,23.7501387200,23.8200177600,23.9073665600,23.6453201600,19042345,518119295.8100
2023-07-25,24.0733292800,24.2480268800,24.3004361600,24.0558595200,55012139,1521900707.3300
2023-07-26,24.1344734400,24.2130873600,24.2829664000,24.0907990400,21154209,585089198.1800
2023-07-27,24.0471246400,24.2480268800,24.5188081600,24.0209200000,48299896,1342368021.6500
2023-07-28,24.1956176000,24.8769382400,24.9468172800,24.1694129600,59374996,1678880738.4200
2023-07-31,25.0778404800,25.0341660800,25.3136822400,24.8944080000,44466106,1276908954.8100
2023-08-01,24.9817568000,24.6760360000,25.1651892800,24.5886872000,37738977,1072241963.6200
2023-08-02,24.6847708800,24.6760360000,24.7633848000,24.5188081600,23673738,667628923.5600
2023-08-03,24.6673011200,24.9031428800,24.9642870400,24.6323616000,24211754,688332679.4800
2023-08-04,25.0603707200,24.7284452800,25.2088636800,24.7284452800,36647585,1045135196.7600
2023-08-07,24.7284452800,24.5537476800,24.7721196800,24.4751337600,30134297,847668264.4600
2023-08-08,24.5450128000,24.5362779200,24.6760360000,24.3877849600,24056704,675538525.3000
2023-08-09,24.5013384000,24.5974220800,24.6410964800,24.4751337600,22449051,631168051.8200
2023-08-10,24.5974220800,24.3441105600,24.6673011200,24.2043524800,33115290,922126391.0400
2023-08-11,24.3528454400,24.0209200000,24.4401942400,24.0209200000,33862931,937889302.8700
2023-08-14,23.9335712000,23.9161014400,24.0383897600,23.6540550400,32292793,881658242.1300
2023-08-15,23.9161014400,23.9073665600,24.0209200000,23.6802596800,25589507,697565544.9700
2023-08-16,23.8025480000,23.7239340800,23.9161014400,23.6715248000,27716054,754257246.4800
2023-08-17,23.6016457600,23.8549572800,23.8898968000,23.4182132800,28160505,762890498.0100
2023-08-18,23.8549572800,23.5405016000,23.8636921600,23.5055620800,27044567,731491587.5400
2023-08-21,23.5055620800,23.2173110400,23.5230318400,23.1998412800,32949943,879920486.0100
2023-08-22,23.2347808000,23.3483342400,23.4531528000,23.0338785600,36326716,965432924.5500
2023-08-23,23.3308644800,23.0251436800,23.4531528000,23.0076739200,26684489,708895941.9400
2023-08-24,23.0251436800,23.1474320000,23.4007435200,22.8504460800,29905111,792415211.7800
2023-08-25,23.0426134400,23.3658040000,23.4182132800,23.0251436800,27351861,728782735.0900
2023-08-28,24.3091710400,23.4269481600,24.4401942400,23.3221296000,66077026,1796319197.8900
2023-08-29,22.8853856000,23.2522505600,23.3658040000,22.7630972800,68404710,1812982152.0200
2023-08-30,23.2609854400,23.1911064000,23.5405016000,23.1474320000,33105489,882288525.0000
2023-08-31,23.1736366400,22.7106880000,23.1823715200,22.7106880000,54723360,1432473562.6000
2023-09-01,22.7980368000,22.7543624000,23.0775529600,22.7194228800,48593449,1271521440.4100
2023-09-04,22.8766507200,23.0950227200,23.2609854400,22.7630972800,77754156,2049323983.5800
2023-09-05,22.9552646400,22.7368926400,23.0076739200,22.7106880000,68645801,1788190664.0300
2023-09-06,22.7281577600,22.8766507200,22.9028553600,22.6058694400,32826228,856096166.2800
2023-09-07,22.7980368000,22.6058694400,22.8067716800,22.6058694400,41744754,1084198427.5800
2023-09-08,22.5796648000,22.5185206400,22.6058694400,22.3612928000,29188905,751690839.0300
2023-09-11,22.5185206400,22.8067716800,22.8417112000,22.3787625600,37692286,978017656.4500
2023-09-12,22.7543624000,22.8941204800,22.9377948800,22.6757484800,26823267,701683784.3100
2023-09-13,22.8941204800,22.8679158400,23.0862878400,22.8067716800,39243982,1031209250.5800
2023-09-14,22.8853856000,22.9290600000,22.9902041600,22.7805670400,22902573,600340219.6300
2023-09-15,23.0076739200,22.8242414400,23.1037576000,22.7456275200,31551854,826586443.5300
2023-09-18,22.8504460800,22.9552646400,22.9639995200,22.6757484800,24913031,652570292.6700
2023-09-19,22.9552646400,22.9115902400,22.9727344000,22.8155065600,22612690,592157584.6200
2023-09-20,22.7630972800,22.8329763200,22.9465297600,22.7194228800,27325690,715523062.0400
2023-09-21,22.8329763200,22.5883996800,22.8941204800,22.5883996800,28383860,737211912.9000
2023-09-22,22.5359904000,23.2347808000,23.2784552000,22.5359904000,55741627,1469991088.4400
2023-09-25,23.3221296000,23.2871900800,23.3395993600,23.1299622400,31132678,829326807.3000
2023-09-26,23.2347808000,23.3832737600,23.4182132800,23.1649017600,25635576,684501775.1900
2023-09-27,23.3221296000,23.2697203200,23.5230318400,23.2522505600,21821784,583180983.1600
2023-09-28,23.2697203200,23.1736366400,23.3658040000,23.0600832000,23409644,621177510.6800
2023-10-09,23.1736366400,23.2085761600,23.3133947200,22.9639995200,25172909,668309337.7700
2023-10-10,23.3483342400,23.4007435200,23.5405016000,23.2522505600,31120390,833717508.2800
2023-10-11,23.4968272000,23.6278504000,23.6453201600,23.3658040000,38122272,1027236520.6800
2023-10-12,23.7588736000,23.6715248000,23.8724270400,23.5579713600,28086774,761371132.9600
2023-10-13,23.4793574400,23.4531528000,23.5667062400,23.3133947200,22402293,601153742.6700
2023-10-16,23.4531528000,23.1212273600,23.4880923200,23.1124924800,27350661,726084522.0500
2023-10-17,23.1736366400,23.4531528000,23.4618876800,22.9989390400,30777623,821282941.5400
2023-10-18,23.3570691200,23.2260459200,23.5492364800,23.2260459200,21829577,584040589.2700
2023-10-19,23.1649017600,22.8504460800,23.2260459200,22.8417112000,34297525,902244185.1000
2023-10-20,22.7805670400,22.6757484800,22.8853856000,22.5359904000,31218374,811613690.9700
2023-10-23,22.5621950400,22.3525579200,22.7543624000,22.1429208000,27199555,698281676.5200
2023-10-24,22.2739440000,22.3700276800,22.4661113600,22.0118976000,29221404,745065426.0400
2023-10-25,22.5534601600,22.7543624000,22.9290600000,22.5359904000,31652211,824120017.3400
2023-10-26,22.7019531200,22.7194228800,22.8941204800,22.5447252800,23308011,605606713.0700
2023-10-27,22.7106880000,23.4793574400,23.5492364800,22.6582787200,49986456,1333549636.9100
2023-10-30,23.4094784000,23.2959249600,23.6365852800,23.0775529600,35865239,959956374.3200
2023-10-31,24.1082688000,23.9510409600,24.4489291200,23.9161014400,106016335,2926168589.4300
2023-11-01,24.1519432000,23.8636921600,24.2130873600,23.7501387200,38053521,1041309559.7100
2023-11-02,23.8462224000,23.8811619200,24.0995339200,23.8112828800,25940349,711198458.9200
2023-11-03,24.0209200000,24.1082688000,24.1956176000,23.9685107200,30297998,835590738.2300
2023-11-06,24.2043524800,24.0645944000,24.2392920000,23.9947153600,33573950,925815629.1300
2023-11-07,24.0209200000,24.1082688000,24.1868827200,23.8287526400,29065620,799239233.6100
2023-11-08,24.0820641600,24.0907990400,24.1519432000,23.9772456000,25274645,696241527.7200
2023-11-09,24.0034502400,24.1344734400,24.2829664000,23.9772456000,20262177,560208988.0500
2023-11-10,24.0907990400,24.0383897600,24.1694129600,23.9073665600,22834138,628529340.8600
2023-11-13,24.1432083200,23.9597758400,24.1432083200,23.8025480000,19809592,542940326.1200
2023-11-14,23.9859804800,23.8200177600,24.1344734400,23.6977294400,27708979,756576974.6800
2023-11-15,23.9597758400,23.8112828800,24.0645944000,23.7676084800,25555246,698898043.5400
2023-11-16,23.8636921600,23.6016457600,23.9073665600,23.5492364800,23280216,630718903.3200
2023-11-17,23.4793574400,23.5405016000,23.6715248000,23.2871900800,26775356,718955795.3400
2023-11-20,23.5841760000,23.7239340800,23.8462224000,23.4356830400,24699275,669238605.0100
2023-11-21,23.8025480000,23.9772456000,24.0995339200,23.7414038400,29808308,818587434.5400
2023-11-22,23.9248363200,23.7588736000,23.9248363200,23.7326689600,16763785,457145469.6100
2023-11-23,23.6278504000,23.8549572800,23.9161014400,23.5405016000,27554877,748391800.7400
2023-11-24,23.8724270400,23.8898968000,24.0209200000,23.8200177600,24595227,673847692.0200
2023-11-27,23.8636921600,23.7414038400,23.8898968000,23.4793574400,24381498,659771057.5600
2023-11-28,23.7414038400,23.8200177600,24.0034502400,23.6540550400,22143837,604460367.8200
2023-11-29,23.8200177600,23.6278504000,23.8636921600,23.5492364800,21684728,586895667.8900
2023-11-30,23.6278504000,23.8025480000,23.8287526400,23.5667062400,28113473,763939806.1400
2023-12-01,23.7588736000,23.6278504000,23.7676084800,23.3395993600,34233562,921416579.4600
2023-12-04,23.6278504000,23.4094784000,23.6453201600,23.4094784000,22234614,598619228.9800
2023-12-05,23.3745388800,23.0862878400,23.6191155200,23.0862878400,30066580,804332487.6500
2023-12-06,22.9902041600,23.0862878400,23.2871900800,22.9115902400,25756358,682056513.5000
2023-12-07,22.9902041600,23.0164088000,23.1823715200,22.8504460800,24638923,649923231.0700
2023-12-08,23.0513483200,23.0251436800,23.3570691200,22.9814692800,25996787,689100601.2500
2023-12-11,22.7980368000,22.9989390400,23.2347808000,22.3874974400,37374934,979717549.2300
2023-12-12,22.9902041600,23.1037576000,23.1474320000,22.8941204800,27016326,712664155.2300
2023-12-13,23.1386971200,22.5621950400,23.1386971200,22.5447252800,40290508,1049806531.4300
2023-12-14,22.7106880000,22.6058694400,22.8853856000,22.5971345600,26643557,693950391.5000
2023-12-15,22.6408089600,22.2826788800,22.7980368000,22.2826788800,36371266,936258894.0700
2023-12-18,22.0643068800,22.3612928000,22.4573764800,22.0643068800,36346760,927766262.9400
2023-12-19,22.2739440000,22.2302696000,22.4486416000,22.1254510400,24362135,620906799.5600
2023-12-20,22.2390044800,22.1254510400,22.3176184000,22.0643068800,25653041,651775448.5700
2023-12-21,22.0730417600,22.4137020800,22.4923160000,22.0643068800,30794516,787231325.0500
2023-12-22,22.4399067200,22.7106880000,22.7805670400,22.4224369600,38144827,987983707.8500
2023-12-25,22.7106880000,22.7980368000,22.9377948800,22.6320740800,22463109,586443144.9600
2023-12-26,22.7980368000,22.5447252800,22.8591809600,22.4573764800,20050381,518777595.4100
2023-12-27,22.5796648000,22.8242414400,22.8766507200,22.4311718400,25379677,659553658.0600
2023-12-28,22.9377948800,23.4531528000,23.4968272000,22.8766507200,49037327,1308916326.1800
2023-12-29,23.4094784000,23.3658040000,23.5230318400,23.1474320000,36476458,974933842.1800
2024-01-02,23.4531528000,22.9465297600,23.4531528000,22.9377948800,26732203,705687852.1500
2024-01-03,22.9290600000,22.7630972800,23.0775529600,22.7106880000,28797628,751736999.9500
2024-01-04,22.7893019200,22.6844833600,22.8679158400,22.5359904000,29419275,763907955.8200
2024-01-05,22.6932182400,22.8155065600,23.1037576000,22.6320740800,38718766,1016121753.8700
2024-01-08,22.9203251200,22.8417112000,23.1474320000,22.7194228800,41747081,1099044447.5000
2024-01-09,22.7980368000,22.9814692800,23.0950227200,22.5796648000,32953927,863716395.9500
2024-01-10,23.0251436800,23.2085761600,23.2697203200,22.8853856000,35659020,945903593.2300
2024-01-11,23.1299622400,23.2347808000,23.5579713600,23.1037576000,36742732,982150782.2800
2024-01-12,23.1474320000,23.3658040000,23.4094784000,23.1212273600,24894170,664584429.8400
2024-01-15,23.2959249600,23.3308644800,23.5405016000,23.1474320000,24475931,654869768.3200
2024-01-16,23.2347808000,23.4968272000,23.5317667200,23.2085761600,34821275,932626842.3700
2024-01-17,23.4618876800,23.0600832000,23.4793574400,23.0600832000,34169454,911377347.2100
2024-01-18,22.9727344000,23.3658040000,23.4531528000,22.6932182400,51282449,1351331395.1600
2024-01-19,23.1561668800,23.4706225600,23.5142969600,23.1212273600,40141585,1075765828.7300
2024-01-22,23.5055620800,23.3046598400,23.5841760000,23.0338785600,57716962,1547702104.6400
2024-01-23,23.2784552000,23.1124924800,23.3570691200,22.8679158400,36896364,977152711.4200
2024-01-24,23.1561668800,23.4094784000,23.5230318400,22.8853856000,33367891,885659710.3700
2024-01-25,23.4007435200,23.6453201600,23.6627899200,23.3483342400,39456231,1063573507.2600
2024-01-26,23.5142969600,23.7588736000,23.8025480000,23.3745388800,39674351,1071082810.1900
2024-01-29,23.7064643200,24.0121851200,24.1344734400,23.6889945600,47326322,1301517288.5600
2024-01-30,23.8898968000,23.8287526400,24.1170036800,23.8200177600,33480461,917872154.4300
2024-01-31,23.8025480000,23.6627899200,24.0034502400,23.4968272000,35340671,959755665.8900
2024-02-01,23.6627899200,23.5492364800,23.8374875200,23.4793574400,35076653,949598539.7900
2024-02-02,23.7501387200,23.5492364800,24.1519432000,23.2085761600,59666708,1624891329.1000
2024-02-05,23.6453201600,24.1519432000,24.3703152000,23.4444179200,84638860,2322045490.6300
2024-02-06,24.1519432000,24.5799523200,24.8944080000,24.1257385600,77511024,2185869210.7600
2024-02-07,24.5799523200,24.7022406400,24.7022406400,24.3877849600,73080230,2053553968.2800
2024-02-08,24.7371801600,24.6148918400,24.8944080000,24.2567617600,59343641,1663761076.1300
2024-02-19,24.7721196800,24.7459150400,24.8070592000,24.5275430400,51527522,1456658446.4200
2024-02-20,24.7371801600,25.0516358400,25.0865753600,24.6148918400,56661323,1616864587.6600
2024-02-21,24.9904916800,25.2001288000,25.5058496000,24.8856731200,54495279,1578056954.5700
2024-02-22,25.2700078400,25.3835612800,25.4534403200,25.1564544000,35115639,1018097797.7500
2024-02-23,25.3136822400,25.3136822400,25.4447054400,25.1215148800,35285895,1021298973.2200
2024-02-26,25.2612729600,25.0603707200,25.3660915200,25.0516358400,32837483,946012388.6300
2024-02-27,24.9642870400,24.8157940800,25.1127800000,24.6410964800,47891732,1361050380.9000
2024-02-28,24.7371801600,24.6323616000,24.8507336000,24.5450128000,47170718,1332475619.0600
2024-02-29,24.6236267200,24.7633848000,24.8507336000,24.5624825600,43634660,1233252224.0000
2024-03-01,24.7197104000,24.6847708800,24.8332638400,24.5537476800,37130686,1049564611.5800
2024-03-04,24.5974220800,24.5799523200,24.6760360000,24.3790500800,41221211,1157988998.1200
2024-03-05,24.5799523200,25.2001288000,25.2175985600,24.4926035200,58169095,1663491243.6000
2024-03-06,25.1215148800,24.8944080000,25.2088636800,24.8682033600,36188164,1037120185.9000
2024-03-07,24.8419987200,24.9380824000,25.0953102400,24.7895894400,32675768,932894160.1500
2024-03-08,24.9380824000,24.7197104000,25.0341660800,24.5974220800,29025499,822008856.3600
2024-03-11,24.7197104000,24.8944080000,24.9380824000,24.5624825600,35719145,1014016883.8100
2024-03-12,24.8944080000,25.0341660800,25.1302497600,24.7546499200,42331309,1210259516.9600
2024-03-13,24.9992265600,24.6061569600,25.0341660800,24.5188081600,47688167,1345848132.6400
2024-03-14,24.5450128000,24.5974220800,24.9380824000,24.5100732800,32590186,921947912.8100
2024-03-15,24.5537476800,25.1739241600,25.2438032000,24.5362779200,70716557,2018348005.7800
2024-03-18,25.1564544000,25.4272356800,25.5495240000,25.0603707200,56899032,1653327309.7900
2024-03-19,25.3748264000,25.4097659200,25.5844635200,25.2001288000,37406363,1088557294.6800
2024-03-20,25.4621752000,25.3311520000,25.4796449600,25.2263334400,24940450,723459046.0000
2024-03-21,25.4185008000,25.2438032000,25.4185008000,25.1739241600,22851654,660790170.9400
2024-03-22,25.2525380800,25.0254312000,25.3049473600,24.7459150400,32472851,927438547.3000
2024-03-25,24.9642870400,24.7895894400,25.0254312000,24.7633848000,26119000,742847044.0000
2024-03-26,24.8944080000,24.7284452800,24.9206126400,24.5974220800,35446601,1002663455.4900
2024-03-27,24.6760360000,24.5799523200,24.7808545600,24.5712174400,29068219,820431202.4600
2024-03-28,24.4576640000,24.2917012800,24.7022406400,24.2218222400,47908387,1339014717.5900
2024-03-29,24.3179059200,24.3703152000,24.5799523200,24.2480268800,27627047,770574678.9900
2024-04-01,24.4489291200,24.5886872000,24.8245289600,24.4139896000,43091890,1215562377.0400
2024-04-02,24.5974220800,24.2567617600,24.6410964800,24.1519432000,37693702,1049892367.0700
2024-04-03,24.1956176000,24.1694129600,24.3091710400,23.9597758400,38062866,1050650974.0900
2024-04-08,24.0209200000,23.8200177600,24.0820641600,23.5841760000,54044341,1472523845.1600
2024-04-09,23.8112828800,23.8986316800,24.0558595200,23.7239340800,24316230,664842975.3000
2024-04-10,23.9161014400,23.7501387200,23.9859804800,23.6715248000,32378435,882475506.4200
2024-04-11,23.6278504000,23.6016457600,23.7588736000,23.4182132800,37454724,1012567311.2400
2024-04-12,23.5492364800,23.2085761600,23.6627899200,23.1911064000,42132494,1125717491.7000
2024-04-15,23.2173110400,23.6191155200,23.8811619200,23.2173110400,49938164,1352547076.8900
2024-04-16,23.4968272000,23.7850782400,23.9685107200,23.4182132800,44852897,1219811458.5100
2024-04-17,23.7850782400,23.8986316800,23.9248363200,23.5405016000,36442766,990151061.3800
2024-04-18,23.7850782400,24.1956176000,24.2917012800,23.7676084800,43283246,1195672925.6300
2024-04-19,24.0995339200,24.1606780800,24.2480268800,23.9510409600,27448541,757828081.1500
2024-04-22,24.2130873600,24.3615803200,24.5450128000,24.1956176000,32663171,912475443.3100
2024-04-23,24.3179059200,24.3877849600,24.5188081600,24.1956176000,37873734,1058836099.3500
2024-04-24,24.4663988800,24.4401942400,24.5013384000,24.1432083200,28087593,783062117.5700
2024-04-25,24.4139896000,24.5275430400,24.6673011200,24.3877849600,28228028,792311459.6900
2024-04-26,24.5275430400,24.4663988800,24.7633848000,24.4576640000,36381355,1023666059.8800
2024-04-29,24.2829664000,24.7109755200,24.8769382400,24.2305571200,58571952,1651046231.8900
2024-04-30,25.2350683200,24.9904916800,25.3224171200,24.5450128000,117329211,3352785415.9300
2024-05-06,25.1739241600,25.1564544000,25.3573566400,24.9468172800,86179089,2484133363.4600
2024-05-07,25.1389846400,24.7633848000,25.1477195200,24.6323616000,63800651,1812306476.8400
2024-05-08,24.7546499200,24.6585662400,24.8769382400,24.6410964800,41568562,1176807122.4200
2024-05-09,24.6148918400,24.6498313600,24.7808545600,24.5624825600,52975417,1495451378.1600
2024-05-10,24.6585662400,24.4139896000,24.7284452800,24.3091710400,58876257,1647718783.7700
2024-05-13,24.3528454400,24.4576640000,24.5100732800,24.2130873600,49574864,1382329345.4700
2024-05-14,24.4838686400,24.3353756800,24.5450128000,24.3004361600,47040633,1314822784.1300
2024-05-15,24.3353756800,24.2829664000,24.4227244800,24.2218222400,27453039,763899139.2800
2024-05-16,24.2392920000,24.2567617600,24.3790500800,24.1344734400,53348456,1481254700.0700
2024-05-17,24.2043524800,24.5537476800,24.5799523200,24.2043524800,62086533,1736602360.9900
2024-05-20,24.5362779200,24.9468172800,25.0603707200,24.4663988800,80907333,2307754590.0900
2024-05-21,25.1739241600,25.4709100800,25.5582588800,25.1651892800,113516000,3297219389.9800
2024-05-22,25.3835612800,25.5320542400,25.7242216000,25.3486217600,73778215,2160167695.2900
2024-05-23,25.4010310400,25.5844635200,25.6281379200,25.1564544000,73851931,2146548024.0100
2024-05-24,25.3748264000,25.2263334400,25.6630774400,25.1739241600,51262296,1490670209.6200
2024-05-27,25.1739241600,25.3486217600,25.4709100800,25.1739241600,42145949,1220758264.8900
2024-05-28,25.3398868800,25.1302497600,25.4621752000,25.0865753600,33348601,963614460.2100
2024-05-29,25.1651892800,25.2874776000,25.4010310400,25.1651892800,30245901,875514866.1300
2024-05-30,25.2175985600,24.9031428800,25.2700078400,24.8944080000,45302182,1297697888.5800
2024-05-31,24.9555521600,24.7284452800,25.0516358400,24.7284452800,35357073,1007748960.9900
2024-06-03,24.7371801600,24.9642870400,24.9904916800,24.6585662400,37865336,1079300876.3500
2024-06-04,24.9206126400,24.9992265600,25.2001288000,24.7633848000,48130815,1379283650.9900
2024-06-05,25.1359825500,24.9080538000,25.2545055000,24.8807023500,48223404,1325982629.9200
2024-06-06,24.9354052500,25.0448110500,25.2271540500,24.8624680500,36706822,1008048975.2500
2024-06-07,25.0083424500,24.6710079000,25.1177482500,24.5342506500,45483277,1234699097.0600
2024-06-11,24.5980707000,24.3610248000,24.7074765000,24.2789704500,38224534,1023923027.6800
2024-06-12,24.3701419500,24.6345393000,24.6892422000,24.3063219000,37688732,1013079834.1600
2024-06-13,24.6527736000,24.4977820500,24.6801250500,24.4339620000,30471246,819703145.3300
2024-06-14,24.4704306000,24.7712965500,24.8442337500,24.3245562000,42549459,1147537135.1100
2024-06-17,24.6163050000,24.5068992000,24.6892422000,24.3701419500,27683356,743375887.3400
2024-06-18,24.4977820500,24.0692760000,24.5798364000,23.9963388000,55874550,1484337140.8600
2024-06-19,24.1057446000,23.9963388000,24.1057446000,23.7957615000,34295891,900466056.5900
2024-06-20,23.9416359000,23.3854897500,24.0054559500,23.3490211500,61810741,1597189306.1100
2024-06-21,23.3399040000,23.5040127000,23.6316528000,23.1575610000,55610009,1426961526.1300
2024-06-24,23.3946069000,23.6772385500,23.8322301000,23.3490211500,46202466,1196445578.6800
2024-06-25,23.6134185000,23.4948955500,23.8778158500,23.4401926500,43559484,1126708156.3700
2024-06-26,23.4857784000,23.6954728500,23.7410586000,23.3581383000,28638392,741508881.5400
2024-06-27,23.6043013500,23.4948955500,23.6954728500,23.4037240500,35968988,927499125.9700
2024-06-28,23.4948955500,23.5587156000,23.8595815500,23.4493098000,37159882,965199044.7600
2024-07-01,23.5587156000,23.6772385500,23.6954728500,23.3034354000,34312984,884249330.2700
2024-07-02,23.6134185000,23.4948955500,23.7775272000,23.4766612500,33341851,862657251.2100
2024-07-03,23.4948955500,23.5313641500,23.6498871000,23.3946069000,26057150,672561513.5400
2024-07-04,23.5313641500,23.3490211500,23.6498871000,23.3125525500,31970502,822884620.3900
2024-07-05,23.3490211500,23.2031467500,23.4310755000,22.9569837000,40815964,1036440431.0000
2024-07-08,23.1119752500,22.9752180000,23.1393267000,22.7928750000,46350709,1165715983.4800
2024-07-09,22.8840465000,22.7928750000,22.9387494000,22.5467119500,60408765,1506820109.5900
2024-07-10,22.6196491500,22.9113979500,22.9934523000,22.5375948000,39335080,986267185.5200
2024-07-11,23.0481552000,23.4310755000,23.5587156000,23.0481552000,43136396,1104898758.1900
2024-07-12,23.4310755000,23.2487325000,23.4857784000,23.0937409500,35050540,894016380.9000
2024-07-15,23.2487325000,23.2396153500,23.3672554500,23.1210924000,25743563,656686388.5100
2024-07-16,23.1666781500,23.2852011000,23.3854897500,23.0846238000,30460705,777186121.2200
2024-07-17,23.2852011000,23.7045900000,23.7410586000,23.1393267000,52326385,1349953448.4600
2024-07-18,23.6134185000,23.8960501500,23.9325187500,23.5313641500,38049001,991296163.6100
2024-07-19,23.8231129500,24.0692760000,24.2333847000,23.6681214000,47259559,1244293912.1500
2024-07-22,24.0783931500,23.7957615000,24.2151504000,23.7319414500,37147789,973575503.2800
2024-07-23,23.8413472500,23.1757953000,23.8595815500,23.1757953000,40855688,1049971207.8900
2024-07-24,23.1484438500,22.8384607500,23.2031467500,22.7472892500,40864750,1026219061.0400
2024-07-25,22.7472892500,22.8293436000,22.9569837000,22.7472892500,34117254,855137411.4700
2024-07-26,22.8566950500,22.8658122000,22.9569837000,22.7108206500,36188891,905498939.4700
2024-07-29,22.8658122000,22.5558291000,22.8840465000,22.5558291000,38802729,963461075.5000
2024-07-30,22.4737747500,22.2458460000,22.4737747500,22.0999716000,50637912,1234043386.8800
2024-07-31,22.1546745000,22.8749293500,22.8749293500,22.1182059000,67525950,1673160238.6000
2024-08-01,22.7928750000,22.3370175000,22.8111093000,22.3370175000,52104175,1285596743.1600
2024-08-02,22.1911431000,22.2823146000,22.3734861000,22.1637916500,29161078,712247927.5700
2024-08-05,22.1729088000,22.1729088000,22.5740634000,22.0452687000,46573013,1138519955.0900
2024-08-06,22.2549631500,22.1637916500,22.3643689500,21.9996829500,41716965,1011703959.0300
2024-08-07,22.1455573500,21.9814486500,22.1455573500,21.9723315000,39983462,966467688.2400
2024-08-08,21.8902771500,22.2367288500,22.2914317500,21.6714655500,50649104,1223925361.0200
2024-08-09,22.2549631500,22.0543858500,22.4008375500,22.0452687000,25485397,619727859.4500
2024-08-12,22.0270344000,22.2002602500,22.2731974500,22.0088001000,23595727,574122784.8800
2024-08-13,22.2093774000,21.9632143500,22.2549631500,21.8538085500,29540900,711122998.0200
2024-08-14,21.9267457500,21.7352856000,21.9540972000,21.7170513000,26429953,631590260.6000
2024-08-15,21.6988170000,21.9358629000,22.0179172500,21.6167626500,31640828,759334839.9800
2024-08-16,21.8811600000,21.9085114500,21.9996829500,21.8264571000,20641584,495830425.9000
2024-08-19,21.8811600000,21.7991056500,22.2731974500,21.7717542000,37065769,892703795.0000
2024-08-20,21.8355742500,21.4617711000,21.8538085500,21.3523653000,44751496,1056628833.5700
2024-08-21,21.4435368000,21.3250138500,21.4891225500,21.3067795500,25367434,595369846.0300
2024-08-22,21.4253025000,20.9967964500,21.5255911500,20.9694450000,45231995,1046727790.0100
2024-08-23,20.9238592500,21.1426708500,21.2247252000,20.8873906500,32922690,761551257.9300
2024-08-26,21.1335537000,20.8235706000,21.1882566000,20.7506334000,38736535,886419373.4000
2024-08-27,20.8144534500,20.6412276000,20.8600392000,20.5227046500,32885735,745753682.5400
2024-08-28,20.6047590000,20.2856587500,20.6868133500,20.1124329000,49599752,1104543462.6000
2024-08-29,20.1124329000,20.8509220500,20.8965078000,20.0941986000,53097432,1199528767.4500
2024-08-30,19.6930440000,20.6321104500,20.8600392000,19.5836382000,155260508,3451710685.0200
2024-09-02,20.3768302500,19.7295126000,20.4315331500,19.6474582500,97330248,2120673630.3400
2024-09-03,19.7386297500,20.2491901500,20.3038930500,19.6292239500,76037505,1677426337.8800
2024-09-04,20.1944872500,20.2127215500,20.3403616500,19.9939099500,36187506,800934507.9600
2024-09-05,20.1671358000,20.5318218000,20.5774075500,20.1671358000,39570729,887967423.5900
2024-09-06,20.5318218000,20.2947759000,20.6594619000,20.2947759000,25958969,583603337.7100
2024-09-09,20.3768302500,20.1215500500,20.5682904000,20.0394957000,37311152,829022937.6300
2024-09-10,20.1124329000,20.0121442500,20.2218387000,19.9027384500,29810765,654270857.6500
2024-09-11,19.9483242000,20.2674244500,20.3221273500,19.7842155000,32473434,716427010.6000
2024-09-12,20.2400730000,19.9300899000,20.3677131000,19.9027384500,33996957,747740420.5500
2024-09-13,19.8571527000,19.6656925500,19.9209727500,19.4377638000,43529132,939714459.1500
2024-09-18,19.6018725000,19.4833495500,19.6839268500,19.3830609000,35434222,757068256.8500
2024-09-19,19.5471696000,20.0941986000,20.3038930500,19.2645379500,72852346,1593695897.8900
2024-09-20,20.0577300000,20.0394957000,20.1489015000,19.8389184000,37687311,826592133.6700
2024-09-23,20.0394957000,19.9574413500,20.4041817000,19.9118556000,35847923,789265520.8800
2024-09-24,20.3312445000,21.1973737500,21.2338423500,20.0850814500,111473852,2536855996.3200
2024-09-25,21.6076455000,21.4526539500,21.9267457500,21.4161853500,98951381,2352471098.9900
2024-09-26,21.6076455000,23.2669668000,23.3216697000,21.4708882500,154543271,3809822354.2800
2024-09-27,24.4613134500,25.1633340000,25.3456770000,24.3154390500,161521611,4391935721.8500
2024-09-30,26.3029777500,26.5035550500,26.9685297000,25.4824342500,254117343,7332486231.3200
2024-10-08,29.1384114000,26.4032664000,29.1384114000,25.7012458500,282099427,8429937688.7000
2024-10-09,25.9838775000,24.1877989500,25.9838775000,24.1877989500,171097455,4674619614.1900
2024-10-10,24.2516190000,25.1815683000,25.9656432000,24.2516190000,140625722,3877380251.0600
2024-10-11,25.1906854500,24.9354052500,25.5918400500,24.6163050000,83716740,2298560852.7300
2024-10-14,24.9080538000,24.9445224000,25.0630453500,24.2607361500,86451489,2341744699.9000
2024-10-15,24.7986480000,24.1604475000,24.9262881000,24.1604475000,66305344,1783806828.6100
2024-10-16,23.8778158500,23.8413472500,24.1786818000,23.7137071500,46436595,1216279460.7700
2024-10-17,24.0054559500,23.2669668000,24.0054559500,23.2669668000,58959484,1524279966.9700
2024-10-18,23.2304982000,24.0692760000,24.4613134500,23.0481552000,91164566,2368669232.5100
2024-10-21,24.1422132000,23.8960501500,24.3245562000,23.7137071500,68712557,1807485236.1100
2024-10-22,23.8595815500,24.2607361500,24.4704306000,23.8139958000,60718114,1615103358.1500
2024-10-23,24.3154390500,24.6254221500,24.9080538000,24.1148617500,69159218,1867628770.6200
2024-10-24,24.4977820500,24.1786818000,24.6071878500,24.0692760000,38722063,1032349698.5600
2024-10-25,24.1148617500,24.3245562000,24.5707192500,24.0692760000,39039888,1042302998.3200
2024-10-28,24.3701419500,24.7257108000,24.8077651500,24.2060332500,52172036,1408393952.5000
2024-10-29,24.9080538000,24.1786818000,25.1268654000,24.1604475000,62025002,1668840397.6300
2024-10-30,24.1330960500,24.1057446000,24.3701419500,23.9689873500,40693993,1077302199.0500
2024-10-31,24.8442337500,25.4459656500,25.6556601000,24.8442337500,164294761,4579555241.3800
2024-11-01,25.3183255500,25.8015345000,25.9838775000,25.2180369000,107880435,3042767410.0800
2024-11-04,25.9018231500,26.2847434500,26.3120949000,25.7650659000,80682880,2309876407.0800
2024-11-05,26.0750490000,26.5035550500,26.5217893500,26.0203461000,77161137,2227089575.3500
2024-11-06,26.4670864500,26.3485635000,26.6676637500,26.0932833000,64577212,1869608890.6800
2024-11-07,26.3120949000,27.5337930000,27.5337930000,26.2300405500,112991685,3365729277.4400
2024-11-08,27.6523159500,27.4699729500,27.7799560500,27.0597012000,80348332,2413508867.1600
2024-11-11,26.9958811500,27.3605671500,27.4335043500,26.7041323500,60834785,1807909781.6000
2024-11-12,27.2602785000,27.1691070000,27.7890732000,27.0323497500,59373185,1784851122.7500
2024-11-13,27.0779355000,27.3605671500,27.5793787500,26.8955925000,52544727,1574041406.2600
2024-11-14,27.2693956500,26.9958811500,27.4882072500,26.9685297000,44035478,1315695898.8000
2024-11-15,26.9594125500,26.7041323500,27.3058642500,26.6494294500,48275045,1429803456.9800
2024-11-18,26.7041323500,26.4215007000,26.9411782500,26.3120949000,40026169,1170735839.3000
2024-11-19,26.3212120500,26.3212120500,26.6403123000,25.8927060000,41558775,1195941448.1200
2024-11-20,26.3485635000,26.4762036000,26.6220780000,26.1024004500,28653124,830306989.1400
2024-11-21,26.3576806500,26.5947265500,26.6950152000,26.3485635000,23962533,696695953.0000
2024-11-22,26.5947265500,25.8927060000,26.6220780000,25.8562374000,29249907,841696294.1000
2024-11-25,25.8927060000,25.7285973000,26.1479862000,25.6830115500,41098629,1165494151.2700
2024-11-26,25.7833002000,26.0476975500,26.3485635000,25.6830115500,34108379,976009664.7800
2024-11-27,25.9838775000,26.3212120500,26.4215007000,25.8927060000,30222719,869636265.8000
2024-11-28,26.3303292000,25.9929946500,26.4123835500,25.8835888500,28601441,819510965.7500
2024-11-29,26.0294632500,26.0568147000,26.4397350000,25.9109403000,33632214,964361679.3500
2024-12-02,26.0021118000,26.2756263000,26.6038437000,25.9656432000,43989746,1271036463.3000
2024-12-03,26.2756263000,26.6767809000,26.7497181000,26.0294632500,45511276,1320226238.4300
2024-12-04,26.5764922500,26.5400236500,26.6676637500,26.2756263000,31142850,904206040.8000
2024-12-05,26.3029777500,26.2938606000,26.5217893500,26.2209234000,26888700,777508596.4200
2024-12-06,26.2938606000,26.6585466000,26.7679524000,26.2391577000,40929846,1193668608.7400
2024-12-09,26.6403123000,26.2756263000,26.6767809000,26.0568147000,52747886,1521343009.7200
2024-12-10,26.8955925000,26.9138268000,27.4426215000,26.8044210000,80771890,2405124342.6000
2024-12-11,26.8226553000,27.1417555500,27.3514500000,26.7770695500,47434251,1413712570.4200
2024-12-12,27.1144041000,27.5611444500,27.5884959000,26.9594125500,68199214,2046852045.7800
2024-12-13,27.3514500000,26.6676637500,27.3514500000,26.6038437000,83244704,2452775495.4000
2024-12-16,26.7314838000,26.6220780000,26.8864753500,26.3394463500,43134419,1255833008.2300
2024-12-17,26.5217893500,26.9958811500,27.2146927500,26.3759149500,47201209,1395576372.1700
2024-12-18,27.1144041000,26.9958811500,27.2329270500,26.8955925000,28036626,832421363.1900
2024-12-19,26.9138268000,26.7770695500,27.1052869500,26.6676637500,27558103,811755396.3400
2024-12-20,26.8773582000,26.6220780000,26.9502954000,26.5582579500,29670829,869402808.3500
2024-12-23,26.5309065000,26.9867640000,27.1691070000,26.4853207500,43942782,1301645497.1000
2024-12-24,26.9047096500,27.4426215000,27.4790901000,26.9047096500,48018816,1436314607.8500
2024-12-25,27.4426215000,27.2876299500,27.5064415500,27.1873413000,32048433,960151014.3100
2024-12-26,27.2876299500,27.3240985500,27.3879186000,27.1599898500,27272709,815551812.8700
2024-12-27,27.3149814000,27.4882072500,27.5429101500,27.1235212500,38679079,1161393947.6100
2024-12-30,27.3514500000,27.4243872000,27.6249645000,27.2602785000,33846235,1018665821.8400
2024-12-31,27.3332157000,27.5155587000,27.9440647500,27.3149814000,67772117,2063323532.7000
2025-01-02,27.4426215000,26.9502954000,27.7890732000,26.7679524000,54547978,1631435515.5400
2025-01-03,26.8955925000,26.7132495000,27.1052869500,26.6220780000,40909746,1206201911.8400
2025-01-06,26.6676637500,26.4762036000,26.7861867000,26.2573920000,37934901,1102617591.6100
2025-01-07,26.3029777500,26.3303292000,26.5947265500,26.2118062500,31890433,923011913.9000
2025-01-08,26.3941492500,26.5764922500,26.8500067500,26.0385804000,39956094,1162978648.5400
2025-01-09,26.4397350000,26.4032664000,26.8500067500,26.2573920000,28997638,842923377.7300
2025-01-10,26.4032664000,26.0112289500,26.5217893500,26.0112289500,31166635,896971214.6100
2025-01-13,25.9291746000,25.9382917500,26.2938606000,25.7650659000,30201533,859053968.3500
2025-01-14,25.8835888500,26.1206347500,26.3941492500,25.7194801500,37523132,1074224812.8200
2025-01-15,26.1662205000,25.9474089000,26.2847434500,25.8744717000,26884092,767044979.0800
2025-01-16,26.0476975500,25.8288859500,26.1479862000,25.7377144500,30914604,877585763.7900
2025-01-17,25.6921287000,25.8927060000,26.0568147000,25.5827229000,24748651,703089984.6000
2025-01-20,26.0932833000,25.3456770000,26.2391577000,25.3456770000,49779648,1403726743.1300
2025-01-21,25.3730284500,25.1359825500,25.4277313500,24.7165936500,53372120,1466001038.4600
2025-01-22,25.0630453500,24.9809910000,25.1633340000,24.7530622500,37674662,1029930691.6200
2025-01-23,25.1177482500,25.1268654000,25.4368485000,24.8898195000,32169839,888327137.3400
2025-01-24,25.0539282000,25.1542168500,25.4094970500,24.9809910000,35463995,978956439.0700
2025-01-27,25.1542168500,25.3730284500,25.5736057500,25.1542168500,47803280,1334632187.8300
2025-02-05,25.2727398000,24.4795477500,25.3912627500,24.4795477500,58641824,1590015005.9100
2025-02-06,24.4704306000,24.6618907500,24.8077651500,24.4430791500,35193262,949910828.6000
2025-02-07,24.6801250500,24.8989366500,25.0995139500,24.4795477500,42135207,1148270316.9300
2025-02-10,24.9080538000,24.7348279500,24.9354052500,24.4795477500,56316353,1523279282.6300
2025-02-11,24.7530622500,24.5707192500,24.8077651500,24.5068992000,35131073,947584879.9900
2025-02-12,24.5160163500,24.7439451000,24.7986480000,24.4521963000,32897065,887956889.5100
2025-02-13,24.7439451000,25.0721625000,25.3274427000,24.6892422000,64481638,1770183934.9100
2025-02-14,25.0265767500,25.1815683000,25.3456770000,24.9809910000,35488428,977550800.2900
2025-02-17,25.1815683000,25.0083424500,25.2089197500,24.8259994500,47193549,1292072249.3800
2025-02-18,24.9718738500,24.8533509000,25.2362712000,24.8077651500,46017795,1263058978.0200
2025-02-19,24.8898195000,25.6191915000,25.6921287000,24.8624680500,69761041,1946975961.2700
2025-02-20,25.5280200000,25.3730284500,25.6921287000,25.2545055000,36377883,1014461600.3900
2025-02-21,25.4186142000,25.2453883500,25.5918400500,25.1268654000,42832293,1185932735.2000
2025-02-24,25.2453883500,25.0903968000,25.3456770000,25.0174596000,52110106,1436331869.2500
2025-02-25,24.9992253000,24.9445224000,25.0539282000,24.7986480000,40274076,1100894640.6000
2025-02-26,24.8989366500,25.0083424500,25.0903968000,24.8168823000,35594530,973228614.1900
2025-02-27,25.0630453500,25.7103630000,25.7924173500,24.9901081500,78444185,2195583799.4700
2025-02-28,25.6738944000,25.7833002000,26.3029777500,25.6283086500,72575819,2065747063.0000
2025-03-03,25.8015345000,25.4368485000,25.9656432000,25.3456770000,51323384,1440304080.6000
2025-03-04,25.3456770000,25.3183255500,25.4277313500,25.1268654000,31694873,878026479.9000
2025-03-05,25.3092084000,25.3365598500,25.4641999500,25.0903968000,36617216,1014961788.8700
2025-03-06,25.3639113000,25.5189028500,25.6009572000,25.1724511500,43977637,1224383020.8200
2025-03-07,25.4186142000,25.3000912500,25.5097857000,24.9262881000,68093556,1882186489.5000
2025-03-10,25.2089197500,24.9536395500,25.3456770000,24.8807023500,49588074,1359053615.4700
2025-03-11,24.7986480000,25.1998026000,25.1998026000,24.7530622500,42861912,1175164526.5600
2025-03-12,25.1998026000,24.9809910000,25.3456770000,24.9809910000,32964670,907079707.1800
2025-03-13,25.0721625000,24.9718738500,25.3456770000,24.9445224000,38642151,1063456595.4800
2025-03-14,25.4368485000,27.1235212500,27.3423328500,25.4368485000,192089353,5578815615.7500
2025-03-17,27.3514500000,26.5400236500,27.4335043500,26.3667978000,115261491,3376136843.9000
2025-03-18,26.5764922500,26.2665091500,26.6858980500,26.1844548000,53793445,1553625183.9300
2025-03-19,26.2665091500,26.1115176000,26.3941492500,26.0750490000,40370440,1158983904.5900
2025-03-20,26.1753376500,25.8288859500,26.3029777500,25.8197688000,46345905,1317971944.3800
2025-03-21,25.8471202500,25.2271540500,26.0112289500,25.2271540500,69440200,1948893590.4600
2025-03-24,25.4368485000,25.5371371500,25.8927060000,25.3274427000,49992769,1398365164.0300
2025-03-25,25.5462543000,25.8744717000,25.8835888500,25.3547941500,34180833,962308583.5500
2025-03-26,25.7377144500,25.7833002000,25.8744717000,25.6830115500,24532391,693784304.7300
2025-03-27,25.7741830500,25.9018231500,26.0385804000,25.7194801500,30412226,863216601.6100
2025-03-28,25.8927060000,25.7285973000,26.0112289500,25.7012458500,22355741,633100314.1900
2025-03-31,25.6283086500,25.6009572000,26.0294632500,25.5006685500,36456217,1029151997.0500
2025-04-01,25.6100743500,25.5918400500,25.7468316000,25.4641999500,28507054,799680206.2100
2025-04-02,25.6191915000,25.3821456000,25.7924173500,25.3456770000,26593399,743679758.9900
2025-04-03,25.2545055000,25.7924173500,25.8471202500,25.2545055000,43331553,1220247539.6500
2025-04-07,25.0812796500,25.1542168500,26.0568147000,24.2972047500,111579948,3074727585.6400
2025-04-08,25.1450997000,26.1935719500,26.1935719500,24.7439451000,113204246,3191082697.3600
2025-04-09,25.9747603500,26.9229439500,26.9685297000,25.7559487500,116667172,3392535760.1100
2025-04-10,27.2785128000,27.0597012000,27.2785128000,26.5126722000,80859970,2387476607.0500
2025-04-11,27.1964584500,26.6676637500,27.2055756000,26.4032664000,54351214,1587840361.4600
2025-04-14,26.5400236500,26.7223666500,26.8135381500,26.3667978000,35563990,1040584962.9800
2025-04-15,26.7406009500,26.7861867000,27.1691070000,26.5491408000,41499074,1221996933.6300
2025-04-16,26.8773582000,27.0779355000,27.1144041000,26.5856094000,48361222,1427081633.0000
2025-04-17,26.8955925000,27.0597012000,27.1235212500,26.6403123000,30587913,903937347.9200
2025-04-18,27.1052869500,26.9958811500,27.1052869500,26.6676637500,27078063,797138357.5000
2025-04-21,26.7953038500,26.5126722000,26.8864753500,26.4762036000,31845528,929093196.4600
2025-04-22,26.4579693000,26.3759149500,26.6585466000,26.3667978000,31186928,905515177.4000
2025-04-23,26.5035550500,26.4397350000,26.5947265500,26.3485635000,23919468,693847869.0000
2025-04-24,26.4579693000,26.5673751000,26.6950152000,26.3759149500,21921153,638896402.2400
2025-04-25,26.5035550500,26.4123835500,26.7223666500,26.3485635000,22729301,660325459.8000
2025-04-28,26.3303292000,26.0750490000,26.4032664000,25.9474089000,30573604,876864391.9800
2025-04-29,26.0568147000,26.2482748500,26.3029777500,25.9474089000,23217115,666614506.9700
2025-04-30,26.9411782500,27.1326384000,27.5155587000,26.7679524000,105481140,3149928153.6700
2025-05-06,27.2785128000,27.0779355000,27.2876299500,26.8500067500,46352076,1375445684.1400
2025-05-07,27.7161360000,26.9685297000,27.7434874500,26.8682410500,40363670,1199413926.8400
2025-05-08,26.9138268000,26.9320611000,27.1691070000,26.8682410500,22767462,674475467.2300
2025-05-09,26.9320611000,26.9138268000,27.1326384000,26.8955925000,22965330,679972792.2700
2025-05-12,26.9320611000,27.2055756000,27.2511613500,26.7132495000,33422174,992693155.4900
2025-05-13,27.2055756000,27.1235212500,27.3240985500,27.0688183500,30508173,910594921.8000
2025-05-14,27.0597012000,27.3058642500,27.4152700500,26.9138268000,34926769,1041839566.9400
2025-05-15,27.2420442000,27.4152700500,27.5520273000,27.0688183500,37762245,1131904026.1400
2025-05-16,27.3514500000,27.3423328500,27.4517386500,26.9776468500,35464604,1057207201.7800
2025-05-19,27.2602785000,27.2967471000,27.5246758500,27.1599898500,22449369,672202618.0000
2025-05-20,27.3240985500,27.8984790000,28.1355249000,27.2420442000,50070534,1526800241.9700
2025-05-21,27.8528932500,27.7161360000,28.2084621000,27.6249645000,27972857,853439563.6000
2025-05-22,27.6705502500,27.8620104000,27.9896505000,27.5976130500,26471414,807401015.7700
2025-05-23,27.8620104000,27.8984790000,28.3452193500,27.8620104000,38719633,1194521712.6700
2025-05-26,27.9167133000,28.0625877000,28.3361022000,27.8164246500,33362338,1027525021.8700
2025-05-27,28.0808220000,27.9258304500,28.2449307000,27.9258304500,27533604,846737322.1400
2025-05-28,27.9440647500,28.2449307000,28.3269850500,27.8620104000,28608032,884903078.8600
2025-05-29,28.2449307000,27.7252531500,28.3725708000,27.6796674000,34504589,1056179342.1600
2025-05-30,27.7252531500,27.6249645000,27.9440647500,27.5702616000,27335704,831558512.0800
2025-06-03,27.3605671500,27.8711275500,27.9531819000,27.3332157000,34246181,1041526254.3300
2025-06-04,27.8528932500,27.8893618500,28.0078848000,27.7708389000,21648998,662105513.4000
2025-06-05,27.9349476000,27.5337930000,28.0899391500,27.4882072500,34289601,1042943934.7300
2025-06-06,27.6287916800,27.2297513600,27.6477936000,27.1727456000,42928303,1237523224.2300
2025-06-09,27.3247609600,27.3627648000,27.4957782400,27.2012484800,34077905,981431618.9100
2025-06-10,27.4672753600,27.1252408000,27.7808070400,27.0872369600,34526646,994929488.7500
2025-06-11,27.1252408000,27.0207302400,27.2582542400,27.0207302400,27677415,789620181.3300
2025-06-12,27.0302312000,26.8022081600,27.0587340800,26.6976976000,33492464,944123813.0500
2025-06-13,26.7927072000,26.6026880000,26.8592139200,26.4126688000,47937237,1342365831.6100
2025-06-16,26.6026880000,26.6596937600,26.8592139200,26.4031678400,34782272,975897615.7100
2025-06-17,26.6691947200,26.6691947200,26.7927072000,26.4696745600,27361319,767277518.4600
2025-06-18,26.7452024000,26.5266803200,27.1157398400,26.5266803200,40015094,1128026074.1000
2025-06-19,26.5076784000,26.3271601600,26.6406918400,26.2986572800,25884915,719738416.3300
2025-06-20,26.3271601600,26.5266803200,26.7262004800,26.3271601600,33637593,940815298.7800
2025-06-23,26.4031678400,26.1941467200,26.4981774400,26.0326304000,34770843,959933701.2900
2025-06-24,26.2416515200,26.2891563200,26.5076784000,26.2226496000,37245130,1032288018.7600
2025-06-25,26.3746649600,26.3841659200,26.4031678400,26.1466419200,37286629,1031734241.2000
2025-06-26,26.4031678400,26.6026880000,26.7357014400,26.3651640000,44549677,1246366127.6900
2025-06-27,26.5551832000,26.5266803200,26.8307110400,26.4031678400,34276060,959162607.9600
2025-06-30,26.5931870400,26.4886764800,26.6406918400,26.4126688000,29484874,821943961.1400
2025-07-01,26.4696745600,26.2891563200,26.4696745600,26.2226496000,33512938,927316667.9200
2025-07-02,26.3556630400,26.4221697600,26.5266803200,26.1846457600,46744965,1297460481.5300
2025-07-03,26.4221697600,26.3651640000,26.4411716800,26.2606534400,25928828,718400832.3900
2025-07-04,26.3556630400,26.3841659200,26.5076784000,26.2701544000,28741705,798463928.8700
2025-07-07,26.3651640000,26.0041275200,26.3841659200,25.8331102400,53465915,1465796545.2800
2025-07-08,25.9851256000,26.1181390400,26.2226496000,25.9091179200,31288934,859934215.7000
2025-07-09,26.1181390400,26.3081582400,26.5931870400,26.0801352000,48263305,1342833361.0800
2025-07-10,26.3081582400,26.2796553600,26.5646841600,26.2606534400,37340991,1036277366.9700
2025-07-11,26.2891563200,26.3081582400,26.5551832000,26.2796553600,46755574,1299838473.0100
2025-07-14,26.3176592000,26.1181390400,26.3461620800,26.0706342400,44965932,1237562200.4600
2025-07-15,26.1181390400,26.0136284800,26.2321505600,25.8996169600,36497030,999638872.0900
2025-07-16,26.0231294400,26.1466419200,26.2986572800,26.0136284800,33758739,929227536.5400
2025-07-17,26.1656438400,26.6976976000,26.7547033600,26.1371409600,59787288,1668797440.0400
2025-07-18,26.7166995200,26.6691947200,26.8212100800,26.4886764800,33565927,940587764.0100
2025-07-21,26.6786956800,26.7832062400,26.8022081600,26.5836860800,31942451,897556154.2400
2025-07-22,26.8117091200,26.9542235200,27.0017283200,26.7166995200,38678267,1095139000.9500
2025-07-23,27.0017283200,26.8782158400,27.1157398400,26.8402120000,35690539,1012987184.6400
2025-07-24,26.8782158400,26.8307110400,26.9257206400,26.7262004800,36005076,1015874052.2900
2025-07-25,26.7927072000,26.4411716800,26.7927072000,26.4221697600,44333359,1239749487.4600
2025-07-28,26.4506726400,26.3461620800,26.5551832000,26.2891563200,41314484,1147320824.1400
2025-07-29,26.7927072000,26.1466419200,26.9732254400,26.0421313600,118898473,3291479316.2100
2025-07-30,26.0231294400,26.4886764800,26.6406918400,26.0136284800,78153490,2173517141.9100
2025-07-31,26.4316707200,26.0421313600,26.4316707200,26.0136284800,52861670,1454311356.5800
2025-08-01,26.0326304000,26.1371409600,26.1751448000,26.0231294400,34735358,954195329.9000
2025-08-04,26.0231294400,26.1086380800,26.1181390400,25.9471217600,30235299,828205263.0400
2025-08-05,26.1276400000,26.1751448000,26.1751448000,25.9946265600,33178223,911276743.8400
2025-08-06,26.1751448000,26.1941467200,26.3081582400,26.1086380800,30132008,830900510.9200
2025-08-07,26.2131486400,26.1941467200,26.2416515200,26.0896361600,30377295,837202047.9500
2025-08-08,26.1751448000,25.9376208000,26.1751448000,25.8616131200,41578737,1137063976.1900
2025-08-11,25.9471217600,26.1941467200,26.2226496000,25.8996169600,39224087,1077280577.5200
2025-08-12,26.1941467200,26.0991371200,26.3366611200,26.0896361600,31221146,860552800.9800
2025-08-13,26.1466419200,26.1086380800,26.2986572800,26.0516323200,43568321,1197693410.6200
2025-08-14,26.1276400000,25.8426112000,26.1941467200,25.8426112000,56098915,1536616438.0800
2025-08-15,25.8426112000,25.8046073600,25.9756246400,25.6430910400,59325356,1611339273.1100
2025-08-18,25.8331102400,25.8426112000,26.1751448000,25.8331102400,76602583,2097560155.8800
2025-08-19,25.9851256000,25.8521121600,26.2131486400,25.8426112000,77228283,2113799554.6300
2025-08-20,25.8521121600,26.0896361600,26.1371409600,25.6905958400,64881717,1768581999.5100
2025-08-21,26.1086380800,26.2606534400,26.4126688000,26.0326304000,69910644,1931938561.9000
2025-08-22,26.2986572800,26.3081582400,26.3176592000,26.1276400000,51127044,1410588145.6100
2025-08-25,26.3746649600,26.7642043200,26.7737052800,26.3556630400,88816468,2482832113.3800
2025-08-26,26.6881966400,26.9162196800,27.1252408000,26.6216899200,71289938,2018922786.9300
2025-08-27,26.9162196800,26.4221697600,26.9447225600,26.4221697600,70393022,1978250629.2100
2025-08-28,26.4031678400,26.3081582400,26.6026880000,26.0516323200,56342376,1562134273.8700
2025-08-29,27.1727456000,27.1442427200,28.0278320000,27.1442427200,211294473,6115499113.8800
2025-09-01,27.1252408000,26.8592139200,27.4767763200,26.8117091200,105400322,3002204421.9800
2025-09-02,26.9352216000,26.8497129600,27.2487532800,26.7927072000,67805916,1923858148.7100
2025-09-03,27.0207302400,26.5171793600,27.1252408000,26.3651640000,73305098,2049453849.1900
2025-09-04,26.5171793600,26.7547033600,26.8687148800,26.4126688000,94631508,2654747238.5800
2025-09-05,26.7642043200,26.7737052800,26.8307110400,26.4316707200,55154998,1546833903.4000
2025-09-08,26.7262004800,26.8022081600,27.0682350400,26.6026880000,82635577,2331231868.3300
2025-09-09,26.8212100800,27.1347417600,27.1632446400,26.7166995200,73260205,2076480632.2600
2025-09-10,27.0682350400,27.0112292800,27.1537436800,26.7547033600,62249023,1769059128.8200
2025-09-11,26.9637244800,27.2867571200,27.3152600000,26.9542235200,60793323,1738182101.6600
2025-09-12,27.3057590400,26.8402120000,27.4862772800,26.7452024000,78484849,2239297334.6900
2025-09-15,26.7927072000,26.8212100800,27.0967379200,26.6976976000,59125323,1673303637.8300
2025-09-16,26.8402120000,26.6786956800,26.8972177600,26.4506726400,70825378,1986247115.9800
2025-09-17,26.7357014400,26.6786956800,26.9637244800,26.5646841600,48324344,1358295385.0100
2025-09-18,26.6786956800,26.3746649600,26.7262004800,26.2796553600,62323497,1738475537.7600
2025-09-19,26.3461620800,26.3176592000,26.4791755200,26.2036476800,43394193,1202107383.4400
2025-09-22,26.3176592000,26.1751448000,26.4031678400,26.0706342400,38868460,1070082301.8400
2025-09-23,26.1751448000,26.0136284800,26.2416515200,25.8521121600,44980481,1231350852.9900
2025-09-24,25.9376208000,26.0421313600,26.1276400000,25.8996169600,34535229,945671196.4200
2025-09-25,26.0516323200,25.6240891200,26.0611332800,25.5765843200,76402476,2069611137.0800
2025-09-26,25.5765843200,25.8996169600,25.9471217600,25.4625728000,63875432,1731050314.1700
2025-09-29,25.8996169600,25.8331102400,25.9851256000,25.5575824000,57659118,1561655553.1500
2025-09-30,25.8331102400,25.9186188800,26.0611332800,25.6430910400,50527646,1377355384.2900
2025-10-09,25.8046073600,26.2511524800,26.2511524800,25.5385804800,71150833,1939794035.4300
2025-10-10,26.1656438400,26.3651640000,26.6881966400,26.0896361600,58845324,1637025174.9800
2025-10-13,26.1561428800,26.1751448000,26.3176592000,26.0231294400,51452862,1415780494.4000
2025-10-14,26.2131486400,26.3081582400,26.4126688000,25.9946265600,58477597,1615165090.7600
2025-10-15,26.3081582400,26.2701544000,26.4031678400,26.1561428800,41081615,1135528972.9400
2025-10-16,26.2796553600,26.4221697600,26.5551832000,26.2321505600,36850228,1024989227.0700
2025-10-17,26.4221697600,25.9851256000,26.5646841600,25.9471217600,42952000,1185057312.9200
2025-10-20,26.0326304000,26.0991371200,26.2511524800,26.0041275200,33488642,920784093.6200
2025-10-21,26.0991371200,26.0421313600,26.1751448000,26.0041275200,32125761,881806608.8900
2025-10-22,26.0136284800,25.8901160000,26.0896361600,25.8901160000,27516814,752203895.6400
2025-10-23,25.8901160000,26.0041275200,26.0516323200,25.7761044800,29371709,800862127.2700
2025-10-24,26.0041275200,25.9186188800,26.1276400000,25.8521121600,32961597,900051676.9500
2025-10-27,25.9376208000,26.0421313600,26.1276400000,25.9186188800,37847732,1037542756.9200
2025-10-28,26.0516323200,25.9091179200,26.1086380800,25.8711140800,30525923,833796923.1600
2025-10-29,25.9756246400,25.8236092800,25.9756246400,25.7571025600,36318904,986076668.0300
2025-10-30,25.7951064000,25.9946265600,26.1751448000,25.7666035200,62116600,1701669231.8400
2025-10-31,26.0991371200,26.0421313600,26.2321505600,25.9376208000,55229849,1515292121.9700
2025-11-03,26.0421313600,26.0801352000,26.1656438400,25.8711140800,42836655,1173054888.7400
2025-11-04,26.0516323200,25.7190987200,26.0516323200,25.7000968000,60648580,1648553616.1800
2025-11-05,25.6620929600,25.8901160000,25.9566227200,25.5955862400,44964646,1221500604.8800
2025-11-06,25.8426112000,25.8616131200,26.0136284800,25.7761044800,31469231,857926375.3400
2025-11-07,25.8616131200,25.9281198400,25.9566227200,25.8141083200,26067746,710309224.9800
2025-11-10,25.9376208000,26.8592139200,26.9352216000,25.9281198400,117600270,3286290066.7000
2025-11-11,26.8687148800,26.9352216000,27.0302312000,26.6786956800,71820831,2032845996.7500
2025-11-12,26.8972177600,27.0587340800,27.3152600000,26.8972177600,70355130,2012767204.3400
2025-11-13,27.0302312000,27.1537436800,27.1727456000,26.8022081600,51024126,1449241871.0500
2025-11-14,27.1442427200,26.9352216000,27.3912676800,26.9352216000,40920148,1169548535.0700
2025-11-17,26.9257206400,27.1442427200,27.1917475200,26.7166995200,37467511,1064447094.6600
2025-11-18,27.3342619200,28.0468339200,28.1038396800,27.3342619200,130332563,3831903903.8100
2025-11-19,28.1133406400,28.1038396800,28.2938588800,27.9233214400,63042735,1869673840.4300
2025-11-20,28.0848377600,27.9328224000,28.2843579200,27.8948185600,47237188,1397017932.5100
2025-11-21,27.7523041600,27.6477936000,28.0753368000,27.5527840000,59902127,1749885197.2400
2025-11-24,27.8853176000,27.4672753600,27.9233214400,27.4387724800,44778082,1301705714.2400
2025-11-25,27.4767763200,27.7047993600,27.7998089600,27.3152600000,40763905,1184039230.6200
2025-11-26,27.6477936000,27.7238012800,27.8853176000,27.4387724800,28714877,835332535.4100
2025-11-27,27.7428032000,27.6002888000,27.7523041600,27.4767763200,22302578,648115983.2000
2025-11-28,27.6002888000,27.9138204800,27.9898281600,27.5242811200,35720114,1046624928.7700
2025-12-01,27.9328224000,27.9613252800,28.0848377600,27.6287916800,37912006,1111191934.8500
2025-12-02,27.9993291200,27.8853176000,28.0278320000,27.7523041600,24441802,716507514.2000
2025-12-03,27.8378128000,27.8093099200,27.9613252800,27.6572945600,26371544,772760506.8700
2025-12-04,27.7238012800,27.5432830400,27.8188108800,27.4957782400,27094245,787269790.1200
2025-12-05,27.5432830400,27.4767763200,27.7047993600,27.3627648000,26363035,763707567.5800
2025-12-08,27.5052792000,27.4007686400,27.6952984000,27.2962580800,33170657,957402046.1100
2025-12-09,27.5242811200,27.3247609600,27.6002888000,27.2107494400,31850797,917781062.9800
2025-12-10,27.2677552000,27.1347417600,27.4102696000,27.0397321600,26007581,744375877.9600
2025-12-11,27.1252408000,26.9732254400,27.1917475200,26.9447225600,26628298,758252703.9900
2025-12-12,27.1157398400,27.2677552000,27.3247609600,26.9162196800,48863129,1397348340.1900
2025-12-15,27.2677552000,27.3912676800,27.5717859200,27.2202504000,33126750,957316154.5000
2025-12-16,27.4577744000,27.5052792000,27.6857974400,27.3342619200,44664043,1292306812.2300
2025-12-17,27.6115381200,27.8723889000,28.1042562600,27.4183153200,45788558,1320877994.2100
2025-12-18,27.8723889000,27.9883225800,28.1042562600,27.7081495200,27882552,806884689.7400
2025-12-19,27.8240832000,28.1912065200,28.2491733600,27.7950997800,35762905,1040349263.7000
2025-12-22,28.0656117000,28.1139174000,28.3264624800,27.9496780200,40187251,1170602860.6400
2025-12-23,28.3168013400,27.9496780200,28.5003630000,27.8337443400,42733840,1242898334.5800
2025-12-24,27.8337443400,27.9013723200,28.0076448600,27.7274718000,29621304,854061689.9900
2025-12-25,27.9206946000,28.2105288000,28.3071402000,27.8530666200,33184155,966379470.8900
2025-12-26,28.2684956400,28.1139174000,28.3554459000,27.9496780200,29127982,847358126.1500
2025-12-29,28.1042562600,27.8917111800,28.1235785400,27.6984883800,37912627,1094914598.4600
2025-12-30,27.7854386400,27.7178106600,27.9206946000,27.6405215400,39049803,1121585940.4700
2025-12-31,27.7950997800,27.6308604000,27.9013723200,27.5922158400,26672702,764372854.6300
2026-01-05,27.6308604000,27.6405215400,27.9303557400,27.5825547000,49636137,1423103318.8000
2026-01-06,27.5825547000,27.6501826800,27.7178106600,27.2540759400,49580978,1413869797.1700
2026-01-07,27.6791661000,27.4569598800,27.8047609200,27.4183153200,40920906,1166508273.3400
2026-01-08,26.9545806000,26.3362676400,26.9545806000,26.1913505400,163515181,4471049099.5900
2026-01-09,26.2879619400,26.7420355200,26.7613578000,26.2783008000,87235860,2399189017.3900
2026-01-12,26.7420355200,26.8000023600,26.8386469200,26.4811847400,61097422,1685870213.3500
2026-01-13,26.8000023600,26.5971184200,27.1381422600,26.5101681600,55766702,1547123552.3300
2026-01-14,26.5777961400,26.4715236000,26.7227132400,26.4232179000,61452193,1688191479.5200
2026-01-15,26.4715236000,26.2976230800,26.6454241200,26.2589785200,48308585,1320320584.7600
2026-01-16,26.4135567600,26.0560945800,26.4135567600,26.0077888800,58831624,1594121536.9600
2026-01-19,26.0850780000,26.1720282600,26.2589785200,26.0464334400,45835509,1240407442.0600
2026-01-20,26.2010116800,26.2589785200,26.3362676400,26.0367723000,48048913,1303433703.9200
2026-01-21,26.3266065000,25.9304997600,26.3266065000,25.8628717800,71978943,1940325232.4500
2026-01-22,25.9304997600,25.9015163400,26.1430448400,25.8338883600,53862657,1447590670.6400
2026-01-23,25.9015163400,25.9111774800,26.0754168600,25.8435495000,65684976,1765509066.8100
2026-01-26,25.9208386200,25.7759215200,26.0657557200,25.6213432800,76041726,2032739796.7800
2026-01-27,25.7855826600,25.4764261800,25.8725329200,25.4764261800,67826730,1798337885.9900
2026-01-28,25.5343930200,25.2542199600,25.5826987200,25.1962531200,81613572,2139880003.3400
2026-01-29,25.2155754000,25.9208386200,25.9304997600,24.9257412000,145816433,3824110005.8000
2026-01-30,25.7952438000,25.4474427600,25.8918552000,25.4377816200,77733695,2060727988.9000
2026-02-02,25.7662603800,25.5537153000,25.9304997600,25.4667650400,74101417,1975230961.3800
2026-02-03,25.5247318800,25.6986324000,25.8242272200,25.4764261800,57156633,1517772060.2900
2026-02-04,25.7372769600,26.0947391400,26.1237225600,25.7082935400,60968829,1638579097.8300
2026-02-05,26.1816894000,26.2879619400,26.4232179000,26.0367723000,67557938,1835439251.0200
2026-02-06,26.3169453600,26.1623671200,26.5488127200,26.0850780000,56776904,1541138984.1500
2026-02-09,26.0850780000,26.1623671200,26.3555899200,26.0657557200,43155273,1168224784.8300
2026-02-10,26.1140614200,25.8435495000,26.1140614200,25.7372769600,56476485,1510541821.7700
2026-02-11,25.8918552000,25.9594831800,26.0657557200,25.7855826600,36605157,982348098.6800
2026-02-12,25.9304997600,25.7082935400,25.9498220400,25.6599878400,34447975,917793225.7700
2026-02-13,25.7952438000,25.5826987200,25.7952438000,25.5633764400,33469500,888806487.1300
2026-02-24,25.7082935400,25.4764261800,25.7276158200,25.2735422400,43522038,1146178660.3800
2026-02-25,25.4764261800,25.4087982000,25.7469381000,25.3315090800,48488882,1280621826.3600
2026-02-26,25.4184593400,25.2348976800,25.4571039000,25.1962531200,44462287,1162878488.7900
2026-02-27,25.2445588200,25.1962531200,25.3701536400,25.1286251400,39534029,1033896672.5400
2026-03-02,25.0706583000,25.1189640000,25.2542199600,24.7904852400,57790563,1496480386.7600
2026-03-03,25.1189640000,25.0513360200,25.3701536400,24.9064189200,55289165,1436052973.9700
2026-03-04,24.9354023400,24.7518406800,24.9740469000,24.5876013000,52514187,1345636227.8800
2026-03-05,24.8194686600,24.8001463800,25.1576085600,24.7421795400,35465651,914400191.9300
2026-03-06,24.7518406800,25.3218479400,25.3894759200,24.7131961200,54864924,1428036787.5400
2026-03-09,25.1576085600,25.3894759200,25.5054096000,24.9740469000,57850458,1512953329.2000
2026-03-10,25.3894759200,25.5054096000,25.6406655600,25.3604925000,48592356,1284899026.3300
2026-03-11,25.5633764400,25.5440541600,25.5633764400,25.3411702200,30153877,795350780.0300
2026-03-12,25.5343930200,25.8049049400,25.8532106400,25.3894759200,53204961,1412913343.9700
2026-03-13,25.8049049400,25.8049049400,26.0271111600,25.7082935400,49417144,1324445003.4900
2026-03-16,25.8049049400,25.9304997600,26.0367723000,25.7469381000,38830548,1042004019.2800
2026-03-17,25.9304997600,25.9594831800,26.1333837000,25.8049049400,51642564,1391233597.8100
2026-03-18,26.1140614200,25.7759215200,26.1333837000,25.6116821400,45363862,1210458286.4500
2026-03-19,25.7565992400,25.5440541600,25.9304997600,25.5054096000,36879904,980549683.6200
2026-03-20,25.5537153000,25.4957484600,25.8049049400,25.4957484600,34856405,925873982.8700
2026-03-23,25.3121868000,24.6262458600,25.3411702200,24.4909899000,64046188,1645709736.0100
2026-03-24,24.7325184000,24.8291298000,24.8581132200,24.5489567400,38907678,996535348.3200
2026-03-25,24.9547246200,25.0030303200,25.0899805800,24.8581132200,26451962,684607120.4200
2026-03-26,24.9354023400,25.0706583000,25.3604925000,24.9257412000,29023826,755975232.7000
2026-03-27,24.9547246200,25.2735422400,25.3411702200,24.9354023400,26642024,696018781.3900
2026-03-30,25.0899805800,25.5054096000,25.5730375800,25.0513360200,31960199,841098940.6100
2026-03-31,25.5826987200,25.4571039000,25.8242272200,25.4281204800,25987679,688545191.2800
2026-04-01,25.6793101200,25.4377816200,25.6793101200,25.2928645200,29163243,768508690.6900
2026-04-02,25.4184593400,25.5343930200,25.6020210000,25.3411702200,24744408,652316983.5800
2026-04-03,25.4860873200,25.4184593400,25.5343930200,25.2638811000,22332065,587515504.8000
2026-04-07,25.4184593400,25.4377816200,25.5247318800,25.1962531200,26823220,704556531.3600
2026-04-08,25.4860873200,25.5440541600,25.6503267000,25.4281204800,43784533,1158284738.8400
2026-04-09,25.4571039000,25.2348976800,25.4667650400,25.1382862800,26238408,685638150.8500
2026-04-10,25.3604925000,25.2542199600,25.5826987200,25.2155754000,28061054,738245206.9400
2026-04-13,25.2059142600,25.0803194400,25.2155754000,24.9643857600,30205736,783868152.5600
2026-04-14,25.1286251400,25.1093028600,25.3508313600,25.0030303200,23552854,612034745.2200
2026-04-15,25.0899805800,24.8194686600,25.1865919800,24.8194686600,47938194,1236094368.9400
2026-04-16,24.8291298000,24.7325184000,24.8581132200,24.6938738400,46513850,1190913071.5700
2026-04-17,24.7228572600,24.5296344600,24.7325184000,24.4620064800,50340376,1278607423.3400
2026-04-20,24.4909899000,24.6455681400,24.7035349800,24.4233619200,39733188,1010952938.6000
2026-04-21,24.6359070000,24.6938738400,24.8194686600,24.5586178800,32219341,822585093.4800
2026-04-22,24.7131961200,24.4330230600,24.7131961200,24.4233619200,44445929,1127169284.0200
2026-04-23,24.4426842000,24.4137007800,24.5682790200,24.2784448200,40731159,1029788344.9800
2026-04-24,24.3750562200,24.3943785000,24.5296344600,24.2977671000,38921794,982873447.3900
2026-04-27,24.3847173600,24.3943785000,24.5779401600,24.2977671000,43206386,1091147141.4500
2026-04-28,24.3557339400,24.6262458600,24.9160800600,24.3267505200,81728297,2081892316.6300
2026-04-29,24.6842127000,25.6696489800,25.6889712600,24.6359070000,126171490,3306441892.3900
2026-04-30,26.5681350000,26.5294904400,27.0415308600,26.1913505400,214409738,5900016973.3500
2026-05-06,26.5198293000,26.5198293000,26.5584738600,26.0947391400,105134290,2869648527.6300
2026-05-07,26.5101681600,26.5971184200,26.8869526200,26.3555899200,70882973,1957673075.4800
2026-05-08,26.5971184200,26.5874572800,26.8000023600,26.4618624600,56971479,1570843719.9600
2026-05-11,26.7613578000,27.1091588400,27.2444148000,26.4328790400,89534894,2500080895.6800
2026-05-12,27.0511920000,27.0608531400,27.4376376000,26.9449194600,73949047,2075872033.8000
2026-05-13,27.1767868200,26.9545806000,27.2637370800,26.7227132400,61671113,1716424480.7200
2026-05-14,26.8869526200,26.8386469200,27.0222085800,26.6261018400,50520982,1401655121.8600
2026-05-15,26.8289857800,26.6744075400,27.0415308600,26.5584738600,48337165,1340536762.8400
2026-05-18,26.5971184200,26.3652510600,26.7130521000,26.1816894000,43138894,1176318731.3000
2026-05-19,26.3652510600,26.3072842200,26.6647464000,26.2493173800,39758304,1086660190.3000
2026-05-20,26.3266065000,26.2010116800,26.4522013200,26.1237225600,36102064,981928662.8200
2026-05-21,26.2010116800,25.8532106400,26.3845733400,25.7952438000,54591747,1473216945.9600
2026-05-22,26.0367723000,25.3121868000,26.0367723000,25.3025256600,64056163,1691599954.4900
2026-05-25,25.3218479400,25.3798147800,25.6696489800,25.1286251400,45918161,1208937241.2100
2026-05-26,25.4087982000,25.6793101200,25.7662603800,25.2638811000,47954215,1269389378.0700
2026-05-27,25.5343930200,25.7179546800,26.0754168600,25.1865919800,57823925,1532144355.5800
2026-05-28,25.6020210000,25.1189640000,25.7759215200,25.0609971600,63166686,1651764277.8400
2026-05-29,25.0223526000,26.0077888800,26.1623671200,25.0223526000,71526137,1906594602.9200
2026-06-01,25.7952438000,26.0850780000,26.1140614200,25.6793101200,68461666,1839883295.8800
2026-06-02,26.0367723000,25.9498220400,26.2010116800,25.8918552000,41520219,1117322837.1800
2026-06-03,25.9015163400,25.8145660800,26.0174500200,25.4474427600,63492569,1689005116.2200
2026-06-04,25.7082935400,25.6599878400,25.9401609000,25.5730375800,47475637,1263704666.2600
2026-06-05,25.7200000000,25.6700000000,26.2500000000,25.5900000000,61635907,1592799009.6000
2026-06-08,25.7600000000,25.3700000000,26.1000000000,25.1800000000,57575826,1470714333.4000
2026-06-09,25.3700000000,25.1200000000,25.7000000000,25.0200000000,58331243,1473213378.2700
2026-06-10,25.0300000000,25.5800000000,25.6400000000,24.9800000000,48411041,1229111249.2200
2026-06-11,25.5500000000,25.6100000000,25.7900000000,25.3700000000,37892162,969593727.4900
2026-06-12,25.6400000000,25.7100000000,25.9600000000,25.4500000000,60687881,1557689694.0900
2026-06-15,25.7500000000,25.4100000000,25.8200000000,25.2600000000,61274760,1561234413.5000
2026-06-16,25.3300000000,24.8000000000,25.3300000000,24.6000000000,73011600,1820681156.7100
2026-06-17,24.8500000000,24.6700000000,24.8900000000,24.5100000000,53518524,1319337173.3500
2026-06-18,24.6700000000,24.2600000000,24.7200000000,24.2100000000,50550312,1232827197.7500
2026-06-22,24.2000000000,24.6300000000,24.8300000000,23.8600000000,77568558,1887393623.1800
2026-06-23,24.5600000000,24.4600000000,25.1100000000,24.4000000000,54912282,1356153750.0100
2026-06-24,24.7100000000,24.4000000000,25.0500000000,24.3600000000,66908759,1649161030.0600
2026-06-25,24.4000000000,24.6100000000,25.0400000000,24.2800000000,73314579,1804917729.1500
2026-06-26,24.6100000000,24.2700000000,24.6800000000,24.2700000000,48538360,1185934671.9600
2026-06-29,24.3000000000,24.5800000000,24.8000000000,23.8200000000,66351529,1619823489.0500
2026-06-30,24.4700000000,23.9600000000,24.4900000000,23.9000000000,62302464,1499377935.7000
2026-07-01,24.0000000000,24.3100000000,24.5500000000,23.7600000000,55486900,1343047342.8900
2026-07-02,24.3000000000,24.4500000000,24.7000000000,24.1600000000,57566728,1404842477.2400
2026-07-03,24.4900000000,24.6000000000,24.7800000000,24.3200000000,49133830,1205701134.0800
2026-07-06,24.5400000000,25.0700000000,25.2100000000,24.3000000000,64662843,1609218196.3500
2026-07-07,25.0300000000,25.0700000000,25.2400000000,24.8200000000,40413139,1011494468.2500
2026-07-08,25.0700000000,25.2200000000,25.3700000000,24.7900000000,38514551,969568034.4600
2026-07-09,25.0100000000,24.8500000000,25.1200000000,24.8200000000,51395027,1281074284.0200
2026-07-10,24.8000000000,24.8800000000,24.9000000000,24.3800000000,70410517,1738990123.1500
2026-07-13,24.6600000000,25.0300000000,25.1800000000,24.5200000000,59559387,1483719663.0100
2026-07-14,24.9200000000,25.2800000000,25.3300000000,24.9100000000,54182551,1362876825.9800
2026-07-15,25.1000000000,25.9300000000,25.9800000000,25.0500000000,76805418,1975868641.9900
2026-07-16,25.9300000000,26.0300000000,26.2500000000,25.7600000000,59565204,1550440921.3900
2026-07-17,26.1500000000,26.1100000000,26.4400000000,26.0300000000,67180326,1760922558.8700
2026-07-20,26.0200000000,27.0000000000,27.0000000000,26.0000000000,100746344,2696156209.9200
2026-07-21,27.3100000000,27.0700000000,27.6800000000,26.9200000000,115257956,3139262605.8600
2026-07-22,26.9100000000,27.3800000000,27.3800000000,26.8000000000,71216454,1930644200.5100
2026-07-23,27.5000000000,27.2300000000,27.5000000000,27.0200000000,59740540,1626183214.5600
2026-07-24,27.4800000000,27.0400000000,27.4800000000,26.8800000000,57118637,1546192367.8100
2026-07-27,26.9400000000,26.0600000000,26.9400000000,26.0000000000,107391351,2822807868.5700
2026-07-28,26.2200000000,26.5800000000,26.6700000000,26.0200000000,69084770,1825876491.9300
2026-07-29,27.3700000000,27.3100000000,27.4800000000,26.7200000000,100316910,2735911270.5400
2026-07-30,27.1900000000,27.6900000000,27.7000000000,27.1100000000,97885622,2700168051.5600
2026-07-31,27.1300000000,27.1000000000,27.4200000000,26.9300000000,79087404,2146924225.9100
