date,open,close,high,low,volume,amount
2020-01-02,63.8180306000,63.9814760800,64.4792418600,63.8031719200,77825207,6712531637.0000
2020-01-03,64.4941005400,64.0409108000,64.5461059200,63.8180306000,59498001,5137311989.0000
2020-01-06,63.8328892800,63.5951504000,64.5386765800,63.5208570000,63644804,5487967678.0000
2020-01-07,63.8997533400,64.0037641000,64.2340736400,63.6471557800,45218832,3886450097.0000
2020-01-08,63.8774653200,63.1493900000,63.8774653200,62.7779230000,62805311,5347387392.0000
2020-01-09,63.5802917200,63.1791073600,63.6025797400,62.9190804600,59871202,5090240023.0000
2020-01-10,63.4094169000,62.9859445200,63.4391342600,62.8596457400,52586461,4460689400.0000
2020-01-13,63.1568193400,64.2266443000,64.2415029800,62.9859445200,81058866,6944781684.0000
2020-01-14,64.7838448000,64.5089592200,65.2444638800,64.3975191200,71668182,6246205825.0000
2020-01-15,64.4941005400,63.7511665400,64.7244100800,63.6545851200,52621657,4530511031.0000
2020-01-16,64.1226335400,63.5580037000,64.1672095800,63.5580037000,49857909,4283072147.0000
2020-01-17,64.0037641000,64.0780575000,64.5609646000,63.7808839000,55537018,4786520184.0000
2020-01-20,65.6010722000,65.0810184000,65.8982458000,64.8952849000,93605062,8248578935.0000
2020-01-21,64.6352580000,63.5951504000,64.8507088600,63.5951504000,72757941,6273908588.0000
2020-01-22,63.1493900000,63.3128354800,63.5059983200,62.2801572200,73657688,6235779993.0000
2020-01-23,62.4138853400,62.0275596600,62.8224990400,61.2771963200,108002062,9019354016.0000
2020-02-03,56.8418803400,57.7334011400,58.8775195000,56.7601576000,203149868,15779335422.0000
2020-02-04,58.1717322000,59.7541816200,60.1553659800,58.0974388000,121348050,9661568316.0000
2020-02-05,59.8507630400,59.7170349200,60.4228222200,59.2564158400,75319694,6062969630.0000
2020-02-06,60.3113821200,60.5639796800,60.8982999800,59.7170349200,67218969,5451123737.0000
2020-02-07,59.8804804000,60.1999420200,60.3262408000,59.7467522800,49163056,3968082289.0000
2020-02-10,59.6947469000,59.6576002000,59.9101977600,59.3604266000,59360447,4759660453.0000
2020-02-11,60.0959312600,60.2742354200,60.8165772400,59.8061870000,58432220,4748597561.0000
2020-02-12,60.2519474000,60.3262408000,60.5194036400,59.8433337000,44433902,3595991660.0000
2020-02-13,60.3262408000,59.7690403000,60.3262408000,59.7021762400,56260392,4532120660.0000
2020-02-14,59.7096055800,60.1776540000,60.3708168400,59.5907361400,42876535,3460459250.0000
2020-02-17,60.1776540000,61.2103322600,61.2846256600,59.9547738000,67811881,5545284407.0000
2020-02-18,60.7794305400,60.5862677000,61.0023107400,60.5045449600,51320023,4192774607.0000
2020-02-19,60.1999420200,60.6977078000,61.0988921600,60.1850833400,46047417,3760231172.0000
2020-02-20,60.9205880000,61.8715435200,62.1167117400,60.4376809000,83304258,6866907972.0000
2020-02-21,61.2920550000,61.2029029200,61.8343968200,60.9205880000,109390584,9020541385.0000
2020-02-24,60.1776540000,59.9696324800,60.4005342000,59.8061870000,103510293,8361285867.0000
2020-02-25,59.2861332000,59.5758774600,59.6724588800,59.0706823400,86900094,6948570625.0000
2020-02-26,59.0261063000,59.3084212200,59.9993498400,58.7735087400,84416650,6737173090.0000
2020-02-27,59.1375464000,59.2787038600,59.7318936000,58.9146662000,66679316,5318013519.0000
2020-02-28,58.3946124000,57.7408304800,58.9072368600,57.7334011400,98392314,7697148541.0000
2020-03-02,58.1865908800,59.1226877200,59.5833068000,58.1865908800,71232340,5669190141.0000
2020-03-03,59.7913283200,59.0558236600,59.8581923800,58.8849488400,67823840,5418803178.0000
2020-03-04,59.3604266000,59.8656217200,59.9919205000,59.3604266000,67757456,5443423591.0000
2020-03-05,60.1850833400,61.2549083000,61.4852178400,59.8953390800,96064271,7866801864.0000
2020-03-06,60.6011263800,60.1107899400,60.8611532800,60.0290672000,58418607,4739601763.0000
2020-03-09,58.6249219400,58.0528627600,58.6917860000,57.9637106800,105508261,8277312802.0000
2020-03-10,58.0528627600,58.8255141200,59.2712745200,57.8225532200,71700649,5645289830.0000
2020-03-11,58.8255141200,58.0602921000,58.8775195000,58.0602921000,59140393,4645175644.0000
2020-03-12,57.3916515000,56.9458911000,57.5625263200,56.8567390200,90129053,6925926414.0000
2020-03-13,53.5952587600,55.5045991400,56.4481253200,53.5655414000,116615744,8615758935.0000
2020-03-16,55.3485830000,53.4912480000,55.3634416800,53.3426612000,97917345,7135463717.0000
2020-03-17,53.2312211000,53.5952587600,54.2341820000,52.6665912600,95092287,6841593561.0000
2020-03-18,53.8850030200,51.9087985800,54.1450299200,51.8939399000,85218111,6077848896.0000
2020-03-19,51.3367394000,50.3783545400,51.9087985800,49.2713828800,123676064,8385522982.0000
2020-03-20,51.0469951400,51.2624460000,51.5596196000,50.0366049000,88726935,6081161074.0000
2020-03-23,49.0336440000,49.5982738400,50.1480450000,49.0336440000,68407966,4566662467.0000
2020-03-24,50.4823653000,51.2252993000,51.2995927000,50.3857838800,79163320,5419438569.0000
2020-03-25,52.4511404000,52.2654069000,52.9191888200,51.9162279200,92818620,6547779490.0000
2020-03-26,51.6190543200,52.1465374600,52.7483140000,51.5224729000,54986973,3859228586.0000
2020-03-27,52.9340475000,51.7973584800,52.9637648600,51.7973584800,60308423,4246255802.0000
2020-03-30,50.9652724000,51.3738861000,51.5521902600,50.8538323000,46795596,3222983516.0000
2020-03-31,52.0871027400,51.3887447800,52.2654069000,51.2698753400,42536786,2967824565.0000
2020-04-01,51.2624460000,51.5001848800,52.3545589800,51.1881526000,55692869,3887226530.0000
2020-04-02,50.8166856000,51.7602117800,51.7602117800,50.3412078400,51202929,3512800754.0000
2020-04-03,51.3367394000,51.1584352400,51.4556088400,50.8241149400,42025417,2892833242.0000
2020-04-07,52.0648147200,51.9830919800,52.2282602000,51.6784890400,61934765,4330830271.0000
2020-04-08,51.6859183800,51.5521902600,51.8567932000,51.5001848800,36245867,2521691766.0000
2020-04-09,51.7453531000,51.7379237600,51.9756626400,51.5447609200,36830815,2567770387.0000
2020-04-10,51.7453531000,52.7408846600,53.8107096200,51.5447609200,76624962,5445247152.0000
2020-04-13,52.3397003000,52.1019614200,52.5922978600,52.0053800000,35516987,2495812251.0000
2020-04-14,52.5105751200,52.7631726800,52.8746127800,52.1911135000,42969677,3041154493.0000
2020-04-15,52.8003193800,52.6368739000,53.0306289200,52.4882871000,38151523,2707408704.0000
2020-04-16,52.3768470000,52.2876949200,52.5328631400,52.1242494400,28294260,1992746679.0000
2020-04-17,52.8226074000,53.7884216000,54.4719208800,52.5922978600,90367948,6519197379.0000
2020-04-20,54.1524592600,54.6056490000,54.8285292000,53.5655414000,65419398,4785645886.0000
2020-04-21,54.2713287000,53.7661335800,54.5907903200,53.1272103400,56898431,4118269231.0000
2020-04-22,53.4912480000,53.5432533800,53.5432533800,53.1049223200,37767315,2709336486.0000
2020-04-23,53.7809922600,53.6101174400,54.0855952000,53.3575198800,32966612,2379812928.0000
2020-04-24,52.7706020200,52.3768470000,52.7706020200,52.2282602000,66711619,4705918849.0000
2020-04-27,52.4659990800,52.8969008000,53.2015037400,52.4659990800,48152784,3433518802.0000
2020-04-28,53.1197810000,53.7735629200,53.9964431200,52.7260259800,61387427,4420134600.0000
2020-04-29,53.7735629200,54.9771160000,55.1257028000,53.7735629200,53115638,3917886431.0000
2020-04-30,55.3188656400,55.3188656400,55.9429302000,55.1331321400,48625473,3635525684.0000
2020-05-06,54.4570622000,54.8359585400,54.9622573200,54.1598886000,62916787,4613009932.0000
2020-05-07,54.7542358000,54.4050568200,54.7542358000,54.0930245400,40312289,2946802572.0000
2020-05-08,55.0554368000,55.1840003200,55.4260022400,54.4958073600,40471960,2944390962.0000
2020-05-11,55.2898761600,55.8873184000,56.5679488000,55.2898761600,49575731,3677832430.0000
2020-05-12,55.8873184000,55.9100060800,56.2125084800,55.5621283200,41545036,3071895578.0000
2020-05-13,55.6604416000,55.4638150400,55.9100060800,54.9419984000,28897035,2118699108.0000
2020-05-14,55.2066880000,54.6243708800,55.2066880000,54.5789955200,34971511,2535717394.0000
2020-05-15,54.9117481600,54.6243708800,55.2823136000,54.5865580800,31750730,2301777679.0000
2020-05-18,54.6016832000,54.6016832000,55.1915628800,54.2159926400,30846266,2228956647.0000
2020-05-19,55.3428140800,55.1310624000,55.6604416000,54.9117481600,34158323,2493797102.0000
2020-05-20,55.2066880000,55.1688752000,55.3503766400,54.8285600000,27483484,2000585096.0000
2020-05-21,55.3579392000,54.7378092800,55.4335648000,54.7226841600,31268623,2277526278.0000
2020-05-22,54.4958073600,53.0286707200,54.5260576000,53.0135456000,57719422,4091224714.0000
2020-05-25,52.9379200000,52.9606076800,52.9984204800,52.1816640000,41710115,2901602627.0000
2020-05-26,53.6866134400,53.3236105600,53.6941760000,53.1799219200,27112848,1912577654.0000
2020-05-27,53.4824243200,53.4294864000,54.1328044800,53.3311731200,28715214,2036204894.0000
2020-05-28,53.4521740800,54.0798665600,54.4428694400,53.4521740800,41426045,2961421771.0000
2020-05-29,53.6185504000,53.4748617600,53.9210528000,53.3009228800,26844115,1901686644.0000
2020-06-01,53.9966784000,54.5714329600,54.6243708800,53.8681148800,45767284,3296218949.0000
2020-06-02,54.4655571200,56.1746956800,56.3637596800,54.4579945600,81052327,5968449049.0000
2020-06-03,56.7192000000,56.7267625600,57.9972726400,56.7192000000,99148840,7515763784.0000
2020-06-04,57.0368275200,56.8250758400,57.2561417600,56.4015724800,45388022,3410379332.0000
2020-06-05,56.8250758400,56.9460768000,57.0519526400,56.2654464000,34980754,2618665525.0000
2020-06-08,57.2485792000,58.0199603200,58.3980883200,57.2485792000,76697448,5884341883.0000
2020-06-09,58.0275228800,57.8535840000,58.3678380800,57.7174579200,38851680,2977854246.0000
2020-06-10,57.9140844800,57.1578284800,58.0048352000,57.0746403200,34545292,2619976605.0000
2020-06-11,56.8780137600,56.1293203200,57.0746403200,55.8116928000,58611342,4367908974.0000
2020-06-12,55.2823136000,56.0763824000,56.0763824000,55.1840003200,48825871,3587207261.0000
2020-06-15,55.7209420800,54.8588102400,55.7965676800,54.7907472000,55130379,4024617717.0000
2020-06-16,55.6604416000,55.5545657600,55.7209420800,55.3125638400,34190511,2510329760.0000
2020-06-17,55.3579392000,55.2142505600,55.4940652800,54.9041856000,32589579,2375228580.0000
2020-06-18,55.0932496000,55.5091904000,55.7890051200,54.7378092800,41863201,3062399434.0000
2020-06-19,55.5394406400,55.5243155200,56.0310070400,55.2066880000,63598984,4672211605.0000
2020-06-22,55.2066880000,55.0327491200,55.9024435200,54.9117481600,67183145,4908549057.0000
2020-06-23,54.8285600000,54.4201817600,54.9041856000,54.2008675200,77963604,5610392717.0000
2020-06-24,54.6394960000,54.6470585600,55.0932496000,54.4579945600,60513632,4380602931.0000
2020-06-29,54.5033699200,53.7017385600,54.6470585600,53.5429248000,71483781,5089513072.0000
2020-06-30,53.9664281600,53.9966784000,54.2840556800,53.6941760000,45150315,3222061872.0000
2020-07-01,54.1403670400,55.5848160000,55.5848160000,53.8454272000,96755992,7027221949.0000
2020-07-02,55.4184396800,57.4754560000,57.4830185600,55.2066880000,147446692,11001772289.0000
2020-07-03,57.5888944000,58.9577177600,59.3585334400,57.5813318400,170382002,13197963062.0000
2020-07-06,59.8349747200,63.6162547200,64.1910092800,59.8349747200,280669456,23106295707.0000
2020-07-07,65.7942720000,62.9356243200,66.2480256000,62.9204992000,222204141,18920029728.0000
2020-07-08,63.6086921600,64.8035766400,65.7942720000,63.4120656000,169638993,14486522558.0000
2020-07-09,65.2648928000,64.9775155200,65.6430208000,64.2061344000,142459727,12240651395.0000
2020-07-10,64.2893225600,62.2701190400,64.5615747200,62.0961801600,146661958,12251530199.0000
2020-07-13,61.9449289600,62.2852441600,63.2683769600,61.6424265600,117951579,9725535191.0000
2020-07-14,62.2928067200,61.4836128000,62.9431868800,60.9617961600,98855793,8093687566.0000
2020-07-15,62.1264304000,60.6668563200,62.3079318400,60.5912307200,92276793,7478183762.0000
2020-07-16,61.4836128000,59.1543443200,61.9903043200,59.0635936000,131817000,10546372452.0000
2020-07-17,59.7442240000,59.0030931200,60.0391638400,58.4661513600,87503528,6849600333.0000
2020-07-20,59.7820368000,62.6179968000,62.6331219200,59.7820368000,137754779,11212026913.0000
2020-07-21,62.7314352000,61.0752345600,62.9204992000,60.7802947200,90477483,7340189248.0000
2020-07-22,60.6592937600,60.4475420800,61.8995536000,60.0769766400,87751322,7056923502.4300
2020-07-23,59.7442240000,59.7442240000,60.4097292800,59.0030931200,78210045,6158187276.3700
2020-07-24,59.6534732800,58.2317120000,59.6610358400,57.7628332800,107269340,8306516311.2700
2020-07-27,58.4434636800,57.8006460800,58.8291542400,57.2485792000,73479899,5615185667.0300
2020-07-28,58.2241494400,57.7628332800,58.4585888000,57.4376432000,63985871,4893527504.8100
2020-07-29,57.4754560000,58.4585888000,58.9879680000,57.2863920000,70286526,5415279237.6800
2020-07-30,58.5266518400,57.4981436800,58.5569020800,57.4905811200,64624326,4940867628.3200
2020-07-31,57.4754560000,57.3998304000,58.4207760000,56.8704512000,74852042,5701005305.4600
2020-08-03,57.7401456000,57.8082086400,57.9897100800,57.3090796800,85524765,6513674698.5800
2020-08-04,58.0880233600,59.4946595200,60.0089136000,57.6267072000,148146165,11554011370.7500
2020-08-05,58.9425926400,58.3300252800,58.9501552000,57.9292096000,78780592,6075388455.5900
2020-08-06,58.2317120000,58.3451504000,58.9047798400,57.6342697600,64756303,4979623105.3700
2020-08-07,58.2014617600,57.7250204800,58.7384035200,57.4830185600,54980898,4215768273.1800
2020-08-10,57.4905811200,58.2392745600,58.7535286400,57.3393299200,70007323,5396774600.8600
2020-08-11,58.5720272000,58.0577731200,59.5022220800,57.8611465600,77530900,6036019283.6600
2020-08-12,58.0804608000,58.3527129600,58.5795897600,57.7779584000,58601265,4513022465.7800
2020-08-13,58.6098400000,57.9292096000,58.6854656000,57.8611465600,42135547,3236112230.1100
2020-08-14,57.8308963200,59.1316566400,59.3585334400,57.7325830400,63247371,4893057493.2000
2020-08-17,59.1619068800,61.3323616000,62.4440579200,59.1619068800,173940016,14077887672.5900
2020-08-18,61.1054848000,60.3114160000,61.1811104000,60.0467264000,84250596,6735058126.3200
2020-08-19,60.1979776000,59.1165315200,60.5836681600,59.1165315200,56473384,4458976787.7900
2020-08-20,59.0635936000,58.6854656000,59.0635936000,58.3451504000,49842248,3863022133.2200
2020-08-21,59.2148448000,59.1770320000,59.5627225600,58.6476528000,42445930,3315620079.5800
2020-08-24,59.7064112000,58.8367168000,59.7442240000,58.7081532800,47280441,3698163542.5900
2020-08-25,58.9879680000,59.0711561600,59.6534732800,58.6854656000,53047942,4149072333.8700
2020-08-26,58.9879680000,58.0804608000,59.0257808000,57.9292096000,54277509,4191632778.0000
2020-08-27,58.3451504000,57.8838342400,58.3602755200,57.4754560000,44883359,3425207258.8500
2020-08-28,57.8308963200,58.9047798400,59.1467817600,57.3620176000,76502813,5893644072.3600
2020-08-31,58.9047798400,57.9443347200,59.5929728000,57.9140844800,72312973,5624026414.4800
2020-09-01,57.5359564800,57.7628332800,57.9216470400,57.4754560000,47125055,3593513069.6900
2020-09-02,57.9367721600,57.4225180800,58.0804608000,57.1729536000,55637670,4229574502.9300
2020-09-03,57.4678934400,57.0141398400,57.7930835200,56.8326384000,59983664,4540579466.9300
2020-09-04,56.5679488000,56.5830739200,56.7948256000,56.3788848000,47825576,3575937386.1500
2020-09-07,56.5830739200,56.7645753600,57.6645200000,56.5301360000,63325076,4787525506.4400
2020-09-08,57.4603308800,58.3375878400,58.5795897600,57.2485792000,86603009,6642255588.2100
2020-09-09,57.7628332800,57.8384588800,58.6476528000,57.7250204800,52398217,4026858723.8900
2020-09-10,58.2014617600,57.8687091200,58.4888390400,57.7779584000,53035437,4078037119.4600
2020-09-11,57.7855209600,58.3905257600,58.6098400000,57.5964569600,46217823,3557564883.5500
2020-09-14,58.7005907200,59.4039088000,59.8198496000,58.7005907200,72999187,5730571509.4100
2020-09-15,59.4039088000,60.4324169600,60.8634828800,58.6476528000,101435044,8095818926.6100
2020-09-16,60.5699481600,60.0428544000,60.7227289600,59.9206297600,46794754,3693757688.6900
2020-09-17,60.4324454400,60.3484160000,60.9442611200,60.1192448000,66830642,5303741281.7700
2020-09-18,60.8067584000,63.3200025600,63.4498662400,60.7150899200,177600775,14522782208.0100
2020-09-21,63.3276416000,61.8227507200,63.4651443200,61.8227507200,84531359,6909679018.4500
2020-09-22,60.8831488000,60.4018892800,61.6699699200,60.3484160000,67938147,5407048621.6800
2020-09-23,60.7303680000,60.0122982400,60.7838412800,59.9206297600,36211616,2855189686.1200
2020-09-24,59.7296537600,58.8740812800,59.9664640000,58.8206080000,60837288,4720617558.4800
2020-09-25,59.4775654400,59.2713113600,59.4928435200,58.8206080000,35668375,2760347917.8500
2020-09-28,59.2713113600,59.5463168000,60.0352153600,59.1338086400,37177371,2897251524.2500
2020-09-29,59.9588249600,58.6678272000,59.9664640000,58.5914368000,51992004,4014297164.6200
2020-09-30,58.7442176000,58.2553190400,59.1567257600,58.0643430400,47625773,3652745796.0600
2020-10-09,59.0268620800,59.5081216000,59.9282688000,59.0192230400,47428848,3700952922.8900
2020-10-12,59.8518784000,61.7692774400,61.9908096000,59.8213222400,86992879,7002973824.3100
2020-10-13,61.6241356800,62.1665075200,62.5255424000,61.0817638400,56442934,4572861833.4000
2020-10-14,62.2581760000,62.1665075200,62.2658150400,61.4942720000,50039556,4060079461.9000
2020-10-15,62.1817856000,62.1817856000,63.2970854400,62.1053952000,55502187,4555169176.0700
2020-10-16,62.4873472000,62.6401280000,63.3200025600,62.2581760000,60703280,4992393587.5700
2020-10-19,63.1519436800,62.5255424000,64.4582195200,62.4949862400,91742376,7642713658.0100
2020-10-20,62.4491520000,62.0519219200,62.6401280000,61.9602534400,41318580,3363220838.6200
2020-10-21,62.4491520000,62.9456896000,63.0831923200,62.0824780800,49249162,4040506422.7400
2020-10-22,63.0373580800,62.7165184000,63.3123635200,61.3262131200,46697087,3811833387.3700
2020-10-23,62.7317964800,63.7859840000,64.8019763200,62.7317964800,93880947,7885042870.1500
2020-10-26,63.8623744000,62.7929088000,64.4505804800,62.0137267200,59632529,4915201799.0100
2020-10-27,62.4720691200,61.9296972800,62.7929088000,61.8762240000,55925690,4554557428.8900
2020-10-28,61.5019110400,60.7914803200,61.9220582400,60.3942502400,76979681,6137912536.3100
2020-10-29,59.6456243200,60.0886886400,61.0282905600,59.5997900800,72755430,5723421438.8800
2020-10-30,60.0810496000,59.4546483200,60.6921728000,59.3095065600,76459869,5985865621.2000
2020-11-02,59.9664640000,58.9963059200,60.2032742400,58.8282470400,63872032,4955636566.5000
2020-11-03,59.4088140800,60.4706406400,60.6081433600,59.1261696000,61543284,4838929214.8700
2020-11-04,60.1803571200,60.7303680000,60.9977344000,60.0428544000,43467076,3448542091.6900
2020-11-05,61.3796864000,61.8303897600,62.3956787200,61.2651008000,53709524,4346336859.1300
2020-11-06,61.9526144000,62.1053952000,62.4491520000,61.5095500800,51038925,4140944230.7100
2020-11-09,63.0220800000,63.3887539200,63.7859840000,62.8692992000,80996545,6726290347.5400
2020-11-10,64.3512729600,63.5568128000,64.7408640000,63.4422272000,78900305,6624999076.9400
2020-11-11,63.5568128000,63.8012620800,64.1908531200,63.1366656000,54282531,4534083952.5800
2020-11-12,63.9769600000,62.8463820800,64.5269708800,62.4873472000,49054364,4048788617.5900
2020-11-13,61.9373363200,61.3720473600,62.4109568000,60.8296755200,70794237,5675497103.9000
2020-11-16,61.6394137600,63.4804224000,63.6026470400,61.6394137600,70143403,5775792598.7400
2020-11-17,63.4804224000,64.1908531200,64.7179468800,63.4040320000,82506392,6945950433.6200
2020-11-18,64.4734976000,65.2144844800,65.8332467200,64.4200243200,96965774,8293242271.9400
2020-11-19,65.0846208000,65.2526796800,65.5047680000,64.5575270400,54900519,4675267716.8600
2020-11-20,65.1610112000,64.5804441600,65.1686502400,64.0915456000,45298594,3824038756.8800
2020-11-23,64.9318400000,65.8638028800,66.0318617600,64.6644736000,78377584,6717179289.2500
2020-11-24,65.9249152000,64.9318400000,66.4520089600,64.6950297600,49992972,4284342940.9600
2020-11-25,65.6881049600,66.6506240000,67.6436992000,65.6728268800,122368908,10732748795.0700
2020-11-26,66.4672870400,68.1020416000,68.2853785600,66.1922816000,90924011,8027343289.1700
2020-11-27,68.3694080000,68.8277504000,68.9499750400,67.6131430400,74795473,6694377072.4200
2020-11-30,69.5152640000,68.7742771200,72.2805964800,68.7742771200,153919637,14316071593.8600
2020-12-01,69.2860928000,71.3333555200,71.3333555200,68.4839936000,85420603,7840114574.1600
2020-12-02,71.3333555200,70.9284864000,71.6923904000,70.3479193600,65068818,6049580162.0900
2020-12-03,70.8826521600,70.1798604800,71.3715507200,69.6756838400,50991723,4689461116.9300
2020-12-04,70.3173632000,70.4243097600,70.6840371200,68.8965017600,48929502,4464927572.5400
2020-12-07,70.8750131200,69.0416435200,71.0277939200,68.0027340800,62778839,5675145574.6800
2020-12-08,68.7513600000,67.2617472000,69.3242880000,67.0707712000,86333963,7655879133.5900
2020-12-09,67.6055040000,67.1242444800,68.3541299200,67.0631321600,52500504,4650557072.1400
2020-12-10,67.2235520000,66.9791027200,67.7506457600,66.5742336000,40575298,3569375603.8000
2020-12-11,67.6055040000,65.7721344000,67.9110656000,65.2832358400,71494237,6185908146.8100
2020-12-14,66.1922816000,66.9867417600,67.3457766400,66.0776960000,58386154,5104281273.3500
2020-12-15,66.4520089600,65.9249152000,66.4520089600,65.2144844800,63310377,5440988906.2400
2020-12-16,66.1540864000,66.3374233600,66.8263219200,65.6575488000,47070489,4082011353.3300
2020-12-17,66.4290918400,67.9721779200,68.0332902400,66.1006131200,68546267,6030510870.8800
2020-12-18,67.8346752000,67.0631321600,68.1784320000,66.5513164800,49981599,4395183091.6000
2020-12-21,66.4596480000,66.4978432000,67.0325760000,65.7033830400,59973257,5206712773.2400
2020-12-22,66.4902041600,64.2825216000,66.4902041600,63.9769600000,98595963,8391031071.5200
2020-12-23,64.3359948800,64.8172544000,65.2297625600,63.9922380800,55037110,4650859410.1200
2020-12-24,65.1610112000,64.3207168000,65.1992064000,63.9311257600,52479068,4424690021.6100
2020-12-25,63.8623744000,63.5568128000,63.8623744000,62.5331814400,69140797,5712810723.8800
2020-12-28,63.7477888000,64.6415564800,65.0769817600,63.2894464000,63519948,5351448826.8200
2020-12-29,64.8936448000,65.3137920000,65.7568563200,64.6950297600,51931564,4440460409.8600
2020-12-30,65.0846208000,65.6040755200,65.6040755200,64.3054387200,56570726,4803060806.4400
2020-12-31,65.3825433600,66.4443699200,66.9791027200,65.3825433600,79580939,6906071808.6500
2021-01-04,66.3908966400,65.0693427200,66.4214528000,64.2443264000,103643104,8814286886.1600
2021-01-05,64.5498880000,64.3741900800,64.5498880000,63.2894464000,105478627,8795809651.6900
2021-01-06,64.3894681600,65.4971289600,65.4971289600,63.8241792000,93759848,7950362262.5000
2021-01-07,65.5964364800,65.8943590400,66.2763110400,64.3971072000,106968724,9137580589.1500
2021-01-08,65.8638028800,65.7721344000,66.6582630400,65.0922598400,116936795,10069057405.0400
2021-01-11,65.8485248000,64.1908531200,66.1540864000,64.1679360000,109860234,9329271307.3800
2021-01-12,64.0762675200,67.0860492800,67.0860492800,63.6561203200,146755609,12534640503.8000
2021-01-13,67.8346752000,66.8721561600,68.2013491200,66.3297843200,139094339,12223230668.7100
2021-01-14,67.5291136000,65.1380940800,67.6207820800,64.8401715200,137927380,11920236040.3900
2021-01-15,65.6499097600,66.3832576000,67.7200896000,65.1380940800,158708501,13814609039.6100
2021-01-18,66.4596480000,66.6124288000,66.9561856000,65.1610112000,116241991,10058906404.3600
2021-01-19,66.9027123200,66.3068672000,67.3381376000,65.7263001600,110332831,9590457419.9600
2021-01-20,66.5513164800,65.0846208000,66.7117363200,64.8630886400,131977553,11316059444.3200
2021-01-21,65.2068454400,64.5040537600,65.2450406400,64.0151552000,139305540,11761468221.7500
2021-01-22,64.9318400000,64.0151552000,65.0464256000,63.8012620800,116275248,9781081768.7300
2021-01-25,63.9387648000,64.8401715200,64.8401715200,63.0831923200,127980118,10711676899.1400
2021-01-26,64.5498880000,63.4040320000,64.8401715200,63.3123635200,105139741,8787960589.5700
2021-01-27,63.3887539200,63.4345881600,64.0991846400,63.0831923200,68273775,5679886868.6600
2021-01-28,62.7929088000,61.8151116800,63.0831923200,61.6088576000,106108731,8642469570.2400
2021-01-29,61.7998336000,60.4095283200,62.2123417600,59.9664640000,126980032,10098743883.4100
2021-02-01,60.4248064000,60.5546700800,60.9137049600,59.8671564800,72490144,5729483191.8200
2021-02-02,60.5623091200,59.7220147200,60.6921728000,59.5463168000,98836447,7742175158.8300
2021-02-03,59.3858969600,58.4692121600,59.3858969600,57.5219712000,134384298,10255482626.3200
2021-02-04,59.5845120000,60.8220364800,61.3567692800,59.3553408000,141654771,11200715085.8100
2021-02-05,61.1123200000,60.8984268800,61.3262131200,60.0504934400,84557225,6724535241.4000
2021-02-08,60.9060659200,60.0199372800,61.4407987200,59.7984051200,79654699,6286929302.5100
2021-02-09,60.0122982400,59.6838195200,60.0122982400,58.6678272000,91412187,7082935952.6600
2021-02-10,59.5081216000,60.5393920000,60.9671782400,59.1949209600,91968674,7280622421.5500
2021-02-18,62.2581760000,62.9304115200,63.2970854400,61.7921945600,146678205,12007277012.0900
2021-02-19,62.6401280000,64.3207168000,64.5957222400,62.3956787200,124061762,10401612526.2900
2021-02-22,64.3589120000,63.4040320000,65.1533721600,63.0831923200,113034110,9477375165.1200
2021-02-23,63.0373580800,64.4123852800,65.0769817600,63.0220800000,101660045,8580570535.4900
2021-02-24,63.7859840000,63.9998771200,65.5124070400,63.0220800000,117355482,9899984124.5300
2021-02-25,64.5651660800,66.5665945600,67.4374451200,63.6713984000,189748955,16396558899.9800
2021-02-26,65.5429632000,65.0693427200,66.5589555200,65.0693427200,118045513,10161431933.7600
2021-03-01,65.6957440000,64.8096153600,65.9860275200,64.0457113600,82300801,6965448429.3100
2021-03-02,64.8096153600,63.5797299200,64.8936448000,63.0984704000,85227395,7125570282.1400
2021-03-03,63.1748608000,66.2686720000,66.4138137600,63.1213875200,116697147,10011295959.3300
2021-03-04,65.6957440000,65.9249152000,66.8034048000,65.5429632000,94974599,8227101595.2900
2021-03-05,65.3061529600,64.5498880000,65.9172761600,63.6637593600,81417603,6869464665.9600
2021-03-08,65.0846208000,64.8936448000,67.0554931200,64.7408640000,105035653,9048690307.3000
2021-03-09,65.3137920000,64.2061312000,65.8943590400,64.0151552000,98217495,8338463778.2600
2021-03-10,64.6415564800,63.6179251200,64.6491955200,63.4957004800,64800135,5431067986.1900
2021-03-11,64.0915456000,65.9707494400,65.9707494400,64.0151552000,91252098,7777368999.2000
2021-03-12,66.0853350400,65.3519872000,66.1540864000,65.0311475200,64681200,5539349037.4800
2021-03-15,65.2068454400,65.0158694400,65.3137920000,64.3283558400,54551255,4629849997.4700
2021-03-16,65.1610112000,65.2374016000,65.3901824000,64.4811366400,54353955,4624281660.2100
2021-03-17,64.9318400000,63.0526361600,64.9318400000,62.9533286400,106478452,8863828593.4200
2021-03-18,62.8692992000,62.1970636800,63.2359731200,61.9296972800,80312095,6548492030.9700
2021-03-19,62.0290048000,60.8373145600,62.1053952000,60.7380070400,96102381,7701437283.5100
2021-03-22,61.1046809600,60.9748172800,61.3185740800,60.7532851200,54273091,4336966849.2100
2021-03-23,61.0282905600,61.1505152000,61.5706624000,60.4400844800,51116947,4079350322.5400
2021-03-24,61.1046809600,60.3560550400,61.3414912000,60.1268838400,63315814,5017219138.7100
2021-03-25,60.5241139200,60.5011968000,60.8525926400,60.3407769600,43650615,3463493421.9500
2021-03-26,60.7914803200,61.1199590400,61.3414912000,60.7762022400,45348477,3630749606.4600
2021-03-29,61.1123200000,60.4477235200,61.1887104000,60.1956352000,63234490,5001522654.7600
2021-03-30,60.5011968000,60.6310604800,60.6310604800,60.0428544000,51106025,4035933797.6800
2021-03-31,60.7303680000,60.1192448000,60.7685632000,60.0275763200,48358484,3810104160.2600
2021-04-01,60.1956352000,60.5011968000,60.5623091200,60.1574400000,36071335,2849514882.3900
2021-04-02,60.5011968000,60.2567475200,60.5011968000,60.0275763200,46931855,3694882980.3000
2021-04-06,60.2873036800,60.3713331200,60.6921728000,60.1116057600,35173602,2778107893.8600
2021-04-07,60.6310604800,59.9282688000,60.6310604800,59.7220147200,47501172,3729878594.4600
2021-04-08,59.9129907200,60.0657715200,60.3407769600,59.5921510400,37404801,2937859211.9000
2021-04-09,60.0504934400,58.9428326400,60.0581324800,58.8053299200,68801127,5322377558.4100
2021-04-12,58.9351936000,58.9428326400,59.2025600000,58.5303244800,45336602,3488299460.8000
2021-04-13,59.1796428800,58.4844902400,59.4470092800,58.2094848000,55250310,4254139272.8200
2021-04-14,58.8129689600,58.9351936000,59.1872819200,58.6678272000,38078954,2936032853.5700
2021-04-15,58.1712896000,57.9115622400,58.3622656000,57.4303027200,79358244,6004162227.6900
2021-04-16,57.8962841600,57.8275328000,57.9650355200,57.2928000000,55174264,4158750980.3200
2021-04-19,57.6365568000,58.1942067200,58.2018457600,57.2928000000,65367596,4949470613.8300
2021-04-20,58.0948992000,58.0567040000,58.1712896000,57.6594739200,49248467,3730599989.6500
2021-04-21,57.7587814400,57.7664204800,57.9497574400,57.5066931200,41754851,3156222890.7000
2021-04-22,58.2877792000,57.8753289600,58.3111254400,57.5718278400,56065363,4167214249.8700
2021-04-23,57.8753289600,57.7897260800,58.8169606400,57.4940070400,86784514,6466806593.4800
2021-04-26,57.6029561600,56.7235811200,57.6107382400,56.6224140800,106192950,7769915592.2400
2021-04-27,56.5912857600,57.0193001600,57.1671596800,56.0543222400,75969268,5520922252.6200
2021-04-28,56.8091840000,56.6613244800,56.8947868800,56.3344771200,57062742,4147666503.3400
2021-04-29,56.6613244800,57.4473145600,57.5562636800,56.4667724800,54441616,4003254829.0900
2021-04-30,57.5718278400,56.4200800000,57.5718278400,56.3111308800,52463043,3825446895.4500
2021-05-06,55.4084096000,54.8870102400,55.8753344000,54.7547148800,92009492,6525763344.0100
2021-05-07,55.0582160000,54.5523808000,55.3228067200,54.4901241600,56146188,3961363207.1600
2021-05-10,54.6146374400,54.4979062400,54.8558819200,54.0854560000,52456956,3669862807.7300
2021-05-11,54.3578288000,54.6924582400,54.8870102400,53.9842889600,50953234,3559079174.7100
2021-05-12,54.4745600000,54.4200854400,54.8792281600,54.2099692800,40995688,2870375901.8500
2021-05-13,54.0776739200,53.8053011200,54.3422646400,53.6029670400,50644837,3506048010.0000
2021-05-14,54.0076352000,55.3928454400,55.3928454400,53.7274803200,81877185,5771742191.4300
2021-05-17,54.7858432000,54.7624969600,55.1126905600,54.4745600000,63300366,4455919018.7800
2021-05-18,55.0037414400,55.1749472000,55.5562691200,54.8247536000,41807341,2965118195.1500
2021-05-19,55.0193056000,54.4512137600,55.0193056000,54.3889571200,46584951,3262720506.7200
2021-05-20,54.4745600000,55.0348697600,55.2294217600,54.1788409600,42247209,2973914637.8500
2021-05-21,55.2527680000,54.5134704000,55.5484870400,54.4823420800,41383646,2914326900.7800
2021-05-24,54.4745600000,54.4278675200,54.7624969600,54.2021872000,35092199,2457923779.0600
2021-05-25,54.5445987200,56.3889516800,56.6068499200,54.2488796800,121383184,8699286543.6700
2021-05-26,56.8792227200,56.3266950400,56.9959539200,56.1710534400,71239561,5172565986.6100
2021-05-27,56.3111308800,56.7313632000,56.9103510400,55.8753344000,58100823,4208094448.5400
2021-05-28,56.6535424000,56.7858377600,57.1982880000,56.4200800000,51011335,3719019607.7000
2021-05-31,56.5368112000,55.8753344000,56.6535424000,55.6185257600,62483434,4481120143.9400
2021-06-01,55.7897315200,55.3539350400,55.7897315200,55.1749472000,59372658,4219115465.8000
2021-06-02,55.5484870400,55.1516009600,55.5562691200,54.7158044800,48109829,3404859399.5700
2021-06-03,55.1749472000,55.0037414400,55.6418720000,54.8636640000,40951584,2905789644.4000
2021-06-04,54.7858432000,55.1360368000,55.7041286400,54.7391507200,51486786,3647302263.7600
2021-06-07,54.9414848000,54.6924582400,55.0037414400,54.5212524800,38673941,2716404171.6700
2021-06-08,54.6846761600,54.7936252800,55.1982934400,54.4356496000,40701681,2862378172.2900
2021-06-09,54.7080224000,54.7080224000,55.2138576000,54.6302016000,40195812,2835797953.3600
2021-06-10,54.6846761600,54.4823420800,55.0893443200,54.4745600000,52461130,3686772006.6700
2021-06-11,54.4823420800,54.0076352000,54.6146374400,53.8986860800,63032364,4392612851.2000
2021-06-15,53.7041340800,52.1944105600,53.7430444800,52.1010256000,107755687,7263765616.1300
2021-06-16,52.1477180800,52.1399360000,52.7235920000,51.9920764800,52726975,3540192781.4800
2021-06-17,52.1477180800,51.5562800000,52.2877955200,51.3772921600,54804038,3649035812.2800
2021-06-18,51.3617280000,50.6613408000,51.3617280000,50.5835200000,85707220,5593424920.4800
2021-06-21,50.1866339200,49.9298252800,50.3111472000,49.6185420800,81085363,5198754493.5200
2021-06-22,50.1944160000,50.3734038400,50.8169824000,49.9376073600,62012704,4014245115.4300
2021-06-23,50.3889680000,51.2216505600,51.3383817600,50.3734038400,58687335,3847510813.8000
2021-06-24,51.2372147200,51.3305996800,51.6574470400,50.9570598400,41789971,2758134576.7500
2021-06-25,51.3850742400,51.8909094400,51.9687302400,51.1360476800,53565358,3555544932.2600
2021-06-28,51.8909094400,51.0504448000,51.8986915200,50.7391616000,51013404,3342960298.4900
2021-06-29,50.8558928000,50.1010310400,50.8948032000,50.0387744000,54966804,3554647982.2800
2021-06-30,49.9609536000,50.0232102400,50.3811859200,49.6496704000,47636890,3053959406.0700
2021-07-01,50.0076460800,50.3967500800,50.7158153600,49.4784646400,69261735,4449223158.1300
2021-07-02,49.8286582400,48.4823584000,49.8597865600,48.3267168000,102808162,6464701802.0400
2021-07-05,48.2411139200,48.1788572800,48.4667942400,47.5718550400,75064675,4629283874.8900
2021-07-06,48.5757433600,48.9492832000,49.1360531200,48.1321648000,68581285,4296674949.0000
2021-07-07,48.7858595200,48.5368329600,49.3461692800,48.3189347200,52316754,3272128188.2500
2021-07-08,48.5368329600,47.2994822400,48.5368329600,47.0971481600,83755851,5109707957.7100
2021-07-09,47.0660198400,46.7625187200,47.5874192000,46.5446204800,70761585,4267722638.2900
2021-07-12,46.9337244800,46.2255552000,47.0660198400,46.1632985600,81898922,4899580737.1100
2021-07-13,46.2255552000,46.4590176000,46.5990950400,45.9531824000,51333745,3058865430.4300
2021-07-14,46.4201072000,45.0660252800,46.4201072000,44.9648582400,106561835,6199867459.2400
2021-07-15,45.3617443200,46.6769158400,46.8403395200,45.1282819200,108588585,6439233470.0900
2021-07-16,46.4512355200,46.4590176000,46.9181603200,45.8208870400,57820403,3441570856.9900
2021-07-19,46.5990950400,46.1866448000,46.5990950400,45.1749744000,66650056,3912636302.2800
2021-07-20,45.7508483200,45.4940396800,46.0699136000,45.2372310400,44931031,2629530313.8900
2021-07-21,45.2527952000,45.1983206400,45.7897587200,45.0582432000,58704444,3414125947.5700
2021-07-22,45.0193328000,45.5562963200,45.9687465600,44.7547420800,63661381,3727361014.2100
2021-07-23,45.5251680000,44.8559091200,45.7352841600,44.8403449600,59325514,3438617481.9800
2021-07-26,44.4278947200,42.4123360000,44.4278947200,42.2800406400,117486467,6496203840.1000
2021-07-27,42.4123360000,40.9882153600,42.5524134400,40.7469708800,93901074,5031582117.2600
2021-07-28,41.0115616000,41.3306268800,41.7041667200,40.8637020800,83836567,4457853454.7300
2021-07-29,41.7508592000,41.4395760000,41.7742054400,41.0504720000,76800442,4078215601.2500
2021-07-30,41.3461910400,41.7664233600,42.1399632000,40.9337408000,65088842,3480202766.8000
2021-08-02,41.6341280000,42.0310140800,42.7858758400,40.8481379200,97161064,5244071665.6600
2021-08-03,41.9298470400,42.2100019200,42.3422972800,41.6963846400,65820268,3558132760.1200
2021-08-04,42.2566944000,41.7119488000,42.2566944000,41.5018326400,64665951,3470521725.6500
2021-08-05,41.6419100800,42.1788736000,43.1905440000,41.5173968000,84322088,4596909874.0700
2021-08-06,41.5952176000,41.7664233600,41.8987187200,41.2839344000,50241086,2685679365.6900
2021-08-09,41.4006656000,42.8948249600,43.4706988800,41.3228448000,91882127,5048464776.3300
2021-08-10,42.6847088000,43.3695318400,43.4940451200,42.1633094400,76365642,4201861226.7800
2021-08-11,43.3695318400,43.4240064000,44.1944323200,43.1438515200,82202018,4613172522.5200
2021-08-12,43.3695318400,42.5991059200,43.4940451200,42.5212851200,57306968,3157627499.2600
2021-08-13,42.2411302400,42.2644764800,42.7780937600,42.0232320000,48471805,2633761393.8800
2021-08-16,42.0232320000,42.7469654400,43.0349024000,41.9454112000,46009551,2522890290.2400
2021-08-17,42.5601955200,42.1866556800,43.3461856000,42.1633094400,69026207,3790616958.6100
2021-08-18,42.0387961600,43.6107763200,43.6652508800,41.8442441600,96366560,5322900807.9700
2021-08-19,43.2605827200,41.7975516800,43.3928780800,41.7586412800,114860603,6231137141.5500
2021-08-20,41.3306268800,41.2528060800,41.7586412800,41.0971644800,67560655,3585422086.2400
2021-08-23,41.2528060800,41.0115616000,41.6029996800,40.9337408000,59491185,3146935844.4200
2021-08-24,40.7002784000,40.3111744000,41.0426899200,39.9921091200,94659663,4915208404.8100
2021-08-25,40.4045593600,40.1399686400,40.6380217600,40.0465836800,61059554,3156821226.6400
2021-08-26,40.0777120000,39.1438624000,40.0777120000,39.1360803200,88681394,4490652616.9600
2021-08-27,39.7275184000,40.4668160000,40.7236246400,39.7197363200,101781872,5267788079.6200
2021-08-30,40.4668160000,39.4629276800,40.4668160000,39.1827728000,95948717,4877480460.6800
2021-08-31,39.0660416000,38.8325792000,39.2761577600,38.0388070400,158678325,7870703426.1000
2021-09-01,38.7391942400,40.0699299200,40.5057264000,38.6068988800,163160036,8348618929.4700
2021-09-02,39.6963900800,40.1166224000,40.2644819200,39.4317993600,87858567,4502512755.9400
2021-09-03,40.1244044800,40.2411356800,40.8637020800,39.4551456000,90260347,4667297729.4800
2021-09-06,40.2255715200,40.1399686400,40.5835472000,39.8286854400,88301950,4554856268.5600
2021-09-07,40.1710969600,40.7314067200,40.8870483200,39.7508646400,94737441,4916249825.9000
2021-09-08,40.4668160000,40.4279056000,40.9570870400,40.2177894400,84399193,4395561676.2300
2021-09-09,39.9998912000,40.1710969600,40.2489177600,39.6963900800,73490775,3776998807.5200
2021-09-10,39.9609808000,40.2411356800,40.8559200000,39.9065062400,84549097,4382584447.2300
2021-09-13,40.0621478400,39.7819929600,40.1477507200,39.7353004800,66980000,3430907757.1200
2021-09-14,40.0310195200,38.8014508800,40.1399686400,38.7625404800,108266166,5452993892.7000
2021-09-15,38.5212960000,38.4979497600,38.8170150400,38.3656544000,64542318,3197409970.4500
2021-09-16,38.3812185600,38.5290780800,38.8948358400,38.2956156800,59115597,2930501964.8100
2021-09-17,38.4434752000,37.8831654400,38.7391942400,37.5251897600,92721442,4523289513.6500
2021-09-22,36.9648800000,37.1827782400,37.4162406400,36.8092384000,72393010,3447060473.7200
2021-09-23,37.7430880000,37.5251897600,38.4045648000,37.3617660800,75804482,3676425703.2300
2021-09-24,37.5329718400,37.4162406400,38.0388070400,37.2761632000,84358359,4074494916.6800
2021-09-27,37.2761632000,38.1321920000,38.3189619200,37.2139065600,99008099,4812486506.0700
2021-09-28,38.1244099200,38.3345260800,38.6224630400,37.7586521600,77950696,3832059452.4500
2021-09-29,37.9532041600,38.2800515200,38.5524243200,37.7586521600,63129533,3095105433.4100
2021-09-30,38.3656544000,37.6341388800,38.3656544000,37.5329718400,68007025,3300543923.2500
2021-10-08,39.2995040000,40.5446368000,40.5446368000,38.9960028800,218002823,11199501310.4000
2021-10-11,40.5446368000,41.0426899200,41.5485251200,40.4201235200,150449954,7944560508.6400
2021-10-12,40.5057264000,40.6691500800,41.2761523200,40.2177894400,94465572,4939402091.0700
2021-10-13,40.5446368000,40.2722640000,40.6146755200,39.6107872000,64988916,3345977424.7300
2021-10-14,40.2333536000,40.0076732800,40.4668160000,39.8442496000,42700600,2198216041.6200
2021-10-15,39.7897750400,39.5952230400,40.1399686400,39.3928889600,73301699,3738306563.0800
2021-10-18,39.7508646400,38.8014508800,39.8753779200,38.6613734400,77197137,3862682042.3700
2021-10-19,38.7936688000,40.0388016000,40.3500848000,38.6769376000,84752705,4332898990.0600
2021-10-20,40.2333536000,39.9765449600,40.4979443200,39.5251843200,66823896,3429513908.0100
2021-10-21,40.1166224000,42.2411302400,42.7080550400,40.0854940800,211005833,11318517616.1200
2021-10-22,42.5524134400,42.2489123200,42.6847088000,41.7119488000,102633032,5559123302.7900
2021-10-25,42.0749224000,42.0828312200,42.2093723400,41.4817609000,75444693,3999143837.9500
2021-10-26,42.0828312200,41.2603139400,42.6918103600,41.2049522000,74882514,3939605236.3000
2021-10-27,41.1021375400,40.8490553000,41.6399373000,40.7620582800,58905249,3060201711.5200
2021-10-28,40.1214438600,40.5722466000,40.6592436200,39.5836441000,85061904,4309021231.6900
2021-10-29,40.1926232400,39.2040207400,40.5168848600,38.9430296800,146662660,7317467292.4700
2021-11-01,38.7532180000,39.6390058400,39.8999969000,38.5554975000,62876101,3132879985.4100
2021-11-02,39.7101852200,39.5520088200,40.0739909400,38.9272120400,78272461,3909158858.9700
2021-11-03,39.5441000000,39.5836441000,40.1372615000,39.4254677000,47676290,2394903860.6900
2021-11-04,39.4650118000,39.3068354000,39.6548234800,39.1723854600,53205267,2651047241.8400
2021-11-05,39.3068354000,39.4887382600,39.8129998800,39.2198383800,41665467,2082833762.6200
2021-11-08,39.4571029800,39.8604528000,40.0977174000,39.0458443400,53172448,2672600378.2000
2021-11-09,39.9237233600,39.2989265800,40.2005320600,39.2277472000,64051070,3197023016.7900
2021-11-10,39.1486590000,38.8560326600,39.1961119200,38.2233270600,81604856,3984320340.6600
2021-11-11,38.8402150200,40.4536143000,40.4615231200,38.7532180000,111085845,5599660442.0500
2021-11-12,40.4377966600,40.0265380200,40.4377966600,39.6627323000,58595861,2959880934.3600
2021-11-15,40.2163497000,40.0186292000,40.4931584000,39.7260028600,44209113,2234792751.3300
2021-11-16,40.0186292000,39.8288175200,40.2875290800,39.5441000000,47743813,2408299421.8400
2021-11-17,39.5361911800,39.5836441000,39.9632674600,39.4491941600,35153171,1761772273.5500
2021-11-18,39.4650118000,39.1565678200,39.4729206200,39.1565678200,42332467,2100629356.1800
2021-11-19,39.0695708000,39.5124647200,39.6310970200,38.9509385000,42829007,2129834610.3800
2021-11-22,39.4254677000,39.3147442200,39.4966470800,39.1882031000,34005123,1689972482.2800
2021-11-23,39.2910177600,39.2435648400,39.6785499400,39.1407501800,40224098,1998608177.7200
2021-11-24,39.2435648400,39.3463795000,39.5441000000,39.0300267000,36196146,1797538854.7800
2021-11-25,39.3542883200,39.0695708000,39.3542883200,39.0379355200,40741147,2015604610.0300
2021-11-26,38.9430296800,38.5317710400,38.9588473200,38.5238622200,58902348,2877589396.6700
2021-11-29,38.3498681800,38.4843181200,38.6345857000,38.2154182400,40427298,1962257345.2700
2021-11-30,38.3656858200,38.1363300400,38.6187680600,38.0967859400,46694734,2261836624.8100
2021-12-01,38.1758741400,38.6504033400,38.7374003600,38.1758741400,42213672,2056563216.4000
2021-12-02,38.4447740200,38.6583121600,38.8639414800,38.2945064400,38330050,1872134786.9700
2021-12-03,38.7374003600,38.7453091800,38.9509385000,38.3419593600,42748910,2084975989.2500
2021-12-06,38.8323062000,38.8718503000,39.3463795000,38.8323062000,61036902,3015007470.4100
2021-12-07,39.1486590000,39.8525439800,39.9395410000,38.9193032200,101150186,5055319580.4400
2021-12-08,39.8525439800,39.8129998800,39.8604528000,39.4650118000,65354434,3276622572.5500
2021-12-09,39.8288175200,40.5801554200,40.9914140600,39.6469146600,124929614,6402621864.1100
2021-12-10,40.3349820000,40.5089760400,40.7225141800,40.2558938000,73770661,3780503004.9600
2021-12-13,40.8569641200,40.4536143000,41.5213050000,40.4298878400,91858148,4747262449.6900
2021-12-14,40.2558938000,40.2163497000,40.6117907000,40.0977174000,58733411,2990682219.2100
2021-12-15,40.1688967800,40.0977174000,40.3982525600,39.9632674600,36383253,1846757807.0500
2021-12-16,40.1688967800,40.4931584000,40.5643377800,39.9395410000,51436592,2622388752.4800
2021-12-17,40.3507996400,39.9711762800,40.6513348000,39.8446351600,53967033,2741367544.3400
2021-12-20,39.7339116800,39.7655469600,40.2163497000,39.7022764000,42844182,2164397413.8000
2021-12-21,39.7734557800,40.2084408800,40.4457054800,39.7655469600,39397878,2004481926.9800
2021-12-22,40.2796202600,39.6864587600,40.3349820000,39.6469146600,42540466,2143777013.5700
2021-12-23,39.6943675800,39.7180940400,39.8604528000,39.3463795000,40497888,2027860561.2000
2021-12-24,39.6943675800,39.4017412400,39.7022764000,39.3226530400,31293517,1560671249.2800
2021-12-27,39.5124647200,39.5282823600,39.7022764000,39.4412853400,27470106,1373481524.1800
2021-12-28,39.7813646000,40.2321673400,40.4377966600,39.6231882000,61735856,3137430543.7500
2021-12-29,40.4140702000,40.1847144200,40.4615231200,39.9553586400,37646906,1913669684.7200
2021-12-30,40.2558938000,39.8683616200,40.3270731800,39.8683616200,42787989,2167180059.7800
2021-12-31,39.8841792600,39.8683616200,40.2163497000,39.6627323000,35800024,1805071299.1200
2022-01-04,39.8604528000,40.3349820000,40.3824349200,39.6231882000,63583763,3221366643.3100
2022-01-05,40.4219790200,41.1812257400,41.4422168000,40.3112555400,118124669,6124173627.6600
2022-01-06,41.1179551800,40.5722466000,41.1416816400,40.5089760400,66165825,3408947587.6300
2022-01-07,40.7225141800,41.8692930800,42.1777370600,40.6908789000,123075974,6481039300.2800
2022-01-10,41.9088371800,41.9800165600,42.3596399200,41.5213050000,76113442,4033301414.6200
2022-01-11,42.0511959400,41.8060225200,42.5019986800,41.5529402800,68092028,3612879173.7400
2022-01-12,41.6003932000,41.5213050000,41.7664784200,41.0151405200,57292274,2998981426.7600
2022-01-13,41.5608491000,41.3631286000,42.4545457600,41.3631286000,72866329,3862897677.6600
2022-01-14,41.4026727000,40.4140702000,41.5213050000,40.3824349200,77939676,4014279655.6100
2022-01-17,40.4219790200,40.2875290800,40.6750612600,40.1372615000,46056724,2348769408.5400
2022-01-18,40.2875290800,40.5168848600,40.8016023800,40.0186292000,63697991,3252038698.2100
2022-01-19,40.5722466000,40.6908789000,40.9993228800,40.4219790200,48331572,2488231273.2200
2022-01-20,40.7304230000,42.2330988000,42.3280046400,40.6908789000,144835941,7661793651.1000
2022-01-21,42.3121870000,42.3517311000,42.5494516000,41.9167460000,104189534,5564930631.0100
2022-01-24,42.3359134600,42.0195606600,42.3359134600,41.5450314600,54264076,2873364828.6100
2022-01-25,41.6003932000,40.4931584000,41.8376578000,40.4140702000,77666210,4032087601.8200
2022-01-26,40.8727817600,40.9914140600,41.2761315800,40.5089760400,48327488,2502203699.9300
2022-01-27,40.7304230000,40.1688967800,40.7304230000,40.1530791400,58650221,2992952668.7500
2022-01-28,40.3507996400,39.5203735400,40.6117907000,39.3859236000,72935539,3688023391.4500
2022-02-07,40.6038818800,41.1100463600,41.4975785400,40.0977174000,94041650,4858781709.9000
2022-02-08,40.9360523200,41.9167460000,41.9404724600,40.9044170400,86611569,4567112317.0200
2022-02-09,42.1065576800,41.9483812800,42.7076280000,41.8218401600,88043453,4695366257.2100
2022-02-10,42.0591047600,42.8499867600,42.8499867600,41.7585696000,96278716,5186085981.0900
2022-02-11,42.9844367000,43.9651303800,44.4712948600,42.7708985600,158377687,8759711015.4700
2022-02-14,43.5064188200,42.6285398000,43.7357746000,42.4545457600,94465413,5121073204.6900
2022-02-15,42.3517311000,42.1381929600,42.6285398000,41.8455666200,63540572,3385015077.4500
2022-02-16,42.3121870000,42.5810868800,42.8499867600,42.1381929600,52320987,2818960513.0600
2022-02-17,42.7867162000,42.4308193000,43.2058836600,42.2014635200,50490447,2723626777.4900
2022-02-18,42.3912752000,43.1030690000,43.1821572000,42.2647340800,48422611,2621179790.3800
2022-02-21,42.7867162000,42.8341691200,42.9053485000,42.3200958200,38792845,2089115305.5200
2022-02-22,42.3280046400,41.9721077400,42.3912752000,41.6873902200,57749929,3064280601.3400
2022-02-23,41.9958342000,41.8297489800,42.1540106000,41.6715725800,46360166,2449763788.5700
2022-02-24,41.2444963000,40.6987877200,41.3235845000,40.4061613800,97539602,5039207432.7100
2022-02-25,40.8885994000,40.6513348000,41.1733169200,40.5010672200,54441639,2808109116.4300
2022-02-28,40.4140702000,40.1451703200,40.4140702000,39.7418205000,73188326,3707888592.0000
2022-03-01,40.3428908200,40.6434259800,40.6513348000,39.9949027400,56803579,2895181120.0000
2022-03-02,40.2558938000,40.1451703200,40.5168848600,40.0977174000,43692256,2222138928.0000
2022-03-03,40.1768056000,40.2717114400,40.4852495800,40.0977174000,35267571,1795901328.0000
2022-03-04,39.9158145400,39.6231882000,39.9237233600,39.5124647200,70086471,3510136272.0000
2022-03-07,39.2435648400,38.6583121600,39.2435648400,38.4843181200,78459673,3847577920.0000
2022-03-08,38.5317710400,37.5431685400,38.8006709200,37.4087186000,83440296,4021028000.0000
2022-03-09,37.6538920200,37.1081834400,37.9069742600,35.9851310000,82554495,3878723584.0000
2022-03-10,37.9227919000,37.1002746200,37.9939712800,37.0607305200,58775280,2783372912.0000
2022-03-11,36.3805720000,37.2821774800,37.4878068000,36.1433074000,66707823,3085709552.0000
2022-03-14,36.3805720000,36.2303044200,36.8313747400,36.1986691400,59257848,2734567248.0000
2022-03-15,35.6292341000,33.7311173000,35.7478664000,33.6520291000,126937879,5571772416.0000
2022-03-16,34.2372817800,35.0281637800,35.3128813000,33.4780350600,100969426,4391918336.0000
2022-03-17,35.9851310000,35.9851310000,36.5387484000,35.3919695000,109572199,4982734592.0000
2022-03-18,35.6292341000,37.9069742600,38.2628711600,35.5264194400,155232341,7308943910.1000
2022-03-21,37.7804331400,37.2030892800,37.7804331400,36.8788276600,94951866,4472952774.8700
2022-03-22,36.7760130000,37.8041596000,37.8516125200,36.7364689000,74211155,3516558053.6300
2022-03-23,37.6143479200,37.8832478000,38.0888771200,37.2900863000,57702918,2748027969.7500
2022-03-24,37.5906214600,38.1600565000,38.5317710400,37.4878068000,61075714,2943276289.0700
2022-03-25,37.9702448200,37.6697096600,38.5871327800,37.6301655600,55993803,2696644332.9000
2022-03-28,37.4878068000,37.8437037000,38.0572418400,37.1160922600,39368626,1872940910.8100
2022-03-29,37.9227919000,37.3375392200,38.1205124000,37.2900863000,32235684,1532063819.9600
2022-03-30,37.6064391000,38.5159534000,38.6187680600,37.5273509000,57542713,2776948845.1000
2022-03-31,38.2786888000,38.3182329000,38.9509385000,38.1996006000,42349781,2063589520.4700
2022-04-01,38.1996006000,38.7215827200,38.8402150200,38.0493330200,47367667,2307234644.4000
2022-04-06,38.7927621000,39.1802942800,39.4808294400,38.7532180000,64005275,3166678385.0000
2022-04-07,38.9113944000,38.3419593600,39.1644766400,38.1916917800,50112992,2447803110.4600
2022-04-08,38.2391447000,38.9430296800,38.9509385000,38.2391447000,43473184,2124961295.2100
2022-04-11,38.6820386200,37.6618008400,38.7374003600,37.5827126400,50640496,2433396185.5600
2022-04-12,37.8516125200,38.3340505400,38.6583121600,37.5510773600,46739555,2251825857.2700
2022-04-13,38.1600565000,37.8199772400,38.2628711600,37.7092537600,31775137,1524357800.9100
2022-04-14,38.2549623400,38.1126035800,38.3735946400,37.8832478000,35884891,1731655002.6900
2022-04-15,37.9623360000,38.1996006000,38.5475886800,37.8832478000,31411511,1520937850.5200
2022-04-18,37.9544271800,37.1714540000,37.9544271800,37.0370040600,40537521,1912485738.1100
2022-04-19,37.2109981000,36.7285600800,37.3849921400,36.4833866600,36954300,1723558436.0700
2022-04-20,36.8946453000,36.3093926200,37.0053687800,36.2461220600,38060988,1755500125.4100
2022-04-21,36.2856661600,36.5545660400,37.3138127600,36.2303044200,54904356,2554919426.4900
2022-04-22,36.3884808200,36.7443777200,37.1477275400,36.3093926200,39732577,1851934816.2600
2022-04-25,35.5896900000,35.4710577000,36.5229307600,35.3524254000,67392037,3063041721.9200
2022-04-26,35.4631488800,34.4745463800,35.7320487600,34.4112758200,63892364,2826379496.3100
2022-04-27,34.3321876200,34.7276286200,34.9569844000,34.1502847600,53108352,2325674730.2300
2022-04-28,34.6327227800,34.5299081200,34.7276286200,34.1344671200,52599939,2288623795.6200
2022-04-29,34.6406316000,35.2417019200,35.6845958400,34.4824552000,51638636,2285939805.0400
2022-05-05,35.4236047800,35.6055076400,36.0484015600,35.3919695000,42878154,1935547320.5500
2022-05-06,35.1547049000,34.8462609200,35.5738723600,34.7988080000,37231482,1649081440.2600
2022-05-09,34.8620785600,35.0756167000,35.1230696200,34.6959933400,25611950,1131162025.8100
2022-05-10,34.6801757000,35.1705225400,35.3366077600,34.5615434000,40469305,1788324114.4700
2022-05-11,35.1467960800,35.3761518600,35.5975988200,34.9648932200,60728482,2710550319.7900
2022-05-12,35.0756167000,34.7988080000,35.2575195600,34.6801757000,42773836,1889495299.0100
2022-05-13,34.9411667600,34.7671727200,35.1942490000,34.4745463800,41233483,1813781043.8500
2022-05-16,34.9174403000,34.2926435200,34.9648932200,34.1502847600,46886281,2039402750.5500
2022-05-17,34.4033670000,34.6564492400,34.7039021600,34.2214641400,40137298,1750419695.8200
2022-05-18,34.7908991800,34.5061816600,34.8778962000,34.2926435200,35234171,1534485032.0600
2022-05-19,34.0870142000,34.2372817800,34.3559140800,34.0316524600,28281629,1221097064.4100
2022-05-20,34.3242788000,35.0439814200,35.0835255200,34.3242788000,54975115,2416391969.2500
2022-05-23,34.9174403000,34.7118109800,35.0123461400,34.5536345800,35909822,1576944732.9100
2022-05-24,34.6406316000,34.1186494800,34.8858050200,34.0949230200,39342426,1713116639.6800
2022-05-25,34.0316524600,34.1898288600,34.4033670000,34.0237436400,26374891,1140221232.9600
2022-05-26,34.2530994200,34.1265583000,34.4429111000,33.9683819000,40099222,1731580780.7500
2022-05-27,34.3321876200,34.4270934600,34.6801757000,34.3242788000,38790063,1691969134.9500
2022-05-30,34.7434462600,34.9174403000,35.0835255200,34.5773610400,52217489,2305387119.7500
2022-05-31,34.9807108600,34.9569844000,35.4156959600,34.7988080000,54065261,2405912876.9000
2022-06-01,34.9965285000,34.9332579400,35.2337931000,34.7276286200,32852073,1451299033.2500
2022-06-02,34.6406316000,34.7988080000,34.8225344600,34.4429111000,34082891,1492824853.0800
2022-06-06,34.7908991800,35.0044373200,35.0123461400,34.2689170600,54326745,2379234042.9200
2022-06-07,35.0044373200,34.9174403000,35.0993431600,34.7592639000,43157460,1905453944.0100
2022-06-08,34.9965285000,35.2654283800,35.3603342200,34.8462609200,52956201,2348846220.9800
2022-06-09,35.3524254000,35.2891548400,35.6134164600,35.1705225400,53243046,2381813808.6400
2022-06-10,35.0756167000,35.5422370800,35.5896900000,34.8620785600,56531953,2516496822.9400
2022-06-13,35.1942490000,34.9095314800,35.2733372000,34.8146256400,53712124,2376099097.5500
2022-06-14,34.7197198000,35.7636840400,35.7874105000,34.6406316000,62895792,2792817385.8500
2022-06-15,35.5896900000,37.6855273000,38.4052299200,35.5185106200,198589228,9379923905.9800
2022-06-16,37.4719891600,36.7760130000,37.5668950000,36.7760130000,84493103,3962136640.0000
2022-06-17,36.6731983400,37.1951804600,37.3770833200,36.5782925000,56670396,2653020562.9200
2022-06-20,37.3422214800,37.0481882400,37.4484001500,36.7949929500,57061489,2589929720.8400
2022-06-21,37.3095511200,37.6770926700,38.2079860200,37.1216965500,68456932,3156745208.7300
2022-06-22,37.7342658000,37.0808586000,37.8322768800,37.0808586000,43690689,2001539979.7100
2022-06-23,37.2687131700,37.7751037500,37.9792935000,37.2687131700,49426523,2279310521.0900
2022-06-24,37.9221203700,38.1916508400,38.2651591500,37.7506009800,53672389,2498586724.9100
2022-06-27,38.2651591500,38.2243212000,38.4693489000,37.9792935000,44985821,2106674710.6600
2022-06-28,38.2406563800,38.3059971000,38.5428572100,37.8567796500,35170689,1642425116.7100
2022-06-29,38.2978295100,38.2161536100,38.7470469600,38.0446342200,41277246,1939726830.3000
2022-06-30,38.2243212000,38.1344777100,38.5510248000,37.9466231400,39185266,1837626219.3200
2022-07-01,38.1426453000,37.8241092900,38.3713378200,37.6689250800,35756842,1657492966.0900
2022-07-04,37.7342658000,37.9466231400,37.9792935000,37.4075622000,40712960,1877564068.6800
2022-07-05,37.9629583200,38.0691369900,38.8368904500,37.8812824200,45256850,2123843408.8600
2022-07-06,38.0773045800,37.4484001500,38.0854721700,37.3667242500,38956093,1790455442.3900
2022-07-07,37.2850483500,37.2442104000,37.6852602600,37.2360428100,29372210,1344724699.7200
2022-07-08,37.4974056900,37.4238973800,37.8812824200,37.3095511200,29228342,1342052753.7900
2022-07-11,37.2523779900,37.0645234200,37.3830594300,36.9338419800,28113511,1278575006.2500
2022-07-12,37.0645234200,37.1707020900,37.3585566600,36.8521660800,25405548,1155657116.9300
2022-07-13,37.0971937800,36.8194957200,37.2687131700,36.7541550000,29658829,1343407215.8400
2022-07-14,36.6724791000,35.6106924000,36.7868253600,35.4718433700,90304414,3963303834.9400
2022-07-15,35.6188599900,34.8837768900,36.0109043100,34.8756093000,69404157,3006689109.1500
2022-07-18,34.9164472500,35.4881785500,35.6842007100,34.8919444800,35524425,1539005270.6900
2022-07-19,35.4636757800,35.4473406000,35.7495414300,35.0389611000,35610607,1540543118.6200
2022-07-20,35.7577090200,35.4473406000,35.7985469700,35.4146702400,24956569,1086228779.2100
2022-07-21,35.3084915700,34.9082796600,35.3248267500,34.8347713500,40556770,1740841568.4200
2022-07-22,34.9572852000,35.1614749500,35.4146702400,34.9409500200,29435598,1268468017.3400
2022-07-25,35.1206370000,35.0552962800,35.2186480800,34.8919444800,22513504,965101818.4900
2022-07-26,35.0797990500,35.2839888000,35.3574971100,35.0552962800,22847447,986279479.3500
2022-07-27,35.1696425400,34.9491176100,35.2676536200,34.8756093000,29639869,1269990090.9300
2022-07-28,35.0389611000,34.8919444800,35.3248267500,34.8837768900,34874952,1497610794.9700
2022-07-29,34.9491176100,34.4018890800,35.2431508500,34.3855539000,46070387,1954616264.8000
2022-08-01,34.3937214900,34.1731965600,34.4018890800,34.0996882500,30655094,1283322796.9900
2022-08-02,33.9200012700,33.6259680300,33.9363364500,33.1032422700,60400823,2476611786.0000
2022-08-03,33.6014652600,33.3482699700,33.8138226000,33.2747616600,40785171,1673612767.9800
2022-08-04,33.5851300800,33.5524597200,33.7321467000,33.4054431000,25116335,1032245453.0000
2022-08-05,33.7239791100,33.9281688600,34.0425151200,33.4707838200,29671019,1224704136.0000
2022-08-08,33.7321467000,33.6341356200,33.9281688600,33.4871190000,30159403,1242870500.0000
2022-08-09,33.6259680300,33.4544486400,33.6586383900,33.4217782800,25139703,1031147757.0000
2022-08-10,33.4544486400,32.9970636000,33.5524597200,32.9643932400,46008881,1866972936.0000
2022-08-11,33.1522478100,33.8628281400,34.0425151200,33.0133987800,61070138,2510973870.0000
2022-08-12,33.6994763400,33.9853419900,34.1078558400,33.6014652600,35993337,1493312068.0000
2022-08-15,33.8383253700,33.6014652600,34.1078558400,33.5932976700,33276942,1373975116.5300
2022-08-16,33.7648170600,33.4789514100,33.8709957300,33.4054431000,27739045,1140974334.1200
2022-08-17,33.5279569500,33.7239791100,33.8791633200,33.2584264800,37572182,1546602943.6100
2022-08-18,33.6096328500,33.3319347900,33.6341356200,33.2910968400,29407958,1202109471.0700
2022-08-19,33.2420913000,33.4626162300,33.6994763400,33.1767505800,32462874,1333438492.1800
2022-08-22,33.3646051500,33.6096328500,33.8056550100,33.3237672000,33971901,1399254503.8500
2022-08-23,33.5034541800,33.2584264800,33.6096328500,33.2257561200,33148018,1352611307.5700
2022-08-24,33.7729846500,33.9853419900,34.6632519600,33.7729846500,115732982,4847936957.6900
2022-08-25,34.1813641500,35.2023129000,35.3084915700,34.0425151200,110572586,4693638177.3200
2022-08-26,35.2104804900,35.2186480800,35.3819998800,34.7285926800,72672640,3125914707.2600
2022-08-29,34.9572852000,35.1778101300,35.3003239800,34.7040899100,44989303,1928428298.5900
2022-08-30,35.1043018200,35.0307935100,35.3574971100,34.7204250900,38892928,1667749812.0100
2022-08-31,34.8837768900,35.8067145600,36.1579209300,34.8429389400,84223803,3683929174.6000
2022-09-01,35.6106924000,35.6515303500,36.0435746700,35.4555081900,45521324,1994635784.0400
2022-09-02,35.8475525100,35.6923683000,36.1660885200,35.3329943400,44914485,1962968879.5500
2022-09-05,35.5290165000,35.7740442000,35.8557201000,35.1369721800,41749075,1817090269.4900
2022-09-06,35.8557201000,35.8557201000,36.3049375500,35.5453516800,44977165,1978062625.3600
2022-09-07,35.6106924000,35.6106924000,35.7822117900,35.2513184400,37641074,1635174365.1000
2022-09-08,35.8067145600,35.8067145600,36.1415857500,35.6596979400,32129830,1412332843.6900
2022-09-09,35.9292284100,36.5009597100,36.5744680200,35.8148821500,57786668,2574448405.6100
2022-09-13,36.4927921200,36.8031605400,37.0563558300,36.2232616500,52966319,2382977236.3900
2022-09-14,36.3702782700,36.4682893500,36.9011716200,36.3539430900,35508365,1588553120.7800
2022-09-15,36.4846245300,36.8276633100,37.2442104000,36.4764569400,59444223,2686935858.9500
2022-09-16,36.6071383800,35.8802228700,36.7296522300,35.8312173300,62492037,2762703828.5200
2022-09-19,35.8720552800,35.8802228700,36.3294403200,35.5780220400,40538305,1781779182.0200
2022-09-20,36.0599098500,35.3166591600,36.0925802100,35.2186480800,35764951,1553335669.1500
2022-09-21,35.2023129000,35.2431508500,35.4963461400,35.0389611000,30353672,1310421740.9000
2022-09-22,34.7939334000,34.6959223200,34.9817879700,34.6387491900,37622972,1602976215.5500
2022-09-23,34.6387491900,35.1369721800,35.4800109600,34.6387491900,37532565,1617285955.2600
2022-09-26,34.9082796600,34.7040899100,35.3819998800,34.6469167800,30712391,1314360554.6300
2022-09-27,34.6550843700,34.6632519600,34.9082796600,34.5244029300,31229142,1325580710.1700
2022-09-28,34.4672298000,34.2140345100,34.7122575000,34.1813641500,42204372,1776629020.9900
2022-09-29,34.4917325700,33.7484818800,34.5815760600,33.6096328500,42655827,1779041935.5100
2022-09-30,33.7729846500,33.9608392200,34.2875428200,33.7729846500,33161940,1383518533.4200
2022-10-10,33.9608392200,33.8383253700,34.4508946200,33.7974874200,41387647,1727384869.8800
2022-10-11,34.0343475300,33.6504708000,34.1976993300,33.5851300800,26931732,1114241528.3400
2022-10-12,33.6586383900,34.2385372800,34.3038780000,33.3237672000,36247330,1501647669.5300
2022-10-13,34.1405262000,33.7811522400,34.2222021000,33.6504708000,38384620,1588577622.6500
2022-10-14,34.0996882500,34.2548724600,34.5734084700,33.9935095800,43441714,1827652558.8200
2022-10-17,34.0670178900,34.3855539000,34.4263918500,33.9445040400,34142518,1430847500.4700
2022-10-18,34.6305816000,34.0996882500,34.6632519600,34.0343475300,41635680,1742913095.7600
2022-10-19,34.0180123500,33.7076439300,34.2875428200,33.6994763400,36436126,1509504643.0700
2022-10-20,33.7410296000,33.4153117400,33.8161952600,33.3234426000,45021418,1807514975.5700
2022-10-21,33.4904774000,33.1146491000,33.6157535000,32.9893730000,45737748,1824460317.2600
2022-10-24,33.1230008400,31.4860598000,33.3484978200,31.4108941400,95125183,3662221955.3000
2022-10-25,31.3858389200,31.5027632800,32.0539781200,31.0350658400,55354891,2086575116.5800
2022-10-26,31.3524319600,31.4610045800,31.8618881000,31.3273767400,49839519,1881859736.2800
2022-10-27,31.4944115400,31.4526528400,31.8117776600,31.3607837000,45749726,1730022256.4600
2022-10-28,31.3273767400,30.6759410200,31.4860598000,30.6759410200,50769159,1886380447.7700
2022-10-31,30.3919818600,30.1915401000,30.6258305800,29.9827466000,56203354,2037108321.2000
2022-11-01,30.4420923000,31.2856180400,31.3023215200,30.3752783800,56566488,2091019366.1700
2022-11-02,31.1436384600,31.2355076000,31.4025424000,31.0100106200,45038490,1680470476.3600
2022-11-03,31.0517693200,30.8429758200,31.1519902000,30.6508858000,34933463,1290754485.3100
2022-11-04,30.8429758200,31.9955159400,32.2794751000,30.8262723400,69205474,2627221798.4500
2022-11-07,31.7366120000,32.3963994600,32.7221173200,31.6697980800,57480970,2221943095.5500
2022-11-08,32.3963994600,32.3128820600,32.5717860000,32.0539781200,37048271,1430329888.0600
2022-11-09,32.3963994600,32.0456263800,32.4799168600,31.9788124600,26768675,1031501782.2400
2022-11-10,31.7366120000,32.1207920400,32.3212338000,31.5528737200,32317534,1236147200.5900
2022-11-11,32.9392625600,33.6825674200,34.2170787800,32.8390416800,104667558,4184006245.8500
2022-11-14,34.7933488400,34.7432384000,35.1775288800,34.4175205400,121668038,5070952841.0600
2022-11-15,34.6430175200,35.4865432600,35.8707233000,34.5010379400,93442402,3962244632.5500
2022-11-16,35.5951158800,35.3278602000,35.7621506800,35.3028049800,59652791,2535605301.5300
2022-11-17,35.3195084600,35.5450054400,35.7036885000,35.0355493000,50398025,2132247153.5000
2022-11-18,35.6452263200,35.2109358400,35.7537989400,35.1274184400,39246432,1662329884.7500
2022-11-21,34.8685145000,34.4175205400,34.8685145000,33.9581748400,51118530,2095472926.4600
2022-11-22,34.4091688000,35.0522527800,35.3946741200,34.2421340000,47181359,1972258355.4200
2022-11-23,35.0940114800,34.8852179800,35.4447845600,34.8768662400,44962046,1891828116.8400
2022-11-24,35.2526945400,34.9102732000,35.3946741200,34.8017005800,24907646,1045792694.6200
2022-11-25,34.8935697200,35.7036885000,35.8707233000,34.8685145000,59795984,2548257668.2800
2022-11-28,34.7682936200,34.5845553400,34.9436801600,34.2337822600,51031527,2109183792.2200
2022-11-29,35.3445636800,37.3990917200,37.4993126000,35.3445636800,175320480,7711820166.7100
2022-11-30,37.4324986800,37.5410713000,38.5599835800,37.2487604000,116501586,5275015084.0400
2022-12-01,38.4013005200,37.4408504200,38.6602044600,37.3155743200,85932650,3903629717.5100
2022-12-02,37.4324986800,37.2654638800,37.5828300000,36.7476560000,60778715,2706020114.6900
2022-12-05,38.0421757000,39.4870267200,39.5120819400,37.8751409000,138043595,6429395575.7500
2022-12-06,39.4870267200,39.6206545600,39.8210963200,39.0360327600,87827308,4150406717.1600
2022-12-07,39.6206545600,39.0026258000,39.6540615200,38.7270183800,83145478,3892709694.5500
2022-12-08,38.7353701200,39.3784541000,39.4202128000,38.6685562000,44836406,2105302840.9600
2022-12-09,39.3116401800,39.7542824000,39.9881311200,39.0026258000,70957885,3366745982.0100
2022-12-12,39.4202128000,38.5599835800,39.4870267200,38.4848179200,65647053,3059653870.9300
2022-12-13,38.8021840400,39.0026258000,39.3283436600,38.6685562000,42366316,1979657202.8600
2022-12-14,39.3199919200,39.1613088600,39.3450471400,38.5349283600,34697318,1619354234.9800
2022-12-15,39.0861432000,38.7771288200,39.3283436600,38.2509692000,40402095,1868384990.8100
2022-12-16,38.5098731400,39.1696606000,39.2615297400,38.4764661800,42134762,1968605781.4300
2022-12-19,39.1696606000,38.2259139800,39.4786749800,37.9586583000,50589649,2332626031.8500
2022-12-20,38.0505274400,37.5243678200,38.3177831200,37.2320569200,49524516,2234976304.6800
2022-12-21,37.6663474000,37.7999752400,38.0839344000,37.5327195600,29789568,1349879759.4200
2022-12-22,38.4180040000,38.3177831200,38.5683353200,38.1256931000,35346187,1622741420.7300
2022-12-23,38.0254722200,38.1173413600,38.4263557400,37.8500856800,30647249,1399528669.8000
2022-12-26,38.1173413600,37.2988708400,38.3177831200,37.2988708400,40328181,1814152592.9500
2022-12-27,37.8083269800,38.0672309200,38.3762453000,37.6078852200,34779327,1583385185.3800
2022-12-28,37.9419548200,38.6518527200,38.7938323000,37.8333822000,45626696,2106156212.5400
2022-12-29,38.3762453000,38.2676726800,38.4263557400,37.6746991400,46957620,2138459930.4100
2022-12-30,38.4180040000,39.2531780000,39.4202128000,38.4180040000,55300540,2594030159.9000
2023-01-03,38.9107566600,39.3784541000,39.4703232400,38.4681144400,60230443,2815200403.8500
2023-01-04,39.5037302000,40.5309942200,40.6145116200,39.5037302000,86949610,4183124625.3300
2023-01-05,41.0905608000,40.8650638200,41.3411130000,40.5059390000,73704809,3608715198.0200
2023-01-06,41.3411130000,41.5415547600,41.6167204200,40.9652847000,78034581,3867148878.0800
2023-01-09,41.7587000000,42.5187083400,42.5521153000,41.5081478000,88185743,4446813320.9200
2023-01-10,42.5103566000,41.0989125400,42.5187083400,41.0404503600,83794865,4173814429.2300
2023-01-11,41.3411130000,42.3433218000,42.5938740000,41.2910025600,96689497,4881812303.7900
2023-01-12,42.5103566000,42.5187083400,42.6857431400,42.1178248200,60025574,3057087227.8600
2023-01-13,42.7609088000,43.7213589000,43.7213589000,42.6356327000,89625747,4644412350.3600
2023-01-16,43.8633384800,43.5042136600,44.6651055200,43.0031092600,122979440,6455990322.7500
2023-01-17,43.3956410400,43.0114610000,43.4875101800,42.5938740000,69887253,3592536755.5200
2023-01-18,43.0114610000,43.0532197000,43.3204753800,42.7275018400,41960296,2162689505.6100
2023-01-19,42.9279436000,43.2703649400,43.3204753800,42.7191501000,51046054,2627239788.1400
2023-01-20,43.5125654000,43.5125654000,43.6294897600,43.0114610000,49706934,2584605516.2600
2023-01-30,44.7569746600,42.9947575200,44.7653264000,42.9947575200,85757885,4495653729.4200
2023-01-31,43.2286062400,42.5771705200,43.6628967200,42.4685979000,61241827,3152658911.1800
2023-02-01,43.0532197000,42.8861849000,43.2202545000,42.1011213400,56530105,2882194846.0400
2023-02-02,43.0949784000,42.4518944200,43.0949784000,42.0927696000,63621734,3228009417.3400
2023-02-03,42.1762870000,41.4246304000,42.2180457000,40.8400086000,92731026,4582149777.4800
2023-02-06,40.7564912000,40.2219798400,40.8066016400,39.8545032800,92159525,4431728035.6200
2023-02-07,40.5059390000,40.6729738000,40.7898981600,40.2553868000,44436330,2159384253.6200
2023-02-08,40.7147325000,40.5059390000,41.0822090600,40.4057181200,34718961,1690893371.1800
2023-02-09,40.5059390000,41.1907816800,41.3828717000,40.4140698600,56490688,2781766992.6200
2023-02-10,41.3077060400,41.1740782000,41.3828717000,40.9318777400,30917292,1523061150.7600
2023-02-13,41.0822090600,41.1323195000,41.1740782000,40.3305524600,45797264,2238401665.2200
2023-02-14,41.1740782000,41.6751826000,41.6751826000,41.0655055800,37040170,1835463536.4000
2023-02-15,41.6250721600,40.8233051200,41.6668308600,40.6813255400,46102667,2259845454.5000
2023-02-16,40.9903399200,41.0905608000,41.8004587000,40.9235260000,57689131,2860716311.3100
2023-02-17,41.0905608000,40.7564912000,41.6167204200,40.6813255400,41751901,2060475453.0500
2023-02-20,40.7982499000,41.7169413000,41.7503482600,40.7147325000,66428495,3282290632.6400
2023-02-21,41.6417756400,41.7670517400,41.8589208800,41.2993543000,42665990,2125602115.6500
2023-02-22,41.3411130000,41.0738573200,41.7252930400,41.0153951400,44604615,2203189302.4300
2023-02-23,40.9235260000,40.9068225200,41.5081478000,40.7648429400,38525359,1892251718.1600
2023-02-24,40.8316568600,40.2553868000,40.9318777400,40.1802211400,44654799,2161452475.6700
2023-02-27,40.0883520000,39.9213172000,40.4140698600,39.9046137200,46791711,2244410610.8400
2023-02-28,40.0967037400,40.2553868000,40.3222007200,39.6791167400,38041710,1823303792.6400
2023-03-01,40.1050554800,41.7503482600,41.7587000000,40.0967037400,72432311,3581072360.8800
2023-03-02,41.7336447800,41.9257348000,42.1428800400,41.5248512800,38088855,1909221050.4800
2023-03-03,42.1595835200,41.9925487200,42.3099148400,41.6334239000,28413325,1427339464.8100
2023-03-06,41.7587000000,40.5727529200,41.9006795800,40.4641803000,77323721,3780641354.0800
2023-03-07,40.5476977000,40.0131863400,41.0905608000,39.8795585000,58730233,2843224085.5500
2023-03-08,39.7125237000,39.4452680200,39.7626341400,39.2448262600,52741684,2488962344.7500
2023-03-09,39.5705441200,38.9525153600,39.5705441200,38.8105357800,51832490,2426875267.3100
2023-03-10,38.4681144400,38.4180040000,38.9608671000,38.4180040000,45709202,2110237421.5200
2023-03-13,38.4180040000,38.8355910000,39.0777914600,38.3428383400,39948280,1851804404.8700
2023-03-14,38.6017422800,37.9670100400,38.6017422800,37.9085478600,49073263,2241541531.1300
2023-03-15,38.4430592200,38.3762453000,38.9692188400,38.2342657200,44364320,2047438825.1200
2023-03-16,37.4993126000,37.7749200200,38.2760244200,37.3740365000,78960922,3568856007.0400
2023-03-17,38.2593209400,38.5850388000,39.2197710400,38.2593209400,95019092,4408443468.6500
2023-03-20,38.4180040000,38.0672309200,38.9024049200,38.0505274400,71924435,3301843809.1300
2023-03-21,38.3261348600,38.4263557400,38.7520736000,38.2342657200,44665895,2056710351.7800
2023-03-22,38.6267975000,38.8355910000,39.0610879800,38.6017422800,55225117,2572426395.5400
2023-03-23,38.6685562000,39.1529571200,39.1613088600,38.6685562000,55427358,2584644862.0700
2023-03-24,39.0861432000,38.5850388000,39.0861432000,38.4681144400,43769382,2023789516.0300
2023-03-27,38.6351492400,38.4096522600,38.6936114200,38.0004170000,36217267,1658727909.9100
2023-03-28,38.4931696600,38.3177831200,38.7353701200,38.1507483200,28332434,1300822901.5000
2023-03-29,38.6936114200,37.9336030800,38.9024049200,37.9168996000,40902005,1872693108.9600
2023-03-30,38.0087687400,37.9837135200,38.1674518000,37.5327195600,45003047,2035988418.5900
2023-03-31,38.0839344000,38.0839344000,38.6685562000,37.9001961200,52453993,2401305125.0000
2023-04-03,38.0421757000,38.1507483200,38.3344866000,37.8250304600,45121453,2056827917.3000
2023-04-04,38.1423965800,38.0588791800,38.3010796400,37.7749200200,47348640,2156604419.5200
2023-04-06,38.0421757000,37.6496439200,38.0421757000,37.6078852200,36162706,1634323042.9800
2023-04-07,37.8250304600,38.1089896200,38.2342657200,37.7081061000,32633630,1487335020.8300
2023-04-10,38.1925070200,38.4681144400,38.6435009800,38.0004170000,52736929,2426394064.2700
2023-04-11,38.4347074800,38.1340448400,38.6685562000,38.1089896200,54309402,2495273529.1200
2023-04-12,38.2509692000,38.0839344000,38.4848179200,37.9586583000,46093797,2107727787.7000
2023-04-13,37.8333822000,37.6830508800,37.8918443800,37.4241469400,56947936,2561593685.6400
2023-04-14,37.8751409000,37.9920652600,38.3929487800,37.7498648000,42891917,1954054640.3200
2023-04-17,37.8584374200,39.6540615200,39.6540615200,37.5995334800,103616133,4813786756.7000
2023-04-18,39.4202128000,40.6061598800,40.9903399200,39.3617506200,131027522,6375510317.0400
2023-04-19,40.5476977000,40.4224216000,40.8400086000,40.3138489800,49716461,2414735650.7300
2023-04-20,40.4307733400,40.7481394600,40.8817673000,40.1885728800,47673429,2314705513.6000
2023-04-21,40.5894564000,39.0360327600,40.6646220600,38.9441636200,81197565,3837366387.3000
2023-04-24,39.1529571200,38.7520736000,39.8795585000,38.5850388000,58748216,2760342071.9700
2023-04-25,38.8689979600,38.4931696600,39.3199919200,38.3177831200,61758322,2862045073.1400
2023-04-26,38.3010796400,38.2426174600,38.6267975000,38.1340448400,50514702,2320864198.7100
2023-04-27,39.2364745200,42.0677143800,42.0677143800,39.0944949400,257064456,12656922047.6300
2023-04-28,42.2681561400,43.2620132000,43.9719111000,41.9925487200,214950248,11104959198.0000
2023-05-04,42.4017839800,44.8488438000,45.3917069000,42.2514526600,183764085,9743135594.4100
2023-05-05,45.0993960000,44.9574164200,45.9345700000,44.4646637600,126410712,6829552783.6800
2023-05-08,45.0910442600,45.8677560800,46.0013839200,44.6901607400,150405384,8223158231.0000
2023-05-09,45.8677560800,44.6651055200,46.7697440000,44.5732363800,146158707,7986736175.6000
2023-05-10,44.6651055200,43.6879519400,44.9824716400,43.5209171400,105561049,5557565460.6400
2023-05-11,44.1807046000,43.7213589000,44.6567537800,43.5626758400,59388396,3128956426.5100
2023-05-12,43.7046554200,42.8193709800,43.8466350000,42.7358535800,62668147,3238681436.3300
2023-05-15,42.8277227200,44.8571955400,44.9908233800,42.4101357200,111375355,5846884590.8500
2023-05-16,44.8237885800,44.4312568000,44.9490646800,44.0971872000,64496860,3436268825.6800
2023-05-17,44.0888354600,43.3538823400,44.1389459000,43.0782749200,64255230,3344510652.2600
2023-05-18,43.2620132000,43.2787166800,44.1389459000,43.0365162200,55516636,2891022410.1200
2023-05-19,42.7692605400,42.6272809600,43.1784958000,42.4268392000,55423641,2831437767.6300
2023-05-22,42.5938740000,42.9446470800,43.3037719000,42.4268392000,49881234,2562556971.7400
2023-05-23,42.9279436000,41.6751826000,43.1534405800,41.6751826000,68538645,3460781262.6500
2023-05-24,41.6417756400,40.4808837800,41.6751826000,40.4224216000,71313356,3491629222.2100
2023-05-25,40.4057181200,40.4224216000,40.7147325000,40.0048346000,52552892,2535605262.4600
2023-05-26,40.4140698600,40.4558285600,40.8233051200,39.9296689400,40336573,1953764069.0200
2023-05-29,40.6145116200,40.1217589600,40.7147325000,39.9213172000,48434379,2333255082.4600
2023-05-30,40.1301107000,40.0800002600,40.3639594200,39.6039510800,57029059,2728137415.2400
2023-05-31,39.8377998000,39.2531780000,39.9129654600,39.2531780000,61068932,2880503904.0900
2023-06-01,39.2949367000,39.6290063000,40.0298898200,39.1696606000,51807430,2460498428.8200
2023-06-02,39.9881311200,41.0070434000,41.0905608000,39.9463724200,83284040,4054040688.9400
2023-06-05,40.7230842400,40.5142907400,40.8650638200,40.2804420200,46645590,2261940200.9200
2023-06-06,40.3723111600,40.7230842400,41.7002378200,40.2971455000,64450197,3172322393.8500
2023-06-07,41.2575956000,40.9318777400,41.4997960600,40.7314359800,42543624,2093897750.9300
2023-06-08,40.8567120800,41.4830925800,41.7252930400,40.6562703200,57228383,2830351412.3000
2023-06-09,41.4830925800,41.3244095200,41.7169413000,41.2659473400,42804318,2124674673.4900
2023-06-12,41.3077060400,41.3995751800,41.7085895600,40.8316568600,47645727,2358494748.1300
2023-06-13,41.3244095200,41.4496856200,41.5081478000,40.7147325000,44002891,2170452732.2000
2023-06-14,41.8112416500,41.3636022500,42.1039289500,41.2086501500,55366411,2677031202.2900
2023-06-15,41.5788135000,41.6821149000,42.2674895000,41.2086501500,47343980,2293626704.4900
2023-06-16,41.9231515000,41.8370670000,42.0436698000,41.4066445000,53414223,2589379832.8900
2023-06-19,41.7165487000,40.8901375000,41.7337656000,40.7437938500,64216367,3062228886.8100
2023-06-20,40.8901375000,40.3650220500,41.1053487500,40.2875460000,61533324,2893024196.6700
2023-06-21,40.1239854500,40.1498108000,40.6749262500,40.0120756000,38103052,1785547514.9100
2023-06-26,39.8571235000,39.5386108500,39.9173826500,39.3406165000,48535023,2227206703.4200
2023-06-27,39.5300024000,39.8571235000,40.1412023500,39.3836587500,48093273,2220104954.6900
2023-06-28,39.7279967500,40.0637263000,40.0723347500,39.5386108500,35606961,1648840079.2600
2023-06-29,40.0723347500,39.8571235000,40.2789375500,39.7107798500,26573548,1233566768.4500
2023-06-30,39.7710390000,39.9432080000,40.3478051500,39.7624305500,32697104,1522887807.2500
2023-07-03,39.9776418000,41.4755121000,41.6218557500,39.9259911000,69778059,3323222199.7700
2023-07-04,41.4841205500,41.2775177500,41.5185543500,41.0623065000,29744073,1424573050.9000
2023-07-05,41.2258670500,40.7610107500,41.3119515500,40.7007516000,26406125,1253667348.3800
2023-07-06,40.4855403500,40.7179685000,41.4582952000,40.4769319000,40258040,1912826286.9500
2023-07-07,40.4597150000,40.6404924500,41.0536980500,40.4424981000,36442103,1723937253.5500
2023-07-10,41.0020473500,40.1239854500,41.0536980500,40.0379009500,36816433,1728446565.7700
2023-07-11,40.2875460000,40.6318840000,40.8212699000,40.2875460000,26888644,1267580412.3700
2023-07-12,40.6318840000,40.7093600500,41.2775177500,40.5285826000,35439345,1683737592.0000
2023-07-13,41.0795234000,41.8542839000,41.9661937500,41.0192642500,64876826,3132588330.3800
2023-07-14,42.1986219000,41.8715008000,42.2588810500,41.6735064500,36635843,1784466104.3200
2023-07-17,41.6390726500,41.3636022500,41.7079402500,41.2172586000,30470667,1465498863.4200
2023-07-18,41.5615966000,40.9762220000,41.5702050500,40.8557037000,28318272,1348936541.6500
2023-07-19,40.7179685000,41.1225656500,41.2000417000,40.7179685000,32111579,1526345245.7200
2023-07-20,41.2344755000,40.8212699000,41.4927290000,40.7351854000,30137754,1438728105.0300
2023-07-21,40.7265769500,40.4338896500,41.1053487500,40.2875460000,44679142,2108640104.4800
2023-07-24,40.2875460000,40.1325939000,40.4511065500,40.0292925000,31598004,1475830597.2600
2023-07-25,41.0623065000,42.6548697500,42.7667796000,41.0623065000,141327902,6907459692.6400
2023-07-26,42.3363571000,42.5773937000,42.7323458000,42.1641881000,51544065,2541380228.1800
2023-07-27,42.6893035500,42.9389486000,43.5415401000,42.5343514500,70373493,3523202970.2800
2023-07-28,42.6118275000,44.7036808500,45.0738442000,42.5343514500,127790846,6564761757.3700
2023-07-31,45.6075681000,45.2804470000,46.2101596000,45.0221935000,127485466,6750702391.3200
2023-08-01,45.1943625000,44.5401203000,45.6247850000,44.2818668000,67061372,3493879470.9500
2023-08-02,44.4196020000,44.2560414500,45.2460132000,43.8428358500,60879817,3136350131.9500
2023-08-03,44.2560414500,45.1168864500,45.2804470000,43.9977879500,65494421,3398760968.4200
2023-08-04,45.8227793500,44.6778555000,46.3565032500,44.6778555000,105165284,5566174314.1600
2023-08-07,44.2302161000,44.5056865000,44.5659456500,44.0752640000,43689613,2246940970.1200
2023-08-08,44.3076921500,44.1269147000,44.4970780500,43.4382387000,52326342,2671294849.6400
2023-08-09,43.9719626000,44.1269147000,44.4023851000,43.8600527500,37285264,1911450575.7800
2023-08-10,43.9461372500,44.2129992000,44.3076921500,43.7997936000,29926322,1531979640.9000
2023-08-11,44.1613485000,42.4999176500,44.2560414500,42.4827007500,74892093,3751696962.8500
2023-08-14,41.5788135000,41.7768078500,42.0264529000,41.5615966000,60472146,2935327039.0900
2023-08-15,41.7681994000,41.9059346000,42.2502726000,41.3377769000,52183684,2535572143.0200
2023-08-16,41.5960304000,41.6218557500,42.1297543000,41.4324698500,47660376,2306795547.9300
2023-08-17,41.3291684500,41.2430839500,41.4755121000,40.7437938500,59827368,2853723205.7100
2023-08-18,41.2344755000,40.9073544000,42.1814050000,40.9073544000,63666255,3066293939.6700
2023-08-21,40.8040530000,40.1756361500,40.8815290500,40.1756361500,62808090,2950143136.0500
2023-08-22,40.3736305000,40.4597150000,40.7179685000,40.0034671500,51849548,2430766794.5200
2023-08-23,40.2186784000,39.9948587000,40.5457995000,39.9345995500,47623949,2224411613.9300
2023-08-24,40.0551178500,40.0292925000,40.4683234500,39.7624305500,41863720,1949333013.8800
2023-08-25,39.8657319500,40.4683234500,40.7868361000,39.8140812500,41763549,1953754067.7000
2023-08-28,43.4726725000,41.4152529500,43.4984978500,41.1311741000,109010819,5323339312.0400
2023-08-29,41.3549938000,41.8026332000,42.1555796500,41.2258670500,57380614,2780674848.5500
2023-08-30,42.0781036000,41.5357712500,42.1727965500,41.2344755000,60012297,2904476280.2200
2023-08-31,41.8628923500,42.0006275500,42.6548697500,41.7595909500,63953783,3135187118.7000
2023-09-01,42.4827007500,43.1283345000,43.4726725000,42.4052247000,85575649,4287440106.1600
2023-09-04,43.4296302500,44.2904752500,44.6778555000,43.4210218000,92193109,4732753256.6700
2023-09-05,44.0752640000,43.2144190000,44.0752640000,43.1541598500,50624376,2555382801.9800
2023-09-06,43.0422500000,43.9289203500,44.0666555500,42.9389486000,51436224,2604588523.3300
2023-09-07,43.6534499500,43.2316359000,43.7997936000,43.1799852000,40329071,2033442988.3200
2023-09-08,43.0680753500,43.1455514000,43.4296302500,42.8700810000,27366737,1370400982.2500
2023-09-11,43.3693711000,43.3521542000,43.7051006500,42.9131232500,49151466,2471560949.5900
2023-09-12,43.1283345000,42.9992077500,43.1713767500,42.6032190500,36114393,1801339429.0300
2023-09-13,43.1627683000,42.6118275000,43.2316359000,42.3707909000,43398924,2152354986.0100
2023-09-14,42.7323458000,42.3449655500,42.8700810000,42.1727965500,39131218,1929515958.1800
2023-09-15,42.6032190500,42.3535740000,43.1455514000,42.1814050000,55753191,2760877161.3100
2023-09-18,42.1125374000,42.4396585000,42.5946106000,41.9231515000,29526746,1452498883.3800
2023-09-19,42.4224416000,42.4224416000,42.4827007500,42.1986219000,26652448,1311117789.8800
2023-09-20,42.4052247000,42.0867120500,42.4052247000,41.8198501000,32873261,1605058394.2800
2023-09-21,41.9231515000,41.7423740500,42.0608867000,41.6390726500,33547988,1629890838.5900
2023-09-22,41.7509825000,43.3263288500,43.3263288500,41.6390726500,66300617,3282334329.9000
2023-09-25,43.0508584500,42.2330557000,43.1283345000,42.2072303500,49975869,2465962385.2500
2023-09-26,42.2244472500,41.8026332000,42.4740923000,41.7681994000,40093026,1955893351.9400
2023-09-27,41.8370670000,41.8887177000,42.1727965500,41.7509825000,32486342,1582256040.8700
2023-09-28,42.0350613500,41.5788135000,42.0781036000,41.4496867500,42146617,2042226679.8400
2023-10-09,41.3205600000,41.3808191500,41.5529881500,40.9073544000,39401224,1887773034.3600
2023-10-10,41.5615966000,40.9762220000,41.7768078500,40.9073544000,33077739,1584290863.8600
2023-10-11,41.1914332500,41.0536980500,41.2947346500,40.8987459500,32529671,1552566989.8100
2023-10-12,42.0694951500,41.6907233500,42.0867120500,41.5013374500,44871017,2176954487.8900
2023-10-13,41.2086501500,41.2947346500,41.5615966000,41.0364811500,26126959,1254265938.0600
2023-10-16,41.1914332500,40.9245713000,41.4324698500,40.8126614500,31900293,1522168840.4200
2023-10-17,41.1483910000,41.0450896000,41.3033431000,40.8557037000,27014187,1289169549.2100
2023-10-18,40.8987459500,40.7954445500,41.1225656500,40.7868361000,32569044,1547535570.2700
2023-10-19,40.5544079500,39.6419122500,40.5974502000,39.6074784500,69408534,3224679421.9600
2023-10-20,39.2545320000,39.4611348000,39.6763460500,39.2114897500,48177617,2205802926.2900
2023-10-23,39.4180925500,39.5472193000,39.7710390000,39.1684475000,38706820,1775040622.5500
2023-10-24,39.6246953500,39.6849545000,40.0292925000,39.3233996000,43231065,1992106370.6400
2023-10-25,40.3876365200,39.9748007400,40.4052040000,39.9045308200,37446279,1709171805.1800
2023-10-26,39.7903422000,40.1416918000,40.2295292000,39.7464235000,28098553,1279980547.6000
2023-10-27,39.6937210600,39.6849373200,40.0011519600,39.1315617000,61884971,2785588427.1300
2023-10-30,39.6937210600,39.7991259400,39.9572332600,39.3599389400,45549795,2055903968.5700
2023-10-31,39.8957470800,39.9308820400,40.3437178200,39.6849373200,42308883,1926939393.9400
2023-11-01,40.2207454600,39.6234511400,40.2997991200,39.5443974800,37801226,1709309023.7800
2023-11-02,39.7112885400,39.5795324400,40.0450706600,39.5356137400,29224760,1321477077.9700
2023-11-03,39.6937210600,39.7376397600,39.7991259400,39.4302088600,38640687,1744002549.0500
2023-11-06,40.0538544000,40.4579064400,40.5545275800,39.9748007400,56246319,2582604547.2900
2023-11-07,40.2997991200,39.7903422000,40.3173666000,39.7376397600,52054346,2364701854.6600
2023-11-08,39.7903422000,39.2018316200,39.9045308200,39.1315617000,70373392,3162886205.2500
2023-11-09,38.6484560000,38.0160267200,38.8241308000,37.6471096400,150454180,6539441759.7600
2023-11-10,37.6822446000,37.1991389000,37.6822446000,36.9180592200,104996471,4446008162.1900
2023-11-13,37.1552202000,37.2342738600,37.2781925600,36.9444104400,49309112,2085416496.9400
2023-11-14,37.3748137000,37.4275161400,37.6031909400,37.2342738600,55819964,2377325635.6400
2023-11-15,37.8754868800,38.0862966400,38.3058901400,37.6646771200,72870581,3155332501.3600
2023-11-16,37.8842706200,37.6558933800,38.0775129000,37.5680559800,38608889,1658667534.0100
2023-11-17,37.4450836200,37.4714348400,37.6119746800,37.1815714200,40472847,1720654033.4500
2023-11-20,37.5153535400,37.6910283400,37.8140007000,37.3133275200,32498748,1390487105.1900
2023-11-21,37.6910283400,37.8315681800,38.2531877000,37.6910283400,43250272,1871504437.9200
2023-11-22,37.7261633000,37.5329210200,37.8140007000,37.5153535400,24925121,1068361649.6300
2023-11-23,37.4977860600,37.8140007000,37.8140007000,37.3396787400,26380342,1128882328.0900
2023-11-24,37.7700820000,37.4977860600,37.7964332200,37.4450836200,28044927,1200283581.2100
2023-11-27,37.4187324000,36.7599519000,37.4538673600,36.5491421400,58546041,2449183476.9100
2023-11-28,36.7160332000,36.6018445800,36.9444104400,36.5227909200,37226073,1554714840.4500
2023-11-29,36.6018445800,35.7937405000,36.6545470200,35.5741470000,67904702,2771007262.0600
2023-11-30,35.7234705800,35.8376592000,36.0748201800,35.6795518800,38857196,1586034771.6400
2023-12-01,35.7059031000,36.0309014800,36.1714413200,35.3984722000,48696135,1986489504.8600
2023-12-04,35.8815779000,35.4687421200,36.2504949800,35.4072559400,39986970,1627394427.8000
2023-12-05,35.2403648800,34.7221242200,35.2842835800,34.7045567400,50642832,2020199567.7500
2023-12-06,34.6957730000,34.7221242200,34.9153665000,34.5113144600,43332396,1713862406.0300
2023-12-07,34.5728006400,34.5552331600,34.8890152800,34.1511811200,50100389,1967357706.5800
2023-12-08,34.4761795000,34.4234770600,34.8099616200,34.4234770600,37891237,1491734068.8800
2023-12-11,34.2565860000,34.7836104000,34.8802315400,33.8701014400,55511392,2166289979.3000
2023-12-12,34.6255030800,34.9505014600,34.9680689400,34.4761795000,35821324,1419146471.3400
2023-12-13,34.8714478000,34.1599648600,34.8714478000,34.1599648600,41285632,1618686295.1000
2023-12-14,34.4586120200,33.9930738000,34.6694217800,33.9842900600,33236772,1297220103.1200
2023-12-15,34.3883421000,34.0721274600,34.7484754400,34.0194250200,50791156,1983188835.5400
2023-12-18,33.7295616000,33.9140201400,34.1248299000,33.6505079400,32998671,1273512227.2200
2023-12-19,33.8876689200,34.0018575400,34.2390185200,33.7295616000,33224870,1284615540.1200
2023-12-20,34.0018575400,33.7734803000,34.1687486000,33.7559128200,29948177,1158590096.4200
2023-12-21,33.6065892400,34.0809112000,34.2302347800,33.4924006200,42416262,1640116584.0900
2023-12-22,34.0457762400,34.3444234000,34.5903681200,33.9755063200,42473652,1656449050.1300
2023-12-25,34.3005047000,34.4146933200,34.5025307200,34.1775323400,20325509,795171657.8200
2023-12-26,34.4146933200,34.3444234000,34.4146933200,34.0984786800,19914583,776002047.4800
2023-12-27,34.3444234000,34.2565860000,34.3971258400,33.9755063200,29593783,1150904275.0700
2023-12-28,34.2565860000,35.3633372400,35.4423909000,34.1248299000,60952573,2429611849.7900
2023-12-29,35.1876624400,35.3984722000,35.5214445600,35.1788787000,34107753,1372848495.5600
2024-01-02,35.3984722000,34.6694217800,35.4072559400,34.6606380400,43759204,1740486365.3200
2024-01-03,34.6694217800,34.6079356000,34.8363128400,34.4234770600,36382151,1432855498.6300
2024-01-04,34.5728006400,34.1687486000,34.7660429200,33.9579388400,46739190,1819793956.9600
2024-01-05,34.1248299000,34.2302347800,34.7660429200,33.9755063200,49920187,1955115159.5400
2024-01-08,34.2302347800,33.7734803000,34.4059095800,33.5714542800,51473197,1983794142.0000
2024-01-09,33.7734803000,33.7119941200,33.8876689200,33.5538868000,37065054,1423188301.1400
2024-01-10,33.6329404600,33.2201046800,33.7734803000,33.2201046800,44130380,1677706637.6000
2024-01-11,33.2025372000,33.7559128200,33.9579388400,33.0444298800,38157129,1457906650.7700
2024-01-12,33.5451030600,33.4045632200,33.8525339600,33.4045632200,30300054,1158392102.6100
2024-01-15,33.2640233800,33.5275355800,33.8086152600,33.1146998000,32702181,1244858223.3300
2024-01-16,33.4133469600,33.9930738000,34.0457762400,33.3255095600,54496285,2095337501.2500
2024-01-17,33.7822640400,33.3869957400,33.8613177000,33.3869957400,56122897,2148072059.8300
2024-01-18,33.1586185000,34.2478022600,34.2829372200,33.0619973600,86154364,3289028900.7300
2024-01-19,34.0809112000,34.4322608000,34.5552331600,33.8613177000,63974391,2493579882.1900
2024-01-22,34.3180721800,34.6782055200,35.0734738200,34.2302347800,96109863,3800265430.8600
2024-01-23,34.4322608000,34.5728006400,34.8802315400,33.9930738000,60172097,2363927977.2900
2024-01-24,34.8363128400,35.2842835800,35.3984722000,34.3268559200,76115099,3023883703.2000
2024-01-25,35.2667161000,36.1450901000,36.4613047400,35.1349600000,98658100,4022141715.2500
2024-01-26,36.0572527000,36.2329275000,36.3119811600,35.7059031000,78592524,3225824129.2300
2024-01-29,36.2417112400,35.9957665200,36.6194120600,35.9430640800,62078477,2560232020.1200
2024-01-30,35.6619844000,35.3018510600,35.9342803400,35.2842835800,57063998,2308550032.8600
2024-01-31,35.2667161000,35.5829307400,35.8815779000,35.1261762600,55701366,2253897731.1100
2024-02-01,35.2403648800,35.3984722000,35.6883356200,35.0734738200,49092479,1980485848.9400
2024-02-02,35.3984722000,35.2227974000,35.6180657000,34.2565860000,69077347,2771398286.3100
2024-02-05,35.1349600000,35.7322543200,36.0045502600,34.8538803200,80614793,3247211014.4100
2024-02-06,35.7234705800,36.5052234400,36.6106283200,35.4599583800,82383496,3381216758.7000
2024-02-07,36.6194120600,37.2254901200,37.2430576000,36.3207649000,91615404,3833614844.2800
2024-02-08,37.3484624800,37.5768397200,37.7261633000,37.0234641000,76874651,3274133648.9100
2024-02-19,37.7612982600,37.5329210200,37.8403519200,37.3484624800,54413427,2324847504.0700
2024-02-20,37.4626511000,37.1991389000,37.4802185800,36.9795454000,46935509,1989976125.0500
2024-02-21,37.0498153200,38.2883226600,38.9119682000,36.9092754800,111249194,4827664819.2600
2024-02-22,38.0862966400,38.3849438000,38.4200787600,37.9545405400,51745219,2252345679.8900
2024-02-23,38.3673763200,38.7099421800,39.0437243000,38.2971064000,64421676,2843810762.7500
2024-02-26,38.5606186000,37.7261633000,38.5694023400,37.6822446000,61619568,2667499279.4900
2024-02-27,37.6119746800,37.8754868800,37.9018381000,37.5065698000,42901252,1840668677.6100
2024-02-28,37.9369730600,37.4626511000,38.0160267200,37.4626511000,53576359,2298186002.0700
2024-02-29,37.3484624800,37.6822446000,37.8315681800,37.3308950000,45509167,1948642485.4400
2024-03-01,37.5944072000,37.7612982600,37.8491356600,37.3484624800,44577376,1908395624.0100
2024-03-04,37.5329210200,37.1903551600,37.6119746800,37.0673828000,54504680,2311470911.3000
2024-03-05,37.0234641000,37.6031909400,37.6646771200,36.9356267000,62343723,2650564784.4600
2024-03-06,37.5856234600,37.3308950000,37.6910283400,37.2957600400,34276283,1461294746.3500
2024-03-07,37.5680559800,37.8227844400,38.1741340400,37.5329210200,64896213,2796783750.6700
2024-03-08,37.6558933800,37.6646771200,37.9457568000,37.3748137000,37249362,1595770014.2600
2024-03-11,37.5768397200,37.9106218400,38.0160267200,37.5417047600,43597274,1877454174.2200
2024-03-12,37.9194055800,38.4815649400,38.5430511200,37.6646771200,67920636,2952502139.2300
2024-03-13,38.4112950200,37.4450836200,38.4376462400,37.3923811800,70121585,3008059272.0900
2024-03-14,37.2167063800,37.2869763000,37.6734608600,37.1552202000,36088956,1535653343.0400
2024-03-15,37.3396787400,37.3133275200,37.4538673600,36.9092754800,39867511,1687264408.9400
2024-03-18,37.1991389000,37.3835974400,37.4714348400,36.9531941800,41626271,1764489757.4800
2024-03-19,37.2430576000,36.7423844200,37.2430576000,36.7160332000,48601533,2045765039.3800
2024-03-20,36.6721145000,36.8214380800,36.9356267000,36.6106283200,28361668,1187979289.1200
2024-03-21,36.9707616600,36.9180592200,37.2694088200,36.7248169400,41497624,1745351698.6800
2024-03-22,36.0396852200,35.6268494400,36.1275226200,35.3545535000,112550368,4569953332.7700
2024-03-25,35.5302283000,35.5214445600,35.9079291200,35.4423909000,43760130,1775455395.8100
2024-03-26,35.5214445600,35.9254966000,35.9694153000,35.5214445600,40299063,1640298639.5400
2024-03-27,35.8200917200,35.7059031000,35.9957665200,35.7059031000,34619025,1411539594.3300
2024-03-28,35.6619844000,35.7410380600,36.2417112400,35.5302283000,43233995,1764795886.2900
2024-03-29,35.8200917200,35.8464429400,36.2241437600,35.7410380600,33512184,1370420386.5800
2024-04-01,35.9694153000,36.2329275000,36.2329275000,35.9254966000,38706274,1592229351.6900
2024-04-02,36.1802250600,36.0133340000,36.4173860400,35.9342803400,39996585,1644606101.7200
2024-04-03,35.9254966000,35.5741470000,36.0572527000,35.5741470000,46364011,1886029049.2600
2024-04-08,35.3809047200,35.3282022800,35.5126608200,35.0295551200,43590246,1752003234.9000
2024-04-09,35.3721209800,35.2315811400,35.5565795200,35.2227974000,29392411,1183293256.8900
2024-04-10,35.1261762600,34.4322608000,35.1964461800,34.3444234000,66754496,2638684982.9800
2024-04-11,34.2829372200,34.2126673000,34.3795583600,33.9140201400,44321365,1724750105.0800
2024-04-12,34.0809112000,33.1849697200,34.2478022600,33.0883485800,91894711,3503437973.0800
2024-04-15,33.1849697200,33.6944266400,33.8173990000,33.0971323200,77160909,2953703722.4400
2024-04-16,33.6944266400,33.6241567200,34.0721274600,33.4484819200,62674707,2408876665.2500
2024-04-17,33.6153729800,34.2126673000,34.2741534800,33.3869957400,59458529,2294242964.7400
2024-04-18,34.1687486000,34.8714478000,35.3984722000,34.0896949400,84608897,3365907681.4200
2024-04-19,34.6694217800,34.6255030800,34.9417177200,34.4322608000,36839491,1454378302.4400
2024-04-22,34.6869892600,34.9856364200,35.2140136600,34.6869892600,39122784,1559348108.9900
2024-04-23,34.9768526800,35.0383388600,35.2227974000,34.7923941400,34265310,1367522866.1800
2024-04-24,35.4775258600,35.6619844000,35.7498218000,35.2315811400,54996437,2226040004.9900
2024-04-25,35.5917144800,36.0660364400,36.2592787200,35.3984722000,58217790,2379394080.7800
2024-04-26,36.0045502600,36.4788722200,36.6984657200,35.8464429400,69427606,2866574032.8300
2024-04-29,36.4525210000,36.9619779200,37.6646771200,36.3734673400,87545482,3696991239.7000
2024-04-30,36.9619779200,36.3295486400,37.0322478400,36.2944136800,51819014,2157456541.3300
2024-05-06,37.9018381000,37.3221112600,38.0160267200,37.2167063800,106274704,4554760126.5700
2024-05-07,37.3308950000,37.4099486600,37.5856234600,37.0585990600,52815226,2249302992.5800
2024-05-08,37.2869763000,36.8477893000,37.5065698000,36.7863031200,44733513,1888701756.0400
2024-05-09,36.7775193800,37.1903551600,37.4011649200,36.7687356400,41354149,1749774912.0800
2024-05-10,37.4187324000,37.7085958200,37.9281893200,37.3484624800,67767018,2906706220.3700
2024-05-13,37.3396787400,37.4626511000,37.6734608600,37.0410315800,49348084,2098243663.8300
2024-05-14,37.4626511000,37.1640039400,37.5944072000,37.0234641000,39651152,1679884655.9400
2024-05-15,37.1376527200,36.7511681600,37.1552202000,36.5930608400,39911880,1673203919.1700
2024-05-16,37.0673828000,37.8140007000,38.1126478600,36.8565730400,93478227,4003945956.1800
2024-05-17,38.2971064000,39.7025048000,39.7025048000,38.1653503000,189457995,8380485072.8100
2024-05-20,40.1416918000,39.9308820400,40.4666901800,39.3775064200,147945253,6725122982.1300
2024-05-21,39.5970999200,39.8781796000,40.0011519600,39.5443974800,55109616,2495802387.9200
2024-05-22,39.7903422000,39.8781796000,40.4491227000,39.6585861000,75133666,3432737425.7100
2024-05-23,39.4565600800,39.3335877200,39.6761535800,39.1052104800,63592313,2847873001.0300
2024-05-24,39.1315617000,38.5518348600,39.3511552000,38.5254836400,54128575,2397751034.4900
2024-05-27,38.6484560000,38.7362934000,38.9910218600,38.5430511200,41274221,1820441915.1700
2024-05-28,38.7889958400,38.4376462400,38.9558869000,38.3146738800,42192179,1853750116.1100
2024-05-29,38.2883226600,38.1829177800,38.7626446200,38.0862966400,43942250,1921502308.3700
2024-05-30,38.0423779400,37.9018381000,38.3498088400,37.6822446000,39395493,1702193305.0500
2024-05-31,38.1214316000,37.8315681800,38.7362934000,37.8227844400,48249218,2100267340.7100
2024-06-03,37.7612982600,37.8842706200,38.1741340400,37.4275161400,44651840,1922692312.4300
2024-06-04,37.8403519200,38.0072429800,38.2180527400,37.7788657400,39817760,1723254938.5500
2024-06-05,37.9984592400,37.8403519200,38.0160267200,37.7173795600,36188007,1559233049.6500
2024-06-06,37.9457568000,37.2869763000,38.0599454200,37.2167063800,54262089,2313057245.1200
2024-06-07,37.4187324000,36.9971128800,37.5768397200,36.8917080000,42139379,1781350640.1700
2024-06-11,36.8126543400,36.7423844200,37.0585990600,36.5403584000,42236279,1767535002.9800
2024-06-12,36.7423844200,36.3646836000,36.8038706000,36.3295486400,39834017,1653283609.3600
2024-06-13,36.5227909200,36.2768462000,36.5930608400,36.1802250600,32042801,1323757553.9600
2024-06-14,36.1802250600,36.7775193800,37.0585990600,36.1538738400,63562438,2651178961.9300
2024-06-17,36.5403584000,36.5227909200,36.7423844200,36.3471161200,38472747,1600335662.5800
2024-06-18,36.6281958000,36.6545470200,36.9356267000,36.5140071800,35345219,1476476517.6400
2024-06-19,36.6633307600,36.8917080000,37.0585990600,36.5491421400,41063957,1721419835.2100
2024-06-20,36.8829242600,36.4613047400,36.9531941800,36.4613047400,36478992,1525392591.0400
2024-06-21,36.4437372600,36.6018445800,36.7336006800,36.2944136800,38505452,1600502330.3100
2024-06-24,36.4788722200,36.7160332000,36.9356267000,36.2065762800,44592791,1856756643.5700
2024-06-25,36.7072494600,36.4964397000,36.9971128800,36.3998185600,38283591,1598362559.0900
2024-06-26,36.4349535200,36.5842771000,36.7336006800,36.2680624600,26506064,1100552480.6300
2024-06-27,36.4613047400,36.3822510800,36.5754933600,36.2329275000,36797498,1525115714.9100
2024-06-28,36.3207649000,36.3295486400,36.8038706000,36.2417112400,39934516,1661152477.7900
2024-07-01,36.3734673400,36.5579258800,36.6018445800,35.6971193600,47419754,1949715776.5200
2024-07-02,36.3734673400,37.0410315800,37.5504885000,36.3646836000,56885747,2404908550.7300
2024-07-03,37.0498153200,37.1288689800,37.2694088200,36.8126543400,29574788,1248330594.7500
2024-07-04,37.1200852400,36.8741405200,37.3835974400,36.8565730400,32485145,1369924728.9700
2024-07-05,36.8477893000,36.1187388800,37.1200852400,35.9957665200,52671766,2180477666.2900
2024-07-08,35.9254966000,35.8727941600,36.3295486400,35.7322543200,33954844,1388961718.8800
2024-07-09,35.8640104200,36.4700884800,36.5315746600,35.5390120400,38140275,1565430221.5900
2024-07-10,36.0748201800,36.7687356400,36.8302218200,36.0748201800,36127314,1507496306.7000
2024-07-11,37.1288689800,36.8390055600,37.3221112600,36.8126543400,37556984,1582861429.2200
2024-07-12,36.8917080000,37.4890023200,37.6471096400,36.8917080000,49569726,2110496360.6600
2024-07-15,37.4187324000,37.3572462200,37.7525145200,37.3133275200,35484792,1513495679.1500
2024-07-16,36.8917080000,36.1802250600,36.9883291400,35.7322543200,93998504,3870524306.9400
2024-07-17,36.2329275000,37.1464364600,37.2606250800,36.2329275000,77840627,3268159910.8800
2024-07-18,37.0585990600,37.2167063800,37.4538673600,36.8565730400,51362418,2175992699.2000
2024-07-19,37.2167063800,37.7964332200,37.9018381000,37.0673828000,61077539,2610070264.8100
2024-07-22,37.8579194000,37.7700820000,37.9633242800,37.4538673600,44056204,1890312952.5600
2024-07-23,37.7349470400,37.5856234600,37.9721080200,37.5768397200,45978967,1978447934.5600
2024-07-24,37.5944072000,37.3835974400,37.7964332200,37.1991389000,38609543,1644933089.8100
2024-07-25,37.3221112600,37.3923811800,37.6119746800,37.0937340200,44047429,1874557285.1100
2024-07-26,37.4561291000,37.4015150600,37.9567578000,37.0920355000,51037796,2099407783.5700
2024-07-29,37.3924127200,37.6108688800,37.8930414200,37.3286963400,30564969,1264082989.5400
2024-07-30,37.5744595200,37.6199712200,37.7291993000,37.3742080400,29692239,1224450780.9600
2024-07-31,37.6290735600,38.7395590400,38.7759684000,37.5471525000,58087783,2450880159.9600
2024-08-01,38.6121262800,38.6940473400,39.0035269000,38.4664888400,32514038,1383461986.9700
2024-08-02,38.4391818200,38.0659858800,38.6030239400,37.9567578000,33137257,1392534223.8600
2024-08-05,37.9567578000,38.2298280000,38.7213543600,37.9476554600,43050914,1813319978.5400
2024-08-06,38.5666145800,37.2285706000,38.6667403200,36.9919097600,63434323,2614553598.4800
2024-08-07,37.2467752800,37.0465238000,37.4197197400,37.0283191200,29978095,1225524961.3000
2024-08-08,37.0920355000,37.1557518800,37.4561291000,36.7825559400,23643241,964682590.7600
2024-08-09,37.3104916600,36.9646027400,37.5380501600,36.9646027400,26178496,1069136978.6800
2024-08-12,36.8917840200,36.9737050800,37.0738308200,36.6915325400,15219904,617325021.7900
2024-08-13,36.9737050800,37.1193425200,37.1466495400,36.8735793400,16650599,677002645.7400
2024-08-14,37.1466495400,36.8553746600,37.2649799600,36.8553746600,20650428,838935305.8600
2024-08-15,36.8735793400,37.6108688800,37.9294507800,36.6096114800,53416705,2202784576.0200
2024-08-16,37.6108688800,37.8748367400,38.0022695000,37.5471525000,26957357,1119345318.4700
2024-08-19,37.8748367400,38.2935443800,38.3845677800,37.8566320600,28791203,1209599525.5200
2024-08-20,38.3663631000,38.1570092800,38.3845677800,37.9567578000,29376286,1230963340.5100
2024-08-21,38.2116233200,38.2025209800,38.3026467200,37.6927899400,23617412,989256296.7500
2024-08-22,38.1934186400,37.9658601400,38.4573865000,37.9021437600,30497656,1275507521.7200
2024-08-23,38.2662373600,39.4586439000,39.5587696400,38.1661116200,99423443,4271882125.8700
2024-08-26,39.5587696400,39.4586439000,39.7226117600,39.1855737000,47580560,2059591116.3100
2024-08-27,39.3949275200,39.2765971000,39.6406907000,39.1036526400,33964677,1467947188.7800
2024-08-28,39.3585181600,39.3130064600,39.4859509200,39.0763456200,34839474,1502990666.4400
2024-08-29,39.3039041200,38.7941730800,39.6497930400,38.6485356400,47694548,2045077628.8300
2024-08-30,38.8760941400,40.0776030200,40.5327200200,38.8760941400,110000601,4830979921.4900
2024-09-02,39.9410679200,39.5496673000,40.2050357800,39.5496673000,51317124,2243546045.2700
2024-09-03,39.6953047400,39.3312111400,39.7044070800,39.2128807200,36821975,1593821144.0300
2024-09-04,39.3403134800,38.8123777600,39.7226117600,38.6394333000,40994906,1759519238.6900
2024-09-05,38.8032754200,39.5223602800,39.6042813400,38.7850707400,46651108,2014905549.2700
2024-09-06,39.5223602800,39.3676205000,40.0320913200,39.2856994400,39025775,1699389016.9500
2024-09-09,39.2128807200,38.8487871200,39.3676205000,38.7304567000,40172454,1720343645.6700
2024-09-10,38.9125035000,38.8305824400,39.1855737000,38.4937958600,29365589,1251507268.8800
2024-09-11,38.8123777600,38.7031496800,39.0672432800,38.5666145800,27407424,1167516314.9900
2024-09-12,38.8942988200,38.7759684000,38.9307081800,38.0659858800,41083853,1739432818.7500
2024-09-13,38.7395590400,39.0399362600,39.5041556000,38.6849450000,34439648,1484769941.3500
2024-09-18,39.1400620000,39.7772258000,39.8591468600,39.0763456200,43263824,1883001068.2400
2024-09-19,39.7954304800,40.0776030200,40.1413194000,39.4313368800,46650032,2046412473.0100
2024-09-20,40.0320913200,40.1868311000,40.3142638600,39.8136351600,53292373,2347055960.5500
2024-09-23,40.1686264200,40.1322170600,40.4143896000,39.9228632400,29524048,1302373908.5800
2024-09-24,40.5964364000,42.3258810000,42.3258810000,40.4781059800,120899198,5518430623.2400
2024-09-25,43.3271384000,43.1086822400,43.8732788000,43.0085565000,138298492,6594953850.7700
2024-09-26,43.3180360600,45.8939982800,45.9122029600,42.9630448000,163765259,8023977091.6500
2024-09-27,47.2411446000,47.2411446000,47.4778054400,46.1488638000,139487740,7197182303.7600
2024-09-30,49.5895483200,51.9652590600,51.9652590600,49.5167296000,262125405,14733344152.8000
2024-10-08,57.1626952000,56.1887448200,57.1626952000,53.7948294000,396104253,24440888194.8000
2024-10-09,54.6140400000,50.7000338000,54.6140400000,50.6545221000,285509557,16431475144.1100
2024-10-10,51.5465514200,53.2486890000,55.1510780600,51.2552765400,222672969,12981664827.1800
2024-10-11,52.6115252000,52.3748643600,54.4866072400,51.9106450200,131212381,7645831882.4400
2024-10-14,53.1485632600,53.4034287800,53.9222621600,52.3839667000,117773767,6884203094.5700
2024-10-15,53.3215077200,52.0562824600,53.9586715200,51.9652590600,102790028,5988622376.5300
2024-10-16,51.6830865200,52.2292269200,52.6388322200,51.5283467400,85501630,4894961073.6900
2024-10-17,52.7025486000,51.8833380000,53.5217592000,51.8560309800,78357477,4529673855.1100
2024-10-18,51.8833092800,52.9009918800,53.9834361000,50.6528385000,149466236,8417973824.1400
2024-10-21,53.1045284000,52.6419454000,53.1692900200,51.9758258800,87531258,4966469517.0300
2024-10-22,52.5494288000,52.7899719600,53.8446612000,52.3458922800,84601119,4835443519.8700
2024-10-23,52.9194952000,53.9464294600,54.8623438000,52.6419454000,119192651,6939592003.7800
2024-10-24,53.5671114000,53.7521446000,54.1037076800,53.3173165800,51273005,2976336248.6000
2024-10-25,53.6688796600,53.3820782000,54.1037076800,53.2525549600,53944541,3122695351.9600
2024-10-28,53.4560914800,53.1970450000,53.7151379600,52.8084752800,57880987,3325855084.3600
2024-10-29,53.1970450000,53.3173165800,54.0852043600,53.1415350400,62010028,3591688617.5200
2024-10-30,53.1877933400,51.7815410200,53.5763630600,51.5132428800,90747926,5123310916.6100
2024-10-31,51.7722893600,51.7352827200,52.5494288000,51.2541964000,75763009,4236922731.5400
2024-11-01,51.9480709000,51.9480709000,52.7344620000,51.8092960000,65013925,3676222858.2800
2024-11-04,51.9665742200,52.7067070200,52.7067070200,51.7445343800,53073970,2993285083.1000
2024-11-05,52.5679321200,54.3535025000,54.4737740800,52.0683424800,120114422,6976690582.1000
2024-11-06,54.4830257400,53.1877933400,54.6310523000,52.6882037000,126251828,7311429314.4700
2024-11-07,52.7344620000,56.2870994400,56.4351260000,52.6419454000,186426320,11055869272.2500
2024-11-08,56.6201592000,54.6958139200,56.8884573400,54.5940456600,132299025,7922272847.2600
2024-11-11,53.7798995800,54.0296944000,54.1407143200,53.2155483200,91716007,5320862805.1700
2024-11-12,54.0296944000,52.7437136600,54.5570390200,52.6234420800,96289275,5557347301.4900
2024-11-13,52.4569122000,52.9102435400,53.1970450000,52.3828989200,61824493,3532487702.1700
2024-11-14,52.9102435400,52.7344620000,53.7428929400,52.6419454000,66323183,3815907812.2000
2024-11-15,52.6419454000,51.6242628000,53.1785416800,51.6242628000,78059714,4413936479.8600
2024-11-18,51.9018126000,51.5872561600,52.8824885600,51.2356930800,68429646,3851412801.7900
2024-11-19,51.8092960000,51.4484812600,51.9203159200,50.9766466000,52819300,2934893273.5300
2024-11-20,51.4577329200,51.3097063600,51.6242628000,51.0691632000,46997145,2605295419.5200
2024-11-21,51.3374613400,51.3374613400,51.5039912200,50.9951499200,41024489,2269302644.3700
2024-11-22,51.3189580200,49.0615529800,51.3189580200,49.0337980000,100680813,5439029186.9100
2024-11-25,49.0337980000,48.6359766200,49.2650895000,48.2381552400,70269826,3704922204.5900
2024-11-26,48.5712150000,49.0800563000,49.2835928200,48.4509434200,40761823,2156122895.2700
2024-11-27,49.0893079600,49.5426393000,49.5888976000,48.8395131400,44446366,2366194482.9700
2024-11-28,49.5611426200,49.1910762200,49.9497123400,48.8765197800,42550213,2268917373.3800
2024-11-29,49.1725729000,49.2650895000,50.3475337200,49.0708046400,56357055,3018761403.4200
2024-12-02,49.2188312000,49.9682156600,50.1717521800,49.2003278800,44960590,2420512863.9400
2024-12-03,49.8201891000,50.3567853800,50.5233152600,49.5426393000,47005763,2544434590.6400
2024-12-04,50.1254938800,49.8942023800,50.2735204400,49.6906658600,38188736,2059281653.6800
2024-12-05,49.6721625400,49.6629108800,50.0052223000,49.4871293400,29588882,1589274038.2600
2024-12-06,49.7646791400,50.9951499200,51.5224945400,49.7554274800,78983681,4338822601.6800
2024-12-09,50.8378717000,50.7268517800,51.1616798000,50.3752887000,51046345,2801288362.2700
2024-12-10,52.6419454000,51.4577329200,52.9009918800,51.3467130000,100098350,5649587634.7100
2024-12-11,51.4484812600,50.7916134000,51.7445343800,50.7731100800,50478424,2790301409.6500
2024-12-12,50.8471233600,51.4207262800,51.6705211000,50.6065802000,52633585,2909611957.1100
2024-12-13,51.0691632000,49.7184208400,51.0784148600,49.6629108800,88709588,4798656728.8200
2024-12-16,49.6906658600,49.1448179200,49.9497123400,48.9690363800,65859184,3512263333.8300
2024-12-17,48.9412814000,49.0430496600,49.4686260200,48.7932548400,53769372,2853899355.1900
2024-12-18,49.3391027800,48.9782880400,49.6629108800,48.9227780800,50446143,2683105293.2600
2024-12-19,48.6637316000,48.9320297400,48.9782880400,48.4324401000,40549628,2136614146.6200
2024-12-20,48.9320297400,48.6822349200,49.2465861800,48.5897183200,46196543,2437090038.0100
2024-12-23,48.6822349200,49.1263146000,49.4778776800,48.6822349200,55550547,2954746191.0800
2024-12-24,49.1078112800,49.7554274800,49.8016857800,49.0337980000,49560916,2654767330.4200
2024-12-25,49.7831824600,49.8664474000,50.2457654600,49.5611426200,41739896,2249897990.3500
2024-12-26,49.8571957400,49.4501227000,49.9034540400,49.3668577600,37922170,2031175519.1500
2024-12-27,49.4501227000,49.2835928200,49.7276725000,48.7654998600,53775719,2862446916.8900
2024-12-30,49.2373345200,49.8664474000,49.8664474000,49.2280828600,53343783,2865180504.4600
2024-12-31,49.7646791400,48.7099899000,49.9774673200,48.7099899000,67711790,3607846473.5600
2025-01-02,48.7562482000,46.9151678600,48.7840031800,46.6191147400,94857917,4877807223.2500
2025-01-03,47.1834660000,46.5358498000,47.2667309400,46.3323132800,55135185,2788346286.5400
2025-01-06,46.7671413000,46.5728564400,46.8319029200,46.1010217800,41348951,2077171909.2700
2025-01-07,46.4340815400,46.4155782200,46.5913597600,46.0825184600,39278717,1967557697.7300
2025-01-08,46.4248298800,46.5358498000,46.7948962800,45.8419753000,51038304,2555823166.6400
2025-01-09,46.4988431600,46.0825184600,46.6376180600,46.0732668000,40082112,2005089617.4700
2025-01-10,46.0917701200,45.2868757000,46.3323132800,45.2406174000,52270371,2576373865.9300
2025-01-13,44.8520476800,44.9538159400,45.1481008000,44.5004846000,51139315,2474824395.9000
2025-01-14,44.9538159400,45.6661937600,45.8697302800,44.8705510000,61577440,3024006483.5100
2025-01-15,45.5644255000,45.4349022600,45.9437435600,45.2498690600,45802852,2251226874.2500
2025-01-16,45.6106838000,45.5644255000,46.0270085000,45.2683723800,41576107,2052212528.8300
2025-01-17,45.4256506000,45.6846970800,45.8604786200,45.1203458200,46074666,2273441157.2400
2025-01-20,45.9992535200,46.0825184600,46.5358498000,45.9437435600,49173607,2458746693.9000
2025-01-21,46.4433332000,46.1657834000,46.6191147400,45.9437435600,40995081,2049216697.8500
2025-01-22,45.9992535200,45.2868757000,46.1842867200,45.1943591000,53078046,2606595141.9300
2025-01-23,46.0917701200,46.6006114200,47.5997907000,46.0547634800,96910455,4910872824.5700
2025-01-24,46.4248298800,47.0539427600,47.5257774200,46.3508166000,61677886,3140198840.4300
2025-01-27,47.2112209800,47.0446911000,47.7570689200,47.0076844600,52454748,2681560915.9300
2025-02-05,47.1649626800,45.9992535200,47.1834660000,45.9529952200,58307230,2921528574.6800
2025-02-06,46.0085051800,46.4895915000,46.7208830000,45.9622468800,41503724,2078321190.8600
2025-02-07,46.4248298800,47.0724460800,47.5905390400,46.1102734400,72581202,3679372001.3500
2025-02-10,47.0816977400,47.0909494000,47.5165257600,46.9984328000,43181484,2203839896.2200
2025-02-11,47.3684992000,46.7393863200,47.4055058400,46.6006114200,38184400,1931993468.3600
2025-02-12,46.7393863200,47.2574792800,47.2944859200,46.4248298800,44699378,2261445451.4600
2025-02-13,47.1094527200,47.2019693200,47.9050954800,47.0076844600,59036332,3019334997.7000
2025-02-14,47.1742143400,47.8310822000,47.9791087600,46.9984328000,59977161,3080098769.8400
2025-02-17,47.9513537800,47.9606054400,48.4601950800,47.5627840600,62571044,3245003133.1900
2025-02-18,47.8033272200,47.4702674600,48.2751618800,47.3684992000,65008234,3362664790.8100
2025-02-19,47.3592475400,47.5997907000,47.9513537800,47.2019693200,46442576,2388611400.6800
2025-02-20,47.3962541800,46.9799294800,47.4702674600,46.8689095600,51538478,2620444373.8100
2025-02-21,47.1742143400,47.3684992000,47.6460490000,46.6838763600,66876093,3415352330.9900
2025-02-24,47.3684992000,48.1086320000,48.5527116800,47.2297243000,83582274,4341042759.8200
2025-02-25,47.6460490000,47.1649626800,48.2011486000,47.0446911000,64242944,3298896561.6500
2025-02-26,47.2759826000,47.7570689200,47.9050954800,47.2112209800,53657805,2758370361.5000
2025-02-27,47.9050954800,47.7570689200,47.9235988000,47.2944859200,54724008,2813972256.6600
2025-02-28,47.5535324000,46.6098630800,47.7848239000,46.6098630800,80526753,4102825271.7600
2025-03-03,46.7671413000,46.5636047800,47.0169361200,46.3138099600,42316083,2135730015.3900
2025-03-04,46.3323132800,46.3323132800,46.5265981400,46.2583000000,37243163,1867141470.8700
2025-03-05,46.4248298800,46.6098630800,46.7671413000,46.2675516600,45507176,2287766875.6500
2025-03-06,46.9706778200,47.7755722400,48.0438703800,46.7486379800,104582101,5369202398.9400
2025-03-07,47.7385656000,47.6460490000,47.9606054400,47.4795191200,48147872,2481121736.0000
2025-03-10,47.6553006600,47.4147575000,47.7940755600,46.9799294800,61128342,3121852670.2400
2025-03-11,46.9151678600,47.6460490000,47.6460490000,46.8133996000,52914740,2702757543.5700
2025-03-12,47.6460490000,47.3222409000,47.7385656000,47.1927176600,47057801,2410921164.2400
2025-03-13,47.3222409000,47.3129892400,47.6923073000,47.1187043800,41144830,2107254551.8400
2025-03-14,47.4887707800,49.4686260200,49.8571957400,47.3777508600,150244865,7945017156.2900
2025-03-17,49.4686260200,49.3853610800,49.6074009200,49.1263146000,60517176,3229662145.1500
2025-03-18,49.6814142000,49.7369241600,50.1347455400,49.6259042400,58774002,3164655446.6500
2025-03-19,49.6629108800,50.0237256200,50.2365138000,49.5611426200,50987421,2751845206.4800
2025-03-20,50.0052223000,48.5619633400,50.0144739600,48.3214201800,114072346,6007424559.0400
2025-03-21,48.4786984000,47.8773405000,48.7192415600,47.8125788800,79571468,4145943295.0500
2025-03-24,47.9421021200,48.2289035800,48.3676784800,47.9421021200,50865690,2646991165.9700
2025-03-25,48.2474069000,48.0716253600,48.3029168600,47.9421021200,34440224,1790739698.8200
2025-03-26,48.0901286800,47.8495855200,48.1918969400,47.8495855200,40399461,2094936176.0700
2025-03-27,47.8403338600,48.1641419600,48.5249567000,47.6738039800,43216872,2248679010.8300
2025-03-28,48.2936652000,48.0716253600,48.4509434200,47.9698571000,35366353,1841078405.9800
2025-03-31,48.0161154000,47.7663205800,48.3399235000,47.5442807400,46838971,2423816080.0700
2025-04-01,47.7385656000,47.7570689200,47.9791087600,47.5627840600,39432057,2035352505.0700
2025-04-02,47.7200622800,47.9791087600,48.0716253600,47.6738039800,28327427,1467236071.4900
2025-04-03,47.5442807400,47.6275456800,48.1086320000,47.5350290800,37334782,1927750539.8900
2025-04-07,45.6106838000,44.9260609600,46.0455118200,43.4828020000,172755841,8362219629.4900
2025-04-08,44.9168093000,45.5736771600,45.5736771600,44.5004846000,111752977,5446468217.7900
2025-04-09,45.1481008000,45.2683723800,45.5644255000,44.7410277600,73790650,3604799241.8800
2025-04-10,45.6661937600,45.7772136800,46.0732668000,45.5274188600,65791545,3258096137.7600
2025-04-11,45.7772136800,45.6569421000,45.8327236400,45.3146306800,45012106,2216984585.5500
2025-04-14,45.8882336000,45.7772136800,46.1195251000,45.7402070400,38748414,1922228961.6100
2025-04-15,45.7772136800,46.1010217800,46.2305450200,45.5736771600,40776211,2021902572.1500
2025-04-16,45.9992535200,46.1472800800,46.4155782200,45.7032004000,46792350,2323052329.9700
2025-04-17,45.9714985400,46.4063265600,46.5173464800,45.8697302800,37704289,1884423296.1700
2025-04-18,46.3045583000,46.6653730400,46.8689095600,46.2120417000,33881100,1706307227.6600
2025-04-21,46.6283664000,46.5173464800,46.8226512600,46.4433332000,26378406,1329681851.6200
2025-04-22,46.4433332000,46.7856446200,46.9891811400,46.3693199200,35509783,1793621625.5700
2025-04-23,46.9614261600,46.9059162000,47.1372077000,46.6838763600,29877321,1515452317.1000
2025-04-24,46.9059162000,47.3870025200,47.6275456800,46.9059162000,42383943,2170142048.9200
2025-04-25,47.4055058400,47.4887707800,47.7293139400,47.3870025200,36849939,1894916291.4800
2025-04-28,46.6468697200,47.3777508600,47.4980224400,46.2860549800,51866550,2632952958.8600
2025-04-29,47.3407442200,47.1834660000,47.7755722400,47.0539427600,33754005,1725062887.3500
2025-04-30,47.2759826000,46.9151678600,47.6923073000,46.8874128800,37794426,1927976843.1500
2025-05-06,47.1834660000,46.9984328000,47.3222409000,46.7671413000,39151245,1992284114.9100
2025-05-07,47.5720357200,47.3499958800,47.7663205800,47.2112209800,42063972,2156676084.1500
2025-05-08,47.1927176600,48.0716253600,48.4324401000,47.0909494000,67134993,3487932290.1800
2025-05-09,48.0253670600,47.8773405000,48.2566585600,47.8773405000,29070923,1507958915.3500
2025-05-12,48.3214201800,48.6637316000,48.8025065000,48.1086320000,57737170,3028226079.4600
2025-05-13,48.8395131400,48.5342083600,48.8395131400,48.3399235000,40392012,2117089329.2200
2025-05-14,48.5249567000,50.5973285400,51.0506598800,48.4231884400,157722961,8541172666.0500
2025-05-15,50.3197787400,50.1902555000,50.6990968000,50.0514806000,56930342,3095268721.0700
2025-05-16,50.0052223000,49.3946127400,50.3660370400,49.3853610800,46612951,2499109898.7800
2025-05-19,49.3020961400,49.3113478000,49.7091691800,49.2188312000,32426624,1730493311.9500
2025-05-20,49.4501227000,49.6629108800,50.1254938800,49.4038644000,35266900,1895934592.1900
2025-05-21,49.6814142000,49.8201891000,50.3290304000,49.6814142000,33306582,1800759244.0400
2025-05-22,49.7369241600,49.8109374400,49.9497123400,49.5241359800,24065765,1294403113.7200
2025-05-23,49.7831824600,49.2465861800,50.3845403600,49.1910762200,43049136,2314052457.2800
2025-05-26,49.1818245600,49.4038644000,50.0977389000,49.0337980000,38812968,2078107531.1400
2025-05-27,49.4038644000,49.4038644000,49.8294407600,49.3113478000,25572531,1368911112.0200
2025-05-28,49.4038644000,49.3020961400,49.6721625400,49.1448179200,26169794,1396312011.8600
2025-05-29,49.3113478000,49.5148843200,49.8016857800,49.1170629400,34868262,1868004330.4000
2025-05-30,49.3761094200,49.2928444800,49.6721625400,48.8950231000,41723855,2221553128.0200
2025-06-03,49.2280828600,49.8201891000,50.0607322600,49.0337980000,45373821,2430686987.2200
2025-06-04,49.5981492600,49.7369241600,50.0977389000,49.5981492600,43089681,2322941428.9800
2025-06-05,49.7461758200,49.9497123400,50.1254938800,49.6444075600,41909990,2260023900.0400
2025-06-06,49.9589640000,49.4131160600,50.0699839200,49.3576061000,40855330,2191002621.2400
2025-06-09,49.5426393000,49.6999175200,49.9034540400,49.4963810000,39788727,2137162081.3500
2025-06-10,49.6906658600,49.4316193800,50.0514806000,49.3205994600,46707945,2510066317.0700
2025-06-11,49.4038644000,50.3845403600,50.5603219000,49.4038644000,68183015,3704026067.8600
2025-06-12,50.2365138000,50.7083484600,51.1894347800,49.9867189800,58999906,3231103730.4600
2025-06-13,50.7268517800,50.4030436800,50.7916134000,50.2180104800,48022896,2616565694.4100
2025-06-16,50.2642687800,50.2550171200,50.4955602800,50.0144739600,49677075,2697778320.1500
2025-06-17,50.2365138000,50.1717521800,50.4307986600,49.9034540400,50628878,2745763183.0900
2025-06-18,50.1254938800,49.7831824600,50.2180104800,49.3113478000,46936380,2518852918.0200
2025-06-19,49.6721625400,49.2188312000,49.7739308000,49.1448179200,40188078,2143533731.1000
2025-06-20,49.2095795400,50.6435868400,50.7546067600,49.2095795400,84743047,4606219515.2700
2025-06-23,50.4215470000,50.9766466000,51.1154215000,50.1995071600,61470513,3373267493.8500
2025-06-24,51.0784148600,52.5401771400,52.7067070200,51.0691632000,104079789,5873914856.7100
2025-06-25,52.5494288000,53.5486080800,53.6596280000,52.3458922800,104613132,5998384733.8100
2025-06-26,53.4653431400,53.2710582800,53.7336412800,53.1692900200,50073981,2888896788.4300
2025-06-27,53.2710582800,52.6974553600,53.7798995800,52.3736472600,66763167,3832894681.9000
2025-06-30,52.8307275000,52.8116894000,53.2590847500,52.4785226500,56478195,3133724720.4500
2025-07-01,52.9830323000,53.0211085000,53.2019704500,52.6403465000,35274636,1961556961.1300
2025-07-02,53.0211085000,53.1258180500,53.3161990500,52.6879417500,39562902,2204210315.9000
2025-07-03,53.2114895000,53.1162990000,53.4970610000,52.9830323000,32510060,1817404361.6600
2025-07-04,53.0211085000,53.8492658500,54.6298279500,52.7640941500,65454405,3695501729.1200
2025-07-07,53.8683039500,53.7159991500,54.0682040000,53.3637943000,32176278,1813966809.1800
2025-07-08,53.6874420000,53.7350372500,54.0491659000,53.4113895500,34345972,1939149952.4100
2025-07-09,53.7350372500,53.2114895000,54.0491659000,53.1924514000,39546279,2223715808.0500
2025-07-10,53.2114895000,54.3823326500,54.8106899000,53.1258180500,82888153,4726621457.4300
2025-07-11,54.2585850000,54.9344375500,56.1814331000,54.2205088000,107642894,6269330973.4000
2025-07-14,54.9153994500,54.8011708500,55.4389472000,54.8011708500,44905762,2598863547.1100
2025-07-15,54.9725137500,54.3537755000,55.1724138000,54.2395469000,44172553,2535144762.2200
2025-07-16,54.4204088500,54.0967611500,54.4870422000,53.5065800500,48182460,2728239344.4800
2025-07-17,53.9730135000,54.0777230500,54.3156993000,53.9539754000,27712343,1575012869.7500
2025-07-18,54.2109897500,54.3252183500,54.6869422500,54.1253183000,43623995,2492884492.8300
2025-07-21,54.4013707500,54.4394469500,54.9725137500,54.1633945000,46673343,2671242928.7800
2025-07-22,54.4394469500,53.9730135000,54.4489660000,53.4018705000,69520325,3930402694.0500
2025-07-23,54.1062802000,55.2104900000,55.5722139000,54.0777230500,86940674,5020698335.4100
2025-07-24,55.1819328500,55.8197092000,56.1623950000,54.9344375500,70773738,4142271385.1500
2025-07-25,55.4960615000,55.2866424000,55.7340377500,55.0391471000,50833457,2958837440.4600
2025-07-28,55.4008710000,57.1999714500,57.3046810000,55.4008710000,122121733,7297531196.6000
2025-07-29,57.1714143000,56.6288284500,57.3808334000,56.5145998500,56609200,3380012574.8300
2025-07-30,56.6193094000,57.7901525500,58.3803336500,56.4955617500,92199271,5600001965.5600
2025-07-31,57.5045810500,55.8673044500,57.5902525000,55.5722139000,82760070,4910516273.7400
2025-08-01,55.8577854000,55.4008710000,56.2195093000,55.2866424000,48878624,2860162236.1200
2025-08-04,55.3056805000,55.4103900500,55.5341377000,55.0677042500,36007832,2092312969.1100
2025-08-05,55.4960615000,56.2956617000,56.5526760500,55.4008710000,48295614,2837798909.0300
2025-08-06,56.2956617000,56.2195093000,56.7716142000,55.9910521000,32446873,1916931440.9900
2025-08-07,56.2671045500,56.0481664000,56.6002713000,55.7149996500,32797153,1932522823.0600
2025-08-08,56.0481664000,55.7245187000,56.0672045000,55.4199091000,39793332,2331643860.3700
2025-08-11,55.9434568500,55.6578853500,56.2956617000,55.6578853500,43186911,2535939660.5100
2025-08-12,55.6578853500,55.9244187500,56.2290283500,55.6578853500,42698545,2507882892.0300
2025-08-13,56.0862426000,55.7911520500,56.5431570000,55.6483663000,72845320,4285477114.7400
2025-08-14,55.9720140000,56.7525761000,57.6854430000,55.9434568500,102276751,6132887144.5200
2025-08-15,56.7335380000,56.9239190000,57.5426572500,56.1623950000,89296811,5342602446.7200
2025-08-18,57.0381476000,56.4860427000,57.4474667500,56.4860427000,95726282,5730767229.7800
2025-08-19,56.8953618500,55.4008710000,57.2856429000,55.2866424000,95480996,5626016599.7800
2025-08-20,55.2961614500,56.3527760000,56.3527760000,54.9153994500,76272484,4453267555.2400
2025-08-21,56.3527760000,56.7525761000,57.0762238000,56.0767235500,57460093,3420554066.1900
2025-08-22,56.6478665500,57.5902525000,57.5997715500,56.5812332000,78097427,4689312102.9600
2025-08-25,57.6854430000,58.0662050000,58.1138002500,57.2190095500,67011268,4065994393.8900
2025-08-26,57.9710145000,57.6092906000,58.0662050000,57.5426572500,49198628,2984830237.5000
2025-08-27,57.4760239000,55.8673044500,57.5426572500,55.8673044500,106455786,6325335934.3100
2025-08-28,55.9244187500,56.0100902000,56.2766236000,55.5055805500,63610466,3734301052.6800
2025-08-29,56.1147997500,57.0000714000,58.1613955000,56.1052807000,108030923,6488619820.3100
2025-09-01,56.9143999500,55.6959615500,56.9143999500,55.5246186500,94852489,5566516443.1100
2025-09-02,55.6864425000,55.8387473000,55.9720140000,55.4199091000,64903633,3797585374.7000
2025-09-03,56.1052807000,55.0010709000,56.2575855000,54.6012708000,71474642,4150607723.0700
2025-09-04,54.9915518500,54.7345375000,55.1819328500,54.3156993000,72743607,4183559781.0800
2025-09-05,54.7345375000,55.1152995000,55.2676043000,54.2871421500,55818427,3207319734.5000
2025-09-08,54.9820328000,54.9249185000,55.2485662000,54.5631946000,48773339,2814135142.0000
2025-09-09,54.9820328000,55.2104900000,55.4865424500,54.7821327500,51891144,3004298500.8000
2025-09-10,54.9915518500,55.0867423500,55.3627948000,54.8487661000,30846974,1786675714.5800
2025-09-11,55.1152995000,55.8673044500,55.8673044500,54.8297280000,59507207,3464480190.1200
2025-09-12,56.1433569000,54.9058804000,56.3527760000,54.7345375000,73537627,4277497748.8200
2025-09-15,54.8773232500,54.5727136500,55.2009709500,54.3442564500,54684242,3147658744.5600
2025-09-16,54.5917517500,53.8968611000,54.6869422500,53.7826325000,68571361,3894056718.5900
2025-09-17,53.9349373000,53.8492658500,54.2300278500,53.7350372500,68465187,3878151156.9000
2025-09-18,53.9158992000,52.6213084000,53.9444563500,52.4594845500,101207356,5649599208.9700
2025-09-19,52.6308274500,52.4499655000,53.3066800000,52.3547750000,54332111,3008279779.7800
2025-09-22,52.7069798500,52.4975607500,52.9735132500,52.3547750000,37443768,2068811783.8400
2025-09-23,52.3833321500,52.3738131000,53.1067799500,52.1072797000,61296096,3385890145.3000
2025-09-24,52.6308274500,52.6308274500,53.0687037500,52.3071797500,50317433,2781363925.2200
2025-09-25,52.6213084000,52.4404464500,52.7260179500,52.3833321500,51429616,2838283233.5500
2025-09-26,52.3738131000,52.5641941000,52.8783227500,52.0311273000,54862187,3021459544.3800
2025-09-29,52.5261179000,53.3161990500,54.5631946000,52.3833321500,103510992,5816595783.3200
2025-09-30,53.1162990000,52.4594845500,53.4970610000,52.3547750000,76708187,4247640484.9500
2025-10-09,52.3928512000,52.3928512000,52.6213084000,51.6408462500,82406748,4521397149.7600
2025-10-10,52.0977606500,52.8688037000,53.2781228500,52.0977606500,64146532,3560844772.5200
2025-10-13,51.8883415500,52.4499655000,52.6689036500,51.8883415500,60965598,3353288997.7500
2025-10-14,52.9068799000,53.7635944000,53.9539754000,52.8497656000,102294025,5757976240.6600
2025-10-15,53.7635944000,55.0296280500,55.1819328500,53.5922515000,83704628,4793965559.4100
2025-10-16,54.9058804000,55.2295281000,55.7625949000,54.8392470500,68147820,3966486441.3800
2025-10-17,55.2104900000,54.5251184000,55.6674044000,54.4204088500,67749281,3916934527.0000
2025-10-20,55.5246186500,55.1152995000,55.7530758500,54.6869422500,52669469,3058431634.2900
2025-10-21,55.1438566500,55.2866424000,56.0862426000,55.1438566500,76220049,4456452771.0200
2025-10-22,55.2104900000,55.4103900500,55.6864425000,55.1438566500,37989266,2211002991.1500
2025-10-23,55.4199091000,55.9244187500,56.0386473500,55.2961614500,50350104,2943942596.1500
2025-10-24,56.2534151400,56.0018518800,56.5920579900,55.8760702500,55824170,3240224544.6700
2025-10-27,56.1179580000,55.8760702500,56.4953028900,55.6341825000,68500438,3964893062.5400
2025-10-28,55.9147722900,55.8857457600,56.3404947300,55.7502886200,49130508,2842864952.9000
2025-10-29,56.6984886000,57.0371314500,57.7627947000,56.5920579900,104443161,6172236794.8100
2025-10-30,57.3757743000,56.7468661500,58.1498151000,56.6791375800,74571283,4424147710.7500
2025-10-31,57.0758334900,55.9534743300,57.0758334900,55.9244478000,57254154,3331214747.5500
2025-11-03,56.3791967700,56.4178988100,56.7952437000,55.9825008600,41143033,2399870469.7200
2025-11-04,56.4566008500,57.0274559400,57.2112906300,56.3114682000,51812600,3045009960.8000
2025-11-05,56.5049784000,56.4275743200,56.9307008400,56.0405539200,40215785,2348603000.5800
2025-11-06,56.4566008500,56.9887539000,57.3564232800,56.4469253400,54734599,3224909538.0000
2025-11-07,56.8726477800,56.9790783900,57.2306416500,56.7565416600,37191041,2191134861.2500
2025-11-10,56.9403763500,57.3757743000,57.4725294000,56.5436804400,52948721,3132320906.1200
2025-11-11,57.3757743000,57.2790192000,57.5692845000,56.9016743100,36250376,2143772917.2800
2025-11-12,57.3757743000,58.0820865300,58.8174252900,57.3757743000,149024584,8994592304.4800
2025-11-13,58.3336497900,58.9045048800,59.3882803800,58.3336497900,89018699,5421878882.1400
2025-11-14,58.8754783500,58.6819681500,60.2494007700,58.6819681500,75274101,4630168806.0100
2025-11-17,58.7206701900,57.8885763300,59.0206110000,57.5305824600,56019716,3354710744.8300
2025-11-18,57.7337681700,57.6853906200,58.1981926500,57.5499334800,44571218,2663627684.2800
2025-11-19,57.8595498000,58.4110538700,59.1367171200,57.7724702100,70586509,4268493623.8000
2025-11-20,58.6335906000,58.2465702000,59.1657436500,58.0820865300,39449064,2387256690.5900
2025-11-21,58.0530600000,56.9984294100,58.1498151000,56.9694028800,68557969,4067315651.6600
2025-11-24,57.2403171600,56.5049784000,57.2790192000,56.4566008500,53470919,3141756213.5600
2025-11-25,56.7758926800,57.5402579700,57.8789008200,56.3404947300,48777097,2887514429.4800
2025-11-26,57.7240926600,57.8401987800,58.2659212200,57.3951253200,43469273,2598031332.7400
2025-11-27,57.5692845000,57.4144763400,57.7918212300,56.7952437000,50570087,2993560813.3500
2025-11-28,57.2886947100,57.0758334900,57.3660987900,56.6114090100,43355814,2553839885.7100
2025-12-01,56.9984294100,56.7275151300,57.2596681800,56.5146539100,44580406,2614280155.9900
2025-12-02,56.8919988000,56.8919988000,57.4725294000,56.5533559500,37383734,2200530386.8900
2025-12-03,56.8436212500,56.4566008500,57.1048600200,56.2630906500,33549447,1961924290.8500
2025-12-04,56.4566008500,56.6501110500,56.6501110500,56.3211437100,21766366,1271252461.3500
2025-12-05,56.7468661500,59.9784864900,60.1816722000,56.6501110500,137794827,8385205487.5900
2025-12-08,60.0268640400,61.3427334000,61.7297538000,59.9881620000,102997868,6514118719.6300
2025-12-09,61.3427334000,60.4235599500,61.6233231900,60.3945334200,48373102,3044070518.3200
2025-12-10,60.6267456600,60.5203150500,61.0137660600,60.1139436300,44882218,2808948856.5000
2025-12-11,60.7622028000,60.5009640300,61.3040313600,60.1526456700,47796340,2990603756.4800
2025-12-12,60.5299905600,61.8361844100,62.0103435900,60.3848579100,109176025,6926125694.1200
2025-12-15,61.6136476800,64.9033210800,65.2516394400,61.4588395200,154664260,10258390316.0100
2025-12-16,64.5453272100,64.8259170000,65.8998986100,64.0131741600,105682134,7074646043.3800
2025-12-17,64.8742945500,65.8418455500,66.4030251300,64.4872741500,96211778,6513277291.3600
2025-12-18,65.6773618800,66.2772435000,66.3546475800,65.3967720900,56360590,3839846393.2700
2025-12-19,65.9386006500,66.5191312500,66.5481577800,65.4064476000,63847643,4363697642.1000
2025-12-22,66.4707537000,66.3159455400,67.0222577700,65.9869782000,55694201,3824247200.1700
2025-12-23,66.3352965600,67.2351189900,67.9607822400,66.1321108500,76571991,5324655841.9500
2025-12-24,66.9255026700,66.7900455300,67.1286883800,66.1321108500,51131950,3522990019.6600
2025-12-25,66.7610190000,68.5026108000,69.6443209800,66.7416679800,77789813,5513013481.1600
2025-12-26,68.1542924400,68.8509291600,69.6249699600,68.1446169300,65701677,4689142905.5400
2025-12-29,68.6961210000,67.6124638800,69.3347046600,67.5253842900,65566518,4622483554.3700
2025-12-30,67.4866822500,66.5675088000,67.9511067300,66.1708128900,104667372,7226865061.6100
2025-12-31,66.5481577800,66.1804884000,66.9835557300,65.9386006500,45806869,3141993176.5600
2026-01-05,66.9545292000,70.0119903600,70.6312230000,66.9545292000,122883100,8824564893.3700
2026-01-06,70.0506924000,71.9083903200,72.4502188800,70.0506924000,146851648,10867519150.8900
2026-01-07,71.4923433900,71.0666209500,72.2760597000,70.9118127900,91969506,6796568402.2800
2026-01-08,70.9892168700,68.0962393800,71.0182434000,67.3996026600,168539173,11969587225.7900
2026-01-09,68.3091006000,66.7610190000,68.9670352800,66.0256802400,206334825,14285738424.9800
2026-01-12,66.6642639000,65.3580700500,66.7610190000,65.0387782200,185166118,12546774432.8000
2026-01-13,65.5999578000,65.9869782000,67.7092189800,65.5806067800,150215050,10342110580.0700
2026-01-14,66.1321108500,64.8259170000,66.6932904300,64.6517578200,143110900,9691268750.0500
2026-01-15,64.7291619000,65.2226129100,66.1611373800,64.5259761900,106661426,7195271140.2200
2026-01-16,65.4064476000,64.1776578300,65.7354149400,63.6648558000,135609994,9017682809.3200
2026-01-19,64.1292802800,64.1486313000,64.7775394500,63.7712864100,83868106,5560566590.3900
2026-01-20,64.1970088500,64.4388966000,65.5709312700,63.9647966100,98849999,6611639901.6300
2026-01-21,64.4775986400,63.7132333500,65.0000761800,63.5197231500,93540213,6198978526.8100
2026-01-22,63.9841476300,62.6973048000,64.4195455800,62.4263905200,114392226,7455922558.8700
2026-01-23,63.0843252000,61.8265089000,63.3552394800,61.5942966600,140769883,9048849719.7800
2026-01-26,61.9232640000,62.0587211400,64.1002537500,61.7007272700,201384596,13083521293.7700
2026-01-27,62.2232048100,63.1907558100,64.1970088500,62.1845027700,150884105,9868833866.3400
2026-01-28,63.7325843700,62.6489272500,63.9067435500,62.3393109300,199285418,12952514677.9300
2026-01-29,62.9198415300,65.7934680000,65.8224945300,62.4360660300,275571332,18287719695.4900
2026-01-30,65.8031435100,64.5840292500,66.4610781900,64.2357108900,160322836,10768334981.9500
2026-02-02,64.1970088500,63.8777170200,66.1127598300,63.5971272300,135454854,9059867835.7300
2026-02-03,64.7291619000,64.4195455800,65.2129374000,63.4906966200,103322505,6862044454.4500
2026-02-04,64.2937639500,65.2129374000,65.2613149500,64.0809027300,87740307,5866716206.5600
2026-02-05,64.9904006700,65.1645598500,65.7837924900,64.0131741600,90819121,6088193606.1600
2026-02-06,64.7098108800,64.7291619000,65.4161231100,64.2647374200,74927488,5011778788.1800
2026-02-09,65.2613149500,66.4707537000,66.8577741000,64.9323476100,102123690,6973342327.3900
2026-02-10,66.4804292100,65.9773026900,66.5675088000,65.5999578000,54873478,3743029913.6900
2026-02-11,66.0353557500,65.3096925000,66.4514026800,64.8839700600,61803197,4178546001.3100
2026-02-12,65.4064476000,64.3808435400,65.4838516800,64.1970088500,64637155,4320770032.5800
2026-02-13,64.0034986500,63.1714047900,64.1970088500,62.9488680600,84077184,5509966026.2800
2026-02-24,63.6358292700,62.4070395000,64.1002537500,62.2812578700,80005314,5208399200.8100
2026-02-25,62.6005497000,62.9391925500,63.6068027400,62.6005497000,68355572,4452349687.4900
2026-02-26,63.3745905000,61.4394885000,63.4036170300,61.2363027900,103614642,6614432347.1300
2026-02-27,61.5362436000,61.0427925900,61.6717007400,61.0137660600,63301213,4006459826.4300
2026-03-02,60.3848579100,60.3268048500,61.0621436100,59.6978967000,101086184,6295717497.5100
2026-03-03,60.4235599500,60.5396660700,61.6523497200,59.9204334300,109553470,6885778078.8500
2026-03-04,60.1816722000,59.7849762900,60.5299905600,58.6819681500,100813361,6196271381.8200
2026-03-05,59.9978375100,60.0655660800,60.6847987200,59.7946518000,54636541,3404335407.2400
2026-03-06,59.7849762900,60.6364211700,61.2943558500,59.6591946600,57463292,3590186817.9600
2026-03-09,59.4463334400,59.4076314000,59.5237375200,58.0627355100,93036823,5663230288.6300
2026-03-10,59.8527048600,60.0752415900,60.3558313800,59.7172477200,46218362,2866994901.5900
2026-03-11,60.0752415900,60.5203150500,60.8686334100,59.7946518000,51727048,3234820114.5500
2026-03-12,60.1332946500,59.6011416000,60.4042089300,59.2334722200,66854186,4123729384.4300
2026-03-13,59.3786048700,59.2141212000,59.8623803700,59.0980150800,45804107,2813751145.8100
2026-03-16,59.2141212000,58.5174844800,59.3689293600,58.1498151000,81859571,4946355959.1700
2026-03-17,58.6239150900,59.8333538400,60.7622028000,58.6142395800,90184988,5591874769.3200
2026-03-18,59.8623803700,59.8817313900,60.2977783200,59.5043865000,49047083,3034276336.5900
2026-03-19,59.2141212000,58.6529416200,59.3012007900,58.4400804000,68472203,4158160918.9000
2026-03-20,58.8271008000,57.8014967400,58.9238559000,57.7627947000,62076703,3738267787.7600
2026-03-23,56.9887539000,55.6051559700,57.0855090000,55.3826192400,125382261,7264101523.8900
2026-03-24,56.1179580000,56.2340641200,56.4469253400,55.6341825000,68186982,3949789640.5100
2026-03-25,56.6017335000,56.8823232900,57.4338273600,56.5243294200,56238854,3309846361.9000
2026-03-26,56.8726477800,54.9568968000,56.8726477800,54.6956580300,101189634,5801815138.0400
2026-03-27,55.0149498600,55.1020294500,55.5277518900,54.5892274200,83437858,4753261022.4300
2026-03-30,54.5118233400,54.5021478300,54.7150090500,54.0280478400,73754441,4139267845.9500
2026-03-31,54.4634457900,54.9375457800,55.8180171900,54.3860417100,76411377,4363799009.5100
2026-04-01,55.7115865800,56.2921171800,56.3985477900,55.6728845400,68403496,3964968442.0200
2026-04-02,56.1179580000,55.4019702600,56.1179580000,55.3052151600,45979403,2642755830.8700
2026-04-03,55.7115865800,55.3922947500,55.8954212700,55.3826192400,34367765,1975820959.5800
2026-04-07,55.4406723000,54.8504661900,55.6825600500,54.5795519100,50385836,2865555757.7200
2026-04-08,56.1179580000,57.5209069500,57.7144171500,56.1179580000,112152704,6612867449.3300
2026-04-09,57.0855090000,56.8339457400,57.0855090000,56.4082233000,57020126,3341224253.6200
2026-04-10,57.0855090000,56.9113498200,57.8982518400,56.8726477800,63791249,3778347094.2600
2026-04-13,56.3114682000,55.8760702500,56.3211437100,55.7406131100,68454399,3959480166.3700
2026-04-14,56.3404947300,57.0564824700,57.2790192000,56.2437396300,67514220,3965283533.0400
2026-04-15,57.4725294000,56.7952437000,57.7821457200,56.7081641100,51371265,3032393651.4100
2026-04-16,56.8049192100,56.6210845200,57.1145355300,56.3598457500,54436786,3190206250.6000
2026-04-17,56.5049784000,56.0405539200,56.5049784000,55.7406131100,61232384,3550736120.6800
2026-04-20,55.9921763700,56.6404355400,56.7662171700,55.8663947400,63343688,3690691462.0600
2026-04-21,56.6404355400,56.1469845300,57.1919396100,56.1469845300,54402036,3179298445.7300
2026-04-22,56.1469845300,56.1469845300,56.6984886000,55.7793151500,57957025,3364574053.5500
2026-04-23,56.0986069800,56.0018518800,56.6791375800,55.6632090300,66117405,3829528933.8800
2026-04-24,55.8373682100,55.9050967800,56.0889314700,55.2084600600,55400204,3188079037.0400
2026-04-27,55.9244478000,55.6825600500,56.6501110500,55.5954804600,64067076,3708625921.4600
2026-04-28,55.6051559700,55.7599641300,56.2243886100,55.3439172000,62460231,3597829250.0200
2026-04-29,55.7502886200,57.5015559300,57.6563640900,55.7212620900,160931457,9481901997.5200
2026-04-30,57.2016151200,57.4435028700,58.6335906000,57.2016151200,106301044,6353995427.6200
2026-05-06,57.4531783800,57.4338273600,57.8982518400,57.1338865500,90508315,5373455216.4200
2026-05-07,57.6660396000,58.0917620400,59.1270416100,57.6660396000,131374821,7920220893.6500
2026-05-08,57.9563049000,58.1111130600,58.3046232600,57.8014967400,73204919,4392260153.1300
2026-05-11,57.8401987800,58.1498151000,58.5852130500,57.3370722600,96199074,5766761255.6800
2026-05-12,58.1498151000,57.4725294000,58.5368355000,57.3273967500,69000725,4123942070.4800
2026-05-13,57.3951253200,56.1566600400,57.6853906200,55.7599641300,103434508,6026385944.5700
2026-05-14,56.3695212600,55.0536519000,56.6210845200,55.0052743500,90718667,5211793924.8300
2026-05-15,55.1310559800,53.6990805000,55.2858641400,53.4958947900,118190376,6613205578.6600
2026-05-18,53.6023254000,53.1088743900,53.6603784600,52.6347744000,81041545,4441031983.4400
2026-05-19,53.2249805100,52.7121784800,53.4184907100,52.3638601200,83912239,4578893672.5800
2026-05-20,52.6347744000,52.3541846100,52.6347744000,52.0832703300,74388923,4022984704.8400
2026-05-21,52.6831519500,52.0155417600,53.5345968300,51.9381376800,103593084,5646669981.5000
2026-05-22,52.3541846100,51.9381376800,52.4412642000,51.7349519700,66969933,3603724584.4500
2026-05-25,52.0832703300,52.4606152200,53.1959539800,51.8413825800,86797664,4694584484.1400
2026-05-26,52.3928866500,52.5089927700,53.3120601000,52.1413233900,91000989,4946050442.0800
2026-05-27,52.5186682800,51.5414417700,52.5283437900,51.3382560600,86201148,4614798491.0300
2026-05-28,51.5317662600,50.7674009700,51.6672234000,50.4577846500,87560016,4602192064.7400
2026-05-29,50.8835070900,51.7639785000,51.9381376800,50.8061030100,100011258,5326303204.3000
2026-06-01,51.7543029900,52.1026213500,52.3445091000,51.4253356500,77530660,4162422692.7900
2026-06-02,52.1122968600,52.3251580800,52.7799070500,51.8800846200,78494104,4245154925.1500
2026-06-03,52.3058070600,51.9574887000,52.4412642000,51.7639785000,62506613,3361445868.4400
2026-06-04,51.8704091100,51.5027397300,52.3251580800,51.3189050400,57622588,3084164360.2100
2026-06-05,51.5704683000,51.7446274800,52.8089335800,51.5124152400,93716510,5047248522.1300
2026-06-08,51.3382560600,51.6478723800,52.2090519600,51.1834479000,72054031,3845596525.5700
2026-06-09,51.4543621800,52.1800254300,52.2961315500,51.4253356500,71003001,3811033907.5500
2026-06-10,52.2500000000,53.2200000000,53.4800000000,52.1000000000,90323526,4779498278.2500
2026-06-11,53.2200000000,52.6400000000,53.9700000000,52.3500000000,64764147,3426033713.2900
2026-06-12,52.4600000000,54.0100000000,54.2400000000,52.1100000000,110295254,5923966808.6000
2026-06-15,54.3000000000,54.2300000000,55.9600000000,53.8000000000,101057655,5527730147.7700
2026-06-16,53.9900000000,52.9900000000,54.0900000000,52.7500000000,81250790,4325837393.0500
2026-06-17,53.2400000000,52.7600000000,53.3400000000,52.5000000000,65390576,3453554961.1100
2026-06-18,52.5900000000,49.3800000000,52.6400000000,49.3700000000,217832108,10954978558.4700
2026-06-22,49.3900000000,51.9800000000,52.2900000000,48.6600000000,172497232,8759839754.8700
2026-06-23,51.4600000000,50.4000000000,52.4300000000,50.1100000000,122011590,6233635916.3300
2026-06-24,50.6900000000,49.1200000000,50.8800000000,49.0300000000,109415765,5415518284.9100
2026-06-25,48.7500000000,49.3000000000,50.4600000000,48.5600000000,121452277,5996134269.4500
2026-06-26,49.2900000000,47.2300000000,49.4900000000,47.2000000000,142644108,6823881221.2700
2026-06-29,47.3000000000,48.6000000000,48.8700000000,46.9000000000,108960939,5250679147.5000
2026-06-30,48.3000000000,47.7400000000,48.9400000000,47.3500000000,94981273,4537577336.2700
2026-07-01,47.6000000000,49.5300000000,50.0900000000,47.1900000000,138621666,6772060767.4300
2026-07-02,49.3500000000,48.9200000000,50.2000000000,48.8000000000,92012954,4528699940.4200
2026-07-03,49.5000000000,49.0900000000,49.7800000000,48.3100000000,80333122,3933213371.8400
2026-07-06,49.0500000000,50.1000000000,50.2000000000,48.8100000000,94495634,4688935743.5600
2026-07-07,49.9300000000,49.2900000000,50.2200000000,49.1700000000,69767509,3454770845.1600
2026-07-08,49.3600000000,49.5400000000,49.8000000000,48.9600000000,54099529,2678589603.7500
2026-07-09,49.2600000000,49.4900000000,49.6100000000,48.9100000000,66236870,3259894111.7900
2026-07-10,49.4700000000,49.4800000000,49.9700000000,48.9700000000,76494557,3787725070.6000
2026-07-13,49.3600000000,49.5300000000,49.7300000000,49.1100000000,71652351,3539328299.5000
2026-07-14,49.5000000000,49.6000000000,49.7600000000,48.5000000000,97987332,4809693612.6800
2026-07-15,49.5800000000,50.9500000000,51.2000000000,49.4500000000,128669396,6486059071.0600
2026-07-16,50.7000000000,50.6700000000,51.2900000000,50.2400000000,81279871,4120400653.3900
2026-07-17,50.6600000000,50.7000000000,51.4500000000,50.5800000000,107232650,5464124960.5000
2026-07-20,50.7200000000,53.2300000000,53.2700000000,50.7100000000,175445104,9212523658.4000
2026-07-21,53.6800000000,52.8900000000,54.6500000000,52.5100000000,159979523,8540611562.0200
2026-07-22,52.4400000000,53.9500000000,53.9800000000,52.0100000000,107427296,5722414361.8100
2026-07-23,53.8000000000,54.3000000000,54.5900000000,53.4500000000,73954738,3998147290.6100
2026-07-24,54.5800000000,54.0200000000,54.6000000000,53.6000000000,85262157,4598516043.2700
2026-07-27,54.2700000000,53.4100000000,54.2700000000,53.0300000000,65142408,3484806455.4700
2026-07-28,53.6000000000,54.2000000000,54.2000000000,53.1000000000,66081991,3539410421.3900
2026-07-29,54.4700000000,54.3000000000,54.7000000000,53.7100000000,87111948,4731710049.1400
2026-07-30,54.0600000000,55.8000000000,55.8000000000,54.0600000000,105845797,5834022321.6400
2026-07-31,54.9100000000,54.9000000000,55.0300000000,54.2000000000,105512965,5765094131.4600
